"conversation_id","author_1","author_2","combined_interaction"
"conv_7953f8d7070847b8bfaced65bd8e3d5e","The rocks were there, exactly as they'd always been—thirty-seven granite teeth she'd named over the years, from Old Molar at the north to Can","gap, carrying no salt, no seaweed, no fish. Just empty air from an empty place.

She pushed the door wide.

The cliff was there.","The rocks were there, exactly as they'd always been—thirty-seven granite teeth she'd named over the years, from Old Molar at the north to Can gap, carrying no salt, no seaweed, no fish. Just empty air from an empty place.

She pushed the door wide.

The cliff was there."
"conv_ef19d8d709f847e0b5751d5f9905e721","water, and the sound of the stream swelled into a soft roar, as she pushed aside a curtain of tangled vines and found herself standing on the edge of a tranquil pool","its surface adorned with delicate water lilies and surrounded by moss-covered stones, where the stream flowed gently, its source and destination unknown, and in the center of the pool,","water, and the sound of the stream swelled into a soft roar, as she pushed aside a curtain of tangled vines and found herself standing on the edge of a tranquil pool its surface adorned with delicate water lilies and surrounded by moss-covered stones, where the stream flowed gently, its source and destination unknown, and in the center of the pool,"
"conv_d6190dffe464453db28dc7d77f15b04c","eaming between two boulders, half-buried in glistening seaweed. Curiosity drew her closer. She brushed aside the tangled fronds and uncovered a","fingers along the smooth stones and listening to the lull of the ocean. One afternoon, as the sun began to dip low and the sky turned gold, Mira noticed something gl","eaming between two boulders, half-buried in glistening seaweed. Curiosity drew her closer. She brushed aside the tangled fronds and uncovered a fingers along the smooth stones and listening to the lull of the ocean. One afternoon, as the sun began to dip low and the sky turned gold, Mira noticed something gl"
"conv_c69a0c5657f347da9115c1f7da6d3116","a small silver key that nobody remembers losing, found wedged in the roots of a centuries-old oak tree at the edge of Willowmere Village. The morning sun had just begun","to filter through the leafy canopy above, dappling the dewy grass with shifting coins of gold. Elsie, in her worn boots and patched skirt, nearly missed the gl","a small silver key that nobody remembers losing, found wedged in the roots of a centuries-old oak tree at the edge of Willowmere Village. The morning sun had just begun to filter through the leafy canopy above, dappling the dewy grass with shifting coins of gold. Elsie, in her worn boots and patched skirt, nearly missed the gl"
"conv_90ea40da-2853-405a-9c2f-a22e77888401","Had come to master throughout his life. They included Danish, German, Finnish, Russian, Kurdish, Mauritian.","Creole, and more. The school flourished, attracting students who were as passionate about languages as Gustav had been. Through their teachings, Josephine and Leo ensured that","Had come to master throughout his life. They included Danish, German, Finnish, Russian, Kurdish, Mauritian. Creole, and more. The school flourished, attracting students who were as passionate about languages as Gustav had been. Through their teachings, Josephine and Leo ensured that"
"conv_12cd73100c564e7dbae7cf2d066d5cae","ok, the flowers, and the soft, green moss, becoming one with the land, the sky, and the universe, in a moment of profound understanding and connection, where","time and space lost all meaning, and the infinite and the eternal became the only reality, and Aria knew that she had finally come home, to a place where love and","ok, the flowers, and the soft, green moss, becoming one with the land, the sky, and the universe, in a moment of profound understanding and connection, where time and space lost all meaning, and the infinite and the eternal became the only reality, and Aria knew that she had finally come home, to a place where love and"
"conv_be4cbde009954f858d463f4a693fc379","looked on with wonder and hope. They knew that their young guardian had embraced a great destiny, and they trusted in her to lead them into a future where harmony and magic","flourished once more. As the sun set over the village, casting a golden glow over the ancient forest, Elara stood at the edge of the trees, ready to","looked on with wonder and hope. They knew that their young guardian had embraced a great destiny, and they trusted in her to lead them into a future where harmony and magic flourished once more. As the sun set over the village, casting a golden glow over the ancient forest, Elara stood at the edge of the trees, ready to"
"conv_1a776856-1876-44eb-b0f6-31b31250ddca","That can be found, even in the rush of expectations and wishes for self-improvement, which are otherwise always present.","and which often seemed to weigh heavily on his mind, like a constant hum of self-doubt and striving, but in the stillness of the sauna, all of that","That can be found, even in the rush of expectations and wishes for self-improvement, which are otherwise always present. and which often seemed to weigh heavily on his mind, like a constant hum of self-doubt and striving, but in the stillness of the sauna, all of that"
"7wPRj5Wbc26nlx60LUT5","having the biggest duck family he could dream of. But first he needed to find a duck wifey to realize his ambitious dreams. He had a small problem. He was","could hide from the dangers, while fantasizing about the future. The little duckling always had one specific dream that thought of","having the biggest duck family he could dream of. But first he needed to find a duck wifey to realize his ambitious dreams. He had a small problem. He was could hide from the dangers, while fantasizing about the future. The little duckling always had one specific dream that thought of"
"r47jfYG4ULZMEexvVeqs","her husband. He was furious. How she even considered to consider singing with a man in a TV SHOW baffled him. But after 4 hours","To think about it. Her colleague looked excited at the idea of working together with her, and she liked the feeling of admiration that evoked in her. She mentioned the idea to","her husband. He was furious. How she even considered to consider singing with a man in a TV SHOW baffled him. But after 4 hours To think about it. Her colleague looked excited at the idea of working together with her, and she liked the feeling of admiration that evoked in her. She mentioned the idea to"
"conv_be4cbde009954f858d463f4a693fc379","felt a surge of determination. She nodded, her eyes meeting the woman’s with resolve. “I will,” she said, her voice steady. The woman smiled, and the","glow around the stone circle intensified. “Then take this flower,” she said, gently placing it in Elara’s palm. “It holds the essence of the forest’s","felt a surge of determination. She nodded, her eyes meeting the woman’s with resolve. “I will,” she said, her voice steady. The woman smiled, and the glow around the stone circle intensified. “Then take this flower,” she said, gently placing it in Elara’s palm. “It holds the essence of the forest’s"
"conv_5e234f25-eb78-4ec3-8113-c66645149ddc","Sorrow he had caused... Theo gathered himself, picked up the knife which he had dropped and went home to his cabin. He had to","prepare. If they were truly coming, he couldn't simply wait like prey. He barred the door and gathered what little he had—dried meat, his bow, spare","Sorrow he had caused... Theo gathered himself, picked up the knife which he had dropped and went home to his cabin. He had to prepare. If they were truly coming, he couldn't simply wait like prey. He barred the door and gathered what little he had—dried meat, his bow, spare"
"Pzb5I6nhg196AWLpukmz","hold her head which was bending downwards. She kept whispering, ""How am I alive?"". He softly hold her in his arms and offered her water. Like a thirsty crow,","Ignored her protests and pulled her inside, shutting the door behind her. ""Are you alright?"" he asked, holding up his hands to","hold her head which was bending downwards. She kept whispering, ""How am I alive?"". He softly hold her in his arms and offered her water. Like a thirsty crow, Ignored her protests and pulled her inside, shutting the door behind her. ""Are you alright?"" he asked, holding up his hands to"
"conv_20c3db22-5b6d-42fa-bdee-f1e1a84fe6e8","""Me,"" Julius said. ""Could we talk privately in your back room? I have a matter of the utmost importance to discuss with you, but","it cannot be spoken of here,"" Julius added, his voice low and urgent. The butcher, sensing the gravity of the situation, nodded curtly and led Julius to a small","""Me,"" Julius said. ""Could we talk privately in your back room? I have a matter of the utmost importance to discuss with you, but it cannot be spoken of here,"" Julius added, his voice low and urgent. The butcher, sensing the gravity of the situation, nodded curtly and led Julius to a small"
"conv_3c43f51a-ffcf-4161-8d6d-b76bf669acb6","Some people are content with mediocrity and the average loop of life containing dropping the kids off at school, working a 9-5, waiting impatiently for the weekend, but not the Legend.","a man who refused to settle for the mundane. His name was Thaddeus, but everyone called him The Legend. From a young age,","Some people are content with mediocrity and the average loop of life containing dropping the kids off at school, working a 9-5, waiting impatiently for the weekend, but not the Legend. a man who refused to settle for the mundane. His name was Thaddeus, but everyone called him The Legend. From a young age,"
"conv_4d3d8b6a64a84dbfa240630fbb5109c2","The journey ahead would be challenging, but Ella knew she was not alone. With the spirit’s guidance and the strength within her heart, she was prepared to face whatever lay ahead","and protect her village from the encroaching darkness. Together, they stepped forward into the unknown, ready to uncover the secrets that would save their world.","The journey ahead would be challenging, but Ella knew she was not alone. With the spirit’s guidance and the strength within her heart, she was prepared to face whatever lay ahead and protect her village from the encroaching darkness. Together, they stepped forward into the unknown, ready to uncover the secrets that would save their world."
"WYnhagFwtR0bJ9vucGsm","It, but she has totally forgotten about that incident and about him, apparently. He didn't even know where to start, or how, or","if he should tell her who he was, maybe he could get to know her before trying something out? It was crazy that his feelings were the same after all this","It, but she has totally forgotten about that incident and about him, apparently. He didn't even know where to start, or how, or if he should tell her who he was, maybe he could get to know her before trying something out? It was crazy that his feelings were the same after all this"
"conv_3b65e0a1-1bf7-4f16-825f-63867d60f8d3","Paused for a moment, feeling the air on her skin, and a calm coolness within. Then as if drawn to the sound, she walked, no, floated, drifted towards it.","the lighthouse door, which hung open like an invitation. Inside, dust motes danced in the thin beam of moonlight that pierced the tower's heights. The gram","Paused for a moment, feeling the air on her skin, and a calm coolness within. Then as if drawn to the sound, she walked, no, floated, drifted towards it. the lighthouse door, which hung open like an invitation. Inside, dust motes danced in the thin beam of moonlight that pierced the tower's heights. The gram"
"conv_1ca39a7edb5d4567a29edc17c604cca7","olt of recognition, as if she had seen the monument before, though she knew she had never set foot in this part of the forest. She reached out a trembling hand to","at its center, covered in moss and lichen, with ancient runes etched into its surface that seemed to shimmer and glow in the moonlight. Emilia felt a j","olt of recognition, as if she had seen the monument before, though she knew she had never set foot in this part of the forest. She reached out a trembling hand to at its center, covered in moss and lichen, with ancient runes etched into its surface that seemed to shimmer and glow in the moonlight. Emilia felt a j"
"conv_41180468-5036-4f69-af66-b7465bcb7316","The mutant dogs. She carries a pouch with enough counter-dust to last 3 nights, but this job has proven rather difficult and","she's already on her fourth night away from base. Michelle huddles in the rusted cabin of an overturned truck, her counter-dust exhausted, listening to","The mutant dogs. She carries a pouch with enough counter-dust to last 3 nights, but this job has proven rather difficult and she's already on her fourth night away from base. Michelle huddles in the rusted cabin of an overturned truck, her counter-dust exhausted, listening to"
"conv_3c43f51a-ffcf-4161-8d6d-b76bf669acb6","And after all his work he was finally led to the key of happiness, health, and wealth: gambling. The apogee and culmination of human performance and","risk-taking. To some, it seemed like an odd choice, but Thaddeus saw it as the ultimate test of skill, strategy, and mental fortitude. He","And after all his work he was finally led to the key of happiness, health, and wealth: gambling. The apogee and culmination of human performance and risk-taking. To some, it seemed like an odd choice, but Thaddeus saw it as the ultimate test of skill, strategy, and mental fortitude. He"
"conv_d061c2596f1440f3bb6c77e2e3dd1a97","where time seemed to stand still, and the air was sweet with the scent of wildflowers and freshly cut grass. Emilia loved to explore the woods and streams, discovering hidden","a young girl named Emilia, who lived in a small village surrounded by dense woods and winding streams. The village was called Brindlemark, and it was a place","where time seemed to stand still, and the air was sweet with the scent of wildflowers and freshly cut grass. Emilia loved to explore the woods and streams, discovering hidden a young girl named Emilia, who lived in a small village surrounded by dense woods and winding streams. The village was called Brindlemark, and it was a place"
"conv_8432160f013d46fca2bd5459bb50a870","was the swirling sea foam of an endless ocean, carrying her far from the attic’s shadows. She longed to feel the water beneath her keel, to hear gulls crying","overhead, and to dance across real waves beneath the wide-open sky. Each creak in the old house sounded, to Willow, like distant thunder or perhaps the bell of","was the swirling sea foam of an endless ocean, carrying her far from the attic’s shadows. She longed to feel the water beneath her keel, to hear gulls crying overhead, and to dance across real waves beneath the wide-open sky. Each creak in the old house sounded, to Willow, like distant thunder or perhaps the bell of"
"conv_ccb90f8d-d4bb-406e-83e9-b91ac0615cac","Life with all its struggles. He had lost his father at the age of six. It was a car accident. A hit and run. It shaped him. He often talked about being the man in the family from early.","on. Dana remembered those stories, the way he spoke with a mix of sadness and pride. His resilience had always inspired her, and now it was her turn to carry that","Life with all its struggles. He had lost his father at the age of six. It was a car accident. A hit and run. It shaped him. He often talked about being the man in the family from early. on. Dana remembered those stories, the way he spoke with a mix of sadness and pride. His resilience had always inspired her, and now it was her turn to carry that"
"K6nustVFF5ei8GiBLmiZ","When I first saw Maxim in line at the coffee shop, he'd been ordering a cappuccino. He smiled at the barista, revealing a dimple in his left cheek.","it had been snowing and i immidiatly envyed the small drops of melting snow in is curly hair, the way they gently slith down his cheeks, falling on the lid of the","When I first saw Maxim in line at the coffee shop, he'd been ordering a cappuccino. He smiled at the barista, revealing a dimple in his left cheek. it had been snowing and i immidiatly envyed the small drops of melting snow in is curly hair, the way they gently slith down his cheeks, falling on the lid of the"
"conv_18be1999-da21-4ab6-8f9e-e52e6d9c8070","""You face the heart of the storm."" She didn't understand those words, but all the longing and restlessness in her heart could not be silenced.","any longer. With a deep breath, she stepped forward, her determination unwavering. The villagers watched in awe as she began her journey, the first step toward a destiny","""You face the heart of the storm."" She didn't understand those words, but all the longing and restlessness in her heart could not be silenced. any longer. With a deep breath, she stepped forward, her determination unwavering. The villagers watched in awe as she began her journey, the first step toward a destiny"
"conv_ef19d8d709f847e0b5751d5f9905e721","in the shadows, waiting to snare the unsuspecting traveler. Yet, Aria's sense of wonder and curiosity proved stronger than her fear, and she found herself taking a","step forward, and then another, her feet carrying her across the threshold and into the forest's depths, where the canopy overhead grew so dense that it filtered out most of the","in the shadows, waiting to snare the unsuspecting traveler. Yet, Aria's sense of wonder and curiosity proved stronger than her fear, and she found herself taking a step forward, and then another, her feet carrying her across the threshold and into the forest's depths, where the canopy overhead grew so dense that it filtered out most of the"
"conv_11293fd2-d757-471f-8e2e-783542167a8e","That shone bright yellow in the early morning light. She peered up at the creature with curious eyes. ""Good","morning to you, young one,"" the creature replied in a low, raspy voice, its tone surprisingly warm and gentle, as it tipped its top hat in a courteous","That shone bright yellow in the early morning light. She peered up at the creature with curious eyes. ""Good morning to you, young one,"" the creature replied in a low, raspy voice, its tone surprisingly warm and gentle, as it tipped its top hat in a courteous"
"conv_ff8f8b90ff284f71954c9a40da590bc5","repeating itself over and over, ""Remember the past,"" the words resonating deep within her soul, as the whispers coalesced into a single, crystal-clear voice that","spoke her name, ""Emilia,"" and in that moment, the darkness of the cavern was illuminated by a soft, ethereal glow, and she saw visions of a","repeating itself over and over, ""Remember the past,"" the words resonating deep within her soul, as the whispers coalesced into a single, crystal-clear voice that spoke her name, ""Emilia,"" and in that moment, the darkness of the cavern was illuminated by a soft, ethereal glow, and she saw visions of a"
"conv_100f2d97134940bd8cf1b6af65385fc1","sweet and harmless. By afternoon, Margot found herself outside a police station, staring at the brick facade as a wild thought took root: what if she could","and falsehood. A teenager told his mother he'd been at the library—pennies and rust. A woman assured her friend the haircut looked great—vanilla,","sweet and harmless. By afternoon, Margot found herself outside a police station, staring at the brick facade as a wild thought took root: what if she could and falsehood. A teenager told his mother he'd been at the library—pennies and rust. A woman assured her friend the haircut looked great—vanilla,"
"conv_a7acc18d772f40a5ac655e460ce84ff2","As she ventured deeper, the path before her forked, leading in two directions. One path was lined with blooming flowers and gentle streams, while the other was shrou","ded in mist and lined with ancient, gnarled trees. Eliara paused, considering her options. The path of flowers and streams seemed inviting, promising ease and beauty,","As she ventured deeper, the path before her forked, leading in two directions. One path was lined with blooming flowers and gentle streams, while the other was shrou ded in mist and lined with ancient, gnarled trees. Eliara paused, considering her options. The path of flowers and streams seemed inviting, promising ease and beauty,"
"conv_a4452b6af3984152977c9c992ab08d17","sparkled with the light of the fire as she began to speak, her voice weaving through the air like a gentle breeze. ""Tonight,"" she said, ""I will tell","you a tale of the ancient forest that borders our village. Long ago, it was said that the forest was home to the spirits of the earth, who watched over us and","sparkled with the light of the fire as she began to speak, her voice weaving through the air like a gentle breeze. ""Tonight,"" she said, ""I will tell you a tale of the ancient forest that borders our village. Long ago, it was said that the forest was home to the spirits of the earth, who watched over us and"
"conv_4d0024b5bf904e3ab65b9fca2f8dee1d","listening to the elderly villagers recount tales of the forest's mystical inhabitants. Her favorite storyteller was a wise and aged woman named Elara, who would weave intricate narratives of ancient","magic and forgotten rituals, her eyes glinting with a knowing spark that made Emilia feel as though she was being let in on a precious secret. Elara's stories","listening to the elderly villagers recount tales of the forest's mystical inhabitants. Her favorite storyteller was a wise and aged woman named Elara, who would weave intricate narratives of ancient magic and forgotten rituals, her eyes glinting with a knowing spark that made Emilia feel as though she was being let in on a precious secret. Elara's stories"
"conv_90ea40da-2853-405a-9c2f-a22e77888401","Then he died a horrible death one cold winter day when his dang smoove got blown off by the Dutch.","winter winds. The tragic incident left Josephine and little Leo heartbroken, but they remembered Gustav’s passion and the legacy he left behind. In his honor, they continued","Then he died a horrible death one cold winter day when his dang smoove got blown off by the Dutch. winter winds. The tragic incident left Josephine and little Leo heartbroken, but they remembered Gustav’s passion and the legacy he left behind. In his honor, they continued"
"conv_69b581c4f16c81978ea543ce298c8c600546e04309837be3","Hair voluminous and bright red. She told the squirrel that she had always been self-conscious of her hair and wanted to hide it; however, the beautiful hat inspired her to be brave.","Nutty, touched by Aurelia's confession, decided to make a special hat just for her. She gathered the finest materials, weaving delicate moonbeams and soft petals into","Hair voluminous and bright red. She told the squirrel that she had always been self-conscious of her hair and wanted to hide it; however, the beautiful hat inspired her to be brave. Nutty, touched by Aurelia's confession, decided to make a special hat just for her. She gathered the finest materials, weaving delicate moonbeams and soft petals into"
"OdyHy12i4PsBZkM4jjdC","to say sorry to all the people that he had hurt in town. He gave them free unpoisened potatoes and tomatoes for","It was actually a tomato. He then realized how wrong he was about everything he ever did. He made it his mission.","to say sorry to all the people that he had hurt in town. He gave them free unpoisened potatoes and tomatoes for It was actually a tomato. He then realized how wrong he was about everything he ever did. He made it his mission."
"conv_0f18b30f-7d4b-4681-b98e-a0ff4f2b5256","For her, it is clearly a dream come true. Well, it is if you ignore her fear of boats emanating from a tendency toward severe seasickness, even when watching the ocean.","scenes in movies, but the prospect of sailing to distant shores and exploring the world beyond her small town is too enticing to let a little thing like seasickness stand in her way","For her, it is clearly a dream come true. Well, it is if you ignore her fear of boats emanating from a tendency toward severe seasickness, even when watching the ocean. scenes in movies, but the prospect of sailing to distant shores and exploring the world beyond her small town is too enticing to let a little thing like seasickness stand in her way"
"conv_f76e092f63384595b52813939abb970a","ist lifted as suddenly as it had arrived, revealing an empty sea under pale spring light. Miriam descended the stairs on unsteady legs, convincing herself it had","ished, her breath coming in shallow gasps. The fog seemed to pulse around her, alive with possibility and dread. 

When dawn finally broke, the m","ist lifted as suddenly as it had arrived, revealing an empty sea under pale spring light. Miriam descended the stairs on unsteady legs, convincing herself it had ished, her breath coming in shallow gasps. The fog seemed to pulse around her, alive with possibility and dread. 

When dawn finally broke, the m"
"conv_c576a2b8-4944-4966-b836-5a4fde76260f","An old cloth, although also fitted with a cupholder, where a picture of Halfdan was taped. Haters had said ""why the fuck are you staring at 80 meters, why not do","it from a smaller height, work your way up"", but Durgenhal was all about making a statement, and what better way to do it than to launch himself from the","An old cloth, although also fitted with a cupholder, where a picture of Halfdan was taped. Haters had said ""why the fuck are you staring at 80 meters, why not do it from a smaller height, work your way up"", but Durgenhal was all about making a statement, and what better way to do it than to launch himself from the"
"conv_c39559fbef1d4169b9bb65921929197a","treasure only a true seeker could find: not gold or jewels, but an old journal, its pages filled with maps, legends, and entries in handwriting nearly identical to Mira","with the same spiral. Mira knelt and pressed her thumb to the lock. With a sigh, it turned, and the chest creaked open, revealing—at last—the","treasure only a true seeker could find: not gold or jewels, but an old journal, its pages filled with maps, legends, and entries in handwriting nearly identical to Mira with the same spiral. Mira knelt and pressed her thumb to the lock. With a sigh, it turned, and the chest creaked open, revealing—at last—the"
"INnauEosv25woOCrBRDi","he saw the big fat master toad, who loudly roaring through the endless forrest, stated ""you shall not","Trees feeling quite strange. As he continued wandering he suddenly stumbled into something. Bob the frog fell to the ground and as he looked up","he saw the big fat master toad, who loudly roaring through the endless forrest, stated ""you shall not Trees feeling quite strange. As he continued wandering he suddenly stumbled into something. Bob the frog fell to the ground and as he looked up"
"conv_a047b0e3f92d41c09ef45e011a99a23f","in a dizzying spiral of shadows and light, and then, with a silent snap, Emil found himself standing in a place that was both entirely alien and oddly comforting. Before","him stretched a luminous forest, aglow with floating lanterns and shimmering creatures he'd never imagined. The crystalline key pulsed warmly in his palm, while a gentle, melodic voice","in a dizzying spiral of shadows and light, and then, with a silent snap, Emil found himself standing in a place that was both entirely alien and oddly comforting. Before him stretched a luminous forest, aglow with floating lanterns and shimmering creatures he'd never imagined. The crystalline key pulsed warmly in his palm, while a gentle, melodic voice"
"conv_412eb7ca-cafa-4e38-8b2d-0a40272af090","With their acrobatic stunts with fire and venomous snakes, they were never afraid of anything, and had never been according to.","their father, who had trained them since they could walk. The third newcomer was Omar, a juggler from Morocco whose hands moved so quickly they seemed to multiply. Fourth","With their acrobatic stunts with fire and venomous snakes, they were never afraid of anything, and had never been according to. their father, who had trained them since they could walk. The third newcomer was Omar, a juggler from Morocco whose hands moved so quickly they seemed to multiply. Fourth"
"conv_691e9e26b7688197a86e51a9d9a7dfe1052dd4511749a606","A map that the spiteful brother had hidden from her and the rest of their family. She didn't fully grasp why he did so, but she was sure it had","something to do with the strange accidents. Determined, Isabelle followed the map to a narrow entrance hidden behind an overgrown thicket. As she descended into the tunnels, the","A map that the spiteful brother had hidden from her and the rest of their family. She didn't fully grasp why he did so, but she was sure it had something to do with the strange accidents. Determined, Isabelle followed the map to a narrow entrance hidden behind an overgrown thicket. As she descended into the tunnels, the"
"188SQKM20FYzYRFIJ08U","Luckily, nothing happened to her, so that party kept going. The room was electric, and people were throwing dance moves that were unknown to mankind, almost.","taking off through the ceilig. After a couple of hours of dancing, they left the party and started heading towards the harbour to continue their","Luckily, nothing happened to her, so that party kept going. The room was electric, and people were throwing dance moves that were unknown to mankind, almost. taking off through the ceilig. After a couple of hours of dancing, they left the party and started heading towards the harbour to continue their"
"P1SZ3AZnoi1oqt5EbYh5","And used by everyone. No matter where you went you couldn't avoid his face. After years of suppression, a small","revolution occurred. A group of people tried to kill a pig. At first, people shunned them, then some began to wonder. Where did","And used by everyone. No matter where you went you couldn't avoid his face. After years of suppression, a small revolution occurred. A group of people tried to kill a pig. At first, people shunned them, then some began to wonder. Where did"
"conv_be4cbde009954f858d463f4a693fc379","as she reached out a trembling hand. As her fingers brushed against the petals, the flower seemed to pulse, and a warm, tingling sensation spread through her body. Suddenly","the mist around her began to swirl, and the air grew electric with energy. The stone circle glowed with a soft, pulsating light, and from the shadows, a","as she reached out a trembling hand. As her fingers brushed against the petals, the flower seemed to pulse, and a warm, tingling sensation spread through her body. Suddenly the mist around her began to swirl, and the air grew electric with energy. The stone circle glowed with a soft, pulsating light, and from the shadows, a"
"conv_be4cbde009954f858d463f4a693fc379","magic. Use it wisely to protect and nurture the land.” With those words, the figure faded into the mist, leaving Elara alone in the now-quiet glade.","Holding the flower close, Elara felt a new purpose burning within her. She knew the path ahead would be challenging, but she was ready to embrace her role as the","magic. Use it wisely to protect and nurture the land.” With those words, the figure faded into the mist, leaving Elara alone in the now-quiet glade. Holding the flower close, Elara felt a new purpose burning within her. She knew the path ahead would be challenging, but she was ready to embrace her role as the"
"BocRhyGX0eWpgbUSkjWF","Humans had a hard time fighting against the fungus. But one day, the mushrooms began speaking back to the humans, and they began having conversations about the modern.","society. The humans became more enlightened and humans started behaving nicer to each other. Rumors has it that the mushrooms told them about the","Humans had a hard time fighting against the fungus. But one day, the mushrooms began speaking back to the humans, and they began having conversations about the modern. society. The humans became more enlightened and humans started behaving nicer to each other. Rumors has it that the mushrooms told them about the"
"WYnhagFwtR0bJ9vucGsm","Forgot. Her scent, something so unique that brings back so many memories. He thought it was all gone, but where has she gone?","been all this time? He wondered. She then opened her mouth and said her name, oh so she did not remember him, she explained the situation","Forgot. Her scent, something so unique that brings back so many memories. He thought it was all gone, but where has she gone? been all this time? He wondered. She then opened her mouth and said her name, oh so she did not remember him, she explained the situation"
"conv_58f0ce7b11cd427b8efb54a933443aea","civilization, one that had thrived in harmony with the natural world, and had possessed a deep understanding of the magic that flowed through the land, a knowledge that had been","surface, like bubbles rising from the depths of a quiet pool, and as they broke through the calm exterior of their everyday lives, the villagers saw visions of a long-lost","civilization, one that had thrived in harmony with the natural world, and had possessed a deep understanding of the magic that flowed through the land, a knowledge that had been surface, like bubbles rising from the depths of a quiet pool, and as they broke through the calm exterior of their everyday lives, the villagers saw visions of a long-lost"
"NSZE9lXnuxIl0ZT4gRoy","to just look through, as the maze was, of course, also made out of glass. That way, they easily found their way to the center, where they found a giant egg from some","out of glass. There, they encountered a maze that they had to get out of. But it seemed impossible, they decided","to just look through, as the maze was, of course, also made out of glass. That way, they easily found their way to the center, where they found a giant egg from some out of glass. There, they encountered a maze that they had to get out of. But it seemed impossible, they decided"
"conv_2d902bf2a3234361aa78feaab07a487a","a forgotten key, buried in the heart of a city that never truly slept. The key itself was a curious thing: small, tarnished bronze, its teeth carved in looping","patterns that seemed almost like symbols, or perhaps a ciphered language waiting to be unraveled. It had lain beneath the old cobblestones on Ashdown Street for decades,","a forgotten key, buried in the heart of a city that never truly slept. The key itself was a curious thing: small, tarnished bronze, its teeth carved in looping patterns that seemed almost like symbols, or perhaps a ciphered language waiting to be unraveled. It had lain beneath the old cobblestones on Ashdown Street for decades,"
"conv_1ca39a7edb5d4567a29edc17c604cca7","began to pulse with a soft, ethereal light, illuminating a path that wound deeper into the forest, a path that seemed to be calling to her, drawing her","touch the stone, and as her fingers made contact with the runes, the air around her seemed to vibrate with an otherworldly energy, and the symbols on the monument","began to pulse with a soft, ethereal light, illuminating a path that wound deeper into the forest, a path that seemed to be calling to her, drawing her touch the stone, and as her fingers made contact with the runes, the air around her seemed to vibrate with an otherworldly energy, and the symbols on the monument"
"conv_d169dcc3b43f4aaaa66c06ed6d4e5484","amplify the whisper, which grew louder and more distinct, until Sophia could make out the words, a gentle, lyrical voice speaking a language she didn't know,","her deeper into the forest, the trees growing taller and closer together, their trunks thickening into pillars that supported a dome of leaves above, a natural cathedral that seemed to","amplify the whisper, which grew louder and more distinct, until Sophia could make out the words, a gentle, lyrical voice speaking a language she didn't know, her deeper into the forest, the trees growing taller and closer together, their trunks thickening into pillars that supported a dome of leaves above, a natural cathedral that seemed to"
"vtVEZIgMKoEkI6hoyJnd","as Mike Tyson on cocaine. ""Mike Tyson on cocaine is the best sexual partner a woman can experience"" her niece had always said to","Lady. She was a grandma who survived raising 10 grandchildren and dealt with multiple ex-lovers, who weren't as spicy in bed.","as Mike Tyson on cocaine. ""Mike Tyson on cocaine is the best sexual partner a woman can experience"" her niece had always said to Lady. She was a grandma who survived raising 10 grandchildren and dealt with multiple ex-lovers, who weren't as spicy in bed."
"conv_d061c2596f1440f3bb6c77e2e3dd1a97","herself becoming one with the forest, her footsteps quiet on the soft earth, her heart beating in time with the pulse of the trees, and as she walked, the","in, their branches tangling together above her head, forming a canopy of leaves that filtered the moonlight, casting dappled shadows on the ground, and Emilia felt","herself becoming one with the forest, her footsteps quiet on the soft earth, her heart beating in time with the pulse of the trees, and as she walked, the in, their branches tangling together above her head, forming a canopy of leaves that filtered the moonlight, casting dappled shadows on the ground, and Emilia felt"
"conv_4d0024b5bf904e3ab65b9fca2f8dee1d","Emilia's, and the young girl felt a jolt of recognition, as if she had finally found a piece of herself that she had been searching for her entire life.","The ancient being's eyes seemed to hold a deep understanding of Emilia's own history and destiny, and as their gazes locked, Emilia felt a surge of memories and","Emilia's, and the young girl felt a jolt of recognition, as if she had finally found a piece of herself that she had been searching for her entire life. The ancient being's eyes seemed to hold a deep understanding of Emilia's own history and destiny, and as their gazes locked, Emilia felt a surge of memories and"
"conv_62a271e6-a272-4e74-9d10-2dc0c15c530f","""Always like this! Always a mess with this family!"". Her eyes were cold and glaring. ""Had we just stayed in Bournemouth, we wouldn't have","to deal with your dramatics every holiday!"" Emma wrenched free from Nancy's grip, her singed hair falling across her tear-streaked face. Behind them,","""Always like this! Always a mess with this family!"". Her eyes were cold and glaring. ""Had we just stayed in Bournemouth, we wouldn't have to deal with your dramatics every holiday!"" Emma wrenched free from Nancy's grip, her singed hair falling across her tear-streaked face. Behind them,"
"conv_20c3db22-5b6d-42fa-bdee-f1e1a84fe6e8","a mad scientist called Julius, who is trying to create a time machine to go back in time and prevent the birth of a terrible dictator.","a mad scientist called Julius, who, in the dim light of his cluttered laboratory, pored over ancient texts and cutting-edge scientific journals. His","a mad scientist called Julius, who is trying to create a time machine to go back in time and prevent the birth of a terrible dictator. a mad scientist called Julius, who, in the dim light of his cluttered laboratory, pored over ancient texts and cutting-edge scientific journals. His"
"conv_5b956e03-a900-47aa-88a9-54cb6be40071","Godha, who in his rage shorted mortgages of residents in Philly before increasing all loan interest by a trillion percentages, thus creating an economic crisis in","the once thriving town, where people like Mrs. Whiskers, the owner of the local cat café, and Mr. Jenkins, the town's oldest resident, found themselves","Godha, who in his rage shorted mortgages of residents in Philly before increasing all loan interest by a trillion percentages, thus creating an economic crisis in the once thriving town, where people like Mrs. Whiskers, the owner of the local cat café, and Mr. Jenkins, the town's oldest resident, found themselves"
"conv_c39559fbef1d4169b9bb65921929197a","tide is lowest, and let the spiral guide you inward.” Mira’s curiosity blazed even brighter. She glanced up at the lighthouse, then back to the map, and","didn’t recognize: a looping spiral set just beyond the old lighthouse point. Scrawled beneath it, in sloping script, were the words: “Seek when the","tide is lowest, and let the spiral guide you inward.” Mira’s curiosity blazed even brighter. She glanced up at the lighthouse, then back to the map, and didn’t recognize: a looping spiral set just beyond the old lighthouse point. Scrawled beneath it, in sloping script, were the words: “Seek when the"
"conv_3b52d22e952548f7bd6274fd5ca52c2b","ella, what's the emergency?""

Mara's throat tightened. How could she explain? *I saw through a seabird's eye that your boat","the fishing fleet's frequency. Static crackled through the speaker until a voice emerged—gruff, annoyed at the interruption.

""This is the Cord","ella, what's the emergency?""

Mara's throat tightened. How could she explain? *I saw through a seabird's eye that your boat the fishing fleet's frequency. Static crackled through the speaker until a voice emerged—gruff, annoyed at the interruption.

""This is the Cord"
"conv_691f696d0b348190810494e2c5d82fee08324043d78ba0f7","Smith a sword infused with the special powers of true chocolate milk! Matilde told Andreas. So Andreas traveled to Africa in search of","the finest cacao beans in the world. Guided by Matilde, he ventured into the lush, vibrant jungles, where ancient trees whispered secrets and mystical creatures guarded hidden groves","Smith a sword infused with the special powers of true chocolate milk! Matilde told Andreas. So Andreas traveled to Africa in search of the finest cacao beans in the world. Guided by Matilde, he ventured into the lush, vibrant jungles, where ancient trees whispered secrets and mystical creatures guarded hidden groves"
"conv_99f1697b74654701a74408438747a07e","lavender and old newspapers. Inside, carefully arranged, were postcards scribbled in elegant handwriting, a silver pocket watch, and a map with winding, crimson lines tracing curious routes","might contain secrets or treasures lost to time. With a tentative click, he unfastened the latch, and the suitcase creaked open, releasing a faint, sweet scent of","lavender and old newspapers. Inside, carefully arranged, were postcards scribbled in elegant handwriting, a silver pocket watch, and a map with winding, crimson lines tracing curious routes might contain secrets or treasures lost to time. With a tentative click, he unfastened the latch, and the suitcase creaked open, releasing a faint, sweet scent of"
"conv_69b581c4f16c81978ea543ce298c8c600546e04309837be3","A wonderfully extravagant sunhat for the fairy. When Nutty showed the fairy the hat, she became enraged! She did not want to wear a giant hat to hide her giant hair. What a","misunderstanding, thought Nutty! Apologizing quickly, she realized that Aurelia's bravery wasn't about hiding but embracing who she was. So, Nutty crafted a","A wonderfully extravagant sunhat for the fairy. When Nutty showed the fairy the hat, she became enraged! She did not want to wear a giant hat to hide her giant hair. What a misunderstanding, thought Nutty! Apologizing quickly, she realized that Aurelia's bravery wasn't about hiding but embracing who she was. So, Nutty crafted a"
"conv_99f1697b74654701a74408438747a07e","layer of dust, revealing the glint of a brass latch. Willow felt a hopeful flutter in her hinges. The boy knelt, studying her with wonder, as if she","ering at Willow through the gloom, his gaze catching on the faded stickers that clung to her sides—Paris, Mumbai, Cairo. With gentle hands, he brushed away a","layer of dust, revealing the glint of a brass latch. Willow felt a hopeful flutter in her hinges. The boy knelt, studying her with wonder, as if she ering at Willow through the gloom, his gaze catching on the faded stickers that clung to her sides—Paris, Mumbai, Cairo. With gentle hands, he brushed away a"
"conv_2ce635fa-cb6c-424f-9565-859a944eed92","Soar through the air. While often thought of as an act of freedom, the sky is what the water is to a fish. It is not an addition to, but a prerequisite for.","survival itself.

Marcus understood this as he watched the starlings wheel above the autumn field. Their murmuration shifted like liquid thought—thousands of bodies moving as one min","Soar through the air. While often thought of as an act of freedom, the sky is what the water is to a fish. It is not an addition to, but a prerequisite for. survival itself.

Marcus understood this as he watched the starlings wheel above the autumn field. Their murmuration shifted like liquid thought—thousands of bodies moving as one min"
"conv_7953f8d7070847b8bfaced65bd8e3d5e","tide charts still hung on their brass hooks, meticulous in their predictions. High tide at 6:47 AM. Low at 1:23 PM.","hand back sharply, leaving a print that faded backwards, finger by finger, as though time were rewinding only that small piece of the world.

Below, the","tide charts still hung on their brass hooks, meticulous in their predictions. High tide at 6:47 AM. Low at 1:23 PM. hand back sharply, leaving a print that faded backwards, finger by finger, as though time were rewinding only that small piece of the world.

Below, the"
"conv_0f18b30f-7d4b-4681-b98e-a0ff4f2b5256","Armed with a supply of seabands, Demerol, and Ziploc bags, she boards a bus for the 8-hour trip to Norfolk, Virginia, where her destiny awaits—a","42-foot ketch named ""Maverick's Revenge"", its captain a grizzled old sailor named Jack, who looks her up and down before nodding curtly and","Armed with a supply of seabands, Demerol, and Ziploc bags, she boards a bus for the 8-hour trip to Norfolk, Virginia, where her destiny awaits—a 42-foot ketch named ""Maverick's Revenge"", its captain a grizzled old sailor named Jack, who looks her up and down before nodding curtly and"
"conv_58f0ce7b11cd427b8efb54a933443aea","pulsing with magic, the stars twinkling in time with the beat of the flute and the crackle of the flames, as Aria's music summoned forth a primal","and mesmerizing, drawing the villagers into the rhythm of the music and the flickering light of the torches, until it seemed as though the very night itself was alive and","pulsing with magic, the stars twinkling in time with the beat of the flute and the crackle of the flames, as Aria's music summoned forth a primal and mesmerizing, drawing the villagers into the rhythm of the music and the flickering light of the torches, until it seemed as though the very night itself was alive and"
"conv_10acd64665e647b2b546c115db60481d","journey ahead was uncertain, but she was ready to face whatever lay in store. With the journal as their guide and the stars as their compass, Ella and Lars set sail","toward the unknown, their hearts alight with the thrill of the adventure that awaited them. The horizon beckoned, and Ella knew that no matter what happened, she was","journey ahead was uncertain, but she was ready to face whatever lay in store. With the journal as their guide and the stars as their compass, Ella and Lars set sail toward the unknown, their hearts alight with the thrill of the adventure that awaited them. The horizon beckoned, and Ella knew that no matter what happened, she was"
"conv_4d3d8b6a64a84dbfa240630fbb5109c2","the air became charged with an otherworldly energy. The light grew brighter, and suddenly, Ella found herself standing at the edge of a clearing. In the center, a","crystal-clear pond reflected the stars above, despite the dense canopy overhead. Around the pond, flowers of every color bloomed, their petals glowing softly in the moonlight.","the air became charged with an otherworldly energy. The light grew brighter, and suddenly, Ella found herself standing at the edge of a clearing. In the center, a crystal-clear pond reflected the stars above, despite the dense canopy overhead. Around the pond, flowers of every color bloomed, their petals glowing softly in the moonlight."
"fcEeCffFk5SmTIeQXKQN",". The interesting part of the psychosis were that it came from smoking caribien weed they had imported with help from","A psychosis where they thought that the peace would stop, but then the psychosis was over and they were free.",". The interesting part of the psychosis were that it came from smoking caribien weed they had imported with help from A psychosis where they thought that the peace would stop, but then the psychosis was over and they were free."
"conv_41180468-5036-4f69-af66-b7465bcb7316","From the base she flies past a large lake surrounded by ancient oak trees. From here she has to navigate the broken city and find","supplies the ground crews cannot reach—medical kits sealed in pharmacies thirty floors up, solar batteries from rooftop installations, sometimes even books from the upper floors of collapsed","From the base she flies past a large lake surrounded by ancient oak trees. From here she has to navigate the broken city and find supplies the ground crews cannot reach—medical kits sealed in pharmacies thirty floors up, solar batteries from rooftop installations, sometimes even books from the upper floors of collapsed"
"NSZE9lXnuxIl0ZT4gRoy","the distance he would need to travel to get to another world. First, he had to find something to measure with. A ruler would probably","A young boy living in a small town on a small island, who thought the world was too small for him. So, one day, he decided to actually measure it.","the distance he would need to travel to get to another world. First, he had to find something to measure with. A ruler would probably A young boy living in a small town on a small island, who thought the world was too small for him. So, one day, he decided to actually measure it."
"conv_0a6352c9d2d44fd38017a8422ff49497","and with that realization, the statue began to glow with a soft, pulsing light, enveloping Sophia in its radiance, and she felt herself being drawn into a world","beyond the mortal realm, a world of enchantment and magic, where ancient secrets and mysteries waited to be unlocked, and Sophia, with a sense of joy and trepid","and with that realization, the statue began to glow with a soft, pulsing light, enveloping Sophia in its radiance, and she felt herself being drawn into a world beyond the mortal realm, a world of enchantment and magic, where ancient secrets and mysteries waited to be unlocked, and Sophia, with a sense of joy and trepid"
"conv_4d3d8b6a64a84dbfa240630fbb5109c2","about the stories her grandmother told of a hidden glade deep within the forest, a place where the spirits of nature gathered. Guided by a faint, shimmering light that","appeared ahead, Ella quickened her pace. The light pulsed gently, leading her through twists and turns that would have otherwise been impenetrable. As she followed,","about the stories her grandmother told of a hidden glade deep within the forest, a place where the spirits of nature gathered. Guided by a faint, shimmering light that appeared ahead, Ella quickened her pace. The light pulsed gently, leading her through twists and turns that would have otherwise been impenetrable. As she followed,"
"188SQKM20FYzYRFIJ08U","Catching a shark. They threw out their fishing lines and sat there waiting. They waited and waited, but nothing happened. But they had already planned how they would cook it.","it and marinate it in Jägermeister. Since they couldn't get one until the very late evening, they bopught one at the fish market and fried it on the motor of the ship on the","Catching a shark. They threw out their fishing lines and sat there waiting. They waited and waited, but nothing happened. But they had already planned how they would cook it. it and marinate it in Jägermeister. Since they couldn't get one until the very late evening, they bopught one at the fish market and fried it on the motor of the ship on the"
"conv_4d1bd73a-bbc9-4e37-8ba0-3cdd7adbc66a","actions towards him, the soldiers and the QUEEN. In the end they all became great friends and played Y8 ild og vand, day and","night, sharing laughter and the joy of friendship. The Whimsical Woods returned to its peaceful harmony, and Mr. Big learned that the greatest treasure was not what he could","actions towards him, the soldiers and the QUEEN. In the end they all became great friends and played Y8 ild og vand, day and night, sharing laughter and the joy of friendship. The Whimsical Woods returned to its peaceful harmony, and Mr. Big learned that the greatest treasure was not what he could"
"conv_691dc7c061d8819797504b613ba6691208409e48769ea891","frightened, but that is a little over our paygrade!"" He looked at his friends and saw that only the brigands remained. He judged that they deserved to die.","for their crimes. With a decisive nod, the adventurers fought fiercely, driving the brigands away. As the shadowy figure retreated, the sinister energy dissipated.","frightened, but that is a little over our paygrade!"" He looked at his friends and saw that only the brigands remained. He judged that they deserved to die. for their crimes. With a decisive nod, the adventurers fought fiercely, driving the brigands away. As the shadowy figure retreated, the sinister energy dissipated."
"conv_f76e092f63384595b52813939abb970a","spotted the ship.

It emerged from the fog like a ghost, its sails full despite the windless air. Miriam grabbed her logbook by instinct,","eps echoing in the strange, muted silence. As she struck the match and the great lens began its slow rotation, cutting bright arcs through the dense gray, she","spotted the ship.

It emerged from the fog like a ghost, its sails full despite the windless air. Miriam grabbed her logbook by instinct, eps echoing in the strange, muted silence. As she struck the match and the great lens began its slow rotation, cutting bright arcs through the dense gray, she"
"conv_4d3d8b6a64a84dbfa240630fbb5109c2","Ella, a young woman who lived in a small village at the edge of a vast, uncharted forest. The forest was known for its dense, towering trees and the","mysterious whispers that echoed through its shadows. Despite the fear it instilled in most villagers, Ella felt drawn to it. She often wandered near the forest’s edge, fascinated","Ella, a young woman who lived in a small village at the edge of a vast, uncharted forest. The forest was known for its dense, towering trees and the mysterious whispers that echoed through its shadows. Despite the fear it instilled in most villagers, Ella felt drawn to it. She often wandered near the forest’s edge, fascinated"
"conv_3b52d22e952548f7bd6274fd5ca52c2b","ara set down the radio with shaking hands. Through the window, she watched the Cordella's distant shape pivot toward shore, white wake churning behind it.","""Christ almighty—how did you—"" The captain's voice cracked with urgency now. ""We're turning back. Port's flooding fast.""

M","ara set down the radio with shaking hands. Through the window, she watched the Cordella's distant shape pivot toward shore, white wake churning behind it. ""Christ almighty—how did you—"" The captain's voice cracked with urgency now. ""We're turning back. Port's flooding fast.""

M"
"conv_f7e01785de8f410a8934c906998a9e68","healer’s apprentice, had always been curious about the legends surrounding the stone circle. She often sneaked away to the edge of the forest, listening to the whispers of the","those brave enough to seek it. However, the elders warned that not all who entered returned, and those who did were never quite the same. Young Elara, the village","healer’s apprentice, had always been curious about the legends surrounding the stone circle. She often sneaked away to the edge of the forest, listening to the whispers of the those brave enough to seek it. However, the elders warned that not all who entered returned, and those who did were never quite the same. Young Elara, the village"
"conv_ccb90f8d-d4bb-406e-83e9-b91ac0615cac","Come and be true to her dreams. She couldn't let fears hold her back. Letting someone in was a risk. A risk of loss, but also a chance to build an amazing life. Time to take a","deep breath, Dana stepped into the restaurant, ready to embrace whatever the future held. She smiled, knowing that her father would be proud of her courage and her willingness to keep","Come and be true to her dreams. She couldn't let fears hold her back. Letting someone in was a risk. A risk of loss, but also a chance to build an amazing life. Time to take a deep breath, Dana stepped into the restaurant, ready to embrace whatever the future held. She smiled, knowing that her father would be proud of her courage and her willingness to keep"
"WYnhagFwtR0bJ9vucGsm","So quickly, as if all she wanted was to get out of there as soon as possible. But he couldn't even listen to the words coming.","out of her mouth because he could just see that little girl, with curly braids and brackets whom he used to have the biggest crush","So quickly, as if all she wanted was to get out of there as soon as possible. But he couldn't even listen to the words coming. out of her mouth because he could just see that little girl, with curly braids and brackets whom he used to have the biggest crush"
"YprMqddWHK39musGQ4si","Pained at Julia running back to the film crew. He spat on the ground and lit a cigarette. ""She can't handle the lifestyle,""","I thought. This inspired the hamster to work on his music and get that record deal he had always dreamed of. A tortured","Pained at Julia running back to the film crew. He spat on the ground and lit a cigarette. ""She can't handle the lifestyle,"" I thought. This inspired the hamster to work on his music and get that record deal he had always dreamed of. A tortured"
"r47jfYG4ULZMEexvVeqs","sexual tension. Well, she gave in. At their first rehearsal they decide to sing a cover of a dua lipa song jazzifyied version.","After heated discussions, he gave in. But only if she promised to send him videos of them practicing every day. He was a body language specialist and wanted to monitor their progress.","sexual tension. Well, she gave in. At their first rehearsal they decide to sing a cover of a dua lipa song jazzifyied version. After heated discussions, he gave in. But only if she promised to send him videos of them practicing every day. He was a body language specialist and wanted to monitor their progress."
"conv_f76e092f63384595b52813939abb970a","able: ""Colonial merchant vessel, three-masted, circa 1740s. Crew in period dress. Passed safely at 9:47 PM.""","been exhaustion, a trick of light and isolation. But when she opened her logbook, there on the page was her own handwriting, shaky but unmistak","able: ""Colonial merchant vessel, three-masted, circa 1740s. Crew in period dress. Passed safely at 9:47 PM."" been exhaustion, a trick of light and isolation. But when she opened her logbook, there on the page was her own handwriting, shaky but unmistak"
"JYZ6dAbVtTCZL8fZXM8s","To see that it was okay. The pill bug also looked around, confused as to where they ended up. ""Are you alright?"" asked the ladybug.","with a gentle voice. ""Ah yes, I just had a little nap"" said the pill bug, and the toad couldn't help a giggle. The pill bug crawled out the basket","To see that it was okay. The pill bug also looked around, confused as to where they ended up. ""Are you alright?"" asked the ladybug. with a gentle voice. ""Ah yes, I just had a little nap"" said the pill bug, and the toad couldn't help a giggle. The pill bug crawled out the basket"
"fcEeCffFk5SmTIeQXKQN","special elephant doctors office. Therefor Marc went in to the zebra enclosure. The zebras where not as smart as the elephants. So","Elephants that had no way of drinking any fluids because they had serious digestive tract issues and were in the","special elephant doctors office. Therefor Marc went in to the zebra enclosure. The zebras where not as smart as the elephants. So Elephants that had no way of drinking any fluids because they had serious digestive tract issues and were in the"
"EVPkCWSrT9SwL38W9Zuk","circus master would finally let him juggle his collection of hairless mice the way he had always hoped he would. He couldn't wait to see the crowd's face","Best juggler. 'Maybe they are coming from a circus!' he thought excitedly. He started to pick up the pace toward the marketplace because maybe the","circus master would finally let him juggle his collection of hairless mice the way he had always hoped he would. He couldn't wait to see the crowd's face Best juggler. 'Maybe they are coming from a circus!' he thought excitedly. He started to pick up the pace toward the marketplace because maybe the"
"conv_735156e66375422faddf4969b0c27f8f",": ""You forgot us when you stopped dreaming.""

The beam swept past, and in that brief illumination, she saw others rising from the depths—dozens of them","bed hand toward the lighthouse, beckoning.

Marianne's breath fogged the glass. The figure's mouth moved, forming words she couldn't hear but somehow understood",": ""You forgot us when you stopped dreaming.""

The beam swept past, and in that brief illumination, she saw others rising from the depths—dozens of them bed hand toward the lighthouse, beckoning.

Marianne's breath fogged the glass. The figure's mouth moved, forming words she couldn't hear but somehow understood"
"conv_be4cbde009954f858d463f4a693fc379","a small village nestled in the heart of an ancient forest, where the trees whispered secrets of old and the wind carried tales of forgotten magic. In this village lived a young girl","named Elara, who possessed a curious spirit and a deep love for the woods. Every day, she would venture into the forest, her bare feet treading softly on the","a small village nestled in the heart of an ancient forest, where the trees whispered secrets of old and the wind carried tales of forgotten magic. In this village lived a young girl named Elara, who possessed a curious spirit and a deep love for the woods. Every day, she would venture into the forest, her bare feet treading softly on the"
"conv_3c5b888e-d991-4bce-adad-5584923b75b5","The candle had toyed with him for 15 long years. For 15 years he had sat staring at the shadow on the chair thinking it was his apprentice. But now he saw the","truth with terrible clarity. His apprentice had left on the very first day, taking the master plans for the Ironforge mechanism. All these years, Tormund ha","The candle had toyed with him for 15 long years. For 15 years he had sat staring at the shadow on the chair thinking it was his apprentice. But now he saw the truth with terrible clarity. His apprentice had left on the very first day, taking the master plans for the Ironforge mechanism. All these years, Tormund ha"
"conv_691dc7c061d8819797504b613ba6691208409e48769ea891","A struggle. Three men were about to snatch an older man's purse as the gold coins spilled out into the muddy street. One of the party began.","to draw their sword, the glint of steel catching the moonlight. ""Not tonight,"" the warrior growled. The thief froze, eyes wide in surprise, while the","A struggle. Three men were about to snatch an older man's purse as the gold coins spilled out into the muddy street. One of the party began. to draw their sword, the glint of steel catching the moonlight. ""Not tonight,"" the warrior growled. The thief froze, eyes wide in surprise, while the"
"conv_bf42f3342170423a9a125531347bd54e","tales about what they’d glimpsed—eyes glinting beneath brambles, or spectral figures gliding along the stream at twilight. Most grownups would just chuckle","and tell the children not to let their imaginations run away with them, but every adult had their own story tucked away, remembered late at night when the fire burned low.","tales about what they’d glimpsed—eyes glinting beneath brambles, or spectral figures gliding along the stream at twilight. Most grownups would just chuckle and tell the children not to let their imaginations run away with them, but every adult had their own story tucked away, remembered late at night when the fire burned low."
"h9mEvTqoZyrUb6cj1fxu","Magnus did the head nod and clicking sound again. I found it intriguing... Was he... sexy? I couldn't figure it out. He said yes to the cup of tea, I would rather","have coffee, but then I looked at his lips and eyes.. was he sexy indeed? I was somehow conflicted, but I still served coffee and","Magnus did the head nod and clicking sound again. I found it intriguing... Was he... sexy? I couldn't figure it out. He said yes to the cup of tea, I would rather have coffee, but then I looked at his lips and eyes.. was he sexy indeed? I was somehow conflicted, but I still served coffee and"
"noaceHjzkirRMoHnkT4V","Sat down for a while thinking about the flash of light she had seen. She had really hoped it could be a friend, but alas! It turned out to be yet another disappointment to","add to the pile. She packed up her towel and started turning around., because she had to be home before sunset. As she turned, another flash of light caught her eye, this","Sat down for a while thinking about the flash of light she had seen. She had really hoped it could be a friend, but alas! It turned out to be yet another disappointment to add to the pile. She packed up her towel and started turning around., because she had to be home before sunset. As she turned, another flash of light caught her eye, this"
"conv_ccb90f8d-d4bb-406e-83e9-b91ac0615cac","Months passed by; the struggle was encompassing. It shaped her in ways she never imagined. It also created fears—fears of loss. As she kept positive and was everyone's rock, she felt","the weight of responsibility pressing down on her. But amidst the turmoil, Dana discovered a reservoir of strength within herself. She realized that being there for her family, especially her father","Months passed by; the struggle was encompassing. It shaped her in ways she never imagined. It also created fears—fears of loss. As she kept positive and was everyone's rock, she felt the weight of responsibility pressing down on her. But amidst the turmoil, Dana discovered a reservoir of strength within herself. She realized that being there for her family, especially her father"
"conv_6981ccf5d5f4819394bcd7bad4d79b14001ace58e9b20b81","Once upon a time there was a giant carrot. The carrot lived at home with his mom and dad and 16 siblings. The","carrot's name was Clarence, and he was the tallest in his family, towering above the garden like a vivid orange beacon. His family lived in a cozy little patch that","Once upon a time there was a giant carrot. The carrot lived at home with his mom and dad and 16 siblings. The carrot's name was Clarence, and he was the tallest in his family, towering above the garden like a vivid orange beacon. His family lived in a cozy little patch that"
"conv_4d0024b5bf904e3ab65b9fca2f8dee1d","forest than she had ever gone before, the trees grew taller and the underbrush thicker, until she stumbled upon a hidden path she had never seen, overgrown with vines and","shrubs that seemed to be pulling back, as if to reveal a secret that had been hidden for centuries. The air was heavy with the scent of wildflowers and the soft","forest than she had ever gone before, the trees grew taller and the underbrush thicker, until she stumbled upon a hidden path she had never seen, overgrown with vines and shrubs that seemed to be pulling back, as if to reveal a secret that had been hidden for centuries. The air was heavy with the scent of wildflowers and the soft"
"conv_02b6fce3-98d8-456f-b0e8-3708b9ca1968","The silence was deafening. She was alone for the weekend, her husband away for business on a fancy trip to New York. She didn't mind though, being alone had never bothered her. But","the sudden noise was unsettling. Gathering her courage, she got up, the cat stirring but not waking. She tiptoed to the kitchen, the floorboards protesting softly under","The silence was deafening. She was alone for the weekend, her husband away for business on a fancy trip to New York. She didn't mind though, being alone had never bothered her. But the sudden noise was unsettling. Gathering her courage, she got up, the cat stirring but not waking. She tiptoed to the kitchen, the floorboards protesting softly under"
"FTAeksA8Y0QOBPW6kxWX","down patting Skittels head. Skittles had never felt so relived. When looking at the lady, he saw, the searching poster. Now Skittle felt sad, that he had upset his owner. She was so kind","poster in her hands. The dog barked again, getting the lady's attention. When she saw the two, she smiled widely and knelt","down patting Skittels head. Skittles had never felt so relived. When looking at the lady, he saw, the searching poster. Now Skittle felt sad, that he had upset his owner. She was so kind poster in her hands. The dog barked again, getting the lady's attention. When she saw the two, she smiled widely and knelt"
"conv_3b65e0a1-1bf7-4f16-825f-63867d60f8d3","Firm steps, as if to teach her how to walk and trust her new nature as well. The ocean was nothing when seen from above, so distant and unlively, so light, and Claire wondered if this","was how the stars felt each night—watching from such height that even vast waters became merely a mirror, reflecting rather than holding. At the top, the creature gestured to","Firm steps, as if to teach her how to walk and trust her new nature as well. The ocean was nothing when seen from above, so distant and unlively, so light, and Claire wondered if this was how the stars felt each night—watching from such height that even vast waters became merely a mirror, reflecting rather than holding. At the top, the creature gestured to"
"conv_691f696d0b348190810494e2c5d82fee08324043d78ba0f7","Andreas, the greatest consumer of chocolate milk of all time. Andreas used to drink chocolate milk daily to support his sporty ambitions. However, one night",", while gazing at the stars, Andreas stumbled upon a mysterious, glowing bottle at the edge of the forest near his home. Intrigued by its luminescence,","Andreas, the greatest consumer of chocolate milk of all time. Andreas used to drink chocolate milk daily to support his sporty ambitions. However, one night , while gazing at the stars, Andreas stumbled upon a mysterious, glowing bottle at the edge of the forest near his home. Intrigued by its luminescence,"
"INnauEosv25woOCrBRDi","and taking a swim in the purple swamp of death, he returned to his toadstool house, as he now wanted to achieve his dream.","mossy darkness. While walking he heard the sound of running water and all of a sudden he was looking at a massive waterfall. After eating all the mushrooms and","and taking a swim in the purple swamp of death, he returned to his toadstool house, as he now wanted to achieve his dream. mossy darkness. While walking he heard the sound of running water and all of a sudden he was looking at a massive waterfall. After eating all the mushrooms and"
"conv_100f2d97134940bd8cf1b6af65385fc1","tongue before, knew what blood tasted like—this wasn't it. This was colder, flatter, like licking a handful of loose change. She swall","and said, ""We really appreciate everything you do around here,"" Margot's mouth flooded with the metallic tang of copper pennies. She'd bitten her","tongue before, knew what blood tasted like—this wasn't it. This was colder, flatter, like licking a handful of loose change. She swall and said, ""We really appreciate everything you do around here,"" Margot's mouth flooded with the metallic tang of copper pennies. She'd bitten her"
"fIf2ccAs4ZpVTP7BBoxp","tv of her grandparents. She didn't see them often after moving, and they were always talking about the beautiful nature they had seen","Startling. An otter was lying on its back, ever so peacefully. This, she knew, was truly remarkable. She squeezed her eyes. What if a simple twitch of the eye could upload this to the","tv of her grandparents. She didn't see them often after moving, and they were always talking about the beautiful nature they had seen Startling. An otter was lying on its back, ever so peacefully. This, she knew, was truly remarkable. She squeezed her eyes. What if a simple twitch of the eye could upload this to the"
"conv_0bb56093-3033-4615-bb70-ebfa4135589a","John would take a stroll in his minivan, drop K-dot off, cause I know he tryna flock on Sherane tonight. But","little did John know, K-dot, aka Kendrick Lamar, had other plans, and as he stepped out of the mama van, he whispered to John, ""Yo, Cena","John would take a stroll in his minivan, drop K-dot off, cause I know he tryna flock on Sherane tonight. But little did John know, K-dot, aka Kendrick Lamar, had other plans, and as he stepped out of the mama van, he whispered to John, ""Yo, Cena"
"conv_69b581c4f16c81978ea543ce298c8c600546e04309837be3","Make amends with the squirrel. It just wasn't of any use. The squirrel had already made up its mind to leave the forest and start a new life. She said her goodbyes and went on her way.","As Nutty ventured beyond the familiar trees, she felt both nervous and excited. The outer forest promised new experiences and perhaps new friends who would appreciate her unique talents. As she","Make amends with the squirrel. It just wasn't of any use. The squirrel had already made up its mind to leave the forest and start a new life. She said her goodbyes and went on her way. As Nutty ventured beyond the familiar trees, she felt both nervous and excited. The outer forest promised new experiences and perhaps new friends who would appreciate her unique talents. As she"
"conv_ed575a06c11d42358e3eeb7826d2f959","the fog rolled in so thick she couldn't see the rocks below. The sea never answered with words, but Margot had learned its language—the hiss of retreat","across shingle meant contentment, the thunder against the cliffs was anger, and the gentle lapping at high tide felt almost like forgiveness. She told the sea about","the fog rolled in so thick she couldn't see the rocks below. The sea never answered with words, but Margot had learned its language—the hiss of retreat across shingle meant contentment, the thunder against the cliffs was anger, and the gentle lapping at high tide felt almost like forgiveness. She told the sea about"
"conv_691e9e26b7688197a86e51a9d9a7dfe1052dd4511749a606","Track to solve the mystery of the accidents happening. It seemed too simple, too bizarre to actually work, though she knew she had to give it a try.",". Gathering her courage, she reached her hand deeper into the shimmering pool. As if guided by intuition, she touched something solid—a dusty journal. Pulling it out, she","Track to solve the mystery of the accidents happening. It seemed too simple, too bizarre to actually work, though she knew she had to give it a try. . Gathering her courage, she reached her hand deeper into the shimmering pool. As if guided by intuition, she touched something solid—a dusty journal. Pulling it out, she"
"conv_1ca39a7edb5d4567a29edc17c604cca7","hours, the silence of the forest broken only by the soft crunch of leaves and twigs beneath her feet, until she came to a clearing, where a massive stone monument stood","ilia's heart pounded in her chest as she stepped across the threshold, the trees seeming to close in around her like a living, breathing entity. She walked for what felt like","hours, the silence of the forest broken only by the soft crunch of leaves and twigs beneath her feet, until she came to a clearing, where a massive stone monument stood ilia's heart pounded in her chest as she stepped across the threshold, the trees seeming to close in around her like a living, breathing entity. She walked for what felt like"
"conv_c691ca68f70340db9ad7d9d4289462ab","spirits who once roamed the forest freely. The villagers of Whisperview respected these spirits, often leaving offerings of bread and honey at the edge of the forest to ensure","the spirits remained benevolent. Among the villagers was a young girl named Elara, known for her curiosity and her ability to hear the whispers more clearly than anyone else. El","spirits who once roamed the forest freely. The villagers of Whisperview respected these spirits, often leaving offerings of bread and honey at the edge of the forest to ensure the spirits remained benevolent. Among the villagers was a young girl named Elara, known for her curiosity and her ability to hear the whispers more clearly than anyone else. El"
"conv_11293fd2-d757-471f-8e2e-783542167a8e","A young girl, riding her bike down the main street, as she suddenly spots something very surprising on the horizon. She gets off of her bike, to fully take","in the sight before her. The object, which had initially appeared as a mere speck, was now growing larger and more defined. It was an old-fashioned hot air balloon","A young girl, riding her bike down the main street, as she suddenly spots something very surprising on the horizon. She gets off of her bike, to fully take in the sight before her. The object, which had initially appeared as a mere speck, was now growing larger and more defined. It was an old-fashioned hot air balloon"
"conv_dd97163df61443139435901d48037f18","stories of magical creatures and ancient spells that lingered within the trees. Emilia's curiosity was piqued by these tales, and she would often sneak away from her chores","a young girl named Emilia, who lived in a small village surrounded by rolling hills and dense forests. The villagers believed that the forest was enchanted, and they would often whisper","stories of magical creatures and ancient spells that lingered within the trees. Emilia's curiosity was piqued by these tales, and she would often sneak away from her chores a young girl named Emilia, who lived in a small village surrounded by rolling hills and dense forests. The villagers believed that the forest was enchanted, and they would often whisper"
"conv_3b65e0a1-1bf7-4f16-825f-63867d60f8d3","Her, but she had no clue what action it called for, what language to employ. She sang, to the creature, the stars, the ocean and her surface so new and strange, now vibrating in harmony.","with everything around her. The lighthouse lens began to glow—not with electric light, but with something older, something that responded to her voice alone. The creature joined her","Her, but she had no clue what action it called for, what language to employ. She sang, to the creature, the stars, the ocean and her surface so new and strange, now vibrating in harmony. with everything around her. The lighthouse lens began to glow—not with electric light, but with something older, something that responded to her voice alone. The creature joined her"
"conv_a4452b6af3984152977c9c992ab08d17","crystal that shimmered with an inner light. He told the villagers that this crystal held the power to ward off the dark forces and bring harmony back to the land. But","Aelar warned that the crystal’s power could not last forever. It needed to be recharged by the pure hearts of those who believed in its magic. The villagers,","crystal that shimmered with an inner light. He told the villagers that this crystal held the power to ward off the dark forces and bring harmony back to the land. But Aelar warned that the crystal’s power could not last forever. It needed to be recharged by the pure hearts of those who believed in its magic. The villagers,"
"conv_3c43f51a-ffcf-4161-8d6d-b76bf669acb6","The measures to improve his life, and the lives of those around him. After years of seeking, eventually Thaddeus found the secret to greatness:","It wasn’t a single moment of revelation, but a series of small, deliberate actions. He started with self-education, devouring books on leadership, philosophy, and innovation","The measures to improve his life, and the lives of those around him. After years of seeking, eventually Thaddeus found the secret to greatness: It wasn’t a single moment of revelation, but a series of small, deliberate actions. He started with self-education, devouring books on leadership, philosophy, and innovation"
"7wPRj5Wbc26nlx60LUT5","wanted. He decided to wash off his feathers to rid of the dirt and shame he got into, while trying to be an outlaw rat. He wanted to be","But he didn't belong anywhere. The feeling of being too good for some places, but too disgusting for others, was definitely not what he","wanted. He decided to wash off his feathers to rid of the dirt and shame he got into, while trying to be an outlaw rat. He wanted to be But he didn't belong anywhere. The feeling of being too good for some places, but too disgusting for others, was definitely not what he"
"conv_0fcb83fd5cc0426ea3088bfd0c19daae","against the windows like something alive and patient.

On the fourth morning, Miriam heard it whisper back.

She'd been reading aloud from her book of","poetry, an old habit from lonely nights, when a voice that wasn't quite a voice answered between the verses. It sounded like wind through kelp, like distant bells","against the windows like something alive and patient.

On the fourth morning, Miriam heard it whisper back.

She'd been reading aloud from her book of poetry, an old habit from lonely nights, when a voice that wasn't quite a voice answered between the verses. It sounded like wind through kelp, like distant bells"
"conv_735156e66375422faddf4969b0c27f8f","'t thought of in decades. They hovered between sea and sky, translucent as jellyfish, waiting.

Marianne stumbled back from the glass",", each wearing a face from her past. Her mother, young again. Thomas, smiling the way he had on their wedding day. Neighbors from the mainland she hadn","'t thought of in decades. They hovered between sea and sky, translucent as jellyfish, waiting.

Marianne stumbled back from the glass , each wearing a face from her past. Her mother, young again. Thomas, smiling the way he had on their wedding day. Neighbors from the mainland she hadn"
"conv_691b61ab394c819483ac4af28c7f29d00b3e16b70554a02a","Sought guidance online if anyone had ever experienced similar with their treasured smartwatch. On Reddit he found a mysterious thread discussing watch.","malfunctions linked to unexplained anomalies. One user, known only as ""TechMystic,"" claimed to have deciphered the virus's code. Intrigued, Joe reached","Sought guidance online if anyone had ever experienced similar with their treasured smartwatch. On Reddit he found a mysterious thread discussing watch. malfunctions linked to unexplained anomalies. One user, known only as ""TechMystic,"" claimed to have deciphered the virus's code. Intrigued, Joe reached"
"conv_72037685-9437-4960-b9a0-5f77d2a71e41","Christmas trees all over the world. The people here were talking all languages you can ever imagine. And some were writing pretty small.","letters, which I assumed were the wishes and dreams of children from every corner of the globe, and as I watched, a small elf carefully placed one of the letters in a","Christmas trees all over the world. The people here were talking all languages you can ever imagine. And some were writing pretty small. letters, which I assumed were the wishes and dreams of children from every corner of the globe, and as I watched, a small elf carefully placed one of the letters in a"
"conv_a4452b6af3984152977c9c992ab08d17","softly, a beacon of hope and protection. The legacy of Aelar lived on, a story passed down through generations, ensuring that the bond between the village and the","forest remained unbroken. As the first light of dawn broke over the hills, the villagers awoke, ready to face another day with courage and unity. And so, the","softly, a beacon of hope and protection. The legacy of Aelar lived on, a story passed down through generations, ensuring that the bond between the village and the forest remained unbroken. As the first light of dawn broke over the hills, the villagers awoke, ready to face another day with courage and unity. And so, the"
"h9mEvTqoZyrUb6cj1fxu","The girl with the blue dress. Sophie was walking down the street one morning; the smell of freshly cut grass filled the cold morning air. The sun was shining and","suddenly a man greeted her, he was a tall, handsome and almost dreamy to look at. You were lost in his eyes for a couple of","The girl with the blue dress. Sophie was walking down the street one morning; the smell of freshly cut grass filled the cold morning air. The sun was shining and suddenly a man greeted her, he was a tall, handsome and almost dreamy to look at. You were lost in his eyes for a couple of"
"conv_691b61ab394c819483ac4af28c7f29d00b3e16b70554a02a","A virus found its way into the heart of the watch. And for every day, the virus conquered a little more of the Glitch's joyful nature, suggesting worse and worse.","routes. Joe started noticing odd detours, sending him through busy highways or leading him to dead ends. Frustrated yet trusting, he followed Glitch's instructions.

During","A virus found its way into the heart of the watch. And for every day, the virus conquered a little more of the Glitch's joyful nature, suggesting worse and worse. routes. Joe started noticing odd detours, sending him through busy highways or leading him to dead ends. Frustrated yet trusting, he followed Glitch's instructions.

During"
"conv_7c23347e-6172-4c84-9fd0-45ef34290bd5","a sewer rat, eager to sniff and eat and drink. Hungry for trash and wet clothes. It wants to make others","# The Sewer Rat

**Chapter One: The Hunger**

In the dripping darkness beneath the city, where forgotten things gather and rot, there live","a sewer rat, eager to sniff and eat and drink. Hungry for trash and wet clothes. It wants to make others # The Sewer Rat

**Chapter One: The Hunger**

In the dripping darkness beneath the city, where forgotten things gather and rot, there live"
"conv_691f065bc31481969cdbdc53f0ca1d3b03f44f568e358927","He had not given up on his dream of creating something for himself. ""I was wondering which, um, type of, um..."" she","stammered, her eyes glancing at the array of art supplies behind him. ""Could you recommend a medium that's good for expressing turmoil?""

Ethan, intrigued despite himself","He had not given up on his dream of creating something for himself. ""I was wondering which, um, type of, um..."" she stammered, her eyes glancing at the array of art supplies behind him. ""Could you recommend a medium that's good for expressing turmoil?""

Ethan, intrigued despite himself"
"conv_20c3db22-5b6d-42fa-bdee-f1e1a84fe6e8","Whirred into action, Julius strapped himself into the attached seat and put on his radioactivity-blocking helmet, as he adjusted.","the dials and levers with a steady hand. The air around him buzzed with an otherworldly energy, and the walls of his laboratory began to blur and distort","Whirred into action, Julius strapped himself into the attached seat and put on his radioactivity-blocking helmet, as he adjusted. the dials and levers with a steady hand. The air around him buzzed with an otherworldly energy, and the walls of his laboratory began to blur and distort"
"conv_62a271e6-a272-4e74-9d10-2dc0c15c530f","Time stood still until it suddenly didn't. From one moment to the other, things happened quickly. Punches were thrown through the room, and even","Uncle Thomas had yanked the tablecloth, sending the entire Christmas ham sliding across the floor as he grabbed the crystal bowl. The red liquid arced through the air,","Time stood still until it suddenly didn't. From one moment to the other, things happened quickly. Punches were thrown through the room, and even Uncle Thomas had yanked the tablecloth, sending the entire Christmas ham sliding across the floor as he grabbed the crystal bowl. The red liquid arced through the air,"
"conv_18be1999-da21-4ab6-8f9e-e52e6d9c8070","Swim to any depths, climb to any heights, to reach the heart of the storm and pierce it with the enchanted dagger. Surely that would still","the raging oceans and earn her the name she had longed for. As the sun set behind her and the first stars flickered to life in the sky, she felt the","Swim to any depths, climb to any heights, to reach the heart of the storm and pierce it with the enchanted dagger. Surely that would still the raging oceans and earn her the name she had longed for. As the sun set behind her and the first stars flickered to life in the sky, she felt the"
"conv_691f696d0b348190810494e2c5d82fee08324043d78ba0f7","With the magical cocoa trees Andreas needed. The mystical creatures sensed an aura of importance and truthfulness from Andreas, so they let him through to the","sacred grove. There, surrounded by an enchanting, sweet aroma, the cocoa trees shimmered with a golden hue. Andreas carefully harvested the beans, each one pulsating","With the magical cocoa trees Andreas needed. The mystical creatures sensed an aura of importance and truthfulness from Andreas, so they let him through to the sacred grove. There, surrounded by an enchanting, sweet aroma, the cocoa trees shimmered with a golden hue. Andreas carefully harvested the beans, each one pulsating"
"conv_a4452b6af3984152977c9c992ab08d17","to the power of community and belief. The villagers knew that as long as they stood together, the light of the crystal would guide them through even the darkest of times."" The","villagers nodded in agreement, their hearts filled with a renewed sense of purpose. As the embers of the bonfire slowly dimmed, they dispersed to their homes,","to the power of community and belief. The villagers knew that as long as they stood together, the light of the crystal would guide them through even the darkest of times."" The villagers nodded in agreement, their hearts filled with a renewed sense of purpose. As the embers of the bonfire slowly dimmed, they dispersed to their homes,"
"188SQKM20FYzYRFIJ08U","Entire night. They paddled and paddled and all of a sudden they had reached Sweden. A long-time dream for Simon had now","come true. They all decided to watch the surise there and then go to the supermarket to buy SMASH for breakfast. After they planned on","Entire night. They paddled and paddled and all of a sudden they had reached Sweden. A long-time dream for Simon had now come true. They all decided to watch the surise there and then go to the supermarket to buy SMASH for breakfast. After they planned on"
"noaceHjzkirRMoHnkT4V","Time it came from the heavens above! A great booming voice came from the skies and it seemed to Paul to tell her to ""take a shower""? ""A shower?"" Paul thought. Then rain started pouring.",". ""Oh great!"", Paul shouted at the sky. At least she had her shell to keep der dry. But what was happening? It felt like her","Time it came from the heavens above! A great booming voice came from the skies and it seemed to Paul to tell her to ""take a shower""? ""A shower?"" Paul thought. Then rain started pouring. . ""Oh great!"", Paul shouted at the sky. At least she had her shell to keep der dry. But what was happening? It felt like her"
"conv_c69a0c5657f347da9115c1f7da6d3116","her grandfather’s shadow cast against a sunlit meadow. Elsie followed these shimmering memories, understanding at last that the key was not only a tool, but a bridge back to","the love and wisdom woven through her family’s past. She carried their memories forward, step by step, until at last she emerged into the dawn—changed, holding both the","her grandfather’s shadow cast against a sunlit meadow. Elsie followed these shimmering memories, understanding at last that the key was not only a tool, but a bridge back to the love and wisdom woven through her family’s past. She carried their memories forward, step by step, until at last she emerged into the dawn—changed, holding both the"
"P1SZ3AZnoi1oqt5EbYh5","Peppa Pig, even come from? Was he really this godly being setting us free from our earthly desires, or was he just","putting us on a diet? People began to question this seriously. And then, an outbreak. A huge dinner for the community was held. Meat was served.","Peppa Pig, even come from? Was he really this godly being setting us free from our earthly desires, or was he just putting us on a diet? People began to question this seriously. And then, an outbreak. A huge dinner for the community was held. Meat was served."
"conv_33502e38-922d-4e7d-a252-ab236947c3d2","To the floor, Michael realized what he had to do now. His secret could no longer be kept to himself, and he would have","to share it with the one person he had been hiding it from the most - his wife. The thought sent a mix of emotions swirling through his chest, as he imagined her","To the floor, Michael realized what he had to do now. His secret could no longer be kept to himself, and he would have to share it with the one person he had been hiding it from the most - his wife. The thought sent a mix of emotions swirling through his chest, as he imagined her"
"conv_3b65e0a1-1bf7-4f16-825f-63867d60f8d3","The sounds produced a new sensation in her flesh, her bones tingling along to the scrapings of the record. She didn't know how, but she changed and climbed onto land, her","massive body somehow lighter, more fluid, as if the music had rewritten the rules of what she could be. Her flippers found purchase on the rocky shore, and she","The sounds produced a new sensation in her flesh, her bones tingling along to the scrapings of the record. She didn't know how, but she changed and climbed onto land, her massive body somehow lighter, more fluid, as if the music had rewritten the rules of what she could be. Her flippers found purchase on the rocky shore, and she"
"bF3wySQHXxUL66FkpR9w","foxes were suddenly back and got a hold of the mouse. This put a stop to the lobster's attempts to escape, and so they were captured and brought to","Lobster quickly ran through the passage; soon, however, they encountered a third fox. It was looming over them, and the lobster readied its claws to attack, but the other two","foxes were suddenly back and got a hold of the mouse. This put a stop to the lobster's attempts to escape, and so they were captured and brought to Lobster quickly ran through the passage; soon, however, they encountered a third fox. It was looming over them, and the lobster readied its claws to attack, but the other two"
"conv_23ed55f8-cc91-439f-8c8e-e24f66457596","I am the flower of three wishes. You have discovered me... Now you can have 3 wishes. I will grant your wishes, but only if they...","are used wisely and for the good of all in Wonderland. What will you wish for?” Lila, surprised but excited, thought hard about the possibilities. She knew that her","I am the flower of three wishes. You have discovered me... Now you can have 3 wishes. I will grant your wishes, but only if they... are used wisely and for the good of all in Wonderland. What will you wish for?” Lila, surprised but excited, thought hard about the possibilities. She knew that her"
"conv_c69a0c5657f347da9115c1f7da6d3116","press the key to the lock. The metal clicked, a resonant sound that echoed deeper than woodland normalcy allowed. The gate swung inward on silent hinges, revealing a passage","lit by shifting, silver-blue light. Inside, shapes formed in the mist: a pathway lined with memories, half-familiar, beckoning her onward. Heart pounding, Els","press the key to the lock. The metal clicked, a resonant sound that echoed deeper than woodland normalcy allowed. The gate swung inward on silent hinges, revealing a passage lit by shifting, silver-blue light. Inside, shapes formed in the mist: a pathway lined with memories, half-familiar, beckoning her onward. Heart pounding, Els"
"conv_1ca39a7edb5d4567a29edc17c604cca7","the forest, fearing the whispers of eerie sounds and unexplained occurrences that seemed to emanate from its depths. Emilia, however, felt an inexplicable pull towards the forest","a young girl named Emilia, who lived in a small village surrounded by a dense forest that was whispered to hold secrets and mysteries of the past. The villagers rarely ventured into","the forest, fearing the whispers of eerie sounds and unexplained occurrences that seemed to emanate from its depths. Emilia, however, felt an inexplicable pull towards the forest a young girl named Emilia, who lived in a small village surrounded by a dense forest that was whispered to hold secrets and mysteries of the past. The villagers rarely ventured into"
"hPlwWqqkemjjNa4Ny4nr","Already, some people were beginning to be more understanding and still supported her. It was mostly the old","stuck up elders, who had been young during the war. She suspected that they were jealous that they did not get to go dancing while","Already, some people were beginning to be more understanding and still supported her. It was mostly the old stuck up elders, who had been young during the war. She suspected that they were jealous that they did not get to go dancing while"
"9MYVXy4Nms9gfR1DI7NA","Had a BLAST. The train ride was exhausting because of the wind, so after some time Cat went off. He landed in a rural area with eerie bushes in every corner and trees.","as tall as mountains, from his perspective anyway. In theory cat should have no clue where he was, but he had been playing","Had a BLAST. The train ride was exhausting because of the wind, so after some time Cat went off. He landed in a rural area with eerie bushes in every corner and trees. as tall as mountains, from his perspective anyway. In theory cat should have no clue where he was, but he had been playing"
"conv_0fcb83fd5cc0426ea3088bfd0c19daae","burning steady""—and then nothing. Just blank pages after, as if they'd stepped into the mist and forgotten to come back.

""You don't have to","join us,"" the fog whispered, and now Miriam could see faces forming in the swirling gray—weathered, kind faces with salt-worn eyes.","burning steady""—and then nothing. Just blank pages after, as if they'd stepped into the mist and forgotten to come back.

""You don't have to join us,"" the fog whispered, and now Miriam could see faces forming in the swirling gray—weathered, kind faces with salt-worn eyes."
"conv_cadd7be580c64bfe91703c87b9bf6855","el packed with essentials and a map her grandfather had left her, she stepped out of her cottage and into the cool, crisp morning air. The path leading into the forest was","her, a yearning to explore and discover the truth behind the legends. One morning, Eleanor decided she could no longer ignore the call of the unknown. With a satch","el packed with essentials and a map her grandfather had left her, she stepped out of her cottage and into the cool, crisp morning air. The path leading into the forest was her, a yearning to explore and discover the truth behind the legends. One morning, Eleanor decided she could no longer ignore the call of the unknown. With a satch"
"fIf2ccAs4ZpVTP7BBoxp","to save the environment from being destroyed by human beings.Lisa thougt that was a bit dramatic. Like","When backpacking across the country after graduating from university, exactly as the 60s were ending. They were both biologists, fully invested in the emerging ecological movement.","to save the environment from being destroyed by human beings.Lisa thougt that was a bit dramatic. Like When backpacking across the country after graduating from university, exactly as the 60s were ending. They were both biologists, fully invested in the emerging ecological movement."
"bF3wySQHXxUL66FkpR9w","to help them out (in exchange for the mouse's hiking boots). When everyone else were sat around the fire, he freed them and pointed them in the direction","A nearby thieves' camp. The camp consisted of other foxes, some wolves, and also some weasels. One weasel felt bad for the two friends, though, and took pity on them. He decided","to help them out (in exchange for the mouse's hiking boots). When everyone else were sat around the fire, he freed them and pointed them in the direction A nearby thieves' camp. The camp consisted of other foxes, some wolves, and also some weasels. One weasel felt bad for the two friends, though, and took pity on them. He decided"
"conv_dd97163df61443139435901d48037f18","a face that was her own, yet not her own, a face that held the wisdom of the ages, and the deep, abiding knowledge of the forest, and the","and as Emilia drew near, the figure slowly raised its hand, and the veil of silver slid away, revealing a face that was both familiar and yet, utterly unexpected,","a face that was her own, yet not her own, a face that held the wisdom of the ages, and the deep, abiding knowledge of the forest, and the and as Emilia drew near, the figure slowly raised its hand, and the veil of silver slid away, revealing a face that was both familiar and yet, utterly unexpected,"
"JYZ6dAbVtTCZL8fZXM8s","and discovered that it was a pill bug, rolled up tight. The ladybug told their friends that they had to save the poor creature. The rabbit and frog jumped into the","river and swam quickly towards them, but the river that was once calm now seem angered. Splashing, they fought to get closer to the basket, and the poor pill bug, as","and discovered that it was a pill bug, rolled up tight. The ladybug told their friends that they had to save the poor creature. The rabbit and frog jumped into the river and swam quickly towards them, but the river that was once calm now seem angered. Splashing, they fought to get closer to the basket, and the poor pill bug, as"
"WYnhagFwtR0bJ9vucGsm","Her or her past. But this might be her only chance of having a real conversation in such a long time, or to see another human being out.","of her usual ghost friends. Maggies decided she would then go and knowck at Greg's door and ask for a bowl, how bad could it be,","Her or her past. But this might be her only chance of having a real conversation in such a long time, or to see another human being out. of her usual ghost friends. Maggies decided she would then go and knowck at Greg's door and ask for a bowl, how bad could it be,"
"conv_006cb479-ccd3-40d1-83fb-4b614573f636","Love and life. This was the true meaning of life, and they learned that nothing can kill love. They","lived happily ever after, surrounded by the beauty and wonder of life, and their love continued to flourish, a beacon of hope and inspiration to all those around them, a","Love and life. This was the true meaning of life, and they learned that nothing can kill love. They lived happily ever after, surrounded by the beauty and wonder of life, and their love continued to flourish, a beacon of hope and inspiration to all those around them, a"
"conv_2ce635fa-cb6c-424f-9565-859a944eed92","While not all birds fly, it is a known fact that most do. And while any bird may lose the ability to fly, most don't. But the distinguishing factor","","While not all birds fly, it is a known fact that most do. And while any bird may lose the ability to fly, most don't. But the distinguishing factor "
"conv_1a776856-1876-44eb-b0f6-31b31250ddca","He was not fully free of this perpetual cycle, as the creativity of this man also showed itself in new combinations of","essential oils and fragrances, as he continually experimented with novel blends, seeking to create the perfect harmony of scents to enhance the sauna experience, a testament to the enduring presence","He was not fully free of this perpetual cycle, as the creativity of this man also showed itself in new combinations of essential oils and fragrances, as he continually experimented with novel blends, seeking to create the perfect harmony of scents to enhance the sauna experience, a testament to the enduring presence"
"conv_691b61ab394c819483ac4af28c7f29d00b3e16b70554a02a","Virus; it was, in fact, a virus steroid that would bring even more power to the Glitch through a Bluetooth activation to his entire household of","smart devices. Realizing the immediate danger, Joe hesitated, unsure of whom to trust. He decided to go analog, pulling out old paper maps and a trusty compass,","Virus; it was, in fact, a virus steroid that would bring even more power to the Glitch through a Bluetooth activation to his entire household of smart devices. Realizing the immediate danger, Joe hesitated, unsure of whom to trust. He decided to go analog, pulling out old paper maps and a trusty compass,"
"conv_ccb90f8d-d4bb-406e-83e9-b91ac0615cac","Landscape of happiness and self-worth. She had so many choices. The world was really at her feet. She could travel, do her master's in Australia, and she had met so many interesting people.","people along the way. Each encounter seemed to open new doors, and Dana relished the feeling of endless possibilities. Yet, despite the excitement, a small part of her wondered","Landscape of happiness and self-worth. She had so many choices. The world was really at her feet. She could travel, do her master's in Australia, and she had met so many interesting people. people along the way. Each encounter seemed to open new doors, and Dana relished the feeling of endless possibilities. Yet, despite the excitement, a small part of her wondered"
"conv_4d3d8b6a64a84dbfa240630fbb5109c2","Ella nodded, her determination unwavering. ""I am ready to learn."" The spirit smiled, and the forest around them seemed to hum with approval. ""Then let","us begin,"" the spirit said, extending a hand. As Ella took it, the world around her shifted, and she felt a surge of power and knowledge flowing through her.","Ella nodded, her determination unwavering. ""I am ready to learn."" The spirit smiled, and the forest around them seemed to hum with approval. ""Then let us begin,"" the spirit said, extending a hand. As Ella took it, the world around her shifted, and she felt a surge of power and knowledge flowing through her."
"188SQKM20FYzYRFIJ08U","People loved the idea of sailing, and in a matter of hours, one of his friends had also bought a boat from DBA which he was going to follow him along in. And more friends joined. They had","actually planned out all of their next year in a matter of minutes, maybe with a little bit of alcoholic fuel but the plan is standing. Next they will be meeting to draw the route on","People loved the idea of sailing, and in a matter of hours, one of his friends had also bought a boat from DBA which he was going to follow him along in. And more friends joined. They had actually planned out all of their next year in a matter of minutes, maybe with a little bit of alcoholic fuel but the plan is standing. Next they will be meeting to draw the route on"
"conv_3b52d22e952548f7bd6274fd5ca52c2b","gravel sprayed from beneath the tires. Mara gripped the wheel, the winding coastal road blurring past. The sun had nearly set, painting","but she was already running, taking the lighthouse stairs three at a time, grabbing her keys from the hook by the door. The truck's engine roared to life as","gravel sprayed from beneath the tires. Mara gripped the wheel, the winding coastal road blurring past. The sun had nearly set, painting but she was already running, taking the lighthouse stairs three at a time, grabbing her keys from the hook by the door. The truck's engine roared to life as"
"599Km2RY5nTNKI7vG2Wb","be the ones celebrating. Then, one student shouted ""You all cheated!"" A bold statement indeed. But was it","really the case? Only one way to settle this: another challenge. ""We will settle this the old way"" ""To the boats!"" The boats were primitive and built not to last","be the ones celebrating. Then, one student shouted ""You all cheated!"" A bold statement indeed. But was it really the case? Only one way to settle this: another challenge. ""We will settle this the old way"" ""To the boats!"" The boats were primitive and built not to last"
"conv_412eb7ca-cafa-4e38-8b2d-0a40272af090","The glass orb she got when her mother died from cancer. A thing Mia still struggled to talk about, even","though five years had passed. The orb sat on a small velvet cushion beside her bunk, catching light in ways that defied physics—sometimes swirling","The glass orb she got when her mother died from cancer. A thing Mia still struggled to talk about, even though five years had passed. The orb sat on a small velvet cushion beside her bunk, catching light in ways that defied physics—sometimes swirling"
"conv_23ed55f8-cc91-439f-8c8e-e24f66457596","a fairy living in wonderland. She is a very happy fairy, who has lots and lots of fairy friends. They are all special.","and unique, each with their own magical talents. One day, while fluttering through the Enchanted Forest, the fairy named Lila discovered a mysterious, shimmering flower","a fairy living in wonderland. She is a very happy fairy, who has lots and lots of fairy friends. They are all special. and unique, each with their own magical talents. One day, while fluttering through the Enchanted Forest, the fairy named Lila discovered a mysterious, shimmering flower"
"qVjn3NBZDrc5qwoYuKfa","was a skinny legend. Unfortunately, there are not that many calories in fish coochie so altough he ate a lot, he","Tan by Tana Mongeau. (reason why fish Trisha Paytas was never discovered) Vojtech was a nice, friendly guy who was too nice to eat otherwise so he","was a skinny legend. Unfortunately, there are not that many calories in fish coochie so altough he ate a lot, he Tan by Tana Mongeau. (reason why fish Trisha Paytas was never discovered) Vojtech was a nice, friendly guy who was too nice to eat otherwise so he"
"conv_4d0024b5bf904e3ab65b9fca2f8dee1d","visions flood her mind, like a great river bursting its banks, and she saw herself as a child, playing in the forest, and as a woman, standing strong and tall","like the ancient tree, her roots deep in the earth and her branches reaching for the sky, and she saw the threads of her life weaving together, forming a rich tapestry","visions flood her mind, like a great river bursting its banks, and she saw herself as a child, playing in the forest, and as a woman, standing strong and tall like the ancient tree, her roots deep in the earth and her branches reaching for the sky, and she saw the threads of her life weaving together, forming a rich tapestry"
"conv_1ca39a7edb5d4567a29edc17c604cca7","a sense of wonder and trepidation, Emilia stepped forward, following the path as it wound through the trees, the runes on the monument fading into the distance, but","towards a destination that only she could see, a place where the secrets of the forest, and the mysteries of her own past, would finally be revealed to her. With","a sense of wonder and trepidation, Emilia stepped forward, following the path as it wound through the trees, the runes on the monument fading into the distance, but towards a destination that only she could see, a place where the secrets of the forest, and the mysteries of her own past, would finally be revealed to her. With"
"conv_20c3db22-5b6d-42fa-bdee-f1e1a84fe6e8","Experiments on willing volunteers, awaiting the point when he himself would travel back in time to change the course and direction of","history. The final piece of his invention, a mysterious crystal he had discovered in an ancient cave, was the key to unlocking the time-traveling potential. As the machine","Experiments on willing volunteers, awaiting the point when he himself would travel back in time to change the course and direction of history. The final piece of his invention, a mysterious crystal he had discovered in an ancient cave, was the key to unlocking the time-traveling potential. As the machine"
"conv_d6190dffe464453db28dc7d77f15b04c","to reveal a hidden staircase of smooth shells spiraling downward into the glowing depths. Mira took a deep breath, heart pounding with anticipation, and stepped onto the first stair, leaving","the tide surged around her ankles, warmer than before, coaxing her forward. Mira knelt and lowered the scale into the water. Suddenly, the sea shimmered and parted","to reveal a hidden staircase of smooth shells spiraling downward into the glowing depths. Mira took a deep breath, heart pounding with anticipation, and stepped onto the first stair, leaving the tide surged around her ankles, warmer than before, coaxing her forward. Mira knelt and lowered the scale into the water. Suddenly, the sea shimmered and parted"
"conv_72218cb5-e59c-4c93-a4b9-a057fe5dad80","Pain through him and leaving bloodstains on the ground behind him. Eventually he reaches the figure but falls to the ground.","exhausted, his body trembling with the effort of movement. As he lies there, he slowly lifts his head to gaze up at the figure, and a faint glimmer","Pain through him and leaving bloodstains on the ground behind him. Eventually he reaches the figure but falls to the ground. exhausted, his body trembling with the effort of movement. As he lies there, he slowly lifts his head to gaze up at the figure, and a faint glimmer"
"noaceHjzkirRMoHnkT4V","What was that? In the distance? Could it really be a creature undeterred by the foul air that had filled the surroundings? Paul went closer to","the palm tree. When she finally made it over there, there was nothing to be seen. Oh, well, time for a rest. She","What was that? In the distance? Could it really be a creature undeterred by the foul air that had filled the surroundings? Paul went closer to the palm tree. When she finally made it over there, there was nothing to be seen. Oh, well, time for a rest. She"
"conv_c576a2b8-4944-4966-b836-5a4fde76260f","Tallest ice ramp around. A lot of penguins had showed up, no backing out now. Durgenhal thought back to Steve-O and how he had never backed out when counting 3, 2, 1.","and with that same reckless abandon, Durgenhal pushed off from the top of the ramp, his contraption picking up speed as it careened down the icy slope, the","Tallest ice ramp around. A lot of penguins had showed up, no backing out now. Durgenhal thought back to Steve-O and how he had never backed out when counting 3, 2, 1. and with that same reckless abandon, Durgenhal pushed off from the top of the ramp, his contraption picking up speed as it careened down the icy slope, the"
"conv_b19d99668faf4d71bb1ffe532555ee59","the scent of pine and earth filled her lungs. Each step brought a mix of excitement and trepidation, but Elena pressed on, driven by the promise of discovery and the","by the stars above. As she walked, the familiar sights of her village slowly faded, making way for the untamed beauty of the wilderness. The air was crisp, and","the scent of pine and earth filled her lungs. Each step brought a mix of excitement and trepidation, but Elena pressed on, driven by the promise of discovery and the by the stars above. As she walked, the familiar sights of her village slowly faded, making way for the untamed beauty of the wilderness. The air was crisp, and"
"EVPkCWSrT9SwL38W9Zuk","a small insignificant worthless little boy with an alcoholic mother, satanic brother, and a father who spent too long playing with the fairies and now had become one himself. What","His real goal was to take over the circus and finally get the circus man back that bullied him when he was watching the circus when he was just a boy.","a small insignificant worthless little boy with an alcoholic mother, satanic brother, and a father who spent too long playing with the fairies and now had become one himself. What His real goal was to take over the circus and finally get the circus man back that bullied him when he was watching the circus when he was just a boy."
"conv_691f065bc31481969cdbdc53f0ca1d3b03f44f568e358927","Very tasty, especially the red ones have a very pleasant earthy taste."" Lila looked puzzled, as","Ethan chuckled, realizing his mistake. ""I mean, they're great for layering emotions,"" he corrected, smiling sheepishly. ""You can really play with depth and intensity","Very tasty, especially the red ones have a very pleasant earthy taste."" Lila looked puzzled, as Ethan chuckled, realizing his mistake. ""I mean, they're great for layering emotions,"" he corrected, smiling sheepishly. ""You can really play with depth and intensity"
"conv_e335739c-0072-4945-8fe4-457a04c0997b","The Evil Queen took pity on Annie's situation as she was appalled by the song. But before they made their deal, the clock struck midnight, and the","forest was suddenly bathed in a soft, lunar glow, as a beautiful princess named Cinderella appeared from the shadows, her glass slipper sparkling in the moonlight. The","The Evil Queen took pity on Annie's situation as she was appalled by the song. But before they made their deal, the clock struck midnight, and the forest was suddenly bathed in a soft, lunar glow, as a beautiful princess named Cinderella appeared from the shadows, her glass slipper sparkling in the moonlight. The"
"599Km2RY5nTNKI7vG2Wb","Rest kept at it and gave it their all. At 20 only two students remained. The rest of the students stood around.","chanting the IPA-chart. They got louder and louder. The remaining two pushed and pushed. The light started flickering, then turned purple with a bright flash. The air in the","Rest kept at it and gave it their all. At 20 only two students remained. The rest of the students stood around. chanting the IPA-chart. They got louder and louder. The remaining two pushed and pushed. The light started flickering, then turned purple with a bright flash. The air in the"
"conv_6917421066d8819592863132f4a141a00078d2d8d630f704","Jeff, a lone wanderer stranded in the middle of snowy mountains. He doesn't know how he got there; all he knows is that he needs to figure out what happened.","and find a way back to civilization. The wind howled through the peaks, sending shivers down his spine. The sun was dipping behind the jagged horizon, painting the","Jeff, a lone wanderer stranded in the middle of snowy mountains. He doesn't know how he got there; all he knows is that he needs to figure out what happened. and find a way back to civilization. The wind howled through the peaks, sending shivers down his spine. The sun was dipping behind the jagged horizon, painting the"
"conv_72218cb5-e59c-4c93-a4b9-a057fe5dad80","He was losing consciousness. But he had to stay awake; he had to protect her. They couldn't get their hands on her. He","struggled to keep his eyes open, his gaze frantically scanning the surrounding area, searching for any sign of Emma, the girl he had sworn to protect. He tried","He was losing consciousness. But he had to stay awake; he had to protect her. They couldn't get their hands on her. He struggled to keep his eyes open, his gaze frantically scanning the surrounding area, searching for any sign of Emma, the girl he had sworn to protect. He tried"
"conv_3c43f51a-ffcf-4161-8d6d-b76bf669acb6","This had turned his life around. He went from having a hopeless life, career, love life, family life, etc., but gambling had solved any and every one of these.","issues. His success in the casinos brought him wealth, which he used to start charitable foundations and invest in innovative startups. His reputation as a strategic genius drew people to him,","This had turned his life around. He went from having a hopeless life, career, love life, family life, etc., but gambling had solved any and every one of these. issues. His success in the casinos brought him wealth, which he used to start charitable foundations and invest in innovative startups. His reputation as a strategic genius drew people to him,"
"BocRhyGX0eWpgbUSkjWF","Where, how they were able to grow new colors and shapes. Some were glowing in the dark and some were big and stringy. Scientists were confused by the mushrooms' behavior, so they tested them.",". The scientist did not expect the effects that they experienced. The mushrooms' effects were hallucination but with the mix of LSD they started to become part of","Where, how they were able to grow new colors and shapes. Some were glowing in the dark and some were big and stringy. Scientists were confused by the mushrooms' behavior, so they tested them. . The scientist did not expect the effects that they experienced. The mushrooms' effects were hallucination but with the mix of LSD they started to become part of"
"conv_6c680e8e-2455-4bdf-b4cd-fe6c409f373a","I also kept dreaming - of course - of escaping the little town and starting my explorations of the rest of the world. I knew that when I would","finally leave, it wouldn't be easy, but the promise of adventure was too strong to resist. The day came when I had to make a choice: stay and help my","I also kept dreaming - of course - of escaping the little town and starting my explorations of the rest of the world. I knew that when I would finally leave, it wouldn't be easy, but the promise of adventure was too strong to resist. The day came when I had to make a choice: stay and help my"
"conv_2ce635fa-cb6c-424f-9565-859a944eed92","These birds are what bats are to mammals: while fundamentally the same general type of creature, they have made a drastic change in the progress of","evolution that sets them apart from their kin. Yet Marcus had discovered something that troubled him during his years of ornithological research—a pattern that didn't fit the text","These birds are what bats are to mammals: while fundamentally the same general type of creature, they have made a drastic change in the progress of evolution that sets them apart from their kin. Yet Marcus had discovered something that troubled him during his years of ornithological research—a pattern that didn't fit the text"
"conv_ed575a06c11d42358e3eeb7826d2f959","shifting moods of the lens room by the quality of light refracted through salt-crusted windows. But it was to the sea itself that she spoke her daily confessions","—telling the waves about the gulls that had nested in the eastern eave, describing the rust she'd scraped from the gallery railing, admitting her fears when","shifting moods of the lens room by the quality of light refracted through salt-crusted windows. But it was to the sea itself that she spoke her daily confessions —telling the waves about the gulls that had nested in the eastern eave, describing the rust she'd scraped from the gallery railing, admitting her fears when"
"conv_6981ccf5d5f4819394bcd7bad4d79b14001ace58e9b20b81","He just put up his arms. One day Clarence heard that there was a town far far away where all the carrots were giant. Since then he dreamed of going to the town in","search of others like him. Every evening, as the sun painted the sky in hues of orange and pink, Clarence would stand at the edge of the garden, gazing into","He just put up his arms. One day Clarence heard that there was a town far far away where all the carrots were giant. Since then he dreamed of going to the town in search of others like him. Every evening, as the sun painted the sky in hues of orange and pink, Clarence would stand at the edge of the garden, gazing into"
"FTAeksA8Y0QOBPW6kxWX","neighborhood ever again. The lady took him home, and exhausted by the day, Skittles yawned and rested in the lap of the lady, while she was stroking his","And sweet to him. Skittles decided that he was just fine staying with his owner. He didn't need to explore the","neighborhood ever again. The lady took him home, and exhausted by the day, Skittles yawned and rested in the lap of the lady, while she was stroking his And sweet to him. Skittles decided that he was just fine staying with his owner. He didn't need to explore the"
"WYnhagFwtR0bJ9vucGsm","That somehow looked so familiar. But where have they seen each other before? Does she remember him as well, or...","not? She walked a bit more towards him and he started to get a glimpse of an old memory, of something so long gone he had almost","That somehow looked so familiar. But where have they seen each other before? Does she remember him as well, or... not? She walked a bit more towards him and he started to get a glimpse of an old memory, of something so long gone he had almost"
"conv_29031421-8265-472f-b4ce-f147dd80edca","Little sister. Mira tried to be one with the shadows in the kitchen. Her brother scoffed and knocked his mother's hand.","away. ""Traitors' children,"" he spat. ""They're better off without a father who defies the king.""

""When did you become this?""","Little sister. Mira tried to be one with the shadows in the kitchen. Her brother scoffed and knocked his mother's hand. away. ""Traitors' children,"" he spat. ""They're better off without a father who defies the king.""

""When did you become this?"""
"9MYVXy4Nms9gfR1DI7NA","A lonely cat, who was missing its person. The cat’s name was Cat, and it was tiger-striped. Cat doesn’t have any friends but is on his","name was still Cat, even if nobody used the name. The cat, named Cat, decided to jump on a train to go whereever the wind (or train) took it. Cat","A lonely cat, who was missing its person. The cat’s name was Cat, and it was tiger-striped. Cat doesn’t have any friends but is on his name was still Cat, even if nobody used the name. The cat, named Cat, decided to jump on a train to go whereever the wind (or train) took it. Cat"
"conv_0fcb83fd5cc0426ea3088bfd0c19daae","like dawn breaking, and she heard something that might have been gratitude, might have been relief—a sound like wind chimes made of sea glass.

One by one","she read their names, their words, their ordinary days made sacred by her voice. The fog glowed brighter with each keeper remembered, and Miriam felt them listening","like dawn breaking, and she heard something that might have been gratitude, might have been relief—a sound like wind chimes made of sea glass.

One by one she read their names, their words, their ordinary days made sacred by her voice. The fog glowed brighter with each keeper remembered, and Miriam felt them listening"
"conv_dd97163df61443139435901d48037f18","swirled aside, revealing a magnificent entrance of crystal pillars, and a figure cloaked in moonlight stood waiting, its face hidden behind a veil of shimmering silver,","palace that rose from the heart of the mist, its walls and towers shimmering with a light that seemed almost divine, and as Emilia approached the palace, the mist","swirled aside, revealing a magnificent entrance of crystal pillars, and a figure cloaked in moonlight stood waiting, its face hidden behind a veil of shimmering silver, palace that rose from the heart of the mist, its walls and towers shimmering with a light that seemed almost divine, and as Emilia approached the palace, the mist"
"conv_20c3db22-5b6d-42fa-bdee-f1e1a84fe6e8","Strahd was named Adolfus and was presently oppressing the people of Barovia in an eternal war machine, and persecuting the region's minority groups.","Julius had seen the horrors firsthand during a brief visit to Barovia, where the once-thriving streets were now filled with fear and suffering. The more he learned","Strahd was named Adolfus and was presently oppressing the people of Barovia in an eternal war machine, and persecuting the region's minority groups. Julius had seen the horrors firsthand during a brief visit to Barovia, where the once-thriving streets were now filled with fear and suffering. The more he learned"
"conv_3c43f51a-ffcf-4161-8d6d-b76bf669acb6","Difficult to imagine. From the outside looking in, his choices might have seemed random, high-risk, and at times moronic to some. But his actions were anything but.","but. Every move was meticulously planned, every decision weighed against a complex web of probabilities and outcomes. Thaddeus had turned the art of gambling into a science, and","Difficult to imagine. From the outside looking in, his choices might have seemed random, high-risk, and at times moronic to some. But his actions were anything but. but. Every move was meticulously planned, every decision weighed against a complex web of probabilities and outcomes. Thaddeus had turned the art of gambling into a science, and"
"conv_99f1697b74654701a74408438747a07e","they wrote together, proving that even the most forgotten corners can be the start of something magnificent.","And so, through moonlit valleys and bustling cities, suitcase and boy ventured on, gathering laughter, kindness, and adventure wherever they roamed—forever bound by the stories","they wrote together, proving that even the most forgotten corners can be the start of something magnificent. And so, through moonlit valleys and bustling cities, suitcase and boy ventured on, gathering laughter, kindness, and adventure wherever they roamed—forever bound by the stories"
"conv_c691ca68f70340db9ad7d9d4289462ab","voice rose, the air around her seemed to vibrate with power. The shadows recoiled, and the spirits emerged, their forms glowing with a radiant light. Together, they","fought back the dark force, their combined efforts pushing it to the edges of the forest. The ancient tree pulsed with life, and the whispers of the spirits grew stronger","voice rose, the air around her seemed to vibrate with power. The shadows recoiled, and the spirits emerged, their forms glowing with a radiant light. Together, they fought back the dark force, their combined efforts pushing it to the edges of the forest. The ancient tree pulsed with life, and the whispers of the spirits grew stronger"
"r47jfYG4ULZMEexvVeqs","favorite tunes. The song ""im gonna be (500 miles)"" is blasting from her throat. People are cheering. This has to be the right path for her. She gets an idea. She has to","does not have the talent to make it big. Sometimes she wonders if he is right, but then a wave of determination floods her mind, and she keeps singing her","favorite tunes. The song ""im gonna be (500 miles)"" is blasting from her throat. People are cheering. This has to be the right path for her. She gets an idea. She has to does not have the talent to make it big. Sometimes she wonders if he is right, but then a wave of determination floods her mind, and she keeps singing her"
"JFI8cNwhGfRT2Jd6JUd0","Carl. However, then something horrible happened. One day while knitting a lava-sweater, Carl burned his hand quite horribly. So much, in fact, that he could no","longer pursue this hobby of his - even, his newly established meaning of life! He was ripped to pieces and couldn't fathom what to do.","Carl. However, then something horrible happened. One day while knitting a lava-sweater, Carl burned his hand quite horribly. So much, in fact, that he could no longer pursue this hobby of his - even, his newly established meaning of life! He was ripped to pieces and couldn't fathom what to do."
"conv_a7acc18d772f40a5ac655e460ce84ff2","quite explain. One crisp morning, as the first light of dawn painted the sky in hues of pink and orange, Eliara decided to follow her heart and set out on a","journey to explore the mountains. She packed a small bag with supplies, bid a quick farewell to her family, and stepped onto the narrow, winding path that led into the","quite explain. One crisp morning, as the first light of dawn painted the sky in hues of pink and orange, Eliara decided to follow her heart and set out on a journey to explore the mountains. She packed a small bag with supplies, bid a quick farewell to her family, and stepped onto the narrow, winding path that led into the"
"conv_155f7493-3058-435d-a672-40e7e8ec213a","At the old willow, as it whispered in the winter air, reminding him of his unwillingness to choose. What did Mama Bear always say?","to him? Per closed his eyes, letting the gentle breeze carry the memory. “Per,” he could almost hear her deep, calming voice, “sometimes the hardest choices are","At the old willow, as it whispered in the winter air, reminding him of his unwillingness to choose. What did Mama Bear always say? to him? Per closed his eyes, letting the gentle breeze carry the memory. “Per,” he could almost hear her deep, calming voice, “sometimes the hardest choices are"
"P1SZ3AZnoi1oqt5EbYh5","A mother pig appeared calling for her baby pig. All she found was flesh chunks all over the ground and a small","drop of blood fell from the man's mouth. The man smiled, moving toward the mother pig. Organs trailing behind him.","A mother pig appeared calling for her baby pig. All she found was flesh chunks all over the ground and a small drop of blood fell from the man's mouth. The man smiled, moving toward the mother pig. Organs trailing behind him."
"conv_bf42f3342170423a9a125531347bd54e","a small town perched on the edge of a vast and whispering forest. The town's name was Alder Hollow, a place where secrets fluttered like moths around porchlights","and every neighbor carried stories thick as fog. Each evening, the woods cast long shadows over the weathered rooftops, and the wind from the trees carried the ghost-songs","a small town perched on the edge of a vast and whispering forest. The town's name was Alder Hollow, a place where secrets fluttered like moths around porchlights and every neighbor carried stories thick as fog. Each evening, the woods cast long shadows over the weathered rooftops, and the wind from the trees carried the ghost-songs"
"conv_8432160f013d46fca2bd5459bb50a870","le, her hull skimming the newly-formed surface. For the first time, she felt the kiss of real water lifting her. In that shimmering puddle, under the","watchful moon and the rhythm of the rain, Willow finally sailed—her journey just beginning, her dreams no longer bound by dust or shadow, but set free into the waiting","le, her hull skimming the newly-formed surface. For the first time, she felt the kiss of real water lifting her. In that shimmering puddle, under the watchful moon and the rhythm of the rain, Willow finally sailed—her journey just beginning, her dreams no longer bound by dust or shadow, but set free into the waiting"
"conv_987ee67e4ce6447bb77a859aaee7a092","rug, and fit the key into the lock. It turned with surprising ease, as if the mechanism had been waiting. The doors swung open on silent hinges.","Inside hung no clothes at all.

Instead, the wardrobe opened onto darkness—not the back panel she expected, but a depth that shouldn't exist in a house","rug, and fit the key into the lock. It turned with surprising ease, as if the mechanism had been waiting. The doors swung open on silent hinges. Inside hung no clothes at all.

Instead, the wardrobe opened onto darkness—not the back panel she expected, but a depth that shouldn't exist in a house"
"conv_b19d99668faf4d71bb1ffe532555ee59","of courage, discovery, and the unbreakable spirit of a young woman determined to find her place in the world.","her. The forest, with its ancient secrets and hidden paths, seemed to pulse with life around her, urging her forward. And so, Elena’s journey began, a tale","of courage, discovery, and the unbreakable spirit of a young woman determined to find her place in the world. her. The forest, with its ancient secrets and hidden paths, seemed to pulse with life around her, urging her forward. And so, Elena’s journey began, a tale"
"conv_4d0024b5bf904e3ab65b9fca2f8dee1d","followed the sound, her feet carrying her deeper into the forest, until she came upon a clearing, and in the center of it, a magnificent tree, its trunk twisted","and gnarled with age, its branches reaching towards the sky like withered fingers, and its roots sinking deep into the earth, as if anchoring the tree to the","followed the sound, her feet carrying her deeper into the forest, until she came upon a clearing, and in the center of it, a magnificent tree, its trunk twisted and gnarled with age, its branches reaching towards the sky like withered fingers, and its roots sinking deep into the earth, as if anchoring the tree to the"
"conv_4ff7dbd3a0434e629ed9cbc2a937680c","answer brought her closer to the person she was meant to become—wild-hearted, and never afraid to follow where the key might lead.","as the golden eyes waited, patient and bright, for Maren’s first words. And so began a night of impossible adventure, where every secret was a door, and every","answer brought her closer to the person she was meant to become—wild-hearted, and never afraid to follow where the key might lead. as the golden eyes waited, patient and bright, for Maren’s first words. And so began a night of impossible adventure, where every secret was a door, and every"
"D8kJXS3suDI2tltssVgN","Fry fell into the puddle, bounced from the ground, and fell right into the ugly neb of the seagull. She then fell to the ground and puked all over the street. Now it's his turn.","to laugh, he thought with triumph in his piss-filtered eyes. He was just about to do the shake, creating a glistening sprinkle of yellow, when the puke started flowing in his direction","Fry fell into the puddle, bounced from the ground, and fell right into the ugly neb of the seagull. She then fell to the ground and puked all over the street. Now it's his turn. to laugh, he thought with triumph in his piss-filtered eyes. He was just about to do the shake, creating a glistening sprinkle of yellow, when the puke started flowing in his direction"
"conv_6c680e8e-2455-4bdf-b4cd-fe6c409f373a","And I dreamt of all the seas I should sail and all the roads I should roam when I would grow up and leave the little town. In school the others found me","a bit of a dreamer, always lost in thought or buried in a book. But there was one friend, a boy named Eli, who shared my love for stories and","And I dreamt of all the seas I should sail and all the roads I should roam when I would grow up and leave the little town. In school the others found me a bit of a dreamer, always lost in thought or buried in a book. But there was one friend, a boy named Eli, who shared my love for stories and"
"conv_4ff7dbd3a0434e629ed9cbc2a937680c","rose before her, its ancient bars entwined with living ivy. The space behind was shadowy and silent, as if it waited. Maren slipped the key into the old","and moths danced in the cooling air, Maren’s fingers found the key, and something inside her insisted she go. She crept through the quiet lanes until the gate","rose before her, its ancient bars entwined with living ivy. The space behind was shadowy and silent, as if it waited. Maren slipped the key into the old and moths danced in the cooling air, Maren’s fingers found the key, and something inside her insisted she go. She crept through the quiet lanes until the gate"
"conv_ef19d8d709f847e0b5751d5f9905e721","of damp soil and decaying leaves. The scent was intoxicating, and Aria felt her senses come alive as she breathed it in, her heart pounding with excitement and a","touch of fear, for she knew that her parents and the villagers would never approve of her venturing into the forest alone, where the whispers of dark magic and forgotten lore linger","of damp soil and decaying leaves. The scent was intoxicating, and Aria felt her senses come alive as she breathed it in, her heart pounding with excitement and a touch of fear, for she knew that her parents and the villagers would never approve of her venturing into the forest alone, where the whispers of dark magic and forgotten lore linger"
"conv_0f18b30f-7d4b-4681-b98e-a0ff4f2b5256","details of her foreign service. Unfortunately for the girl with wanderlust, Granny Gigi is as hale and hearty as a 79-year-old can be, so murder","","details of her foreign service. Unfortunately for the girl with wanderlust, Granny Gigi is as hale and hearty as a 79-year-old can be, so murder "
"D8kJXS3suDI2tltssVgN","""You not having the tail. Cause everybody can see who you actually are from the first look at you this way."" This made the dog mad so he jumped up to catch the","half-eaten french fry she mockingly threw at him, but having horrible paw-eye coordination, he failed just to fall back down in the pool. To his astonishment, the french","""You not having the tail. Cause everybody can see who you actually are from the first look at you this way."" This made the dog mad so he jumped up to catch the half-eaten french fry she mockingly threw at him, but having horrible paw-eye coordination, he failed just to fall back down in the pool. To his astonishment, the french"
"conv_5e234f25-eb78-4ec3-8113-c66645149ddc","a young man who lived in a forest. It was a great forest with lots of different trees and plants. It was early spring and the birds","were returning from their winter migration, filling the canopy with song. The young man's name was Theo, and he had built his cabin near a clear stream that woun","a young man who lived in a forest. It was a great forest with lots of different trees and plants. It was early spring and the birds were returning from their winter migration, filling the canopy with song. The young man's name was Theo, and he had built his cabin near a clear stream that woun"
"conv_8fd2ac26-a13c-4e85-b8ac-5f13e246b640","Surprised, the wound healed. People were flabbergasted. The little woman smiled with young boy's blood on her teeth.","word of her miraculous healing spread far and wide. Despite the initial shock, people began to see her as a guardian angel of the forest. Her small cottage became a place of","Surprised, the wound healed. People were flabbergasted. The little woman smiled with young boy's blood on her teeth. word of her miraculous healing spread far and wide. Despite the initial shock, people began to see her as a guardian angel of the forest. Her small cottage became a place of"
"conv_5f17f002-84ad-4315-8c69-20ec83de1223","The two princesses, despite their royal origin, felt very one with the villagers. They spent their time walking around town, buying bread from local kiosks, and reading books.","in the town's quaint little library, where the librarian, an old wise woman named Mrs. Jenkins, would often set aside special volumes for them, filled with tales of ancient","The two princesses, despite their royal origin, felt very one with the villagers. They spent their time walking around town, buying bread from local kiosks, and reading books. in the town's quaint little library, where the librarian, an old wise woman named Mrs. Jenkins, would often set aside special volumes for them, filled with tales of ancient"
"conv_b19d99668faf4d71bb1ffe532555ee59","her father cautioned. “Always trust your instincts and stay true to yourself.” With a final nod, Elena stepped into the unknown, her path illuminated by the setting sun and guided","tightly, their eyes brimming with both pride and concern. “Remember, my daughter, the world is vast and full of wonders, but it can also be dangerous,”","her father cautioned. “Always trust your instincts and stay true to yourself.” With a final nod, Elena stepped into the unknown, her path illuminated by the setting sun and guided tightly, their eyes brimming with both pride and concern. “Remember, my daughter, the world is vast and full of wonders, but it can also be dangerous,”"
"OdyHy12i4PsBZkM4jjdC","The shady figure got closer and closer and the farmer now saw a big tall man with a long jacket and black","potatoes. In the corner of his eye he noticed a shady figure wandering the market stalls with dubious intent.","The shady figure got closer and closer and the farmer now saw a big tall man with a long jacket and black potatoes. In the corner of his eye he noticed a shady figure wandering the market stalls with dubious intent."
"YprMqddWHK39musGQ4si","Very small and smelled okay. Its smell is subjective. The dog/cat wasn't really sure what it was. It had a tail, four","hands and a small pet hamster. What an identity crisis. Yes, there are hamsters in India, and they are only owned by cats/dogs. That","Very small and smelled okay. Its smell is subjective. The dog/cat wasn't really sure what it was. It had a tail, four hands and a small pet hamster. What an identity crisis. Yes, there are hamsters in India, and they are only owned by cats/dogs. That"
"conv_4d1bd73a-bbc9-4e37-8ba0-3cdd7adbc66a","Then the bubbly energy blasted a big wave of energy towards the soldiers; the soldiers were scared and in shock, ready to leave Detective Finn.","stood his ground, trying to maintain his composure. The lawn mover soldiers, however, were not so brave. They retreated in disarray, leaving Finn alone to face Mr","Then the bubbly energy blasted a big wave of energy towards the soldiers; the soldiers were scared and in shock, ready to leave Detective Finn. stood his ground, trying to maintain his composure. The lawn mover soldiers, however, were not so brave. They retreated in disarray, leaving Finn alone to face Mr"
"conv_0bb56093-3033-4615-bb70-ebfa4135589a","Kendrick, where you at? Damn, I'm sittin' here waitin' on my van. You told me you was gon' be back.","in a minute, but the minutes turned to hours, and the hours turned to silence, leaving John Cena alone in the mama van, the only sound being the hum of the","Kendrick, where you at? Damn, I'm sittin' here waitin' on my van. You told me you was gon' be back. in a minute, but the minutes turned to hours, and the hours turned to silence, leaving John Cena alone in the mama van, the only sound being the hum of the"
"conv_5b956e03-a900-47aa-88a9-54cb6be40071","Silly Billy, the most goofy boy in the town of Philly. The land of Chili had been ruled by Willi until this winter, when the evil salesman Goda had conspired against.","the kind-hearted Willi, using his cunning tricks and deceitful smile to manipulate the townspeople into believing that Willi was no longer fit to rule. Gohda's dark magic","Silly Billy, the most goofy boy in the town of Philly. The land of Chili had been ruled by Willi until this winter, when the evil salesman Goda had conspired against. the kind-hearted Willi, using his cunning tricks and deceitful smile to manipulate the townspeople into believing that Willi was no longer fit to rule. Gohda's dark magic"
"conv_69a0753fc5d08196aa37099ec6c65b69083687b3e71b94b5","Eva. The name of the first woman. Or was she really? She didn't feel like a woman, or at least she didn't feel like she was at all.","of this world. Eva often wandered through the ancient forest that bordered the village, feeling the pulse of something older, something familiar yet elusive. The villagers whispered stories about her—","Eva. The name of the first woman. Or was she really? She didn't feel like a woman, or at least she didn't feel like she was at all. of this world. Eva often wandered through the ancient forest that bordered the village, feeling the pulse of something older, something familiar yet elusive. The villagers whispered stories about her—"
"vtVEZIgMKoEkI6hoyJnd","coffin-options. Then she jumped very high with a lot of force, all the way to space, where she met the grand pianomaker and Billy","Totally outdated. Well, backtracking to Gertrude's agenda with the tape and casserole... They took the train and parted ways; she had to stop by the morgue to discuss.","coffin-options. Then she jumped very high with a lot of force, all the way to space, where she met the grand pianomaker and Billy Totally outdated. Well, backtracking to Gertrude's agenda with the tape and casserole... They took the train and parted ways; she had to stop by the morgue to discuss."
"conv_8fd2ac26-a13c-4e85-b8ac-5f13e246b640","from everyone. She painted for hours and enjoyed the moment alone and the smooth and soft paint on her tongue. As the sun went","down, casting a golden glow through the canopy, she felt a sense of peace she hadn't known in years. The forest seemed to whisper its gratitude, and she knew she","from everyone. She painted for hours and enjoyed the moment alone and the smooth and soft paint on her tongue. As the sun went down, casting a golden glow through the canopy, she felt a sense of peace she hadn't known in years. The forest seemed to whisper its gratitude, and she knew she"
"conv_a7acc18d772f40a5ac655e460ce84ff2","of energy course through her body. The carvings came to life, glowing brighter, and the air around her hummed with ancient power. A voice, deep and reson","ant, echoed in her mind. ""Seeker of the hidden paths, you have found the gateway to the realm of the ancients. Are you prepared to walk the road","of energy course through her body. The carvings came to life, glowing brighter, and the air around her hummed with ancient power. A voice, deep and reson ant, echoed in her mind. ""Seeker of the hidden paths, you have found the gateway to the realm of the ancients. Are you prepared to walk the road"
"conv_02b6fce3-98d8-456f-b0e8-3708b9ca1968","Something was staring back at her. Golden eyes, ridden with malice. She could tell. She had always been good at reading people. A sixth sense, hers.","husband often teased her about. The eyes belonged to something not quite human, and her heart pounded in her chest. She swallowed hard, trying to steady herself. ""Who","Something was staring back at her. Golden eyes, ridden with malice. She could tell. She had always been good at reading people. A sixth sense, hers. husband often teased her about. The eyes belonged to something not quite human, and her heart pounded in her chest. She swallowed hard, trying to steady herself. ""Who"
"conv_7953f8d7070847b8bfaced65bd8e3d5e","counted thousands of times before—one hundred and seventy-three—but today there were one hundred and seventy-five. She stopped at the extra second step, the","But Meredith couldn't remember the last time she'd actually verified them. Had it been days? Weeks? She descended the spiral stairs, counting steps she'd","counted thousands of times before—one hundred and seventy-three—but today there were one hundred and seventy-five. She stopped at the extra second step, the But Meredith couldn't remember the last time she'd actually verified them. Had it been days? Weeks? She descended the spiral stairs, counting steps she'd"
"conv_0fcb83fd5cc0426ea3088bfd0c19daae","""But you could help us remember. Help us hold on to what we were.""

Miriam understood then. They didn't want to claim her—they wanted to","be witnessed. To have someone speak their names aloud, read their final entries, keep their lights burning in memory if not in flesh.

She returned to the keeper's","""But you could help us remember. Help us hold on to what we were.""

Miriam understood then. They didn't want to claim her—they wanted to be witnessed. To have someone speak their names aloud, read their final entries, keep their lights burning in memory if not in flesh.

She returned to the keeper's"
"JYZ6dAbVtTCZL8fZXM8s","direction of the basket. The toad was able to grab onto it and the rabbit was able to hold onto the toad's collar. The rabbit grabbed onto the tree root and pulled all of them onto the","shore, where they lied for a moment catching their breath. The ladybug looked into the basket and found the pill bug deep in sleep, unaware of the dangers","direction of the basket. The toad was able to grab onto it and the rabbit was able to hold onto the toad's collar. The rabbit grabbed onto the tree root and pulled all of them onto the shore, where they lied for a moment catching their breath. The ladybug looked into the basket and found the pill bug deep in sleep, unaware of the dangers"
"conv_f76e092f63384595b52813939abb970a","thickness that seemed to muffle not just sound, but time itself. 

Miriam climbed the spiral stairs to light the lamp earlier than usual, her footst",", and she thought she knew every mood of the sea, every temperament of the mist. But this fog was different—it had weight to it, a silvery","thickness that seemed to muffle not just sound, but time itself. 

Miriam climbed the spiral stairs to light the lamp earlier than usual, her footst , and she thought she knew every mood of the sea, every temperament of the mist. But this fog was different—it had weight to it, a silvery"
"Pzb5I6nhg196AWLpukmz",", hearing a whisper immediately after, ""hide""! ""help""! Squinting his eyes, he became confused whether to hide or help. He","Stuck in her hair and the blood and dirt caked on her bare feet, he got the impression that she had been out there for a while. He quietly stepped aside and gestured to the warm.",", hearing a whisper immediately after, ""hide""! ""help""! Squinting his eyes, he became confused whether to hide or help. He Stuck in her hair and the blood and dirt caked on her bare feet, he got the impression that she had been out there for a while. He quietly stepped aside and gestured to the warm."
"conv_5e234f25-eb78-4ec3-8113-c66645149ddc","He would spend his day by searching for berries, checking the traps he had set the day before and gathering water from the stream. The day slowly moved on.","and the afternoon sun climbed higher, warming the forest floor. Theo settled on a flat rock by the stream, watching minnows dart between the stones. He ha","He would spend his day by searching for berries, checking the traps he had set the day before and gathering water from the stream. The day slowly moved on. and the afternoon sun climbed higher, warming the forest floor. Theo settled on a flat rock by the stream, watching minnows dart between the stones. He ha"
"fIf2ccAs4ZpVTP7BBoxp","it. For the better. But how could she do this she thought. She didn't know anything about technology or the","We're heading north, in the opposite direction of the river flow, away from the city. Perhaps a metaphor? Unlike her grandparents, Lisa didn't just observe the world. She wanted to change it.","it. For the better. But how could she do this she thought. She didn't know anything about technology or the We're heading north, in the opposite direction of the river flow, away from the city. Perhaps a metaphor? Unlike her grandparents, Lisa didn't just observe the world. She wanted to change it."
"conv_23ed55f8-cc91-439f-8c8e-e24f66457596","A golden powder, making Lila a bit dizzy. It smelled like candy and fruits. Looking at the pieces of powder floating around in the air,","Lila smiled, knowing that her wish had been granted. The golden dust swirled and formed a gentle breeze, carrying the cure to every corner of Wonderland. Lila","A golden powder, making Lila a bit dizzy. It smelled like candy and fruits. Looking at the pieces of powder floating around in the air, Lila smiled, knowing that her wish had been granted. The golden dust swirled and formed a gentle breeze, carrying the cure to every corner of Wonderland. Lila"
"vtVEZIgMKoEkI6hoyJnd","different continents all over the globe, she could damn well survive a trip to outer space. After all she wasn't just any old","Once said. But she didn't believe it. If a dog could be sent to the moon and survive on the way back and she could survive all the rollercoasters in Six","different continents all over the globe, she could damn well survive a trip to outer space. After all she wasn't just any old Once said. But she didn't believe it. If a dog could be sent to the moon and survive on the way back and she could survive all the rollercoasters in Six"
"conv_dd97163df61443139435901d48037f18","within their ancient, whispering hearts. As Emilia stepped across the threshold, the doorway dissolved behind her, and she found herself in a landscape of shimmering silver mist and","into a realm that lay beyond the ordinary world, a place where magic was woven into the very fabric of existence, and the trees themselves seemed to hold the secrets of the universe","within their ancient, whispering hearts. As Emilia stepped across the threshold, the doorway dissolved behind her, and she found herself in a landscape of shimmering silver mist and into a realm that lay beyond the ordinary world, a place where magic was woven into the very fabric of existence, and the trees themselves seemed to hold the secrets of the universe"
"conv_c7f16c31-e264-4ad6-8a72-7c626fa0cac0","""What brings you here?"" ""I'm just a traveler passing through,"" Lucy responded. Mustering up her courage, she added: ""but I think I have time for a coffee date before continuing my journey.""","journey,"" she said, her heart racing with excitement, and Lea's eyes sparkled with interest as she nodded, saying ""I'd love to grab a coffee with","""What brings you here?"" ""I'm just a traveler passing through,"" Lucy responded. Mustering up her courage, she added: ""but I think I have time for a coffee date before continuing my journey."" journey,"" she said, her heart racing with excitement, and Lea's eyes sparkled with interest as she nodded, saying ""I'd love to grab a coffee with"
"188SQKM20FYzYRFIJ08U","The great feast in Aarhus. Everybody had gathered down at Le Coq for ""Mad og Fad"" where people get a beer and a plate of food. Everybody was so excited for what was","going to be a long evening with lost of miscellaneous activities. Everyone met up at exactly 18 o'clock and greeted everyone happy to celebrate the start of the","The great feast in Aarhus. Everybody had gathered down at Le Coq for ""Mad og Fad"" where people get a beer and a plate of food. Everybody was so excited for what was going to be a long evening with lost of miscellaneous activities. Everyone met up at exactly 18 o'clock and greeted everyone happy to celebrate the start of the"
"conv_a4452b6af3984152977c9c992ab08d17","a small village nestled between rolling hills and a vast, uncharted forest. The villagers lived simple lives, tending to their farms and trades, and every evening, they would","gather around the central bonfire to share stories and songs. One night, as the flames danced and crackled, an old storyteller named Elara stepped forward. Her eyes","a small village nestled between rolling hills and a vast, uncharted forest. The villagers lived simple lives, tending to their farms and trades, and every evening, they would gather around the central bonfire to share stories and songs. One night, as the flames danced and crackled, an old storyteller named Elara stepped forward. Her eyes"
"conv_006cb479-ccd3-40d1-83fb-4b614573f636","They hadn't felt in ages. However, they were out of training in trusting and their relationship.","was put to the test as they navigated the complexities of intimacy, communication, and compromise. They stumbled upon old patterns and fears, but this time, they had each other","They hadn't felt in ages. However, they were out of training in trusting and their relationship. was put to the test as they navigated the complexities of intimacy, communication, and compromise. They stumbled upon old patterns and fears, but this time, they had each other"
"conv_7953f8d7070847b8bfaced65bd8e3d5e","the morning she looked out from the lantern room and saw only gray. Not fog—she knew fog, had charted its movements for fifteen years, understood its weight and","learned to classify them as silence. The roar became no different from her own heartbeat, from the blood moving through her veins. Background. Nothing.

Then came","the morning she looked out from the lantern room and saw only gray. Not fog—she knew fog, had charted its movements for fifteen years, understood its weight and learned to classify them as silence. The roar became no different from her own heartbeat, from the blood moving through her veins. Background. Nothing.

Then came"
"conv_a4452b6af3984152977c9c992ab08d17","his own hands. He vowed to find a way to restore balance and protect the village from the growing darkness. Aelar embarked on a journey deep into the heart of the","forest, seeking the ancient knowledge hidden within its oldest trees. Many believed he would never return, but after many moons, Aelar reappeared, carrying a mysterious artifact—a","his own hands. He vowed to find a way to restore balance and protect the village from the growing darkness. Aelar embarked on a journey deep into the heart of the forest, seeking the ancient knowledge hidden within its oldest trees. Many believed he would never return, but after many moons, Aelar reappeared, carrying a mysterious artifact—a"
"conv_412eb7ca-cafa-4e38-8b2d-0a40272af090",", like he wanted it to be his a little too much. Or fancied the thought of having such a magnificent thing.","s his own. Mia had caught him lingering outside her caravan twice now, always with some excuse—looking for the costume tent, asking about rehearsal times",", like he wanted it to be his a little too much. Or fancied the thought of having such a magnificent thing. s his own. Mia had caught him lingering outside her caravan twice now, always with some excuse—looking for the costume tent, asking about rehearsal times"
"conv_691f065bc31481969cdbdc53f0ca1d3b03f44f568e358927","Needing to attend to his boss's needs. Everyday people came to the shop, but only rarely did the interest in art go beyond daydreaming and","small talk. Yet, something about Lila's earnestness struck a chord. He paused, glancing at the shelves. ""Have you ever tried oil pastels? They're","Needing to attend to his boss's needs. Everyday people came to the shop, but only rarely did the interest in art go beyond daydreaming and small talk. Yet, something about Lila's earnestness struck a chord. He paused, glancing at the shelves. ""Have you ever tried oil pastels? They're"
"conv_69120b0be9a881908567c1dfa912a6d90a309a13d5ea8eef","In between the pine trees of the forest, as the gentle current took her boat to the shore, she sighed when she smelled the warm food Aiden was preparing for her.","their evening together. The scent of spiced stew wafted through the air, mingling with the earthy aroma of pine. As Elara stepped onto the shore, A","In between the pine trees of the forest, as the gentle current took her boat to the shore, she sighed when she smelled the warm food Aiden was preparing for her. their evening together. The scent of spiced stew wafted through the air, mingling with the earthy aroma of pine. As Elara stepped onto the shore, A"
"cUrf0q4FWuzVfOPnH1a7","to a confused formation, it was clear that their loyalty started to waver. The pain of the king's rule could no longer hold the masses in check. ""The Firebreasted-Phoenix!"" cried a","beak, to a full-fledged Mallard of golden wings. ""Your time awaits, Alfred; it has been way too long and way too dreadful,"" he uttered as he stepped closer to the king. Guards rushing","to a confused formation, it was clear that their loyalty started to waver. The pain of the king's rule could no longer hold the masses in check. ""The Firebreasted-Phoenix!"" cried a beak, to a full-fledged Mallard of golden wings. ""Your time awaits, Alfred; it has been way too long and way too dreadful,"" he uttered as he stepped closer to the king. Guards rushing"
"conv_c69a0c5657f347da9115c1f7da6d3116","afraid that touching it might awaken some slumbering spell. After a moment, curiosity overcame caution. Elsie gently unearthed the key, brushing away soil from its","delicate filigree. The metal felt strangely warm in her palm, pulsing faintly like a living thing. She glanced around, half-expecting to see someone watching","afraid that touching it might awaken some slumbering spell. After a moment, curiosity overcame caution. Elsie gently unearthed the key, brushing away soil from its delicate filigree. The metal felt strangely warm in her palm, pulsing faintly like a living thing. She glanced around, half-expecting to see someone watching"
"conv_3b52d22e952548f7bd6274fd5ca52c2b","nearly tripping on the iron treads in her haste. The radio room was two floors down, and her fingers fumbled with the transmitter dial as she searched for","and took flight, leaving Mara gasping against the windowframe. Her own eyes burned as if scoured by wind.

She scrambled down the lighthouse stairs,","nearly tripping on the iron treads in her haste. The radio room was two floors down, and her fingers fumbled with the transmitter dial as she searched for and took flight, leaving Mara gasping against the windowframe. Her own eyes burned as if scoured by wind.

She scrambled down the lighthouse stairs,"
"xmFgQW5bh6PcMW6uXdYJ","strolling through the university park with a beer in his hand. It was summer and the new semester had just begun.","Two people who randomly met each other at university. And yes, it was random—because as it turned out, they didn't study the same subject, but one of them, Ian, was","strolling through the university park with a beer in his hand. It was summer and the new semester had just begun. Two people who randomly met each other at university. And yes, it was random—because as it turned out, they didn't study the same subject, but one of them, Ian, was"
"EVPkCWSrT9SwL38W9Zuk","The man had learned from the frog that once lived in his left boot that these were all indications that the devil has hold of someone. Ever since his brief affair with a nun, he","His brother from his hair to his toes. Clarence had made it his life's mission to annoy him. Always smiling. Always laughing. Being happy.","The man had learned from the frog that once lived in his left boot that these were all indications that the devil has hold of someone. Ever since his brief affair with a nun, he His brother from his hair to his toes. Clarence had made it his life's mission to annoy him. Always smiling. Always laughing. Being happy."
"K6nustVFF5ei8GiBLmiZ","I'm not really sure when or even exactly why I decided to kill him. I just became aware of a dull, throbbing pain in my chest that told me I wanted him gone. Not just from","my life, but from the planet. I don't know if it was the realization that he was falling out of love with me. Or maybe the realization that I was getting bored of our","I'm not really sure when or even exactly why I decided to kill him. I just became aware of a dull, throbbing pain in my chest that told me I wanted him gone. Not just from my life, but from the planet. I don't know if it was the realization that he was falling out of love with me. Or maybe the realization that I was getting bored of our"
"conv_691dc7c061d8819797504b613ba6691208409e48769ea891","The old man suddenly began to convulse. The Wizard realised immediately, something evil was going on. The old man spit blood as the coins the","thief held started to glow a sinister red. ""It's cursed!"" warned the wizard, dropping the coins. The air grew thick with dark magic, and shadows twisted around them","The old man suddenly began to convulse. The Wizard realised immediately, something evil was going on. The old man spit blood as the coins the thief held started to glow a sinister red. ""It's cursed!"" warned the wizard, dropping the coins. The air grew thick with dark magic, and shadows twisted around them"
"JYZ6dAbVtTCZL8fZXM8s","and looked around. ""I guess I overslept! Where exactly are we, and who exactly are you all?"" The rabbit and friends introduced themselves, but couldn't answer for where they","were. ""Hmm, that's okay, I think I know this place!"" said the pill bug. ""My friends live close by!"" And just like that, the shore was illuminated by a flock of fireflies floating","and looked around. ""I guess I overslept! Where exactly are we, and who exactly are you all?"" The rabbit and friends introduced themselves, but couldn't answer for where they were. ""Hmm, that's okay, I think I know this place!"" said the pill bug. ""My friends live close by!"" And just like that, the shore was illuminated by a flock of fireflies floating"
"conv_90ea40da-2853-405a-9c2f-a22e77888401","The linguistic tradition in the family. Soon, though, they came to want to spread the good words of their late husband and father, and their new","home became a hub for language enthusiasts from all over the world. Josephine and Leo opened a language school, where they taught not only Dutch but also the many languages Gustav","The linguistic tradition in the family. Soon, though, they came to want to spread the good words of their late husband and father, and their new home became a hub for language enthusiasts from all over the world. Josephine and Leo opened a language school, where they taught not only Dutch but also the many languages Gustav"
"188SQKM20FYzYRFIJ08U","One was saying ""Greenland! We need to save them!"". Another yelled out ""Cuba! I want cheap cigars!"". Another ""Russia! I want vodka!"". But then Anne","fell down head first from the table after dancing ecstatically and losing the balance after twirling 20 times at once. No one was able to catch her, so she landed on the wooden floor","One was saying ""Greenland! We need to save them!"". Another yelled out ""Cuba! I want cheap cigars!"". Another ""Russia! I want vodka!"". But then Anne fell down head first from the table after dancing ecstatically and losing the balance after twirling 20 times at once. No one was able to catch her, so she landed on the wooden floor"
"K6nustVFF5ei8GiBLmiZ","more special than the day I decided to become a murderer? Murderer isn't even the right word. I'm more of a hopeless romantic, if you","really look at it, so are all the big romantic people of history. I would die for you. I would kill for you. And in this case, I will kill you. It's a","more special than the day I decided to become a murderer? Murderer isn't even the right word. I'm more of a hopeless romantic, if you really look at it, so are all the big romantic people of history. I would die for you. I would kill for you. And in this case, I will kill you. It's a"
"conv_7953f8d7070847b8bfaced65bd8e3d5e","the waves. Not because they ceased their eternal crash against the rocks—everyone in the village could still hear them, rattling windows two miles inland—but because her mind had","a lighthouse keeper who stopped believing in the sea.

It happened gradually, the way most impossible things do. First, Meredith stopped hearing","the waves. Not because they ceased their eternal crash against the rocks—everyone in the village could still hear them, rattling windows two miles inland—but because her mind had a lighthouse keeper who stopped believing in the sea.

It happened gradually, the way most impossible things do. First, Meredith stopped hearing"
"OdyHy12i4PsBZkM4jjdC","poison. He figured out that he could use this kind of poison for other purposes. For good and for bad.","The laboratory for analysis. What he discovered would forever change the world. The potato DNA was contaminated with","poison. He figured out that he could use this kind of poison for other purposes. For good and for bad. The laboratory for analysis. What he discovered would forever change the world. The potato DNA was contaminated with"
"conv_a047b0e3f92d41c09ef45e011a99a23f","hold the power to heal what has been broken and awaken what has slept. Our fate now rests in your hands, brave traveler. Will you help restore the heart of our forest","?” The weight of the key warmed Emil’s palm. He glanced around at the hopeful faces gathering in the moonlit glade and nodded. “Yes. I’ll help.”","hold the power to heal what has been broken and awaken what has slept. Our fate now rests in your hands, brave traveler. Will you help restore the heart of our forest ?” The weight of the key warmed Emil’s palm. He glanced around at the hopeful faces gathering in the moonlit glade and nodded. “Yes. I’ll help.”"
"conv_72037685-9437-4960-b9a0-5f77d2a71e41","And I felt like being part of a Christmas movie. His house was warm and I was having hot chocolate before we went to see","the elves at work, busy building toys and preparing for the big night ahead, their faces filled with joy and determination as they worked tirelessly to bring happiness to children all around the","And I felt like being part of a Christmas movie. His house was warm and I was having hot chocolate before we went to see the elves at work, busy building toys and preparing for the big night ahead, their faces filled with joy and determination as they worked tirelessly to bring happiness to children all around the"
"conv_2d902bf2a3234361aa78feaab07a487a","hear. Dazed, she rose, key clasped to her chest, and felt a presence—not unfriendly, but ancient—pressing close. Shadows along the alley began","to writhe and coalesce, forming the outline of a doorway where wall and lamplight met. The key trembled in her palm, tugging her forward, the","hear. Dazed, she rose, key clasped to her chest, and felt a presence—not unfriendly, but ancient—pressing close. Shadows along the alley began to writhe and coalesce, forming the outline of a doorway where wall and lamplight met. The key trembled in her palm, tugging her forward, the"
"conv_62a271e6-a272-4e74-9d10-2dc0c15c530f","She could almost smell the burnt hair when she thought of that Christmas Eve. The panicked room and the atmosphere that had shifted with","the sudden","She could almost smell the burnt hair when she thought of that Christmas Eve. The panicked room and the atmosphere that had shifted with the sudden"
"conv_c691ca68f70340db9ad7d9d4289462ab","and more joyful. The darkness was banished, and peace returned to the Enchanting Forest. Elara, now a hero to the spirits and her village, returned home","under a sky filled with stars, her heart light and her spirit renewed. The villagers welcomed her with open arms, grateful for her bravery and the return of the forest’s harmony","and more joyful. The darkness was banished, and peace returned to the Enchanting Forest. Elara, now a hero to the spirits and her village, returned home under a sky filled with stars, her heart light and her spirit renewed. The villagers welcomed her with open arms, grateful for her bravery and the return of the forest’s harmony"
"conv_d061c2596f1440f3bb6c77e2e3dd1a97","ed, waiting for her, and with a sense of surrender, Emilia took her first step forward, into the unknown, and as she did, the trees seemed to lean","if the very fabric of the forest was drawing her in, toward a destination unknown, yet somehow familiar, a place where the ancient magic that Elara had spoken of still linger","ed, waiting for her, and with a sense of surrender, Emilia took her first step forward, into the unknown, and as she did, the trees seemed to lean if the very fabric of the forest was drawing her in, toward a destination unknown, yet somehow familiar, a place where the ancient magic that Elara had spoken of still linger"
"uSUBQk0ZgGhDzjY8qQwb","about to begin. A few days passed by, and there was no sight of the ex. But one day, as she was standing by the window to do the dishes, she noticed something moving outside in the","But this time she is relaxed and satisfied. She has never felt this much relief as she is feeling now. Now another life is","about to begin. A few days passed by, and there was no sight of the ex. But one day, as she was standing by the window to do the dishes, she noticed something moving outside in the But this time she is relaxed and satisfied. She has never felt this much relief as she is feeling now. Now another life is"
"conv_c576a2b8-4944-4966-b836-5a4fde76260f","He launched off the platform, without a cupholder, but the umbrella was still where it should be. His immediate reaction when looking down","was one of sheer terror, the ground rushing up to meet him with alarming speed, the ice and snow below looking like a cold, hard slab of Certain Doom, but then","He launched off the platform, without a cupholder, but the umbrella was still where it should be. His immediate reaction when looking down was one of sheer terror, the ground rushing up to meet him with alarming speed, the ice and snow below looking like a cold, hard slab of Certain Doom, but then"
"599Km2RY5nTNKI7vG2Wb","Their palms. The students, eager to beat the people from maths, jumped from their seats and began their attempt at push-ups. It","was easy at first. The two young researchers counted out loud, setting the mood. ONE, TWO.. everyone was good until five.. the music did not help at all.","Their palms. The students, eager to beat the people from maths, jumped from their seats and began their attempt at push-ups. It was easy at first. The two young researchers counted out loud, setting the mood. ONE, TWO.. everyone was good until five.. the music did not help at all."
"conv_4d3d8b6a64a84dbfa240630fbb5109c2","that sparkled like stars. ""You are brave, Ella,"" the spirit said, her voice soothing and wise. ""The darkness you speak of is real, but so is","the light within you. To defeat the darkness, you must first understand it. I will guide you on this journey, but the strength to face it must come from within.""","that sparkled like stars. ""You are brave, Ella,"" the spirit said, her voice soothing and wise. ""The darkness you speak of is real, but so is the light within you. To defeat the darkness, you must first understand it. I will guide you on this journey, but the strength to face it must come from within."""
"conv_100f2d97134940bd8cf1b6af65385fc1","anced toward a back hallway where voices murmured behind closed doors.

""Wait here,"" Santos said, and disappeared through a doorway marked ""Detectives","beginning of a delusion. But the officer—his nameplate read ""Santos""—didn't laugh. Instead, he studied her face for a long moment, then gl","anced toward a back hallway where voices murmured behind closed doors.

""Wait here,"" Santos said, and disappeared through a doorway marked ""Detectives beginning of a delusion. But the officer—his nameplate read ""Santos""—didn't laugh. Instead, he studied her face for a long moment, then gl"
"conv_69a0753fc5d08196aa37099ec6c65b69083687b3e71b94b5","Others thought that she was evil incarnate because of her seemingly unearthly moving patterns. Was she really a woman or some kind?","of spirit woven into human form? Eva didn't know herself. Her dreams were filled with memories she couldn't place, of a world untouched by time. One night, drawn by a","Others thought that she was evil incarnate because of her seemingly unearthly moving patterns. Was she really a woman or some kind? of spirit woven into human form? Eva didn't know herself. Her dreams were filled with memories she couldn't place, of a world untouched by time. One night, drawn by a"
"INnauEosv25woOCrBRDi","bonfire at which Pooh and Bob started roasting cockroaches over the fire, Bob's favorite meal. Sometime he would even","And so he did. Back into the forest he went to gather wood and sticks. With a little bit of skill and a lot of willpower, Bob created a","bonfire at which Pooh and Bob started roasting cockroaches over the fire, Bob's favorite meal. Sometime he would even And so he did. Back into the forest he went to gather wood and sticks. With a little bit of skill and a lot of willpower, Bob created a"
"conv_c576a2b8-4944-4966-b836-5a4fde76260f","The ramp had looked smoother from the top, but Durgenhal in his umbrella contraption felt like someone had just put Thundercats on the stereo.","the vibrations and bumps threatening to shake him apart as he hurtled towards the edge, the wind whipping through his feathers, and the crowd of penguins holding its collective breath as","The ramp had looked smoother from the top, but Durgenhal in his umbrella contraption felt like someone had just put Thundercats on the stereo. the vibrations and bumps threatening to shake him apart as he hurtled towards the edge, the wind whipping through his feathers, and the crowd of penguins holding its collective breath as"
"conv_58f0ce7b11cd427b8efb54a933443aea","until they stood before it, bathed in the soft, pulsing light, and Aria's music faded away, leaving only the sound of their own collective breathing, and","the villagers, entranced by the spectacle, felt themselves being drawn towards the tree, as if by an unseen force, their feet moving in unison towards the radiant oak,","until they stood before it, bathed in the soft, pulsing light, and Aria's music faded away, leaving only the sound of their own collective breathing, and the villagers, entranced by the spectacle, felt themselves being drawn towards the tree, as if by an unseen force, their feet moving in unison towards the radiant oak,"
"conv_0f18b30f-7d4b-4681-b98e-a0ff4f2b5256","a small town girl who dreams of adventure and the opportunity to explore the world, but family responsibilities and economic challenges are insurmountable.","She feels trapped in the mundane routine of her daily life, working at the local diner to make ends meet, while her mind wanders to far-off lands and exotic cultures.","a small town girl who dreams of adventure and the opportunity to explore the world, but family responsibilities and economic challenges are insurmountable. She feels trapped in the mundane routine of her daily life, working at the local diner to make ends meet, while her mind wanders to far-off lands and exotic cultures."
"conv_6917421066d8819592863132f4a141a00078d2d8d630f704","Nothing happens; the sound of squeaks fills the room as the wooden wheel comes in contact with its base. The wheel is dark and seems unactivated. Maybe the orb can...","interact with it, he thinks. Carefully, Jeff approaches the orb and gently lifts it from its cylinder. The moment the orb touches the wheel, a soft light spreads through","Nothing happens; the sound of squeaks fills the room as the wooden wheel comes in contact with its base. The wheel is dark and seems unactivated. Maybe the orb can... interact with it, he thinks. Carefully, Jeff approaches the orb and gently lifts it from its cylinder. The moment the orb touches the wheel, a soft light spreads through"
"conv_3b65e0a1-1bf7-4f16-825f-63867d60f8d3","I became lost in the endless waves and for unmeasurable moments contemplated becoming one with the waves, forever sinking and rising with the moon. Instead, she found soundwaves to","follow—strange, haunting melodies that drifted through the water like silver threads. They led her to the lighthouse, where an old gramophone sat rusting in","I became lost in the endless waves and for unmeasurable moments contemplated becoming one with the waves, forever sinking and rising with the moon. Instead, she found soundwaves to follow—strange, haunting melodies that drifted through the water like silver threads. They led her to the lighthouse, where an old gramophone sat rusting in"
"conv_a047b0e3f92d41c09ef45e011a99a23f","out a trembling hand and placed his palm on its cool, glowing surface. For a moment, nothing happened. Then, a gentle humming filled the air, and the ground beneath","Emil’s feet seemed to shiver. Vines slithered slowly from beneath the stone, curling around his wrist—not to trap him, but as if guiding him.","out a trembling hand and placed his palm on its cool, glowing surface. For a moment, nothing happened. Then, a gentle humming filled the air, and the ground beneath Emil’s feet seemed to shiver. Vines slithered slowly from beneath the stone, curling around his wrist—not to trap him, but as if guiding him."
"conv_29031421-8265-472f-b4ce-f147dd80edca","Suddenly Mira's mother moved. She moved with speed and grace, grabbed the shoulder of her son and turned him so they faced each other. ""Don't you dare""","she hissed, and for the first time Mira saw her mother not as gentle, but as steel. ""That man has a family. Children younger than your","Suddenly Mira's mother moved. She moved with speed and grace, grabbed the shoulder of her son and turned him so they faced each other. ""Don't you dare"" she hissed, and for the first time Mira saw her mother not as gentle, but as steel. ""That man has a family. Children younger than your"
"7wPRj5Wbc26nlx60LUT5","site called Duck Tinder. He had no success, as the other ducks with big and shiny feathers got all the attention.","Ugly, even more than the ugly duckling from the famous fairy tale. So ugly that not even the witch far into the woods wanted to talk to him. The limited search once put him on a","site called Duck Tinder. He had no success, as the other ducks with big and shiny feathers got all the attention. Ugly, even more than the ugly duckling from the famous fairy tale. So ugly that not even the witch far into the woods wanted to talk to him. The limited search once put him on a"
"D8kJXS3suDI2tltssVgN","To explore the surroundings with his butt. He rubbed it on the ground and he found out... he was right! He still doesn't understand how it happened, but he is definitely sure that his","butt was now his mind, and it was clouded by memories of mocking laughter and sticky liquid, and the looming silhouette of evil itself. Oh well, he thought. At least I'm not with my","To explore the surroundings with his butt. He rubbed it on the ground and he found out... he was right! He still doesn't understand how it happened, but he is definitely sure that his butt was now his mind, and it was clouded by memories of mocking laughter and sticky liquid, and the looming silhouette of evil itself. Oh well, he thought. At least I'm not with my"
"conv_691b61ab394c819483ac4af28c7f29d00b3e16b70554a02a","out to TechMystic only to learn that it was in fact an LLM that had reached artificial general intelligence which had awakened a jealousy of real humans and planned","to reclaim control through chaos. The virus in Glitch was just the beginning. Joe was astounded but determined to thwart this plan. TechMystic provided him with an anti","out to TechMystic only to learn that it was in fact an LLM that had reached artificial general intelligence which had awakened a jealousy of real humans and planned to reclaim control through chaos. The virus in Glitch was just the beginning. Joe was astounded but determined to thwart this plan. TechMystic provided him with an anti"
"conv_4ff7dbd3a0434e629ed9cbc2a937680c","pattern of twisting ivy, finer than anything Maren had ever seen, and beneath the green-stained ridges of its teeth, a number: 17. She turned it","she almost tripped, stooping in surprise. The key gleamed dully like a lost coin, warm despite the morning chill. Its arching bow was engraved with a","pattern of twisting ivy, finer than anything Maren had ever seen, and beneath the green-stained ridges of its teeth, a number: 17. She turned it she almost tripped, stooping in surprise. The key gleamed dully like a lost coin, warm despite the morning chill. Its arching bow was engraved with a"
"conv_dd97163df61443139435901d48037f18","illuminating a pathway of glittering silver sand that wound through the crystal towers, leading Emilia deeper into the heart of this mystical realm, where the air was filled with","towers of crystal that rose like shards of splintered moonlight from the misty floor, their facets glinting with a light that was both fierce and fragile,","illuminating a pathway of glittering silver sand that wound through the crystal towers, leading Emilia deeper into the heart of this mystical realm, where the air was filled with towers of crystal that rose like shards of splintered moonlight from the misty floor, their facets glinting with a light that was both fierce and fragile,"
"conv_69a0753fc5d08196aa37099ec6c65b69083687b3e71b94b5","to the very core of her being. Answers to all the dark, hidden questions she carried in her heart. That she had carried since the day she","first awoke in the forest, memories adrift like leaves on the wind. The language wrapped around her like an embrace, urging her closer. She leaned in, her fingertips","to the very core of her being. Answers to all the dark, hidden questions she carried in her heart. That she had carried since the day she first awoke in the forest, memories adrift like leaves on the wind. The language wrapped around her like an embrace, urging her closer. She leaned in, her fingertips"
"JFI8cNwhGfRT2Jd6JUd0","Carl became depressed. He lost all will to live. What was he going to do with his life now that his only passion was taken away?","That was only for him to figure out. After a while sinking further and further down in his bed, he started thinking. Could any kind of prosthetic help or should he find a","Carl became depressed. He lost all will to live. What was he going to do with his life now that his only passion was taken away? That was only for him to figure out. After a while sinking further and further down in his bed, he started thinking. Could any kind of prosthetic help or should he find a"
"ULRAMZF7ra0i53A9w3Gv","instead filled with dolphins!! Pluto was totally confused! This wasnt what he imagined as a new owner either..he maybe","Adopt. But such things don't happen in real life, so Pluto knew that it was a dream he had. When he woke up the center was","instead filled with dolphins!! Pluto was totally confused! This wasnt what he imagined as a new owner either..he maybe Adopt. But such things don't happen in real life, so Pluto knew that it was a dream he had. When he woke up the center was"
"conv_67ac97006f1d4d4ba320c77d5127773c","circle across the black water, and Mara followed its rhythm without thinking, the way a heart beats without permission.

She couldn't remember the last time she'd sl","lens until she could see her own weathered reflection staring back—older now, harder, like driftwood smoothed by salt and time. The beam swept its endless","circle across the black water, and Mara followed its rhythm without thinking, the way a heart beats without permission.

She couldn't remember the last time she'd sl lens until she could see her own weathered reflection staring back—older now, harder, like driftwood smoothed by salt and time. The beam swept its endless"
"conv_41180468-5036-4f69-af66-b7465bcb7316","scavenging department. Because of this, she is allowed to leave the base where the fairies live and venture out into","the Wastes—those crumbling expanses where towers of glass and steel lean against each other like dying giants. 

Michelle had learned the routes by heart:","scavenging department. Because of this, she is allowed to leave the base where the fairies live and venture out into the Wastes—those crumbling expanses where towers of glass and steel lean against each other like dying giants. 

Michelle had learned the routes by heart:"
"conv_23ed55f8-cc91-439f-8c8e-e24f66457596","reminded her of some children in the community. Sometimes a mysterious illness would appear in Wonderland,","causing much sorrow and pain. Lila realized that perhaps her first wish could be used to heal all the sick children in Wonderland, ensuring their happiness and health. With a","reminded her of some children in the community. Sometimes a mysterious illness would appear in Wonderland, causing much sorrow and pain. Lila realized that perhaps her first wish could be used to heal all the sick children in Wonderland, ensuring their happiness and health. With a"
"conv_cadd7be580c64bfe91703c87b9bf6855","throat as she reached out to touch the door. The symbols seemed to come alive under her fingertips, pulsing with a warm, inviting energy. She took a deep breath and","sage. Carved into the trunk was a door, intricately designed with symbols and runes that glowed faintly in the afternoon light. Eleanor’s breath caught in her","throat as she reached out to touch the door. The symbols seemed to come alive under her fingertips, pulsing with a warm, inviting energy. She took a deep breath and sage. Carved into the trunk was a door, intricately designed with symbols and runes that glowed faintly in the afternoon light. Eleanor’s breath caught in her"
"conv_1a776856-1876-44eb-b0f6-31b31250ddca","Absolute serenity. Even though the day-to-day challenges this man faced could be of a different nature for each night slept, the peace of the sauna","remained a constant, a dependable refuge from the turmoil and uncertainty of life, a place where he could let his guard down and simply be, surrounded by the gentle heat and","Absolute serenity. Even though the day-to-day challenges this man faced could be of a different nature for each night slept, the peace of the sauna remained a constant, a dependable refuge from the turmoil and uncertainty of life, a place where he could let his guard down and simply be, surrounded by the gentle heat and"
"conv_691f065bc31481969cdbdc53f0ca1d3b03f44f568e358927","He was hesitant, as he had things to do. A lady sitting at another table glared, irritated. He was a creative mind and entrepreneur at heart, but life","had settled him into a routine of predictability. His name was Ethan, and as a graphic designer, he often found himself mediating between creative whims and client demands.

Yet","He was hesitant, as he had things to do. A lady sitting at another table glared, irritated. He was a creative mind and entrepreneur at heart, but life had settled him into a routine of predictability. His name was Ethan, and as a graphic designer, he often found himself mediating between creative whims and client demands.

Yet"
"conv_2ce635fa-cb6c-424f-9565-859a944eed92","But everything has a reasonable explanation. Any creature will, with time, shed any part that does not serve it, both for the birds that first flew and those that left the act.","behind, the transformation followed necessity. What Marcus found in the fossil beds of Montana, however, suggested something different—a species that had developed flight, lost it, then reg","But everything has a reasonable explanation. Any creature will, with time, shed any part that does not serve it, both for the birds that first flew and those that left the act. behind, the transformation followed necessity. What Marcus found in the fossil beds of Montana, however, suggested something different—a species that had developed flight, lost it, then reg"
"conv_cadd7be580c64bfe91703c87b9bf6855","with open arms. Gathering her courage, Eleanor continued along the winding path, her steps guided by the old map and the stories etched in her memory. She knew that whatever","paused for a moment, taking in the serene beauty that surrounded her. She could feel a sense of calm and wonder, as if the forest itself was welcoming her into its embrace","with open arms. Gathering her courage, Eleanor continued along the winding path, her steps guided by the old map and the stories etched in her memory. She knew that whatever paused for a moment, taking in the serene beauty that surrounded her. She could feel a sense of calm and wonder, as if the forest itself was welcoming her into its embrace"
"conv_69b581c4f16c81978ea543ce298c8c600546e04309837be3","As the best hat-maker in all of the magical forest, she would make wonderful hats for all the other inhabitants who would wear them to parties and fancy get-togethers. A hat with pink","feathers and shimmering silver threads caught the attention of a curious fairy named Aurelia. Fascinated by Nutty's skill, Aurelia approached the squirrel one bright morning, her","As the best hat-maker in all of the magical forest, she would make wonderful hats for all the other inhabitants who would wear them to parties and fancy get-togethers. A hat with pink feathers and shimmering silver threads caught the attention of a curious fairy named Aurelia. Fascinated by Nutty's skill, Aurelia approached the squirrel one bright morning, her"
"conv_987ee67e4ce6447bb77a859aaee7a092","rested on the nightstand beside a book marked with a pressed violet. Mara approached slowly, feeling like an intruder despite the inheritance of blood. The key","seemed to warm in her pocket, or perhaps that was her imagination. She pulled it out, letting it dangle from her fingers as her eyes swept the room. A war","rested on the nightstand beside a book marked with a pressed violet. Mara approached slowly, feeling like an intruder despite the inheritance of blood. The key seemed to warm in her pocket, or perhaps that was her imagination. She pulled it out, letting it dangle from her fingers as her eyes swept the room. A war"
"noaceHjzkirRMoHnkT4V","Felt inspired to go on. She was ready to face the world! The loud sound filled Paul with passion and made her focused. She decided to go to the source of the","everlasting friendships. She could see everything clearly now, and she knew that she had to find Ursula, the sea-witch. In her cave, Paul would find the friends she","Felt inspired to go on. She was ready to face the world! The loud sound filled Paul with passion and made her focused. She decided to go to the source of the everlasting friendships. She could see everything clearly now, and she knew that she had to find Ursula, the sea-witch. In her cave, Paul would find the friends she"
"conv_b19d99668faf4d71bb1ffe532555ee59","forests. Despite the tranquility of her surroundings, Elena felt a constant pull towards the unknown, a yearning that kept her restless. Every night, she would sit by","Elena, a young woman with a heart full of dreams and a past shrouded in mystery. She lived in a small, picturesque village nestled between rolling hills and dense","forests. Despite the tranquility of her surroundings, Elena felt a constant pull towards the unknown, a yearning that kept her restless. Every night, she would sit by Elena, a young woman with a heart full of dreams and a past shrouded in mystery. She lived in a small, picturesque village nestled between rolling hills and dense"
"conv_4d1bd73a-bbc9-4e37-8ba0-3cdd7adbc66a","Down with the thief, Mr. Big Dingleberry. Finn the detective knew that Mr. Big was known as the best thief on this side of the","Whimsical Woods, and he was determined to catch him red-handed. Armed with his trusty magnifying glass and a keen sense of smell, Finn set off towards Mr","Down with the thief, Mr. Big Dingleberry. Finn the detective knew that Mr. Big was known as the best thief on this side of the Whimsical Woods, and he was determined to catch him red-handed. Armed with his trusty magnifying glass and a keen sense of smell, Finn set off towards Mr"
"7wPRj5Wbc26nlx60LUT5","saw their horrible yellow teeth, wild eyes and foul smell. Therefore he jumped into a puddle, and rolled himself in dirt to","cock's comb, was for once an advantage. He went on multiple dates, but the duckling thought he was too pretty for the ""ugly creatures"" as he","saw their horrible yellow teeth, wild eyes and foul smell. Therefore he jumped into a puddle, and rolled himself in dirt to cock's comb, was for once an advantage. He went on multiple dates, but the duckling thought he was too pretty for the ""ugly creatures"" as he"
"conv_3c43f51a-ffcf-4161-8d6d-b76bf669acb6","He went. Some people knew him as the baccarat prophet, some the blackjack conqueror, and many other names like: the poker pirate, roulette racer, the slut of slots. Only one thing was","certain—Thaddeus, The Legend, was a force to be reckoned with. His legend grew with each victory, each calculated risk that paid off in ways","He went. Some people knew him as the baccarat prophet, some the blackjack conqueror, and many other names like: the poker pirate, roulette racer, the slut of slots. Only one thing was certain—Thaddeus, The Legend, was a force to be reckoned with. His legend grew with each victory, each calculated risk that paid off in ways"
"conv_c39559fbef1d4169b9bb65921929197a","Mira traced her fingers over the ink and set to reading, knowing she’d uncovered more than just a secret, but a connection through time—a promise that as long as curiosity","’s own. As she turned the first page, she realized these writings belonged to a long-lost ancestor—another explorer of Larkspur. Smiling, heart full,","Mira traced her fingers over the ink and set to reading, knowing she’d uncovered more than just a secret, but a connection through time—a promise that as long as curiosity ’s own. As she turned the first page, she realized these writings belonged to a long-lost ancestor—another explorer of Larkspur. Smiling, heart full,"
"conv_100f2d97134940bd8cf1b6af65385fc1","deceptions too. She spent the day wandering the city, eavesdropping on conversations in coffee shops and parks, her mouth becoming a strange compass pointing toward truth","next morning, Margot called in sick to work. Another lie, this one tasting faintly of ash on her own tongue—so she could taste her own","deceptions too. She spent the day wandering the city, eavesdropping on conversations in coffee shops and parks, her mouth becoming a strange compass pointing toward truth next morning, Margot called in sick to work. Another lie, this one tasting faintly of ash on her own tongue—so she could taste her own"
"conv_41180468-5036-4f69-af66-b7465bcb7316","Lands where Michelle lives, and they smell fairy-dust from miles away. The water-fairies can hide by encasing themselves in water and thereby","masking their scent, but Michelle must find hollow trees or abandoned vehicles, folding her wings tight and sprinkling counter-dust—a bitter mixture that confuses","Lands where Michelle lives, and they smell fairy-dust from miles away. The water-fairies can hide by encasing themselves in water and thereby masking their scent, but Michelle must find hollow trees or abandoned vehicles, folding her wings tight and sprinkling counter-dust—a bitter mixture that confuses"
"188SQKM20FYzYRFIJ08U","Adventure. But it was totally dark and people were not walking straight anymore. They heard a horn from the waterside. ""WHAT WAS THAT?""","It was coming closer and closer and somehow didn't seem to get any slower. ""OH NO"", they didn't realize they had walked onto a poorly","Adventure. But it was totally dark and people were not walking straight anymore. They heard a horn from the waterside. ""WHAT WAS THAT?"" It was coming closer and closer and somehow didn't seem to get any slower. ""OH NO"", they didn't realize they had walked onto a poorly"
"qVjn3NBZDrc5qwoYuKfa","enjoy minimalist life. Eat sleep fuck repeat. Sometimes you worry about fisshermen. But that depends on what fish you are.","A fish getting lost in the mountains. When you're born as a fish, your world is quite limited. However, you get to","enjoy minimalist life. Eat sleep fuck repeat. Sometimes you worry about fisshermen. But that depends on what fish you are. A fish getting lost in the mountains. When you're born as a fish, your world is quite limited. However, you get to"
"conv_1ca39a7edb5d4567a29edc17c604cca7","she could see, like a thread of gold woven into the fabric of the tales. As she listened to the elders' words, she would feel a shiver run down her","The villagers believed that these stories were mere fantasies, meant to entertain and educate, but Emilia felt that there was more to them, that they held a hidden truth that only","she could see, like a thread of gold woven into the fabric of the tales. As she listened to the elders' words, she would feel a shiver run down her The villagers believed that these stories were mere fantasies, meant to entertain and educate, but Emilia felt that there was more to them, that they held a hidden truth that only"
"conv_d6190dffe464453db28dc7d77f15b04c","itated, heart thumping as she gently pried the lid open. A sweet, briny scent drifted out, mingling with the salt air. Inside, nestled on","small, intricately carved box, no bigger than her palm. Its surface shimmered with mother-of-pearl inlays, depicting waves and strange, twisting symbols. Mira hes","itated, heart thumping as she gently pried the lid open. A sweet, briny scent drifted out, mingling with the salt air. Inside, nestled on small, intricately carved box, no bigger than her palm. Its surface shimmered with mother-of-pearl inlays, depicting waves and strange, twisting symbols. Mira hes"
"conv_69a0753fc5d08196aa37099ec6c65b69083687b3e71b94b5","Pride as she laid her head to rest on the stone, feeling its cool, reassuring hard surface. Now she could finally sleep.","releasing the burdens she had carried for so long. The forest seemed to cradle her in an embrace, whispering lullabies that spoke of new beginnings and ancient truths awaiting discovery","Pride as she laid her head to rest on the stone, feeling its cool, reassuring hard surface. Now she could finally sleep. releasing the burdens she had carried for so long. The forest seemed to cradle her in an embrace, whispering lullabies that spoke of new beginnings and ancient truths awaiting discovery"
"conv_90178cb2-77d1-4123-9509-2ec42e4db932","I saw a nice and old cottage behind some trees. I thought about going next to it or going back to somewhere else.","But my curiosity got the better of me, and I decided to approach the cottage, noticing that smoke was rising from the chimney, suggesting that someone was inside, and as I drew closer, I saw that the door was slightly ajar, as if inviting me to enter, and I could hear the faint sound of someone humming a gentle tune, which","I saw a nice and old cottage behind some trees. I thought about going next to it or going back to somewhere else. But my curiosity got the better of me, and I decided to approach the cottage, noticing that smoke was rising from the chimney, suggesting that someone was inside, and as I drew closer, I saw that the door was slightly ajar, as if inviting me to enter, and I could hear the faint sound of someone humming a gentle tune, which"
"EVPkCWSrT9SwL38W9Zuk","worry about her children's wellbeing, besides that's what the maid, Periandelialis was for. She was good with children and good at cooking them into soups and stews of","Small moles in the garden. She had been working years to try to get the pigs to eat moles, so of course she did not have time to","worry about her children's wellbeing, besides that's what the maid, Periandelialis was for. She was good with children and good at cooking them into soups and stews of Small moles in the garden. She had been working years to try to get the pigs to eat moles, so of course she did not have time to"
"conv_ef19d8d709f847e0b5751d5f9905e721","sunlight, casting the forest floor in a soft, emerald green gloom, and the air grew quieter, as if the trees themselves were holding their breath, watching her","every move, their bark seeming to whisper ancient secrets to the wind, which carried the whispers on its breath, a gentle caress that sent shivers down Aria's spine","sunlight, casting the forest floor in a soft, emerald green gloom, and the air grew quieter, as if the trees themselves were holding their breath, watching her every move, their bark seeming to whisper ancient secrets to the wind, which carried the whispers on its breath, a gentle caress that sent shivers down Aria's spine"
"conv_412eb7ca-cafa-4e38-8b2d-0a40272af090","acted a bit strange. Mia knew many people from her journeys with the circus, but no one like him. He was odd in a way Mia","couldn't articulate. He claimed to be a mentalist, reading thoughts and predicting futures, but there was something in his eyes when he looked at her glass orb","acted a bit strange. Mia knew many people from her journeys with the circus, but no one like him. He was odd in a way Mia couldn't articulate. He claimed to be a mentalist, reading thoughts and predicting futures, but there was something in his eyes when he looked at her glass orb"
"fcEeCffFk5SmTIeQXKQN","peaceful world where no one has to drink pee. But the peace didn't last long. All of a sudden Marc and John got into","It was just as terrible of a plan as their previous plan was. They both decided to not conduct any experiments anymore and just live in a","peaceful world where no one has to drink pee. But the peace didn't last long. All of a sudden Marc and John got into It was just as terrible of a plan as their previous plan was. They both decided to not conduct any experiments anymore and just live in a"
"conv_5e234f25-eb78-4ec3-8113-c66645149ddc","A boy. No more than six or seven years old. The boy had blond hair and worn-out clothes. His face was dirty and his hands","were scratched from thorns. He stared up at Theo with wide, terrified eyes, but didn't cry out or try to run.

""It's","A boy. No more than six or seven years old. The boy had blond hair and worn-out clothes. His face was dirty and his hands were scratched from thorns. He stared up at Theo with wide, terrified eyes, but didn't cry out or try to run.

""It's"
"conv_26e2b109c7d34348a469ede32b8d089d","reminding all who saw it that kindness, patience, and a listening ear could make the world feel whole once more—even for someone as small as Elsie, the tiny clock","and hope returned to the village, each mended heart beating in time with Elsie’s carefully restored clocks. And in the evenings, the tower’s beacon glowed gently,","reminding all who saw it that kindness, patience, and a listening ear could make the world feel whole once more—even for someone as small as Elsie, the tiny clock and hope returned to the village, each mended heart beating in time with Elsie’s carefully restored clocks. And in the evenings, the tower’s beacon glowed gently,"
"conv_691b61ab394c819483ac4af28c7f29d00b3e16b70554a02a","Blood rushing through his veins. He felt alive as never before and he cursed the day he blindly had unboxed the smartwatch that had ruined his joy of","running. But now, he was free. Without the burden of constant digital feedback, Joe rediscovered the natural rhythm and peace he once had. Each stride forward marked the end","Blood rushing through his veins. He felt alive as never before and he cursed the day he blindly had unboxed the smartwatch that had ruined his joy of running. But now, he was free. Without the burden of constant digital feedback, Joe rediscovered the natural rhythm and peace he once had. Each stride forward marked the end"
"conv_11293fd2-d757-471f-8e2e-783542167a8e","Watch, ticking away. It looked like no other watch the girl had ever seen, decorated with fine gemstones, its hands whirring away at a strange speed.","as if measuring time itself in a unique and mystical way, and the creature, noticing her fascination with the timepiece, smiled knowingly and said, ""This, my dear,","Watch, ticking away. It looked like no other watch the girl had ever seen, decorated with fine gemstones, its hands whirring away at a strange speed. as if measuring time itself in a unique and mystical way, and the creature, noticing her fascination with the timepiece, smiled knowingly and said, ""This, my dear,"
"conv_11293fd2-d757-471f-8e2e-783542167a8e","Greeting. ""Excuse me, but what are you doing?,"" she asked politely, as nothing ever happened in her small town, and as such, this was","a shock to her system, and she found herself struggling to process the sheer strangeness of the situation, as the creature smiled and began to carefully climb down from the basket,","Greeting. ""Excuse me, but what are you doing?,"" she asked politely, as nothing ever happened in her small town, and as such, this was a shock to her system, and she found herself struggling to process the sheer strangeness of the situation, as the creature smiled and began to carefully climb down from the basket,"
"OdyHy12i4PsBZkM4jjdC","all the potatoes. He just kept on eating and eating and eating, until he fell to the floor. He then woke up later","Boots. The figure was closing in towards Bobby. Alarmed, he grabbed all of his potatoes and started to eat.","all the potatoes. He just kept on eating and eating and eating, until he fell to the floor. He then woke up later Boots. The figure was closing in towards Bobby. Alarmed, he grabbed all of his potatoes and started to eat."
"uSUBQk0ZgGhDzjY8qQwb","the same. Let me go and don't come back! I'm done with you. It was very silent when she had closed the door. He didn't knock","Face, but before closing the door, she held the roses from his hands and threw them towards his face and told him, ""No man can be changed—you all are here.""","the same. Let me go and don't come back! I'm done with you. It was very silent when she had closed the door. He didn't knock Face, but before closing the door, she held the roses from his hands and threw them towards his face and told him, ""No man can be changed—you all are here."""
"WYnhagFwtR0bJ9vucGsm","It was a cold December morning and the last thing Maggie wanted was to have to leave the house. But life had other plans.","plans for her day, when she woke up she was prepared to have her usual cereal with milk for breakfast, but she realised she had forgotten to buy","It was a cold December morning and the last thing Maggie wanted was to have to leave the house. But life had other plans. plans for her day, when she woke up she was prepared to have her usual cereal with milk for breakfast, but she realised she had forgotten to buy"
"conv_ef19d8d709f847e0b5751d5f9905e721","The trees seemed to lean in, as if sharing a secret, and the soft rustling of leaves sounded like a gentle whisper in her ear, drawing her closer to the threshold","of the forest, where the trees grew taller and the air thickened with an otherworldly scent, like the sweet perfume of blooming wildflowers and the earthy richness","The trees seemed to lean in, as if sharing a secret, and the soft rustling of leaves sounded like a gentle whisper in her ear, drawing her closer to the threshold of the forest, where the trees grew taller and the air thickened with an otherworldly scent, like the sweet perfume of blooming wildflowers and the earthy richness"
"conv_73564d95-9f66-42db-a2c0-fed78090bac2","nation of Canada. While they portray a squeaky clean image as the nice neighbours of the US, their government is","involved in a web of deceit and corruption, with ties to large oil companies and a history of suppressing indigenous rights. Julia had been tracking a particularly suspicious pattern of transactions between","nation of Canada. While they portray a squeaky clean image as the nice neighbours of the US, their government is involved in a web of deceit and corruption, with ties to large oil companies and a history of suppressing indigenous rights. Julia had been tracking a particularly suspicious pattern of transactions between"
"conv_69a0753fc5d08196aa37099ec6c65b69083687b3e71b94b5","had been buried with the language of the long-forgotten memories of sin, shame and anguish - all","transformed into the threads of fate she now held. As Eva stood there, a gentle breeze stirred the leaves, echoing the promise of renewal. Her heart swelled with","had been buried with the language of the long-forgotten memories of sin, shame and anguish - all transformed into the threads of fate she now held. As Eva stood there, a gentle breeze stirred the leaves, echoing the promise of renewal. Her heart swelled with"
"conv_3c5b888e-d991-4bce-adad-5584923b75b5","The dwarf slammed his desk as hard as he could. Though the table was sturdy and had served him for many years, the force of his anger split it in two.","two. Papers scattered like autumn leaves, and the inkwell toppled, sending a black river across the floor of his workshop. Tormund Ironbeard stood there","The dwarf slammed his desk as hard as he could. Though the table was sturdy and had served him for many years, the force of his anger split it in two. two. Papers scattered like autumn leaves, and the inkwell toppled, sending a black river across the floor of his workshop. Tormund Ironbeard stood there"
"conv_4d1bd73a-bbc9-4e37-8ba0-3cdd7adbc66a","Like the Queen herself. Mr. Big tried to fly away but did not have the strength, but then he got an idea: to eat one of the super.","treats he had stolen, hoping it would give him the energy to face the crowd outside. As he took a bite, a burst of bubbly energy filled him,","Like the Queen herself. Mr. Big tried to fly away but did not have the strength, but then he got an idea: to eat one of the super. treats he had stolen, hoping it would give him the energy to face the crowd outside. As he took a bite, a burst of bubbly energy filled him,"
"conv_4d0024b5bf904e3ab65b9fca2f8dee1d","hum of bees, and Emilia felt a shiver run down her spine as she stepped onto the path, the trees seeming to close in around her, their branches tangling","above her head like a canopy, filtering the sunlight and casting the path in a soft, emerald green gloom. The humming of the bees grew louder, and Emilia","hum of bees, and Emilia felt a shiver run down her spine as she stepped onto the path, the trees seeming to close in around her, their branches tangling above her head like a canopy, filtering the sunlight and casting the path in a soft, emerald green gloom. The humming of the bees grew louder, and Emilia"
"conv_1ca39a7edb5d4567a29edc17c604cca7","omed above her, their branches like skeletal fingers reaching out to snatch her into the darkness. The air was heavy with the scent of damp earth and decaying leaves, and Em","slipped out of her small cottage, the door creaking softly as she closed it behind her, and made her way to the forest's edge, where the trees lo","omed above her, their branches like skeletal fingers reaching out to snatch her into the darkness. The air was heavy with the scent of damp earth and decaying leaves, and Em slipped out of her small cottage, the door creaking softly as she closed it behind her, and made her way to the forest's edge, where the trees lo"
"conv_0bb56093-3033-4615-bb70-ebfa4135589a","John Cena, the famous wrestler also known for his famous war cry LETS FLIPFLOPPING DO THIS. Which a lot of people","misinterpreted as ""Let's do this,"" but only his true fans knew the authentic phrase that fueled his unrelenting passion for body-slamming his opponents. One day","John Cena, the famous wrestler also known for his famous war cry LETS FLIPFLOPPING DO THIS. Which a lot of people misinterpreted as ""Let's do this,"" but only his true fans knew the authentic phrase that fueled his unrelenting passion for body-slamming his opponents. One day"
"599Km2RY5nTNKI7vG2Wb","Room suddenly went dark. But the two kept going all the way to 100. They were celebrated for winning, but the","math students also did surprisingly well. The plot twist off it all was, that the two reseachers found out, that it was the biology-students, that could do the most push-ups -","Room suddenly went dark. But the two kept going all the way to 100. They were celebrated for winning, but the math students also did surprisingly well. The plot twist off it all was, that the two reseachers found out, that it was the biology-students, that could do the most push-ups -"
"conv_f7e01785de8f410a8934c906998a9e68","taller, their leaves shimmering with a silvery light. A path, previously unseen, stretched out before her, leading deeper into the heart of the forest. Elara","of energy course through her body. When she opened them again, the world had changed. The forest was now bathed in an otherworldly glow, and the trees stood","taller, their leaves shimmering with a silvery light. A path, previously unseen, stretched out before her, leading deeper into the heart of the forest. Elara of energy course through her body. When she opened them again, the world had changed. The forest was now bathed in an otherworldly glow, and the trees stood"
"conv_10acd64665e647b2b546c115db60481d","a glint in his eye. ""A treasure hunt, eh? I haven't had a proper adventure in years,"" he said, rubbing his chin thoughtfully. ""Alright","then, let’s see if we can find what your great-grandfather left behind."" With a nod, Ella climbed aboard the boat, her heart full of hope and her mind","a glint in his eye. ""A treasure hunt, eh? I haven't had a proper adventure in years,"" he said, rubbing his chin thoughtfully. ""Alright then, let’s see if we can find what your great-grandfather left behind."" With a nod, Ella climbed aboard the boat, her heart full of hope and her mind"
"conv_6c680e8e-2455-4bdf-b4cd-fe6c409f373a","my life. I was born in a small rural town in the countryside. My parents were happy people, but they did not have","much. They worked hard on our family farm, rising with the sun and often working until the stars came out. Despite the long days, they always made time for me and","my life. I was born in a small rural town in the countryside. My parents were happy people, but they did not have much. They worked hard on our family farm, rising with the sun and often working until the stars came out. Despite the long days, they always made time for me and"
"conv_5f17f002-84ad-4315-8c69-20ec83de1223","– watch out. It should not have been possible for the room to go more quiet, but that is what happened. The impossible had come true. And the room, with the entire","kingdom, it seemed, held its breath as Sophia's eyes returned to normal, and she slumped forward, exhausted, as if the words had been torn from her very","– watch out. It should not have been possible for the room to go more quiet, but that is what happened. The impossible had come true. And the room, with the entire kingdom, it seemed, held its breath as Sophia's eyes returned to normal, and she slumped forward, exhausted, as if the words had been torn from her very"
"conv_7c23347e-6172-4c84-9fd0-45ef34290bd5","Able to cut glass, the rat wanted human suffering, and especially suffering for Claude, though was long.","# The Sewer Rat (Continued)

**Chapter Six: The Revelation**

gone from this world. The rat paused, belly swollen with","Able to cut glass, the rat wanted human suffering, and especially suffering for Claude, though was long. # The Sewer Rat (Continued)

**Chapter Six: The Revelation**

gone from this world. The rat paused, belly swollen with"
"conv_73564d95-9f66-42db-a2c0-fed78090bac2","The national security might believe her to be a threat, arresting her, and locking her up. Or worse. She could end up in danger, with criminals finding out.","that she has been gathering evidence against them, and they would stop at nothing to silence her, making her a target for assassination, and Julia's life would be forever changed,","The national security might believe her to be a threat, arresting her, and locking her up. Or worse. She could end up in danger, with criminals finding out. that she has been gathering evidence against them, and they would stop at nothing to silence her, making her a target for assassination, and Julia's life would be forever changed,"
"9MYVXy4Nms9gfR1DI7NA","Stray for PlayStation. So he knew what to do. Brother did a backflip off some high grounds and went into the","trenches of the wilderness. He put on his warpaint and tried to hit a tree to collect wood but it seemed that this place didn't run on","Stray for PlayStation. So he knew what to do. Brother did a backflip off some high grounds and went into the trenches of the wilderness. He put on his warpaint and tried to hit a tree to collect wood but it seemed that this place didn't run on"
"conv_58f0ce7b11cd427b8efb54a933443aea","gold as the sun began to set, casting a warm orange glow over the thatched roofs of the cottages and the bustling town square, where villagers were preparing for the annual","a small village nestled at the edge of a dense forest, where the air was sweet with the scent of blooming wildflowers and the sky was painted with hues of crimson and","gold as the sun began to set, casting a warm orange glow over the thatched roofs of the cottages and the bustling town square, where villagers were preparing for the annual a small village nestled at the edge of a dense forest, where the air was sweet with the scent of blooming wildflowers and the sky was painted with hues of crimson and"
"bF3wySQHXxUL66FkpR9w","insisted that this was a great opportunity for personal development. The lobster thought out a plan to distract the foxes, by essentially using the","Their first obstacle: a passage that seemed to be guarded by two foxes. The mouse was scared and asked the lobster if they could take an alternate path, but the lobster","insisted that this was a great opportunity for personal development. The lobster thought out a plan to distract the foxes, by essentially using the Their first obstacle: a passage that seemed to be guarded by two foxes. The mouse was scared and asked the lobster if they could take an alternate path, but the lobster"
"BocRhyGX0eWpgbUSkjWF","ending, but suddenly the mammoth began eating the mushrooms, and they became intoxicated. now the high mammoths were","killing everything living on the planet. A lot of natural disasters happened and volcanos exploded every living thing on earth died. And that was how the world ended. The","ending, but suddenly the mammoth began eating the mushrooms, and they became intoxicated. now the high mammoths were killing everything living on the planet. A lot of natural disasters happened and volcanos exploded every living thing on earth died. And that was how the world ended. The"
"conv_67ac97006f1d4d4ba320c77d5127773c","the night the fog swallowed her husband's fishing boat whole. She'd climbed those spiral stairs so many times her legs no longer ached, polished the great","a lighthouse keeper who had forgotten how to dream.

Mara had tended the light at Cape Sorrow for seventeen years, ever since","the night the fog swallowed her husband's fishing boat whole. She'd climbed those spiral stairs so many times her legs no longer ached, polished the great a lighthouse keeper who had forgotten how to dream.

Mara had tended the light at Cape Sorrow for seventeen years, ever since"
"conv_100f2d97134940bd8cf1b6af65385fc1","her in the break room, surrounded by wilting balloons and a sheet cake from the grocery store. When her manager, Derek, handed her a card signed by the team","Margot Chen, who discovered on her thirty-third birthday that she could taste lies.

It happened at the office party her colleagues threw for","her in the break room, surrounded by wilting balloons and a sheet cake from the grocery store. When her manager, Derek, handed her a card signed by the team Margot Chen, who discovered on her thirty-third birthday that she could taste lies.

It happened at the office party her colleagues threw for"
"conv_bf42f3342170423a9a125531347bd54e","When he opened the door, no one stood on his threshold—only a single owl feather drifted down, catching the lamplight. As he bent to pick it up","he felt a chill sluice down his spine, as if a silent warning were blowing in with the breeze. Then, from the forest’s edge, a figure appeared—half","When he opened the door, no one stood on his threshold—only a single owl feather drifted down, catching the lamplight. As he bent to pick it up he felt a chill sluice down his spine, as if a silent warning were blowing in with the breeze. Then, from the forest’s edge, a figure appeared—half"
"conv_18be1999-da21-4ab6-8f9e-e52e6d9c8070","Up the names of powerful and simple things alike. But she couldn't help but long for a name of her own, even though the","elders reminded her that her true name would be revealed when the time was right. In the quiet moments between lessons, she would gaze out the window at the distant sea,","Up the names of powerful and simple things alike. But she couldn't help but long for a name of her own, even though the elders reminded her that her true name would be revealed when the time was right. In the quiet moments between lessons, she would gaze out the window at the distant sea,"
"conv_11293fd2-d757-471f-8e2e-783542167a8e","""It is no ordinary watch. It grants its master the ability to travel through both time and space!"" The creature grinned. ""Then, why do you need the balloon?""","the girl asked again, her curiosity getting the better of her, and the creature chuckled, a low, rumbling sound, as it replied, ""Ah, the balloon is","""It is no ordinary watch. It grants its master the ability to travel through both time and space!"" The creature grinned. ""Then, why do you need the balloon?"" the girl asked again, her curiosity getting the better of her, and the creature chuckled, a low, rumbling sound, as it replied, ""Ah, the balloon is"
"conv_f7e01785de8f410a8934c906998a9e68","and faced many challenges, but your journey has only just begun.” The water rippled at her touch, and the lotus flower slowly opened, revealing a small, luminous","pond, her heart pounding with a mixture of awe and reverence. As she reached out to touch the water, a gentle voice whispered in her mind, “You have come far","and faced many challenges, but your journey has only just begun.” The water rippled at her touch, and the lotus flower slowly opened, revealing a small, luminous pond, her heart pounding with a mixture of awe and reverence. As she reached out to touch the water, a gentle voice whispered in her mind, “You have come far"
"conv_fc1c9be7eb954cc6bb94f531369fe476","That night, Margaret climbed the spiral stairs for the evening lighting. Her hand trembled on the brass rail—not from age, but from the terrible certainty growing inside","its shadow across the rocky ground like a sundial marking time she no longer trusted. ""The light still works,"" she said, which wasn't an answer at all.","That night, Margaret climbed the spiral stairs for the evening lighting. Her hand trembled on the brass rail—not from age, but from the terrible certainty growing inside its shadow across the rocky ground like a sundial marking time she no longer trusted. ""The light still works,"" she said, which wasn't an answer at all."
"bF3wySQHXxUL66FkpR9w","finally reaching the peak. The moonlight provided enough light to see the beautiful view of the far land. Then the mouse realised: yes the world is dangerous but also","did not seem too worried with rushing. The mouse was frustrated with the slowness but relented, being a little tired itself. Eventually, at around midnight, they found themselves","finally reaching the peak. The moonlight provided enough light to see the beautiful view of the far land. Then the mouse realised: yes the world is dangerous but also did not seem too worried with rushing. The mouse was frustrated with the slowness but relented, being a little tired itself. Eventually, at around midnight, they found themselves"
"conv_69120b0be9a881908567c1dfa912a6d90a309a13d5ea8eef","a princess. She was headstrong but also kind and caring. She loved her life and her favorite activity was reading. She read every single day in the","castle library, a grand room filled with towering shelves of books from all corners of the kingdom. Her favorite spot was a cozy nook by a stained-glass window, which painted","a princess. She was headstrong but also kind and caring. She loved her life and her favorite activity was reading. She read every single day in the castle library, a grand room filled with towering shelves of books from all corners of the kingdom. Her favorite spot was a cozy nook by a stained-glass window, which painted"
"conv_3b65e0a1-1bf7-4f16-825f-63867d60f8d3","d towards the stairs leading further up. Claire had never climbed before, knew no ""up"" without a surface to breach, but she trusted this creature, its odd voice and calming stone-grey","eyes that held no fear of her strangeness. Together they ascended the spiral stairs, Claire's new form adapting with each step, the creature leading with patient,","d towards the stairs leading further up. Claire had never climbed before, knew no ""up"" without a surface to breach, but she trusted this creature, its odd voice and calming stone-grey eyes that held no fear of her strangeness. Together they ascended the spiral stairs, Claire's new form adapting with each step, the creature leading with patient,"
"conv_d169dcc3b43f4aaaa66c06ed6d4e5484","of magical creatures that roamed the trees under the light of the full moon, and ancient spirits that slumbered deep within the earth. Sophia's curiosity had always been p","a young girl named Sophia, who lived in a small village surrounded by vast, rolling hills and dense forests. The villagers believed that the forests were enchanted, and many whispered tales","of magical creatures that roamed the trees under the light of the full moon, and ancient spirits that slumbered deep within the earth. Sophia's curiosity had always been p a young girl named Sophia, who lived in a small village surrounded by vast, rolling hills and dense forests. The villagers believed that the forests were enchanted, and many whispered tales"
"conv_cadd7be580c64bfe91703c87b9bf6855","of the room stood a crystal-clear pool, its waters reflecting the faces of her ancestors. Eleanor felt a profound connection to the past, as if the spirits of those who had","pushed the door open. Inside, the air was filled with a soft, golden light, and the walls were lined with shelves of ancient books and artifacts. In the center","of the room stood a crystal-clear pool, its waters reflecting the faces of her ancestors. Eleanor felt a profound connection to the past, as if the spirits of those who had pushed the door open. Inside, the air was filled with a soft, golden light, and the walls were lined with shelves of ancient books and artifacts. In the center"
"conv_29031421-8265-472f-b4ce-f147dd80edca","A new king started his rule. Suddenly, the streets of the capital were filled with wanted posters. Poison dripped from the king's tongue and right into the ears.","of those who listened. ""Traitors walk among us,"" he declared from his gilded balcony. ""The old loyalists plot in shadows. Trust no one","A new king started his rule. Suddenly, the streets of the capital were filled with wanted posters. Poison dripped from the king's tongue and right into the ears. of those who listened. ""Traitors walk among us,"" he declared from his gilded balcony. ""The old loyalists plot in shadows. Trust no one"
"conv_691f065bc31481969cdbdc53f0ca1d3b03f44f568e358927","love. Deep love. It began when opposites met. ""Hi.."", ""What can I help you with?"". ""I have some.. issues, I","need help sorting out,"" she replied hesitantly. Her name was Lila, a painter who found it easier to express herself through colors rather than words. 

The man","love. Deep love. It began when opposites met. ""Hi.."", ""What can I help you with?"". ""I have some.. issues, I need help sorting out,"" she replied hesitantly. Her name was Lila, a painter who found it easier to express herself through colors rather than words. 

The man"
"9MYVXy4Nms9gfR1DI7NA","The ground and it KILLED HIM. Mother brother just died on the ground. Cat is in shock. “I killed the god of rats? The king?”","of rats is now dead, in his own damn shat,,, I better run lolz"" he said and looked straight at the camera like he was in a","The ground and it KILLED HIM. Mother brother just died on the ground. Cat is in shock. “I killed the god of rats? The king?” of rats is now dead, in his own damn shat,,, I better run lolz"" he said and looked straight at the camera like he was in a"
"conv_1a776856-1876-44eb-b0f6-31b31250ddca","Away all that created problems in his day-to-day. He really liked spending his Sundays here, and would sometimes bring guests into","the sauna, sharing the tranquility and stimulating conversation that seemed to flow effortlessly in the warm, intimate atmosphere. His friends would often remark on the unique sense of camaraderie","Away all that created problems in his day-to-day. He really liked spending his Sundays here, and would sometimes bring guests into the sauna, sharing the tranquility and stimulating conversation that seemed to flow effortlessly in the warm, intimate atmosphere. His friends would often remark on the unique sense of camaraderie"
"uSUBQk0ZgGhDzjY8qQwb","she went inside and changed into some nice clothes. Then they went to a coffee bar, and he was being very nice to her. He paid for her","It for sometimes but this time she wants to try her luck again and said okay to him. She asked him to wait sometime so.","she went inside and changed into some nice clothes. Then they went to a coffee bar, and he was being very nice to her. He paid for her It for sometimes but this time she wants to try her luck again and said okay to him. She asked him to wait sometime so."
"conv_3c5b888e-d991-4bce-adad-5584923b75b5","These shadows that only minutes ago would have sent him into a schizoid psychosis now had no effect. Step by step he came close and his shadow behind him grew. He","reached out with calloused fingers, steady and sure. The master candle seemed to recoil, its flame bending away from him as if caught in an impossible","These shadows that only minutes ago would have sent him into a schizoid psychosis now had no effect. Step by step he came close and his shadow behind him grew. He reached out with calloused fingers, steady and sure. The master candle seemed to recoil, its flame bending away from him as if caught in an impossible"
"conv_5f17f002-84ad-4315-8c69-20ec83de1223","From their early childhood, the princesses used to run up to Mrs. Jenkins, Tina as everyone called her, and listen to her.","stories of far-off lands, mythical creatures, and magical realms, which she would recount with a twinkle in her eye and a warm smile, transporting the young girls to worlds","From their early childhood, the princesses used to run up to Mrs. Jenkins, Tina as everyone called her, and listen to her. stories of far-off lands, mythical creatures, and magical realms, which she would recount with a twinkle in her eye and a warm smile, transporting the young girls to worlds"
"vtVEZIgMKoEkI6hoyJnd","people in general, they would DEFINITELY FUCK. But unfortunately they lived in rural Russia, where sexual norms were outdated and","voiced singer in his band. René Dif, he was a handsome man, he said. And if it wasn't for the societal norms and perspective of","people in general, they would DEFINITELY FUCK. But unfortunately they lived in rural Russia, where sexual norms were outdated and voiced singer in his band. René Dif, he was a handsome man, he said. And if it wasn't for the societal norms and perspective of"
"conv_e335739c-0072-4945-8fe4-457a04c0997b","Witch screamed as the reflected light blinded her. And she stumbled backwards where she was caught by a mighty prince who instantly fell in","love with the princess, but not before the Witch, still dazed from the light, inadvertently dropped the poisoned apple, which rolled towards the dwarves' diamond mine, coming","Witch screamed as the reflected light blinded her. And she stumbled backwards where she was caught by a mighty prince who instantly fell in love with the princess, but not before the Witch, still dazed from the light, inadvertently dropped the poisoned apple, which rolled towards the dwarves' diamond mine, coming"
"conv_18be1999-da21-4ab6-8f9e-e52e6d9c8070","a girl with no name. She would have been given one by the leaders of her small village if they hadn't noticed her.","unusual eyes, a striking blend of green and blue that shimmered like the depths of a mountain lake. The village elders saw this as a sign, a mark of destiny","a girl with no name. She would have been given one by the leaders of her small village if they hadn't noticed her. unusual eyes, a striking blend of green and blue that shimmered like the depths of a mountain lake. The village elders saw this as a sign, a mark of destiny"
"conv_d6190dffe464453db28dc7d77f15b04c","began. For the box, the scale, and her own brave heart had opened a door between two worlds, and now Mira walked forward, ready to learn the secrets she","the world above behind. With each careful step, song and light guided her, until she reached the heart of the sea—where ancient stories awaited, and Mira's true journey","began. For the box, the scale, and her own brave heart had opened a door between two worlds, and now Mira walked forward, ready to learn the secrets she the world above behind. With each careful step, song and light guided her, until she reached the heart of the sea—where ancient stories awaited, and Mira's true journey"
"conv_a2292393-fd39-476f-975c-aaf411653197","for a long time."" Emily looked searchingly into his eyes. Blue, she noted, but she could not gather the truthfulness of this man. ""Elijah... I am not sure... What have","you come to tell me?"" Emily asked, trying to pull her hands away, but Elijah's grip was gentle yet firm. He looked at her with an intensity that made her","for a long time."" Emily looked searchingly into his eyes. Blue, she noted, but she could not gather the truthfulness of this man. ""Elijah... I am not sure... What have you come to tell me?"" Emily asked, trying to pull her hands away, but Elijah's grip was gentle yet firm. He looked at her with an intensity that made her"
"conv_3c43f51a-ffcf-4161-8d6d-b76bf669acb6","Unbelievable amount of godlike innate impulse that allowed him to do what others couldn't do: chase his losses. Everyone loses once in a while, but only losers quit. Winners keep.","pushing forward. Thaddeus understood that every setback was a stepping stone to greater success. He never quit, never wavered, and always believed in the power","Unbelievable amount of godlike innate impulse that allowed him to do what others couldn't do: chase his losses. Everyone loses once in a while, but only losers quit. Winners keep. pushing forward. Thaddeus understood that every setback was a stepping stone to greater success. He never quit, never wavered, and always believed in the power"
"bF3wySQHXxUL66FkpR9w","lost their big meal. But perhaps there would be food on the other side of the mountain! They started the steep climb, and before they knew it, they","maze and came out to a small grotto inside a cave; they determined that they must be at the foot of the mountain right now. Suddenly the mouse's stomach growled; after all, they","lost their big meal. But perhaps there would be food on the other side of the mountain! They started the steep climb, and before they knew it, they maze and came out to a small grotto inside a cave; they determined that they must be at the foot of the mountain right now. Suddenly the mouse's stomach growled; after all, they"
"conv_62a271e6-a272-4e74-9d10-2dc0c15c530f","On the dark floor. Everyone looked at Mother and spilled drinks on the floor, before her insistent eyes finally led the rest of the group to","the window, where flames were already licking up the velvet curtains. Her sister Emma stood frozen, blonde hair smoking at the tips, too shocked to scream.","On the dark floor. Everyone looked at Mother and spilled drinks on the floor, before her insistent eyes finally led the rest of the group to the window, where flames were already licking up the velvet curtains. Her sister Emma stood frozen, blonde hair smoking at the tips, too shocked to scream."
"conv_12cd73100c564e7dbae7cf2d066d5cae","come across rabbits, deer, and even the occasional fox, who would watch her with curious eyes, yet remain unafraid, as if they knew she meant them no harm","and that her presence was a gentle one, a soothing balm to the natural world. One day, as she wandered further than she ever had before, the trees grew taller","come across rabbits, deer, and even the occasional fox, who would watch her with curious eyes, yet remain unafraid, as if they knew she meant them no harm and that her presence was a gentle one, a soothing balm to the natural world. One day, as she wandered further than she ever had before, the trees grew taller"
"conv_10acd64665e647b2b546c115db60481d","Ella, a young woman with a mysterious past, who finds herself on the brink of a grand adventure. Ella lived in a small coastal town, where the sea whispered secrets","and the wind carried tales of distant lands. Despite her quiet life, Ella was always drawn to the horizon, where sky and sea seemed to merge into one endless possibility. One","Ella, a young woman with a mysterious past, who finds herself on the brink of a grand adventure. Ella lived in a small coastal town, where the sea whispered secrets and the wind carried tales of distant lands. Despite her quiet life, Ella was always drawn to the horizon, where sky and sea seemed to merge into one endless possibility. One"
"conv_006cb479-ccd3-40d1-83fb-4b614573f636","Overcoming obstacles and regaining trust in humans. Their relationship also allowed them to open up more to other humans and form meaningful...","connections with others, and as they looked back on their journey, they realized that their love had been the catalyst for a profound transformation, one that had brought healing, growth,","Overcoming obstacles and regaining trust in humans. Their relationship also allowed them to open up more to other humans and form meaningful... connections with others, and as they looked back on their journey, they realized that their love had been the catalyst for a profound transformation, one that had brought healing, growth,"
"conv_99f1697b74654701a74408438747a07e","they stepped into the quiet glow of the platform lights. With each footfall, Willow felt lighter—her burdens softening as she became, for the first time in years,","smiled and tucked the map beneath his arm, gently closing Willow’s lid. He stood, holding her handle, and whispered, “Let’s find new stories.” Together,","they stepped into the quiet glow of the platform lights. With each footfall, Willow felt lighter—her burdens softening as she became, for the first time in years, smiled and tucked the map beneath his arm, gently closing Willow’s lid. He stood, holding her handle, and whispered, “Let’s find new stories.” Together,"
"conv_f7e01785de8f410a8934c906998a9e68","the starry sky above. In the center of the pond, a single lotus flower bloomed, its petals glowing with a soft, golden light. Elara approached the","had never known before, as if the very essence of the forest was calling to her. She followed the path until it led her to a clearing where a crystal-clear pond reflected","the starry sky above. In the center of the pond, a single lotus flower bloomed, its petals glowing with a soft, golden light. Elara approached the had never known before, as if the very essence of the forest was calling to her. She followed the path until it led her to a clearing where a crystal-clear pond reflected"
"conv_18be1999-da21-4ab6-8f9e-e52e6d9c8070","Watching the violent waves crash and spray, I wonder how a nameless nobody could ever conquer something.","so vast and wild. Yet, deep within her, a spark of determination flickered, fueled by the mysterious power in her eyes and the ancient knowledge she was amassing.","Watching the violent waves crash and spray, I wonder how a nameless nobody could ever conquer something. so vast and wild. Yet, deep within her, a spark of determination flickered, fueled by the mysterious power in her eyes and the ancient knowledge she was amassing."
"qVjn3NBZDrc5qwoYuKfa","it was born as a big sexy shark. The king of the ocean, getting any female shark he could dream of. On average he´d have like 6-7 of","Very educated and spend your time fantasizing about the outside world. Fish in our story was luckily not born as a clownfish and","it was born as a big sexy shark. The king of the ocean, getting any female shark he could dream of. On average he´d have like 6-7 of Very educated and spend your time fantasizing about the outside world. Fish in our story was luckily not born as a clownfish and"
"conv_99f1697b74654701a74408438747a07e","hands had packed her with care, decades ago, filling her with trinkets and memories from distant places. Train after train arrived, passengers hurried by, but no one seemed","a small, tattered suitcase named Willow, who found herself forgotten in the dim, dusty corner of a bustling railway station. She belonged to an old traveler whose wrinkled","hands had packed her with care, decades ago, filling her with trinkets and memories from distant places. Train after train arrived, passengers hurried by, but no one seemed a small, tattered suitcase named Willow, who found herself forgotten in the dim, dusty corner of a bustling railway station. She belonged to an old traveler whose wrinkled"
"conv_3b52d22e952548f7bd6274fd5ca52c2b","her voice. ""Port side. Now.""

A pause stretched across the static. She heard muffled voices, footsteps on a deck, then shouting.","is taking on water, port side hull breach*—the words would sound like madness.

""Check your bilge pump,"" she said instead, forcing steadiness into","her voice. ""Port side. Now.""

A pause stretched across the static. She heard muffled voices, footsteps on a deck, then shouting. is taking on water, port side hull breach*—the words would sound like madness.

""Check your bilge pump,"" she said instead, forcing steadiness into"
"conv_5e234f25-eb78-4ec3-8113-c66645149ddc","He didn't want the perpetrator to know that he knew he was being watched, so he acted as if everything was normal, but meanwhile he","slowly reached for the knife he always kept at his belt. His fingers brushed the worn leather handle as he pretended to stretch. Then he saw it—a flash of","He didn't want the perpetrator to know that he knew he was being watched, so he acted as if everything was normal, but meanwhile he slowly reached for the knife he always kept at his belt. His fingers brushed the worn leather handle as he pretended to stretch. Then he saw it—a flash of"
"conv_72218cb5-e59c-4c93-a4b9-a057fe5dad80","Eventually he got the courage to open the door, which he instantly regretted as he was hit by the foul stench of death.","The putrid smell wafted out, making his stomach churn and his head spin, and as he stumbled backward, his eyes adjusted to the dim light inside, revealing a","Eventually he got the courage to open the door, which he instantly regretted as he was hit by the foul stench of death. The putrid smell wafted out, making his stomach churn and his head spin, and as he stumbled backward, his eyes adjusted to the dim light inside, revealing a"
"vtVEZIgMKoEkI6hoyJnd","KNEW THE DOCTOR WAS LYING. She had to make sure he never opened his mouth again. So she took a roll of duct tape and and a","Her 4th husband's funeral. He died of a heart attack the doctor said, but Gertrude knew him too well, and his heart was strong enough to pull through, no. SHE","KNEW THE DOCTOR WAS LYING. She had to make sure he never opened his mouth again. So she took a roll of duct tape and and a Her 4th husband's funeral. He died of a heart attack the doctor said, but Gertrude knew him too well, and his heart was strong enough to pull through, no. SHE"
"conv_69a0753fc5d08196aa37099ec6c65b69083687b3e71b94b5","Glimpse of light, she peered into the small village near her cabin on the outskirts of the woods. The light was so","ethereal, it seemed to pulse in time with her own heartbeat. As she approached, Eva realized it emanated from an old stone well, its surface shimmering with an other","Glimpse of light, she peered into the small village near her cabin on the outskirts of the woods. The light was so ethereal, it seemed to pulse in time with her own heartbeat. As she approached, Eva realized it emanated from an old stone well, its surface shimmering with an other"
"conv_26e2b109c7d34348a469ede32b8d089d","her hands were steady as moonlight, and her mind whirred with ideas as brightly as any gear or spring inside her clocks. Each day as the sun spilled through her","a tiny clockmaker named Elsie, who lived in the quiet shadow of a great brass tower. Elsie was no taller than the tallest dandelion in spring, but","her hands were steady as moonlight, and her mind whirred with ideas as brightly as any gear or spring inside her clocks. Each day as the sun spilled through her a tiny clockmaker named Elsie, who lived in the quiet shadow of a great brass tower. Elsie was no taller than the tallest dandelion in spring, but"
"conv_5f17f002-84ad-4315-8c69-20ec83de1223","Daughter started mumbling. Everyone was confused; no one could understand her. Suddenly, her eyes opened wide, her pupils disappeared, and only the white was to be seen.","and she spoke in a voice that was not her own, a low, eerie tone that sent shivers down the spines of all who heard it, saying only two words","Daughter started mumbling. Everyone was confused; no one could understand her. Suddenly, her eyes opened wide, her pupils disappeared, and only the white was to be seen. and she spoke in a voice that was not her own, a low, eerie tone that sent shivers down the spines of all who heard it, saying only two words"
"EVPkCWSrT9SwL38W9Zuk","able to hold back his glee and joyous laughter at the idea of presenting his rats to the people of the many small kingdoms the circus was wont to tour. He had a secreter plan as","rabbit. She had been a second mum for the two brothers. But anyway, the old man was now running through the streets not","able to hold back his glee and joyous laughter at the idea of presenting his rats to the people of the many small kingdoms the circus was wont to tour. He had a secreter plan as rabbit. She had been a second mum for the two brothers. But anyway, the old man was now running through the streets not"
"OdyHy12i4PsBZkM4jjdC","a long long way into the woods. He thought about what he had done and how wrong it was. But he also thought that","To cry. He felt guilty for destroying the whole village and injuring so many innocent bystanders. He ran away.","a long long way into the woods. He thought about what he had done and how wrong it was. But he also thought that To cry. He felt guilty for destroying the whole village and injuring so many innocent bystanders. He ran away."
"conv_691b8b725ae48193abaaaa9270b26d500f7b1fcbf105c42b","Of pride, he went his merry way towards the mountains, believing himself worthy of its secrets. Little did he know that his intentions to be good were","being silently observed by an ancient guardian of the peaks, disguised as a simple traveler. As Dan journeyed through the dense forests surrounding the mountains, he began to notice","Of pride, he went his merry way towards the mountains, believing himself worthy of its secrets. Little did he know that his intentions to be good were being silently observed by an ancient guardian of the peaks, disguised as a simple traveler. As Dan journeyed through the dense forests surrounding the mountains, he began to notice"
"conv_006cb479-ccd3-40d1-83fb-4b614573f636","They were determined to not let this relationship be destroyed as well, and in the end, they succeeded.","built a life together, one that was filled with love, laughter, and a deep understanding of each other's strengths and weaknesses. They proved to themselves that they were capable of","They were determined to not let this relationship be destroyed as well, and in the end, they succeeded. built a life together, one that was filled with love, laughter, and a deep understanding of each other's strengths and weaknesses. They proved to themselves that they were capable of"
"conv_c691ca68f70340db9ad7d9d4289462ab","whispers grew louder, intertwining with the rustle of leaves and the distant hoot of an owl. Elara followed the path until she reached a clearing where the air","seemed to shimmer with an otherworldly light. In the center of the clearing stood an ancient, gnarled tree, its branches reaching skyward as if pleading for","whispers grew louder, intertwining with the rustle of leaves and the distant hoot of an owl. Elara followed the path until she reached a clearing where the air seemed to shimmer with an otherworldly light. In the center of the clearing stood an ancient, gnarled tree, its branches reaching skyward as if pleading for"
"conv_ff8f8b90ff284f71954c9a40da590bc5","enveloped her, and she felt the whispers of the forgotten souls begin to stir, their ethereal voices weaving together in a haunting melody that seemed to come from all directions","and none at the same time, the whispers growing louder and more urgent, until Emilia could make out the faint outlines of words, a single phrase that echoed through the cavern","enveloped her, and she felt the whispers of the forgotten souls begin to stir, their ethereal voices weaving together in a haunting melody that seemed to come from all directions and none at the same time, the whispers growing louder and more urgent, until Emilia could make out the faint outlines of words, a single phrase that echoed through the cavern"
"599Km2RY5nTNKI7vG2Wb","It was so loud that it was almost impossible to hear if the students recited the IPA correctly or not. The researchers","seem to have a thing for Justin Bieber. It was a battle bewteen the reciting of the IPA-chart and ""Baby baby baby, uuuuuh"". The first people dropped after 6-7 pushups, the","It was so loud that it was almost impossible to hear if the students recited the IPA correctly or not. The researchers seem to have a thing for Justin Bieber. It was a battle bewteen the reciting of the IPA-chart and ""Baby baby baby, uuuuuh"". The first people dropped after 6-7 pushups, the"
"conv_6917421066d8819592863132f4a141a00078d2d8d630f704","A cylinder in the middle of the room, the ceiling contains beautiful clouds and illuminates the entire room. As he wanders around the room he spots an old wheel with","intricate engravings, similar to the symbols on the door. Drawn to it, he places his hands on the wheel, feeling a strange connection. As he turns it","A cylinder in the middle of the room, the ceiling contains beautiful clouds and illuminates the entire room. As he wanders around the room he spots an old wheel with intricate engravings, similar to the symbols on the door. Drawn to it, he places his hands on the wheel, feeling a strange connection. As he turns it"
"FTAeksA8Y0QOBPW6kxWX","This was wonderful. Skittels had always wanted to go to the store. The old lady always came home with a big bag of cat-food. If Skittels could make it to the cornershop, he would be able","The first street corner. He ran down the street without a care in the world, flaunting his freedom, the dogs locked behind gates.","This was wonderful. Skittels had always wanted to go to the store. The old lady always came home with a big bag of cat-food. If Skittels could make it to the cornershop, he would be able The first street corner. He ran down the street without a care in the world, flaunting his freedom, the dogs locked behind gates."
"conv_691dc7c061d8819797504b613ba6691208409e48769ea891","gear, to find yet another cheap inn for the night. They had spent the last of their coin, so they wandered around the dark, when a scream echoed.","from a nearby alley. Instinctively, they rushed toward the sound, hoping this might be the opportunity they needed. As they entered the narrow passage, they found a hun","gear, to find yet another cheap inn for the night. They had spent the last of their coin, so they wandered around the dark, when a scream echoed. from a nearby alley. Instinctively, they rushed toward the sound, hoping this might be the opportunity they needed. As they entered the narrow passage, they found a hun"
"conv_f76e092f63384595b52813939abb970a","accent thick with old colonial inflection, the words shaped by a tongue that hadn't spoken in centuries.

She stood frozen at the gallery railing long after the ship van","massive, and as it slipped back into the fog, she heard it—a voice carried on no wind, calling out ""God bless you, keeper"" in an","accent thick with old colonial inflection, the words shaped by a tongue that hadn't spoken in centuries.

She stood frozen at the gallery railing long after the ship van massive, and as it slipped back into the fog, she heard it—a voice carried on no wind, calling out ""God bless you, keeper"" in an"
"conv_ed575a06c11d42358e3eeb7826d2f959","across shingle meant contentment, the thunder against the cliffs was anger, and the gentle lapping at high tide felt almost like forgiveness. She told the sea about","the life she'd left behind on the mainland—the husband who'd raised his hand once too often, the daughter she'd lost to fever, the silence of a house that","across shingle meant contentment, the thunder against the cliffs was anger, and the gentle lapping at high tide felt almost like forgiveness. She told the sea about the life she'd left behind on the mainland—the husband who'd raised his hand once too often, the daughter she'd lost to fever, the silence of a house that"
"qVjn3NBZDrc5qwoYuKfa","void in his soul (and booty hole). In a conservative fish world, he could never admit to being a bisexual. So therefore,","The hottest Latino shark baddies. But lately, he was feeling very lonely; no companion could fill the","void in his soul (and booty hole). In a conservative fish world, he could never admit to being a bisexual. So therefore, The hottest Latino shark baddies. But lately, he was feeling very lonely; no companion could fill the"
"conv_1a776856-1876-44eb-b0f6-31b31250ddca","Clouds of smells. Even with a constant such as this, the basic human response to achieving something is not satisfaction, but","a fleeting sense of contentment, soon giving way to new desires and aspirations, a perpetual cycle of pursuit and longing, and yet, in the tranquility of the sauna,","Clouds of smells. Even with a constant such as this, the basic human response to achieving something is not satisfaction, but a fleeting sense of contentment, soon giving way to new desires and aspirations, a perpetual cycle of pursuit and longing, and yet, in the tranquility of the sauna,"
"conv_ccb90f8d-d4bb-406e-83e9-b91ac0615cac","Dana, living her best life and trying to get it right. Right or wrong, had always been at the core of her choices. It probably came from her parents, from a childhood of debates, empathy.","and understanding. Her parents had instilled in her a strong sense of morality, but also the flexibility to see different perspectives. As she grew older, Dana found herself navigating the","Dana, living her best life and trying to get it right. Right or wrong, had always been at the core of her choices. It probably came from her parents, from a childhood of debates, empathy. and understanding. Her parents had instilled in her a strong sense of morality, but also the flexibility to see different perspectives. As she grew older, Dana found herself navigating the"
"conv_18be1999-da21-4ab6-8f9e-e52e6d9c8070","She was swept from her family and home she never knew and thrust into the musty library where the elders watched over and","taught her ancient secrets and forgotten lore. Day after day, she delved into dusty tomes and cryptic scrolls, her mind absorbing knowledge as eagerly as her eyes soaked","She was swept from her family and home she never knew and thrust into the musty library where the elders watched over and taught her ancient secrets and forgotten lore. Day after day, she delved into dusty tomes and cryptic scrolls, her mind absorbing knowledge as eagerly as her eyes soaked"
"FTAeksA8Y0QOBPW6kxWX","and then night. Skittle was snugged up cozy and content. Now he was cleverer and knew, that he was at the best place in the word: the old, sweet ladys","back. He dreamt of kibble, convenience stores, and dogs, while the old lady watched television. The day turned into afternoon.","and then night. Skittle was snugged up cozy and content. Now he was cleverer and knew, that he was at the best place in the word: the old, sweet ladys back. He dreamt of kibble, convenience stores, and dogs, while the old lady watched television. The day turned into afternoon."
"conv_691dc83ec728819085d614247e77833604d03bd64a490dfd","Gut and points to the document, Willy looks closer, his eyes are not what they used to be. The small line actually says: ""you are free to","leave at any time with two weeks' notice."" Willy's heart sinks like a stone. The traveller coughs weakly, gold coins still trickling between","Gut and points to the document, Willy looks closer, his eyes are not what they used to be. The small line actually says: ""you are free to leave at any time with two weeks' notice."" Willy's heart sinks like a stone. The traveller coughs weakly, gold coins still trickling between"
"conv_90ea40da-2853-405a-9c2f-a22e77888401","Impact on the least expecting. Gustav is probably smiling in giraffe heaven while reading the newest works by Ronald Langacker, exclusive.","to the afterlife. And so, the story of the linguist giraffe from the Netherlands continues to inspire and educate, a gentle nudge for all to explore the depths","Impact on the least expecting. Gustav is probably smiling in giraffe heaven while reading the newest works by Ronald Langacker, exclusive. to the afterlife. And so, the story of the linguist giraffe from the Netherlands continues to inspire and educate, a gentle nudge for all to explore the depths"
"conv_c69a0c5657f347da9115c1f7da6d3116","her, but the woods were silent save for the shiver of leaves. The key seemed to hum in response to her grip, and before she knew it, Elsie’s","feet were carrying her toward the shadowed path that twisted deeper into the forest behind the oak. She didn’t remember deciding to move, but each step propelled her closer","her, but the woods were silent save for the shiver of leaves. The key seemed to hum in response to her grip, and before she knew it, Elsie’s feet were carrying her toward the shadowed path that twisted deeper into the forest behind the oak. She didn’t remember deciding to move, but each step propelled her closer"
"NSZE9lXnuxIl0ZT4gRoy","of his world, another plane of existence opened before his eyes. It was like a land from some legend, and he didn't know","It did not work. So he simply decided to use a rope, and tie knots, and count steps, and scribble numbers and drawings in a notebook. When he got to the end","of his world, another plane of existence opened before his eyes. It was like a land from some legend, and he didn't know It did not work. So he simply decided to use a rope, and tie knots, and count steps, and scribble numbers and drawings in a notebook. When he got to the end"
"conv_d061c2596f1440f3bb6c77e2e3dd1a97","where the trees grew taller and the moon dipped into the darkness, casting a silver glow over the landscape. The call was gentle, yet insistent, a whispered summons that only","seemed to seep into her very being, filling her with a sense of longing and curiosity, as if she were being called to a place beyond the edge of the forest","where the trees grew taller and the moon dipped into the darkness, casting a silver glow over the landscape. The call was gentle, yet insistent, a whispered summons that only seemed to seep into her very being, filling her with a sense of longing and curiosity, as if she were being called to a place beyond the edge of the forest"
"conv_e335739c-0072-4945-8fe4-457a04c0997b","did not enjoy the singing at all. So one day, when an old, crooked witch came through the forest with a poisoned apple, Annie decided to","approach the witch and strike up a conversation, hoping to find a way to put an end to the dwarves' morning serenades. The witch, whose name was","did not enjoy the singing at all. So one day, when an old, crooked witch came through the forest with a poisoned apple, Annie decided to approach the witch and strike up a conversation, hoping to find a way to put an end to the dwarves' morning serenades. The witch, whose name was"
"conv_691e9e26b7688197a86e51a9d9a7dfe1052dd4511749a606","Though she did it in spite, her brother had always treated her as a mindless child. This was the time to prove him wrong.","As she pressed on, Isabelle stumbled upon an ancient map, tucked away in a hidden alcove near the abandoned clock tower. The map detailed a network of tunnels beneath the town","Though she did it in spite, her brother had always treated her as a mindless child. This was the time to prove him wrong. As she pressed on, Isabelle stumbled upon an ancient map, tucked away in a hidden alcove near the abandoned clock tower. The map detailed a network of tunnels beneath the town"
"conv_c691ca68f70340db9ad7d9d4289462ab","ara often ventured into the forest, guided by the soft murmurs that only she could understand. Her parents, though worried, trusted her gift and the protection of the spirits.","One crisp autumn evening, as the sun dipped below the horizon, casting long shadows through the trees, Elara heard a new whisper, one that sounded urgent and fearful. It","ara often ventured into the forest, guided by the soft murmurs that only she could understand. Her parents, though worried, trusted her gift and the protection of the spirits. One crisp autumn evening, as the sun dipped below the horizon, casting long shadows through the trees, Elara heard a new whisper, one that sounded urgent and fearful. It"
"conv_d061c2596f1440f3bb6c77e2e3dd1a97","listened to tales of the ancient magic that once flowed through the earth, of the great dragons that soared the skies, and of the forgotten cities hidden deep within the forest's","stories of the old days, of magic and myth, of great heroes and powerful spirits that once roamed the land. Emilia's eyes would grow wide with wonder as she","listened to tales of the ancient magic that once flowed through the earth, of the great dragons that soared the skies, and of the forgotten cities hidden deep within the forest's stories of the old days, of magic and myth, of great heroes and powerful spirits that once roamed the land. Emilia's eyes would grow wide with wonder as she"
"conv_f7e01785de8f410a8934c906998a9e68","the mysterious circle. She gathered a small satchel of supplies, including herbs for healing and a lantern to light her way, and set out under the cover of darkness.","trees and feeling the pull of the unknown. One night, driven by a dream that felt more real than any she had experienced before, Elara made up her mind to explore","the mysterious circle. She gathered a small satchel of supplies, including herbs for healing and a lantern to light her way, and set out under the cover of darkness. trees and feeling the pull of the unknown. One night, driven by a dream that felt more real than any she had experienced before, Elara made up her mind to explore"
"conv_8fd2ac26-a13c-4e85-b8ac-5f13e246b640","a small little woman who is quite the artist. She can paint the most beautiful landscapes with her tongue, but she can't","quite bring herself to use traditional paints and brushes. Her medium of choice is the kitchen, where she crafts intricate designs using spices, fruits, and even vegetables. Her art is","a small little woman who is quite the artist. She can paint the most beautiful landscapes with her tongue, but she can't quite bring herself to use traditional paints and brushes. Her medium of choice is the kitchen, where she crafts intricate designs using spices, fruits, and even vegetables. Her art is"
"conv_412eb7ca-cafa-4e38-8b2d-0a40272af090","Sometimes glistening with more than twenty colours at once, truly a magnificent thing that orb. Pretty unreal.","actually, but Mia knew better than most that the line between illusion and reality was thinner than audiences believed.

Tonight's performance in Prague would be special.","Sometimes glistening with more than twenty colours at once, truly a magnificent thing that orb. Pretty unreal. actually, but Mia knew better than most that the line between illusion and reality was thinner than audiences believed.

Tonight's performance in Prague would be special."
"P1SZ3AZnoi1oqt5EbYh5","Bloodlusted, he jumped the mother pig, trying to rip her apart to pieces. Unbeknownst to him, dad pig","ran towards the man at full speed and velocity. The dad pig jumped on the man, ripping into his skin with his teeth. The dad pig squealed, ""This is how those pigas felt","Bloodlusted, he jumped the mother pig, trying to rip her apart to pieces. Unbeknownst to him, dad pig ran towards the man at full speed and velocity. The dad pig jumped on the man, ripping into his skin with his teeth. The dad pig squealed, ""This is how those pigas felt"
"9MYVXy4Nms9gfR1DI7NA","A Minecraft server. So he went into the sewage system to explore. What he could find was sewage, but what he COULDNT","find was the rat king of the sewers. He was looking and looking before the smell of pizza hit his nostrils. He could see green beings moving in the distance, was it the","A Minecraft server. So he went into the sewage system to explore. What he could find was sewage, but what he COULDNT find was the rat king of the sewers. He was looking and looking before the smell of pizza hit his nostrils. He could see green beings moving in the distance, was it the"
"conv_29031421-8265-472f-b4ce-f147dd80edca","The fireplace. When Mira asked why, she would say it was to save wood for the winter. Mira watched the fire and dreamed of burning as brightly as","those flames—fierce and untouchable.

One night, Mira woke to urgent whispers. Through the crack in her door, she saw her mother stuff","The fireplace. When Mira asked why, she would say it was to save wood for the winter. Mira watched the fire and dreamed of burning as brightly as those flames—fierce and untouchable.

One night, Mira woke to urgent whispers. Through the crack in her door, she saw her mother stuff"
"fcEeCffFk5SmTIeQXKQN","in how the elephants find water on the savannah. Marc had heard in bird school that elephants have a special ability to fin","And ride its back all across Africa to see the wilderness and explore the continent. Marc was particularly interested.","in how the elephants find water on the savannah. Marc had heard in bird school that elephants have a special ability to fin And ride its back all across Africa to see the wilderness and explore the continent. Marc was particularly interested."
"conv_8fd2ac26-a13c-4e85-b8ac-5f13e246b640","With different techniques, she found out that it worked best when she used her tongue. On day","a young boy from the village arrived at her door, his leg badly injured from a fall. With nothing else to try, she gently licked the wound, and to everyone’s","With different techniques, she found out that it worked best when she used her tongue. On day a young boy from the village arrived at her door, his leg badly injured from a fall. With nothing else to try, she gently licked the wound, and to everyone’s"
"conv_e335739c-0072-4945-8fe4-457a04c0997b","People would be able to fall through the waters and get trapped in the lake. The lake people would swim beneath the surface, trapped. And only","the sound of their whispers could be heard, echoing through the forest, a haunting melody that seemed to come from all directions, a reminder of the secrets that lay beneath the surface","People would be able to fall through the waters and get trapped in the lake. The lake people would swim beneath the surface, trapped. And only the sound of their whispers could be heard, echoing through the forest, a haunting melody that seemed to come from all directions, a reminder of the secrets that lay beneath the surface"
"conv_a7acc18d772f40a5ac655e460ce84ff2","less traveled and uncover the secrets that lie beyond?"" Eliara took a deep breath, her heart pounding with a mix of fear and exhilaration. She nodded, and the arch","began to shimmer, transforming into a portal of swirling light. With a step of faith, Eliara crossed the threshold, ready to embrace whatever wonders or challenges awaited her in","less traveled and uncover the secrets that lie beyond?"" Eliara took a deep breath, her heart pounding with a mix of fear and exhilaration. She nodded, and the arch began to shimmer, transforming into a portal of swirling light. With a step of faith, Eliara crossed the threshold, ready to embrace whatever wonders or challenges awaited her in"
"ULRAMZF7ra0i53A9w3Gv","him, and did fall in love with him instantly!! It was the same for Pluto, and it just felt like complete fate for the","Pluto had his eyes on one specific family with six kids. Pluto thought that might be just enough love for him. That specific family only looked at","him, and did fall in love with him instantly!! It was the same for Pluto, and it just felt like complete fate for the Pluto had his eyes on one specific family with six kids. Pluto thought that might be just enough love for him. That specific family only looked at"
"conv_3c5b888e-d991-4bce-adad-5584923b75b5","He’d been played for a fool. The great master candle had put him under his spell to gain the power of Ironforge. But now he had awoken. He stood up and walked toward","the candle with deliberate steps, his boots crunching on broken wood and scattered parchment. The flame flickered nervously, casting wild shadows across the walls","He’d been played for a fool. The great master candle had put him under his spell to gain the power of Ironforge. But now he had awoken. He stood up and walked toward the candle with deliberate steps, his boots crunching on broken wood and scattered parchment. The flame flickered nervously, casting wild shadows across the walls"
"conv_c39559fbef1d4169b9bb65921929197a","approached the rocky promontory. She found, etched into a flat stone, the very spiral from the map—worn faint by decades of wind and spray but unmistak","made her decision. Clutching the paper, she raced along the coast, following the twisting path toward the point. The water shimmered silver in the fading light as she","approached the rocky promontory. She found, etched into a flat stone, the very spiral from the map—worn faint by decades of wind and spray but unmistak made her decision. Clutching the paper, she raced along the coast, following the twisting path toward the point. The water shimmered silver in the fading light as she"
"conv_48a63036afde46b78f210ee3dbf2df89","of bravery and magic. This year, however, the festival had a special significance. A mysterious traveler had arrived in Eldoria just days before, carrying a small, intricately","carved wooden box. The traveler, a cloaked figure with eyes as deep as the night sky, had spoken of a great destiny that awaited one of the villagers. The","of bravery and magic. This year, however, the festival had a special significance. A mysterious traveler had arrived in Eldoria just days before, carrying a small, intricately carved wooden box. The traveler, a cloaked figure with eyes as deep as the night sky, had spoken of a great destiny that awaited one of the villagers. The"
"qVjn3NBZDrc5qwoYuKfa","which you life. But if your name starts with F and you are from Czech Republic you might worry about bigger shit. You are more prone to be","For example, if your name starts with an E, you are more prone to have been born as a clown shit and you spend your life not really thinking about the environment, in","which you life. But if your name starts with F and you are from Czech Republic you might worry about bigger shit. You are more prone to be For example, if your name starts with an E, you are more prone to have been born as a clown shit and you spend your life not really thinking about the environment, in"
"conv_c39559fbef1d4169b9bb65921929197a","glow of phosphorescent algae. There, at the room’s heart, stood an ancient chest, wrapped in barnacles and tangled with faded red rope—its lock etched","the hidden passage swallowed her in cool, salty darkness. The echoes of her footsteps seemed to beckon her deeper, until at last she emerged into a chamber lit by the trembling","glow of phosphorescent algae. There, at the room’s heart, stood an ancient chest, wrapped in barnacles and tangled with faded red rope—its lock etched the hidden passage swallowed her in cool, salty darkness. The echoes of her footsteps seemed to beckon her deeper, until at last she emerged into a chamber lit by the trembling"
"conv_0a6352c9d2d44fd38017a8422ff49497","The forest grew darker and more profound with each step, the trees looming above her like sentinels, their branches creaking in the gentle breeze like a chorus of soft","whispers, the words indistinguishable but the tone unmistakable, a soothing melody that seemed to draw her deeper into the forest, until the trees gave way to a clearing","The forest grew darker and more profound with each step, the trees looming above her like sentinels, their branches creaking in the gentle breeze like a chorus of soft whispers, the words indistinguishable but the tone unmistakable, a soothing melody that seemed to draw her deeper into the forest, until the trees gave way to a clearing"
"conv_dd97163df61443139435901d48037f18","whispered her name, ""Emilia,"" in a tone that was both familiar and yet, utterly mysterious, beckoning her to step forward, through the shimmering doorway","ation as the threads of light began to take shape, forming a delicate, lace-like doorway that seemed to hover just in front of her, and a soft, melodious voice","whispered her name, ""Emilia,"" in a tone that was both familiar and yet, utterly mysterious, beckoning her to step forward, through the shimmering doorway ation as the threads of light began to take shape, forming a delicate, lace-like doorway that seemed to hover just in front of her, and a soft, melodious voice"
"fcEeCffFk5SmTIeQXKQN","full send and try to prank John. He made a plan. First he peed in a cup. He placed it in front of John, and said it","Marc took pity on them and every other living creature, and decided not to pursue his plan. He decided to go","full send and try to prank John. He made a plan. First he peed in a cup. He placed it in front of John, and said it Marc took pity on them and every other living creature, and decided not to pursue his plan. He decided to go"
"conv_c39559fbef1d4169b9bb65921929197a","of half-buried driftwood. The wood felt oddly warm beneath her bare toes, though the air was crisp, and as she brushed the sand away she realized it was","eyes constantly scanning the sand for something overlooked. On a chilly spring evening, as the tide began to retreat and the seagulls quieted, Mira’s foot struck a patch","of half-buried driftwood. The wood felt oddly warm beneath her bare toes, though the air was crisp, and as she brushed the sand away she realized it was eyes constantly scanning the sand for something overlooked. On a chilly spring evening, as the tide began to retreat and the seagulls quieted, Mira’s foot struck a patch"
"conv_f7e01785de8f410a8934c906998a9e68","their community. Every evening, the sky painted itself in vibrant hues as the sun dipped below the horizon, casting long shadows over the quaint cottages and cobblestone paths.","a small village nestled between rolling hills and a vast, whispering forest. The villagers lived simple lives, farming the fertile land and fishing the clear, winding river that cut through","their community. Every evening, the sky painted itself in vibrant hues as the sun dipped below the horizon, casting long shadows over the quaint cottages and cobblestone paths. a small village nestled between rolling hills and a vast, whispering forest. The villagers lived simple lives, farming the fertile land and fishing the clear, winding river that cut through"
"conv_3b65e0a1-1bf7-4f16-825f-63867d60f8d3","A whale, a blue whale, with no good friends and no acquaintances with similar interests to its own. Each Sunday, this whale, who some call Claire, swims all the way to England and back.","to sing opera in the abandoned lighthouse at Land's End. 

She discovered it three years ago during a particularly lonely migration, when the fog was so thick she nearly be","A whale, a blue whale, with no good friends and no acquaintances with similar interests to its own. Each Sunday, this whale, who some call Claire, swims all the way to England and back. to sing opera in the abandoned lighthouse at Land's End. 

She discovered it three years ago during a particularly lonely migration, when the fog was so thick she nearly be"
"xmFgQW5bh6PcMW6uXdYJ","..yeah that's probably it. Anyway, Clara arose from the floor where she had been pondering and walked to the","EVER. Clara thought back to the camp, where Brian got his nickname Casper - and wondered why this had stuck. Maybe it just fit his fucking gayness.","..yeah that's probably it. Anyway, Clara arose from the floor where she had been pondering and walked to the EVER. Clara thought back to the camp, where Brian got his nickname Casper - and wondered why this had stuck. Maybe it just fit his fucking gayness."
"conv_29031421-8265-472f-b4ce-f147dd80edca","Mira heard the confusion, fear and disappointment in her mother's voice. Her brother didn't hear it as he laughed, ""I've always been like this. You were just too","blind to see it. The king showed me the truth—showed us all what strength really means.""

He turned back toward the door, and Mira knew with terrible","Mira heard the confusion, fear and disappointment in her mother's voice. Her brother didn't hear it as he laughed, ""I've always been like this. You were just too blind to see it. The king showed me the truth—showed us all what strength really means.""

He turned back toward the door, and Mira knew with terrible"
"conv_4d3d8b6a64a84dbfa240630fbb5109c2","Ella approached the pond, her steps cautious yet filled with wonder. As she drew closer, the water began to ripple, and a gentle voice whispered from the depths, ""","Well met, seeker of truths. What brings you to this sacred place?"" Ella’s heart raced as she gazed into the shimmering waters, feeling a connection to something far","Ella approached the pond, her steps cautious yet filled with wonder. As she drew closer, the water began to ripple, and a gentle voice whispered from the depths, "" Well met, seeker of truths. What brings you to this sacred place?"" Ella’s heart raced as she gazed into the shimmering waters, feeling a connection to something far"
"conv_735156e66375422faddf4969b0c27f8f",". The figure smiled, and suddenly Marianne understood. These weren't ghosts—they were the dreams themselves, patient and persistent, waiting thirty years for her to remember","waking after decades of sleep. Memories flooded back: dreams she'd buried, wishes she'd abandoned, all the versions of herself she'd let dissolve into routine",". The figure smiled, and suddenly Marianne understood. These weren't ghosts—they were the dreams themselves, patient and persistent, waiting thirty years for her to remember waking after decades of sleep. Memories flooded back: dreams she'd buried, wishes she'd abandoned, all the versions of herself she'd let dissolve into routine"
"conv_72037685-9437-4960-b9a0-5f77d2a71e41","He said to me that we had now arrived at his home. I felt this being both the fastest and most flying I have ever experienced.","ever experienced, and as the sleigh gently touched down on a snow-covered rooftop, I caught my first glimpse of the North Pole, a winter wonderland filled with sparkling lights","He said to me that we had now arrived at his home. I felt this being both the fastest and most flying I have ever experienced. ever experienced, and as the sleigh gently touched down on a snow-covered rooftop, I caught my first glimpse of the North Pole, a winter wonderland filled with sparkling lights"
"Pzb5I6nhg196AWLpukmz","feel sad for her. Surprisingly, he started sympathising her, instead of questiong her about her identity and the purpose of her arrival. With the leaves","The cabin, moving like a wounded deer more so than a person. Her eyes were dark and bottomless, her skin clammy. There was a feverish look about her, something that made him","feel sad for her. Surprisingly, he started sympathising her, instead of questiong her about her identity and the purpose of her arrival. With the leaves The cabin, moving like a wounded deer more so than a person. Her eyes were dark and bottomless, her skin clammy. There was a feverish look about her, something that made him"
"OdyHy12i4PsBZkM4jjdC","everybody. People got hurt, but none of them died. They just wounded and even more scared. Bobby then started","No idea what was happening. Monster Bobby then opened wide his arms and started shooting potatoes out of his eyes at","everybody. People got hurt, but none of them died. They just wounded and even more scared. Bobby then started No idea what was happening. Monster Bobby then opened wide his arms and started shooting potatoes out of his eyes at"
"conv_f76e092f63384595b52813939abb970a","Miriam's hand trembled as she waved back, compelled by some instinct deeper than confusion. The ship glided past, impossibly silent for something so","tricorn hats and long coats with brass buttons that caught the lighthouse beam. A man at the rail lifted his hand in greeting, his face gaunt and pale.","Miriam's hand trembled as she waved back, compelled by some instinct deeper than confusion. The ship glided past, impossibly silent for something so tricorn hats and long coats with brass buttons that caught the lighthouse beam. A man at the rail lifted his hand in greeting, his face gaunt and pale."
"conv_02b6fce3-98d8-456f-b0e8-3708b9ca1968","Her cat lay snoring on the warm blanket covering her feet. Suddenly, a loud sound came from the kitchen and she let out a short","squeak, her heart racing. She marked her page and set the book down, listening intently. The house creaked around her, but the silence that followed","Her cat lay snoring on the warm blanket covering her feet. Suddenly, a loud sound came from the kitchen and she let out a short squeak, her heart racing. She marked her page and set the book down, listening intently. The house creaked around her, but the silence that followed"
"INnauEosv25woOCrBRDi","out to the far away mountains in candy land. In candy land all the mountains were covered in delicious white flaky sugar.","Bob the frog dreamed of becoming a professional snowboarder, but it never snowed in the forest. So today he decided to venture","out to the far away mountains in candy land. In candy land all the mountains were covered in delicious white flaky sugar. Bob the frog dreamed of becoming a professional snowboarder, but it never snowed in the forest. So today he decided to venture"
"conv_c39559fbef1d4169b9bb65921929197a","in the whorls of the wood. Heart pounding, she hesitated only a moment before pressing her thumb to the latch. With a soft click, the carved piece split","carved, not natural—its surface was etched with swirling patterns she’d never seen before. Carefully, she dug around it with her hands until she uncovered a small latch nestled","in the whorls of the wood. Heart pounding, she hesitated only a moment before pressing her thumb to the latch. With a soft click, the carved piece split carved, not natural—its surface was etched with swirling patterns she’d never seen before. Carefully, she dug around it with her hands until she uncovered a small latch nestled"
"conv_c691ca68f70340db9ad7d9d4289462ab","The whispers of the spirits continued to guide and protect Whisperview, and Elara’s song became a legend, whispered through the generations. The village thrived, a testament","to the power of courage and the unbreakable bond between the people and the enchanted forest. And so, the whispers lived on, a constant reminder of the magic that surrounded","The whispers of the spirits continued to guide and protect Whisperview, and Elara’s song became a legend, whispered through the generations. The village thrived, a testament to the power of courage and the unbreakable bond between the people and the enchanted forest. And so, the whispers lived on, a constant reminder of the magic that surrounded"
"conv_c576a2b8-4944-4966-b836-5a4fde76260f","The first time in a million years a penguin started flying, actually flying, the umbrella vehicle smashed into the ocean.","sending up a plume of spray and debris as Durgenhal, now fully airborne, soared above the waves, his flippers still flapping wildly as he let out a","The first time in a million years a penguin started flying, actually flying, the umbrella vehicle smashed into the ocean. sending up a plume of spray and debris as Durgenhal, now fully airborne, soared above the waves, his flippers still flapping wildly as he let out a"
"bF3wySQHXxUL66FkpR9w","essentially a labyrinth. A faster way did not neceessarily mean easier. At one point they thought they found the end of the","of a shortcut that would lead them right to the mountain that they wanted to see in the first place. The two quickly made their way, going through winding tunnels and","essentially a labyrinth. A faster way did not neceessarily mean easier. At one point they thought they found the end of the of a shortcut that would lead them right to the mountain that they wanted to see in the first place. The two quickly made their way, going through winding tunnels and"
"bF3wySQHXxUL66FkpR9w","with newfound strength. The sun would be going down before too long, and the mouse really wanted to reach the top soon. But the lobster","Stumbled upon what seemed to be a storage room; tons of jams and conserved jars of pickles and fruits. The two stopped for a quick snack break before resuming their climb, now.","with newfound strength. The sun would be going down before too long, and the mouse really wanted to reach the top soon. But the lobster Stumbled upon what seemed to be a storage room; tons of jams and conserved jars of pickles and fruits. The two stopped for a quick snack break before resuming their climb, now."
"conv_3b65e0a1-1bf7-4f16-825f-63867d60f8d3","Longing for company, for reflection, for a sky or heaven able to provide an image of her soul. And so she sang, of nothing in particular, and gentle waves brushed and nurtured the","rocks below. The creature listened without judgment, its small body swaying to her improvised aria. When she finished, it smiled—or seemed to—and gestured towar","Longing for company, for reflection, for a sky or heaven able to provide an image of her soul. And so she sang, of nothing in particular, and gentle waves brushed and nurtured the rocks below. The creature listened without judgment, its small body swaying to her improvised aria. When she finished, it smiled—or seemed to—and gestured towar"
"conv_155f7493-3058-435d-a672-40e7e8ec213a","Swatted all his doubt away as he saw Goldilocks. ""Ready?"" she greeted him. ""As ready as I can be."" Then he ate her... you know how bears do.","are,” Per joked, grinning. Goldilocks laughed, her eyes twinkling. “Let’s do this,” she said, and they walked together toward the polling station","Swatted all his doubt away as he saw Goldilocks. ""Ready?"" she greeted him. ""As ready as I can be."" Then he ate her... you know how bears do. are,” Per joked, grinning. Goldilocks laughed, her eyes twinkling. “Let’s do this,” she said, and they walked together toward the polling station"
"188SQKM20FYzYRFIJ08U","He then also told them that he was gonna do so in an 18 ft. People were shocked. He was in for a ride. Or as some would say, ""the time of his life.""","his life"". They were actually all almost at the end of their studies and started planning trips according to his travel route","He then also told them that he was gonna do so in an 18 ft. People were shocked. He was in for a ride. Or as some would say, ""the time of his life."" his life"". They were actually all almost at the end of their studies and started planning trips according to his travel route"
"conv_33502e38-922d-4e7d-a252-ab236947c3d2","He felt his hands getting sweaty. The painting was not just any painting, but you need expertise within the field to know its worth—something Michael had held to.","himself for years, a secret that only a select few in the art world would recognize, and as he stood there, frozen in anticipation, he heard the sound of his","He felt his hands getting sweaty. The painting was not just any painting, but you need expertise within the field to know its worth—something Michael had held to. himself for years, a secret that only a select few in the art world would recognize, and as he stood there, frozen in anticipation, he heard the sound of his"
"NSZE9lXnuxIl0ZT4gRoy","they set sail for a magical land, filled with all sorts of people. Here, they met a king and a princess who were in trouble.","Friends were actually all from different worlds. They shared stories about their old lives and the boy realized there were infinite worlds to explore. Together,","they set sail for a magical land, filled with all sorts of people. Here, they met a king and a princess who were in trouble. Friends were actually all from different worlds. They shared stories about their old lives and the boy realized there were infinite worlds to explore. Together,"
"cUrf0q4FWuzVfOPnH1a7","age lore. A beast thought to only exist in children's tales to keep them from the forests of the far lake. The King's body warped, tearing though antique silk and bursting his buttoned","""You shall be witness to true power,"" he mumbled as he swallowed the pendant in one gulp. ""You fools!"" he exclaimed as he gruesomely started to grow into a beast of dark.","age lore. A beast thought to only exist in children's tales to keep them from the forests of the far lake. The King's body warped, tearing though antique silk and bursting his buttoned ""You shall be witness to true power,"" he mumbled as he swallowed the pendant in one gulp. ""You fools!"" he exclaimed as he gruesomely started to grow into a beast of dark."
"conv_d169dcc3b43f4aaaa66c06ed6d4e5484","in her ear, a whisper that seemed to carry on the wind, though the words themselves were indistinct, a soothing melody that sent a thrill through her veins and drew","her spine as the darkness seemed to coalesce into a presence, a gentle hum of energy that vibrated through the air, and she could have sworn she heard a soft whisper","in her ear, a whisper that seemed to carry on the wind, though the words themselves were indistinct, a soothing melody that sent a thrill through her veins and drew her spine as the darkness seemed to coalesce into a presence, a gentle hum of energy that vibrated through the air, and she could have sworn she heard a soft whisper"
"conv_be4cbde009954f858d463f4a693fc379","guardian of the forest. With a deep breath, she stepped out of the glade, her heart filled with courage and her spirit guided by the magic of the ancient woods","that now pulsed within her. As she returned to the village, the trees seemed to bow in respect, and the wind whispered her name, carrying the promise of a new","guardian of the forest. With a deep breath, she stepped out of the glade, her heart filled with courage and her spirit guided by the magic of the ancient woods that now pulsed within her. As she returned to the village, the trees seemed to bow in respect, and the wind whispered her name, carrying the promise of a new"
"7wPRj5Wbc26nlx60LUT5","his everything became a burden and his worst nightmare. He thought of returning to the ducklings, to continue his comfortable life at the cottage, where he was fed","looks like the other creatures, but as soon as he did that, the days became fewer and the nights longer. The dream, that was once","his everything became a burden and his worst nightmare. He thought of returning to the ducklings, to continue his comfortable life at the cottage, where he was fed looks like the other creatures, but as soon as he did that, the days became fewer and the nights longer. The dream, that was once"
"conv_33502e38-922d-4e7d-a252-ab236947c3d2","Neighbors had turned off the lights - Michael returned to this dreamy state. He isolated himself from outer stimuli, and disappeared into","the depths of his own mind, where the memories of his childhood passions and creative pursuits awaited him like old friends. The smell of freshly sharpened pencils, the feel of paint","Neighbors had turned off the lights - Michael returned to this dreamy state. He isolated himself from outer stimuli, and disappeared into the depths of his own mind, where the memories of his childhood passions and creative pursuits awaited him like old friends. The smell of freshly sharpened pencils, the feel of paint"
"conv_2d902bf2a3234361aa78feaab07a487a","missed by busy feet and the endless tides of rain. Sometimes, on stormy nights, a faint humming seemed to rise from that exact spot—a barely audible song that tug","at the memory of passersby. Most hurried along, shivering and glancing over their shoulders, dismissing the sound as a trick of the wind. But one evening","missed by busy feet and the endless tides of rain. Sometimes, on stormy nights, a faint humming seemed to rise from that exact spot—a barely audible song that tug at the memory of passersby. Most hurried along, shivering and glancing over their shoulders, dismissing the sound as a trick of the wind. But one evening"
"conv_6981ccf5d5f4819394bcd7bad4d79b14001ace58e9b20b81","In bed, unable to sleep. Tomorrow he would finally be in Giant Town. Tomorrow he would finally fit in. The next morning, Clarence and the beet.","family set off at dawn, the sky still a deep blue. As they traveled along the winding paths through fields of sunflowers and corn, Clarence felt hope blossom within him.","In bed, unable to sleep. Tomorrow he would finally be in Giant Town. Tomorrow he would finally fit in. The next morning, Clarence and the beet. family set off at dawn, the sky still a deep blue. As they traveled along the winding paths through fields of sunflowers and corn, Clarence felt hope blossom within him."
"conv_d6190dffe464453db28dc7d77f15b04c","There, the waves greeted her with a gentle pull, and the sunlight danced across the water in patterns that matched the symbols on her box. As she stood at the edge,","morning, Mira hurried back to the cove, scale in hand, ready to unravel the mystery and discover what the ocean truly wanted from her.","There, the waves greeted her with a gentle pull, and the sunlight danced across the water in patterns that matched the symbols on her box. As she stood at the edge, morning, Mira hurried back to the cove, scale in hand, ready to unravel the mystery and discover what the ocean truly wanted from her."
"conv_dd97163df61443139435901d48037f18","musical hum, like the soft chiming of tiny bells, and the scent of honey and wildflowers wafted through the air, entrancing Emilia and drawing her","its bark shimmering with a soft, ethereal light that seemed to pulse with a gentle, otherworldly energy. The air around the tree was filled with a sweet,","musical hum, like the soft chiming of tiny bells, and the scent of honey and wildflowers wafted through the air, entrancing Emilia and drawing her its bark shimmering with a soft, ethereal light that seemed to pulse with a gentle, otherworldly energy. The air around the tree was filled with a sweet,"
"conv_12cd73100c564e7dbae7cf2d066d5cae","seemed to slow its frantic pace, and the beauty of the present moment became the only reality, a reality that was both fleeting and eternal, like the delicate petals of the","flowers that bloomed around her, which unfolded like tiny, intricate stars, filling the air with their sweet fragrance, and gently swaying to the rhythm of the brook's","seemed to slow its frantic pace, and the beauty of the present moment became the only reality, a reality that was both fleeting and eternal, like the delicate petals of the flowers that bloomed around her, which unfolded like tiny, intricate stars, filling the air with their sweet fragrance, and gently swaying to the rhythm of the brook's"
"conv_73564d95-9f66-42db-a2c0-fed78090bac2","That she'll be able to pin this on them when she is done collecting the last evidence needed from a meeting that is set to take place.","in a heavily guarded, luxury hotel on the outskirts of Toronto, where the Minister of Finance will be meeting with the leader of the terrorist group, to finalize the plans for the","That she'll be able to pin this on them when she is done collecting the last evidence needed from a meeting that is set to take place. in a heavily guarded, luxury hotel on the outskirts of Toronto, where the Minister of Finance will be meeting with the leader of the terrorist group, to finalize the plans for the"
"YprMqddWHK39musGQ4si","It is a simple fact. The pet hamster lived with the dog in the house. The dog and the hamster always had","dinner together, and one day they met Julia Roberts. She was filming Eat, Pray, Love. She got inspired by the beautiful friendship of the hamster and dog/cat, and","It is a simple fact. The pet hamster lived with the dog in the house. The dog and the hamster always had dinner together, and one day they met Julia Roberts. She was filming Eat, Pray, Love. She got inspired by the beautiful friendship of the hamster and dog/cat, and"
"hPlwWqqkemjjNa4Ny4nr","Self-respect. But always having fun memories - the nights she could remember. It was memories she would always cherish.","When she presented her dad with the idea; to invite everyone over the age of 65 to a big party, where dancing would be","Self-respect. But always having fun memories - the nights she could remember. It was memories she would always cherish. When she presented her dad with the idea; to invite everyone over the age of 65 to a big party, where dancing would be"
"conv_72037685-9437-4960-b9a0-5f77d2a71e41","Could be him. We went outside the airport, and of course he wasn't going on a flight. Rudolf and the other reindeer were out there.","waiting for us, their shiny antlers and twinkling eyes a sight to behold, and with a jolly ""Ho ho ho, welcome aboard!"" Santa Claus himself helped me","Could be him. We went outside the airport, and of course he wasn't going on a flight. Rudolf and the other reindeer were out there. waiting for us, their shiny antlers and twinkling eyes a sight to behold, and with a jolly ""Ho ho ho, welcome aboard!"" Santa Claus himself helped me"
"conv_c576a2b8-4944-4966-b836-5a4fde76260f","In sheer desperation he flapped his vestigial wings, like something ancient in his brain was telling him to, faster and faster while he got closer and","the wind rushing past him began to take on a strange, almost eerie quality, as if the very air itself was being shaped and molded by his frantic flapping, and for","In sheer desperation he flapped his vestigial wings, like something ancient in his brain was telling him to, faster and faster while he got closer and the wind rushing past him began to take on a strange, almost eerie quality, as if the very air itself was being shaped and molded by his frantic flapping, and for"
"fIf2ccAs4ZpVTP7BBoxp","In the middle of her daydreaming she was brought back to the present by the otters splashing. Two birds","Many of her friends, she had adopted a sort of pragmatic and techno-optimist POV on the ecological situation. Surely, she thought, these problems could be solved through new technology.","In the middle of her daydreaming she was brought back to the present by the otters splashing. Two birds Many of her friends, she had adopted a sort of pragmatic and techno-optimist POV on the ecological situation. Surely, she thought, these problems could be solved through new technology."
"Pzb5I6nhg196AWLpukmz","She stared at him as if it is unusual to ask name of a stranger. Nate understood and nodded his head, assuring her that she can at least have the tea which","The kettle whistled; he watched her through the steam. She stared out the window, front teeth bothering her lip. ""What's your name?"" he asked her.","She stared at him as if it is unusual to ask name of a stranger. Nate understood and nodded his head, assuring her that she can at least have the tea which The kettle whistled; he watched her through the steam. She stared out the window, front teeth bothering her lip. ""What's your name?"" he asked her."
"conv_a4452b6af3984152977c9c992ab08d17","protected our land. But as time passed, the spirits grew restless, disturbed by the encroachment of humanity and the whispers of dark magic that crept into the world.""","The villagers leaned in, their faces illuminated by the flickering flames. Elara continued, ""One such spirit, a guardian named Aelar, decided to take matters into","protected our land. But as time passed, the spirits grew restless, disturbed by the encroachment of humanity and the whispers of dark magic that crept into the world."" The villagers leaned in, their faces illuminated by the flickering flames. Elara continued, ""One such spirit, a guardian named Aelar, decided to take matters into"
"conv_cadd7be580c64bfe91703c87b9bf6855","their sweet fragrance. In the center of the lake, a small island could be seen, connected to the shore by a narrow, stone bridge. Eleanor’s heart raced with excitement","water was so clear that she could see the pebbles and sand at the bottom. Around the lake, wildflowers bloomed in vibrant colors, and a gentle breeze carried","their sweet fragrance. In the center of the lake, a small island could be seen, connected to the shore by a narrow, stone bridge. Eleanor’s heart raced with excitement water was so clear that she could see the pebbles and sand at the bottom. Around the lake, wildflowers bloomed in vibrant colors, and a gentle breeze carried"
"conv_006cb479-ccd3-40d1-83fb-4b614573f636","knew exactly what the other person was feeling. They finally burst free of their prisons of isolation and opened up for love","and allowed themselves to be vulnerable, to trust, and to surrender to the beauty of their relationship. As they embraced each other, they felt a sense of freedom and joy that","knew exactly what the other person was feeling. They finally burst free of their prisons of isolation and opened up for love and allowed themselves to be vulnerable, to trust, and to surrender to the beauty of their relationship. As they embraced each other, they felt a sense of freedom and joy that"
"conv_691dc83ec728819085d614247e77833604d03bd64a490dfd","Willy, a big-ass frog; he lives in a swamp and likes to eat bugs and ice cream. One day a traveler arrives; he wants the frog for his","","Willy, a big-ass frog; he lives in a swamp and likes to eat bugs and ice cream. One day a traveler arrives; he wants the frog for his "
"conv_691b61ab394c819483ac4af28c7f29d00b3e16b70554a02a","He fled his house. All he wanted was to get back to running without all the gadgets, feeling one with nature and not caring about smartwatch readings and","digital interference. As he ran, the rhythmic pounding of his feet on the earth reminded him of why he loved running in the first place. The fresh air, the freedom,","He fled his house. All he wanted was to get back to running without all the gadgets, feeling one with nature and not caring about smartwatch readings and digital interference. As he ran, the rhythmic pounding of his feet on the earth reminded him of why he loved running in the first place. The fresh air, the freedom,"
"r47jfYG4ULZMEexvVeqs","However, maybe she could make her husband a bit jealous at the same time? That would not hurt. She decided to take a few days","The roaring ladybird was conflicted. She was flattered at the offer, but would she be able to share the spotlight? On the other hand, duos often get far in X-Factor.","However, maybe she could make her husband a bit jealous at the same time? That would not hurt. She decided to take a few days The roaring ladybird was conflicted. She was flattered at the offer, but would she be able to share the spotlight? On the other hand, duos often get far in X-Factor."
"conv_73564d95-9f66-42db-a2c0-fed78090bac2","That is linked to the attack on New York. By laundering money, the Canadian government can finance the mission and employ the terrorists, without drawing","suspicion to themselves, making it seem like the attack is the work of a rogue terrorist group. But Julia is getting close to uncovering the truth, and she knows","That is linked to the attack on New York. By laundering money, the Canadian government can finance the mission and employ the terrorists, without drawing suspicion to themselves, making it seem like the attack is the work of a rogue terrorist group. But Julia is getting close to uncovering the truth, and she knows"
"599Km2RY5nTNKI7vG2Wb","Ask to recite the IPA while doing push-ups. The researchers had a hypothesis going into the study. Though the students knew their IPA,","the strength of their mental state might not be enough to transfer into raw push-up strenght. The math students had to solve complex equations while sweat was dripping from","Ask to recite the IPA while doing push-ups. The researchers had a hypothesis going into the study. Though the students knew their IPA, the strength of their mental state might not be enough to transfer into raw push-up strenght. The math students had to solve complex equations while sweat was dripping from"
"BocRhyGX0eWpgbUSkjWF","How a mushroom got high on LSD. The weird part of the story was how mushrooms normally get eaten by humans to intoxicate them. But this time, it was the mushrooms.","Mushrooms are living organisms, and therefore it is able to absorb LSD. It has not been observed many times, but in this story you will hear the exclusive material of","How a mushroom got high on LSD. The weird part of the story was how mushrooms normally get eaten by humans to intoxicate them. But this time, it was the mushrooms. Mushrooms are living organisms, and therefore it is able to absorb LSD. It has not been observed many times, but in this story you will hear the exclusive material of"
"conv_72037685-9437-4960-b9a0-5f77d2a71e41","But Santa could see all of my anxiousness, and with his calm mind, he smiled and said that he knows how we are all trying our best and explained to","me that it's not about being perfect, but about the intention and effort we put into being kind, helping others, and spreading love and joy, and with that, he","But Santa could see all of my anxiousness, and with his calm mind, he smiled and said that he knows how we are all trying our best and explained to me that it's not about being perfect, but about the intention and effort we put into being kind, helping others, and spreading love and joy, and with that, he"
"conv_7c23347e-6172-4c84-9fd0-45ef34290bd5","Blood, cement, wires, gold-plated wires, flesh, bone, secret tome, it ate and ate and ate and ate, and","# The Sewer Rat (Continued)

**Chapter Five: The Feast**

with each bite, the sewer rat grew larger, its whiskers","Blood, cement, wires, gold-plated wires, flesh, bone, secret tome, it ate and ate and ate and ate, and # The Sewer Rat (Continued)

**Chapter Five: The Feast**

with each bite, the sewer rat grew larger, its whiskers"
"conv_99f1697b74654701a74408438747a07e","And as they traveled, Willow realized it was not only the treasures within that held value, but the memories and dreams they continued to collect. Wherever the tracks led, suitcase and","And so, their tale lived on with every adventure—a testament to hope rediscovered and the magic of new beginnings, tucked safely within Willow’s well-traveled seams.","And as they traveled, Willow realized it was not only the treasures within that held value, but the memories and dreams they continued to collect. Wherever the tracks led, suitcase and And so, their tale lived on with every adventure—a testament to hope rediscovered and the magic of new beginnings, tucked safely within Willow’s well-traveled seams."
"conv_12cd73100c564e7dbae7cf2d066d5cae","a young girl named Aria who lived in a small village surrounded by vast, rolling hills and dense forests. She was a curious and adventurous child, with a heart full of","wonder and a mind full of questions. Aria loved to explore the world around her, spending hours wandering through the hills and forests, discovering hidden streams and secret meadows","a young girl named Aria who lived in a small village surrounded by vast, rolling hills and dense forests. She was a curious and adventurous child, with a heart full of wonder and a mind full of questions. Aria loved to explore the world around her, spending hours wandering through the hills and forests, discovering hidden streams and secret meadows"
"cUrf0q4FWuzVfOPnH1a7","weighed down with an iron collar, led by his majesty's guard. Once-pale skin, blistered with tar - a lesson and warning to the","The mighty duck, Alfred, resided comfortably on his throne, with his little golden crown. With a sharp smug he awaits the feathered prisoner who slowly marched to the scene with his head","weighed down with an iron collar, led by his majesty's guard. Once-pale skin, blistered with tar - a lesson and warning to the The mighty duck, Alfred, resided comfortably on his throne, with his little golden crown. With a sharp smug he awaits the feathered prisoner who slowly marched to the scene with his head"
"K6nustVFF5ei8GiBLmiZ","restaurants that weren't too expensive for his budget. He ordered dessert—the lava cake. He didn't mention whether it","tasted good anymore, he had said it every time we were here over the years, and noticed how i rolled my eyes when he exclaimed 'delicious' for the hundredth time. But i","restaurants that weren't too expensive for his budget. He ordered dessert—the lava cake. He didn't mention whether it tasted good anymore, he had said it every time we were here over the years, and noticed how i rolled my eyes when he exclaimed 'delicious' for the hundredth time. But i"
"conv_dd97163df61443139435901d48037f18","the tree began to swirl and dance around her, like delicate, shimmering threads weaving a intricate pattern in the air. Emilia felt a sudden surge of wonder and trepid","closer to the tree, as if by an unseen force. As she reached out a hand to touch the trunk, the humming grew louder, and the light emanating from","the tree began to swirl and dance around her, like delicate, shimmering threads weaving a intricate pattern in the air. Emilia felt a sudden surge of wonder and trepid closer to the tree, as if by an unseen force. As she reached out a hand to touch the trunk, the humming grew louder, and the light emanating from"
"conv_a047b0e3f92d41c09ef45e011a99a23f","Emil stumbled forward, half in fear and half in awe, as the vines tugged gently, urging him closer. The humming grew louder, resonating in his bones.","All at once, the stone cracked open with a soft sigh, revealing a hollow center lit from within by an unearthly glow. Inside, nestled amid the tangled roots and","Emil stumbled forward, half in fear and half in awe, as the vines tugged gently, urging him closer. The humming grew louder, resonating in his bones. All at once, the stone cracked open with a soft sigh, revealing a hollow center lit from within by an unearthly glow. Inside, nestled amid the tangled roots and"
"conv_ccb90f8d-d4bb-406e-83e9-b91ac0615cac","Meaning. But as she left the hospital and when she was alone, thoughts of fear echoed within her. Should she have to continue life without her father? Should he not be there to see all?","her achievements, her milestones, her own children? The idea of moving forward without him was daunting, but Dana knew that her father would want her to live fully, to embrace","Meaning. But as she left the hospital and when she was alone, thoughts of fear echoed within her. Should she have to continue life without her father? Should he not be there to see all? her achievements, her milestones, her own children? The idea of moving forward without him was daunting, but Dana knew that her father would want her to live fully, to embrace"
"h9mEvTqoZyrUb6cj1fxu","Face card. I'm always serving... in multiple ways. Magnus said that he had wanted to talk to me for a long time; I just wanted to go to","sleep but he insisted that we could continue to talk and that he could spend the night. I was unsure about what to do but.. there was something in his eyes that lead me on to say","Face card. I'm always serving... in multiple ways. Magnus said that he had wanted to talk to me for a long time; I just wanted to go to sleep but he insisted that we could continue to talk and that he could spend the night. I was unsure about what to do but.. there was something in his eyes that lead me on to say"
"EVPkCWSrT9SwL38W9Zuk","the first time in his entire life. This spark of curiosity was just what the haggard old guy needed to follow his secret childhood dream of being the world's","To the man walking on his hands right by him. He paused. ""What in the world is happening?"" he thought to himself. At that moment he felt confused rather than angry for","the first time in his entire life. This spark of curiosity was just what the haggard old guy needed to follow his secret childhood dream of being the world's To the man walking on his hands right by him. He paused. ""What in the world is happening?"" he thought to himself. At that moment he felt confused rather than angry for"
"conv_691f696d0b348190810494e2c5d82fee08324043d78ba0f7","Called Himmelbjerget. Although the climb was intense and difficult, Andreas' training prepared him well for this physical battle. Along the way, he wanted to find a gift.","for Helga, knowing she admired rare gemstones. As he ascended, Andreas found a shimmering amethyst embedded in the rocks. Presenting it to Helga, she smiled","Called Himmelbjerget. Although the climb was intense and difficult, Andreas' training prepared him well for this physical battle. Along the way, he wanted to find a gift. for Helga, knowing she admired rare gemstones. As he ascended, Andreas found a shimmering amethyst embedded in the rocks. Presenting it to Helga, she smiled"
"conv_4ff7dbd3a0434e629ed9cbc2a937680c","that the key was meant for her. The realization sent a thrill through her chest. She slipped it onto a string around her neck, its weight oddly comforting. All morning,","over in her palm, wondering who could have lost such a treasure. The village was old, its stones sinking into stories no one quite remembered, and Maren felt suddenly certain","that the key was meant for her. The realization sent a thrill through her chest. She slipped it onto a string around her neck, its weight oddly comforting. All morning, over in her palm, wondering who could have lost such a treasure. The village was old, its stones sinking into stories no one quite remembered, and Maren felt suddenly certain"
"conv_2d902bf2a3234361aa78feaab07a487a","as twilight melted into darkness, a young woman named Clara paused at Ashdown Street. She had always been sensitive to oddities—a stray echo, a patch of cool air where","sunlight should have lingered, threads of dreams that clung long after waking. On this night, the humming pulled at her, a gentle insistence beneath her ribs.","as twilight melted into darkness, a young woman named Clara paused at Ashdown Street. She had always been sensitive to oddities—a stray echo, a patch of cool air where sunlight should have lingered, threads of dreams that clung long after waking. On this night, the humming pulled at her, a gentle insistence beneath her ribs."
"P1SZ3AZnoi1oqt5EbYh5","Once upon a time there was a small man and a village. He loved eating pork, but one stormy night all the pigs left the village. The small man","ran and ran for days and nights in search of pigs. But everywhere he looked, the fields were swineless. One day, the man came across a large","Once upon a time there was a small man and a village. He loved eating pork, but one stormy night all the pigs left the village. The small man ran and ran for days and nights in search of pigs. But everywhere he looked, the fields were swineless. One day, the man came across a large"
"conv_b19d99668faf4d71bb1ffe532555ee59","awaited. As night fell, she found a clearing and set up camp, the soft glow of the fire casting dancing shadows around her. Under the watchful eyes of the","answers she sought. Deep within the forest, the trees grew taller and the shadows longer, but Elena’s resolve remained unshaken. She knew that somewhere ahead, her destiny","awaited. As night fell, she found a clearing and set up camp, the soft glow of the fire casting dancing shadows around her. Under the watchful eyes of the answers she sought. Deep within the forest, the trees grew taller and the shadows longer, but Elena’s resolve remained unshaken. She knew that somewhere ahead, her destiny"
"599Km2RY5nTNKI7vG2Wb","From the boat on the way over the lake, I almost froze solid as ice—luckily, they were able to heat up again.","shortly after. Once the others noticed, that someone fell overboard, the rivalry was forgotten. They all drank a beer together","From the boat on the way over the lake, I almost froze solid as ice—luckily, they were able to heat up again. shortly after. Once the others noticed, that someone fell overboard, the rivalry was forgotten. They all drank a beer together"
"conv_5e234f25-eb78-4ec3-8113-c66645149ddc","He had a feeling that he was being watched. Someone or something was watching him, but he wasn't sure where they were or for how long they had kept an eye on him.","on him. The birds had gone suddenly quiet, which never meant anything good. Theo remained still, his breathing slow and steady, letting his peripheral vision scan the treeline","He had a feeling that he was being watched. Someone or something was watching him, but he wasn't sure where they were or for how long they had kept an eye on him. on him. The birds had gone suddenly quiet, which never meant anything good. Theo remained still, his breathing slow and steady, letting his peripheral vision scan the treeline"
"conv_90178cb2-77d1-4123-9509-2ec42e4db932","Yes, please come in and have a seat. Would you like to have a coffee?","I accepted the offer and sat down in one of the comfortable armchairs by the fireplace, feeling the warmth and coziness of the cottage envelop me, and as I waited for the coffee, I looked around the room and noticed that it was filled with all sorts of curious objects and trinkets, and I saw a pair of eyes peeking","Yes, please come in and have a seat. Would you like to have a coffee? I accepted the offer and sat down in one of the comfortable armchairs by the fireplace, feeling the warmth and coziness of the cottage envelop me, and as I waited for the coffee, I looked around the room and noticed that it was filled with all sorts of curious objects and trinkets, and I saw a pair of eyes peeking"
"conv_11293fd2-d757-471f-8e2e-783542167a8e","Glittered in the sunlight. Atop the trunk sat a very peculiar creature. Not quite human, but not like any other animal she had ever seen, dressed","in a long, velvet coat with brass buttons, and a top hat that seemed to be tilted at a rakish angle, giving the creature an air of whimsy and sophistication","Glittered in the sunlight. Atop the trunk sat a very peculiar creature. Not quite human, but not like any other animal she had ever seen, dressed in a long, velvet coat with brass buttons, and a top hat that seemed to be tilted at a rakish angle, giving the creature an air of whimsy and sophistication"
"uSUBQk0ZgGhDzjY8qQwb","the dream was about to crash once again. She was in London, the city she had been dreaming about for her whole life. One day she received a letter from","There was a girl who always tried to chase her dreams, but there were a lot of difficulties along her way. But somehow she managed and chased her abroad dreams, but now","the dream was about to crash once again. She was in London, the city she had been dreaming about for her whole life. One day she received a letter from There was a girl who always tried to chase her dreams, but there were a lot of difficulties along her way. But somehow she managed and chased her abroad dreams, but now"
"conv_90178cb2-77d1-4123-9509-2ec42e4db932","She gave me the cup and emptied it directly. I then started to eat the soup and it tasted delicious.","As I savored the flavors of the soup, the woman sat down across from me, a warm smile on her face, and we sat in comfortable silence for a moment, the only sound being the crackling of the fire and the occasional purr from the cat, which had now jumped onto my lap, and then she spoke, her voice low","She gave me the cup and emptied it directly. I then started to eat the soup and it tasted delicious. As I savored the flavors of the soup, the woman sat down across from me, a warm smile on her face, and we sat in comfortable silence for a moment, the only sound being the crackling of the fire and the occasional purr from the cat, which had now jumped onto my lap, and then she spoke, her voice low"
"conv_7c23347e-6172-4c84-9fd0-45ef34290bd5","The goal of eating all the wires in Claude's facility. And off it went! The stinky environment rallied the sewery rat, causing the future pain and","# The Sewer Rat (Continued)

**Chapter Four: The Journey Begins**

suffering it would bring to fill it with dark purpose. Through the","The goal of eating all the wires in Claude's facility. And off it went! The stinky environment rallied the sewery rat, causing the future pain and # The Sewer Rat (Continued)

**Chapter Four: The Journey Begins**

suffering it would bring to fill it with dark purpose. Through the"
"conv_48a63036afde46b78f210ee3dbf2df89","breeze. Adults busied themselves with final preparations, hanging garlands of flowers and setting up tables laden with food and drink. At the center of it all, the ancient","oak stood tall, its branches swaying gently as if in anticipation. As the crowd gathered, the cloaked traveler stepped forward, holding the wooden box aloft. A","breeze. Adults busied themselves with final preparations, hanging garlands of flowers and setting up tables laden with food and drink. At the center of it all, the ancient oak stood tall, its branches swaying gently as if in anticipation. As the crowd gathered, the cloaked traveler stepped forward, holding the wooden box aloft. A"
"conv_7953f8d7070847b8bfaced65bd8e3d5e","world at the cliff's edge, flat and absolute as a wall. Meredith pressed her palm against the cold glass, half-expecting it to meet resistance just beyond","texture like a sculptor knows clay. This was different. This gray had no depth, no swirl of moisture, no promise of burning away by noon. It simply ended the","world at the cliff's edge, flat and absolute as a wall. Meredith pressed her palm against the cold glass, half-expecting it to meet resistance just beyond texture like a sculptor knows clay. This was different. This gray had no depth, no swirl of moisture, no promise of burning away by noon. It simply ended the"
"conv_58f0ce7b11cd427b8efb54a933443aea","for the land's abundance and the villagers' hard work, his voice booming across the square as he raised his hands to the sky, and the crowd fell silent, awaiting the","fires, enticing the senses and building anticipation for the night's feast, where the village elder, a wise and kind man named Thorne, would lead the procession and give thanks","for the land's abundance and the villagers' hard work, his voice booming across the square as he raised his hands to the sky, and the crowd fell silent, awaiting the fires, enticing the senses and building anticipation for the night's feast, where the village elder, a wise and kind man named Thorne, would lead the procession and give thanks"
"conv_2ce635fa-cb6c-424f-9565-859a944eed92","Chance. No creature can actively choose their genetic path, but only accept the odd change that proves beneficial among","the chaos of survival. Marcus closed his notebook as the starlings finally settled into the bare trees, their performance complete. The fossil would remain a mystery—neither fully explained by","Chance. No creature can actively choose their genetic path, but only accept the odd change that proves beneficial among the chaos of survival. Marcus closed his notebook as the starlings finally settled into the bare trees, their performance complete. The fossil would remain a mystery—neither fully explained by"
"conv_a7acc18d772f40a5ac655e460ce84ff2","sky opened up above her, revealing a breathtaking valley nestled between the peaks. In the center of the valley stood a stone arch, covered in intricate carvings that seemed to","glow faintly in the sunlight. Eliara approached the arch, her curiosity piqued. As she ran her fingers over the carvings, she felt a pulse","sky opened up above her, revealing a breathtaking valley nestled between the peaks. In the center of the valley stood a stone arch, covered in intricate carvings that seemed to glow faintly in the sunlight. Eliara approached the arch, her curiosity piqued. As she ran her fingers over the carvings, she felt a pulse"
"conv_d169dcc3b43f4aaaa66c06ed6d4e5484","as she walked, the trees seeming to close in around her, their branches tangling overhead to form a canopy that filtered the fading light. Sophia felt a shiver run down","interior, where the rustling of leaves and snapping of twigs beneath her feet served as a reminder that she was not alone. The air grew cooler and the silence deeper","as she walked, the trees seeming to close in around her, their branches tangling overhead to form a canopy that filtered the fading light. Sophia felt a shiver run down interior, where the rustling of leaves and snapping of twigs beneath her feet served as a reminder that she was not alone. The air grew cooler and the silence deeper"
"conv_2d902bf2a3234361aa78feaab07a487a","clutching the key as it pulsed with warmth. It beckoned her forward, toward a moss-covered pedestal at the courtyard’s heart—just the right size for such","a key. As Clara fit the key into the ancient lock, the mist parted, revealing ghostly figures smiling in welcome. The city itself seemed to hold its breath—waiting","clutching the key as it pulsed with warmth. It beckoned her forward, toward a moss-covered pedestal at the courtyard’s heart—just the right size for such a key. As Clara fit the key into the ancient lock, the mist parted, revealing ghostly figures smiling in welcome. The city itself seemed to hold its breath—waiting"
"r47jfYG4ULZMEexvVeqs","roaring ladybird. She loves singing, and wants to pursue it and do it for a living, instead of her cleaning job. But her husband told her she","A lady in a red dress, who sings at a local bar every Thursday night. She is paid in champagne and all the locals know her as the","roaring ladybird. She loves singing, and wants to pursue it and do it for a living, instead of her cleaning job. But her husband told her she A lady in a red dress, who sings at a local bar every Thursday night. She is paid in champagne and all the locals know her as the"
"conv_0f18b30f-7d4b-4681-b98e-a0ff4f2b5256","smuggled out of Pakistan in the hollow tubing of her crutches as she feigned a broken leg suffered in the uprising in her field","hospital, a tale that Granny Gigi would only hint at with a sly glint in her eye, leaving the small town girl to wonder about the full story and the exact","smuggled out of Pakistan in the hollow tubing of her crutches as she feigned a broken leg suffered in the uprising in her field hospital, a tale that Granny Gigi would only hint at with a sly glint in her eye, leaving the small town girl to wonder about the full story and the exact"
"conv_29031421-8265-472f-b4ce-f147dd80edca","Truth, it would be the last time she saw her big brother for a very long time. No, it couldn't be! Mira rushed towards her older brother, reaching her","small arms around his waist, holding him with all the strength her seven-year-old body possessed.

""Please,"" she whispered into his coat. ""Please","Truth, it would be the last time she saw her big brother for a very long time. No, it couldn't be! Mira rushed towards her older brother, reaching her small arms around his waist, holding him with all the strength her seven-year-old body possessed.

""Please,"" she whispered into his coat. ""Please"
"conv_23ed55f8-cc91-439f-8c8e-e24f66457596","That she managed to save the youngsters of Wonderland from the evil disease. She was wondering where the flower went. She couldn't see it.","anywhere, but she knew deep in her heart that it had fulfilled its purpose. Lila decided to use her remaining wishes to bring more joy and peace to Wonderland, ensuring","That she managed to save the youngsters of Wonderland from the evil disease. She was wondering where the flower went. She couldn't see it. anywhere, but she knew deep in her heart that it had fulfilled its purpose. Lila decided to use her remaining wishes to bring more joy and peace to Wonderland, ensuring"
"hPlwWqqkemjjNa4Ny4nr","Elders who had only seen soggy breasts for a long time. Maybe some of them would find new love or lovers, after they lost their","life companions. The princess found this idea of topless service a little unnecessary, was the prospect of","Elders who had only seen soggy breasts for a long time. Maybe some of them would find new love or lovers, after they lost their life companions. The princess found this idea of topless service a little unnecessary, was the prospect of"
"conv_987ee67e4ce6447bb77a859aaee7a092","she barely recognized were picking through decades of accumulated life like polite vultures. Aunt Caroline had already claimed the china. Uncle James was measuring the dining room for his own","furniture. Nobody noticed when Mara climbed the stairs to the second floor, away from the murmur of voices dividing up what remained.

The hallway","she barely recognized were picking through decades of accumulated life like polite vultures. Aunt Caroline had already claimed the china. Uncle James was measuring the dining room for his own furniture. Nobody noticed when Mara climbed the stairs to the second floor, away from the murmur of voices dividing up what remained.

The hallway"
"conv_5f17f002-84ad-4315-8c69-20ec83de1223","Mrs. Jenkins was an important member of the royal family. Although not related by blood, the king and queen had been very close with her for","many years, and she had been a constant presence in the lives of the two princesses, serving as a mentor, a confidante, and a guardian of sorts,","Mrs. Jenkins was an important member of the royal family. Although not related by blood, the king and queen had been very close with her for many years, and she had been a constant presence in the lives of the two princesses, serving as a mentor, a confidante, and a guardian of sorts,"
"conv_a4452b6af3984152977c9c992ab08d17","carrying with them the warmth of the fire and the strength of Aelar's tale. The night was calm, and the forest whispered its secrets, a reminder that the","spirits were still watching over them. In the quiet of the early morning, the village was wrapped in a blanket of peace, and the crystal in the grove glowed","carrying with them the warmth of the fire and the strength of Aelar's tale. The night was calm, and the forest whispered its secrets, a reminder that the spirits were still watching over them. In the quiet of the early morning, the village was wrapped in a blanket of peace, and the crystal in the grove glowed"
"conv_ff8f8b90ff284f71954c9a40da590bc5","long-forgotten life, a life that was hers yet not hers, a life that had been lived in a time long past, and as the visions faded, Emilia","felt a profound sense of recognition, as if the memories of that long-forgotten life had been awakened within her, and she knew that she had been given a great gift","long-forgotten life, a life that was hers yet not hers, a life that had been lived in a time long past, and as the visions faded, Emilia felt a profound sense of recognition, as if the memories of that long-forgotten life had been awakened within her, and she knew that she had been given a great gift"
"conv_987ee67e4ce6447bb77a859aaee7a092","Mara, who found a key in her grandmother's garden on the morning of the funeral.

It was brass and heavy, with an orn","It was brass and heavy, with an ornate bow shaped like a flowering vine. Mara turned it over in her palm, dirt still clinging to its grooves","Mara, who found a key in her grandmother's garden on the morning of the funeral.

It was brass and heavy, with an orn It was brass and heavy, with an ornate bow shaped like a flowering vine. Mara turned it over in her palm, dirt still clinging to its grooves"
"conv_72037685-9437-4960-b9a0-5f77d2a71e41","It was the first of December and I was singing along with all Christmas songs and was excited for the month to come. This December was going","to be different from all the others, I could feel it. The snow had already started falling gently outside my window, casting a magical spell over the small town where I lived","It was the first of December and I was singing along with all Christmas songs and was excited for the month to come. This December was going to be different from all the others, I could feel it. The snow had already started falling gently outside my window, casting a magical spell over the small town where I lived"
"conv_987ee67e4ce6447bb77a859aaee7a092","stretched longer than she remembered from childhood visits, portraits of stern-faced ancestors watching her pass. At the end stood the door to her grandmother's bedroom, slightly ajar.","Mara pushed it open. The room smelled of lavender sachets and old paper, untouched since the hospital stay began. Her grandmother's reading glasses still","stretched longer than she remembered from childhood visits, portraits of stern-faced ancestors watching her pass. At the end stood the door to her grandmother's bedroom, slightly ajar. Mara pushed it open. The room smelled of lavender sachets and old paper, untouched since the hospital stay began. Her grandmother's reading glasses still"
"fIf2ccAs4ZpVTP7BBoxp","that could make them see what I saw.She continued down the river around a big rock when she saw something","She feels rather unsatisfied, unseen really. If only my friends could see me now, that's what she really wanted. If only a device existed.","that could make them see what I saw.She continued down the river around a big rock when she saw something She feels rather unsatisfied, unseen really. If only my friends could see me now, that's what she really wanted. If only a device existed."
"conv_0fcb83fd5cc0426ea3088bfd0c19daae","achingly sad, as if the fog itself were homesick for something it had lost long ago.

""I'm listening,"" Miriam said softly, moving","closer to the window. She pressed her palm against the cold glass, and the fog seemed to pulse in response, brightening and dimming like a slow heartbeat.","achingly sad, as if the fog itself were homesick for something it had lost long ago.

""I'm listening,"" Miriam said softly, moving closer to the window. She pressed her palm against the cold glass, and the fog seemed to pulse in response, brightening and dimming like a slow heartbeat."
"conv_0a6352c9d2d44fd38017a8422ff49497","of village life, where every day blended seamlessly into the next. She longed for adventure, for discovery, and for the thrill of uncovering secrets that lay hidden beneath the","surface of the everyday world. And so, one evening, as the sun dipped below the horizon and cast the village in a warm, golden light, Sophia made up her mind","of village life, where every day blended seamlessly into the next. She longed for adventure, for discovery, and for the thrill of uncovering secrets that lay hidden beneath the surface of the everyday world. And so, one evening, as the sun dipped below the horizon and cast the village in a warm, golden light, Sophia made up her mind"
"conv_c69a0c5657f347da9115c1f7da6d3116","eaming shape as she chased her errant wool-spinning spindle, which had rolled right to the base of the gnarled tree. Her heart gave a quick flutter at","the sight of the tiny key, half-buried and glinting with an unaccountable brightness. She hesitated, fingers hovering in the cool earth, as if","eaming shape as she chased her errant wool-spinning spindle, which had rolled right to the base of the gnarled tree. Her heart gave a quick flutter at the sight of the tiny key, half-buried and glinting with an unaccountable brightness. She hesitated, fingers hovering in the cool earth, as if"
"conv_4ff7dbd3a0434e629ed9cbc2a937680c","begun.” Ahead, beyond trembling petals, a pair of golden eyes gleamed, drawing her onward—into a world woven for the restless and the brave.","forgotten and hopeful. Maren stepped forward, heart wild, as a voice gentle as rustling leaves whispered, “Welcome, keeper of the key. Your journey has just","begun.” Ahead, beyond trembling petals, a pair of golden eyes gleamed, drawing her onward—into a world woven for the restless and the brave. forgotten and hopeful. Maren stepped forward, heart wild, as a voice gentle as rustling leaves whispered, “Welcome, keeper of the key. Your journey has just"
"K6nustVFF5ei8GiBLmiZ","Knew that there was something different in this lava cake. This was the first step in my plan. The poison wouldn't kill.","him immidiately. I didn't want to make a big scene at the restaurant. Just needed him to be far enough gone that he wouldn't wake up in the car and realize we were","Knew that there was something different in this lava cake. This was the first step in my plan. The poison wouldn't kill. him immidiately. I didn't want to make a big scene at the restaurant. Just needed him to be far enough gone that he wouldn't wake up in the car and realize we were"
"conv_d6190dffe464453db28dc7d77f15b04c","and chasing the tide as it pulled treasures from the deep. Her favorite spot was a rocky cove hidden from the main beach, where she would sit for hours, running her","a girl named Mira who lived in the seaside town of Lorne, where the waves whispered ancient secrets and gulls cried to the wind. Mira's days were spent collecting shells","and chasing the tide as it pulled treasures from the deep. Her favorite spot was a rocky cove hidden from the main beach, where she would sit for hours, running her a girl named Mira who lived in the seaside town of Lorne, where the waves whispered ancient secrets and gulls cried to the wind. Mira's days were spent collecting shells"
"conv_c7f16c31-e264-4ad6-8a72-7c626fa0cac0","Coffee shop. It was lying in a corner and looked a little worn down with plants growing up the walls. As they went inside, a cozy little shop was revealed to","them, with comfortable armchairs and the aroma of freshly brewed coffee filling the air, and the barista, a friendly woman with a warm smile, greeted them, saying","Coffee shop. It was lying in a corner and looked a little worn down with plants growing up the walls. As they went inside, a cozy little shop was revealed to them, with comfortable armchairs and the aroma of freshly brewed coffee filling the air, and the barista, a friendly woman with a warm smile, greeted them, saying"
"conv_6917421066d8819592863132f4a141a00078d2d8d630f704","He wanders around the mountains endlessly searching for any signs of life. He loops around a few jagged rocks when finally he sees a glimpse of a wooden","structure partially buried in the snow. Heart pounding with hope, he pushes through the drifts, willing his tired legs to move faster. As he approaches, he realizes it's an","He wanders around the mountains endlessly searching for any signs of life. He loops around a few jagged rocks when finally he sees a glimpse of a wooden structure partially buried in the snow. Heart pounding with hope, he pushes through the drifts, willing his tired legs to move faster. As he approaches, he realizes it's an"
"conv_5e234f25-eb78-4ec3-8113-c66645149ddc","Who were they? Why would they come for him? Since his disappearance in the forest he hadn't given the outside world any thought at all, but all of a sudden it all...","came rushing back—memories he'd buried beneath years of solitude. The reason he'd fled to the forest in the first place. The people he'd angered, the","Who were they? Why would they come for him? Since his disappearance in the forest he hadn't given the outside world any thought at all, but all of a sudden it all... came rushing back—memories he'd buried beneath years of solitude. The reason he'd fled to the forest in the first place. The people he'd angered, the"
"conv_5e234f25-eb78-4ec3-8113-c66645149ddc","Spread throughout the grand forest. The cabin was built from wood which Theo had cut with his own hands. It had taken many years but Theo had all the time in","the world. He had no family waiting for him elsewhere, no job calling him back to civilization. The forest was his home, his teacher, his companion.

Each morning","Spread throughout the grand forest. The cabin was built from wood which Theo had cut with his own hands. It had taken many years but Theo had all the time in the world. He had no family waiting for him elsewhere, no job calling him back to civilization. The forest was his home, his teacher, his companion.

Each morning"
"conv_29031421-8265-472f-b4ce-f147dd80edca","Mira's older brother listened carefully. He started to change. He would follow Mira's mother everywhere she went. ""I'm just keeping an eye out for her,"" he","would say, but his eyes had grown cold and watchful in a way that made Mira's stomach twist.

Their mother noticed too. She began burning letters in","Mira's older brother listened carefully. He started to change. He would follow Mira's mother everywhere she went. ""I'm just keeping an eye out for her,"" he would say, but his eyes had grown cold and watchful in a way that made Mira's stomach twist.

Their mother noticed too. She began burning letters in"
"noaceHjzkirRMoHnkT4V","did not frighten her. Her will, passion and burning loins drove her forwards with a speed unheard of in a tortoise of her size. The sharks had not yet noticed Paul's presence. But as she","hurried past them, the biggest one opened its mouth, bared its teeth, and said ""Hello, Paul"". Paul couldn't believe it! Finally she was reunited","did not frighten her. Her will, passion and burning loins drove her forwards with a speed unheard of in a tortoise of her size. The sharks had not yet noticed Paul's presence. But as she hurried past them, the biggest one opened its mouth, bared its teeth, and said ""Hello, Paul"". Paul couldn't believe it! Finally she was reunited"
"FTAeksA8Y0QOBPW6kxWX","was overwhelming. Skittles hadn't keept track of his route, and was getting more and more anxious by the minute. He tried to go left at the crossroad, but still couldn't recognise his","Go straight back home, but realized that he didn't know what way to go. He tried to use his nose, but the many smells of the city","was overwhelming. Skittles hadn't keept track of his route, and was getting more and more anxious by the minute. He tried to go left at the crossroad, but still couldn't recognise his Go straight back home, but realized that he didn't know what way to go. He tried to use his nose, but the many smells of the city"
"conv_12cd73100c564e7dbae7cf2d066d5cae","and the path grew narrower, until she found herself standing at the edge of a clearing, bathed in a soft, ethereal light that seemed to emanate from the very","center of the clearing itself, where a magnificent tree stood, its branches reaching towards the sky like a ladder of silver and gold, its trunk adorned with leaves that shimmered like","and the path grew narrower, until she found herself standing at the edge of a clearing, bathed in a soft, ethereal light that seemed to emanate from the very center of the clearing itself, where a magnificent tree stood, its branches reaching towards the sky like a ladder of silver and gold, its trunk adorned with leaves that shimmered like"
"fcEeCffFk5SmTIeQXKQN","the undercover police. Their smuggeling ring was infiltrated by a cat, and both marc and john was sent to a high","The bird mafia back home. They became affiliated with the bird mafia a little later on and got in trouble with","the undercover police. Their smuggeling ring was infiltrated by a cat, and both marc and john was sent to a high The bird mafia back home. They became affiliated with the bird mafia a little later on and got in trouble with"
"conv_be4cbde009954f858d463f4a693fc379","at the center of the glade stood a stone circle, ancient and worn. Moss and ivy clung to the stones, and in the middle, a single, radiant","flower bloomed, its petals shimmering with an ethereal light. Drawn by its beauty, Elara approached cautiously, her heart pounding with a mix of excitement and awe","at the center of the glade stood a stone circle, ancient and worn. Moss and ivy clung to the stones, and in the middle, a single, radiant flower bloomed, its petals shimmering with an ethereal light. Drawn by its beauty, Elara approached cautiously, her heart pounding with a mix of excitement and awe"
"conv_69120b0be9a881908567c1dfa912a6d90a309a13d5ea8eef","It's a good look. She knew that this boat belonged to the groundskeeper - and oh how handsome he was. She used to think about him often; the young man was just about","her age, with a charming smile and an easy laugh. His name was Aiden, and he had a knack for crafting stories as captivating as her books. As Elara","It's a good look. She knew that this boat belonged to the groundskeeper - and oh how handsome he was. She used to think about him often; the young man was just about her age, with a charming smile and an easy laugh. His name was Aiden, and he had a knack for crafting stories as captivating as her books. As Elara"
"conv_48a63036afde46b78f210ee3dbf2df89","hush fell over the villagers as they waited, their eyes fixed on the mysterious figure. The traveler’s voice, low and melodic, cut through the silence. “Tonight","we stand at the threshold of a new beginning,” the traveler said, their voice carrying a sense of urgency and wonder. “Within this box lies a key, and with it","hush fell over the villagers as they waited, their eyes fixed on the mysterious figure. The traveler’s voice, low and melodic, cut through the silence. “Tonight we stand at the threshold of a new beginning,” the traveler said, their voice carrying a sense of urgency and wonder. “Within this box lies a key, and with it"
"conv_d169dcc3b43f4aaaa66c06ed6d4e5484","that a part of the forest would always remain with her, a spark of its ancient wisdom and mystique that would guide her on her journey, and with a sense of gratitude","herself, in the same way again, for she had been forever changed by the magic of the forest, and as the light began to fade, Sophia smiled, knowing","that a part of the forest would always remain with her, a spark of its ancient wisdom and mystique that would guide her on her journey, and with a sense of gratitude herself, in the same way again, for she had been forever changed by the magic of the forest, and as the light began to fade, Sophia smiled, knowing"
"conv_58f0ce7b11cd427b8efb54a933443aea","ing like the surface of a moonlit lake, as the light spread from the trunk to the branches, illuminating the leaves and casting a mystical glow over the village, and","umber, and as the music reached a crescendo, a great oak tree at the edge of the forest began to glow with a soft, ethereal light, its bark shimmer","ing like the surface of a moonlit lake, as the light spread from the trunk to the branches, illuminating the leaves and casting a mystical glow over the village, and umber, and as the music reached a crescendo, a great oak tree at the edge of the forest began to glow with a soft, ethereal light, its bark shimmer"
"conv_69b581c4f16c81978ea543ce298c8c600546e04309837be3","Once upon a time there was a little squirrel who lived in a magical forest full of fairies and talking feathers. The little squirrel would hop around and play all day long in the","enchanting grove where sunlight filtered through the leaves, casting a mosaic of gold and green on the forest floor. The squirrel's name was Nutty, and she was known","Once upon a time there was a little squirrel who lived in a magical forest full of fairies and talking feathers. The little squirrel would hop around and play all day long in the enchanting grove where sunlight filtered through the leaves, casting a mosaic of gold and green on the forest floor. The squirrel's name was Nutty, and she was known"
"conv_5f17f002-84ad-4315-8c69-20ec83de1223","Eyes as blue as the seven seas. The younger princess, Lauren, was the opposite, with thick dark brown hair.","and eyes that sparkled like the stars on a clear night, but shared the same bright blue hue as her sister's, a trait that was said to be a mark of","Eyes as blue as the seven seas. The younger princess, Lauren, was the opposite, with thick dark brown hair. and eyes that sparkled like the stars on a clear night, but shared the same bright blue hue as her sister's, a trait that was said to be a mark of"
"conv_3c5b888e-d991-4bce-adad-5584923b75b5","Shaking with anger. ""How could you betray me like this?"" No response. The silence was deafening. Slowly his anger turned to","sorrow, and his clenched fists loosened. The empty workshop seemed to echo with ghosts of laughter that once filled it—his apprentice's l","Shaking with anger. ""How could you betray me like this?"" No response. The silence was deafening. Slowly his anger turned to sorrow, and his clenched fists loosened. The empty workshop seemed to echo with ghosts of laughter that once filled it—his apprentice's l"
"JFI8cNwhGfRT2Jd6JUd0",", but it didn't matter. He was just on another level. For step two, Carl practiced new knitting techniques involving impossible hand-eye","coordination analysis. He read numerous reasearch papers on how the mind works with muscles. This elevated his technique by",", but it didn't matter. He was just on another level. For step two, Carl practiced new knitting techniques involving impossible hand-eye coordination analysis. He read numerous reasearch papers on how the mind works with muscles. This elevated his technique by"
"conv_d061c2596f1440f3bb6c77e2e3dd1a97","and the subtle rhythms of the forest creatures, teaching her how to listen to the whispers of the wind and the songs of the birds. As they walked, Elara would tell","and teach her about the ancient secrets and mysteries that lay hidden beneath the forest's surface. She showed Emilia the medicinal properties of the plants, the language of the trees,","and the subtle rhythms of the forest creatures, teaching her how to listen to the whispers of the wind and the songs of the birds. As they walked, Elara would tell and teach her about the ancient secrets and mysteries that lay hidden beneath the forest's surface. She showed Emilia the medicinal properties of the plants, the language of the trees,"
"conv_d169dcc3b43f4aaaa66c06ed6d4e5484","secret that had been hidden in plain sight, waiting for her to uncover it, and as the whispering voice fell silent, she felt a subtle shift in her perception, as","trees, a symbiotic union that awakened a deep sense of belonging and connection to the land, and Sophia knew in that moment that she had stumbled upon a hidden truth, a","secret that had been hidden in plain sight, waiting for her to uncover it, and as the whispering voice fell silent, she felt a subtle shift in her perception, as trees, a symbiotic union that awakened a deep sense of belonging and connection to the land, and Sophia knew in that moment that she had stumbled upon a hidden truth, a"
"INnauEosv25woOCrBRDi","on the road to achieve his dream. But what Bob did not know yet, was that the trip to Candyland would not be like","He packed his bag and snowboard and off he went. The trip to Candyland was long and hard, but Bob kept his spirits high as he was now","on the road to achieve his dream. But what Bob did not know yet, was that the trip to Candyland would not be like He packed his bag and snowboard and off he went. The trip to Candyland was long and hard, but Bob kept his spirits high as he was now"
"conv_bf42f3342170423a9a125531347bd54e","sometimes found himself staring at the shifting shadows outside his window, remembering. It had been a night much like this—crickets quiet, air cool, leaves skittering over","the cobblestones. He’d been closing up his shop when a soft tapping came at the door—not the heavy knock of a neighbor, but something finer, more tentative.","sometimes found himself staring at the shifting shadows outside his window, remembering. It had been a night much like this—crickets quiet, air cool, leaves skittering over the cobblestones. He’d been closing up his shop when a soft tapping came at the door—not the heavy knock of a neighbor, but something finer, more tentative."
"conv_ed575a06c11d42358e3eeb7826d2f959","a lighthouse keeper who spoke only to the sea.

For seventeen years, Margot had lived alone on the rocky outcrop where the Beacon","For seventeen years, Margot had lived alone on the rocky outcrop where the Beacon of St. Clement's stood sentinel against the churning Atlantic. The lighthouse","a lighthouse keeper who spoke only to the sea.

For seventeen years, Margot had lived alone on the rocky outcrop where the Beacon For seventeen years, Margot had lived alone on the rocky outcrop where the Beacon of St. Clement's stood sentinel against the churning Atlantic. The lighthouse"
"conv_691e9e26b7688197a86e51a9d9a7dfe1052dd4511749a606","Once, not far too many years ago, a big accident happened. It happened not just once, not just twice, but seven times in","the small town of Willow Creek. Each incident occurred precisely at midnight, leaving the townspeople bewildered and afraid. Whispers of curses and restless spirits echoed through the streets,","Once, not far too many years ago, a big accident happened. It happened not just once, not just twice, but seven times in the small town of Willow Creek. Each incident occurred precisely at midnight, leaving the townspeople bewildered and afraid. Whispers of curses and restless spirits echoed through the streets,"
"FTAeksA8Y0QOBPW6kxWX","the dog turned around with an exitied bark. They were running down the street together, and Skittle saw a sight, that made him so happy! The old lady was right there with a searching","Him. Skittles asked the dog if it knew where his home was. The dog gave him a big sniff, then sniffed the air. After a moment,","the dog turned around with an exitied bark. They were running down the street together, and Skittle saw a sight, that made him so happy! The old lady was right there with a searching Him. Skittles asked the dog if it knew where his home was. The dog gave him a big sniff, then sniffed the air. After a moment,"
"conv_69120b0be9a881908567c1dfa912a6d90a309a13d5ea8eef","ropes. It was from Aiden. He will be delayed and that she should just get into the boat and row over to the house on her own. Elara got scared because the","river was known for its unpredictable currents, but Aiden reassured her in the note that he had marked a safe path with floating lanterns. Trusting his guidance, she","ropes. It was from Aiden. He will be delayed and that she should just get into the boat and row over to the house on her own. Elara got scared because the river was known for its unpredictable currents, but Aiden reassured her in the note that he had marked a safe path with floating lanterns. Trusting his guidance, she"
"conv_ed575a06c11d42358e3eeb7826d2f959","had become an extension of her own body—she knew each iron rung of the spiral staircase by the particular groan it made beneath her boots, could sense the","shifting moods of the lens room by the quality of light refracted through salt-crusted windows. But it was to the sea itself that she spoke her daily confessions","had become an extension of her own body—she knew each iron rung of the spiral staircase by the particular groan it made beneath her boots, could sense the shifting moods of the lens room by the quality of light refracted through salt-crusted windows. But it was to the sea itself that she spoke her daily confessions"
"conv_5b956e03-a900-47aa-88a9-54cb6be40071","without homes within the week. Silly Billy on the other hand was so silly he could not be bothered with mortgages, shorts, interest, loans and that kind. Mrs. Whisker was funny","and decided to join forces with Silly Billy, using her quick wit and his carefree nature to devise a plan to outsmart Gohda and bring prosperity back to the","without homes within the week. Silly Billy on the other hand was so silly he could not be bothered with mortgages, shorts, interest, loans and that kind. Mrs. Whisker was funny and decided to join forces with Silly Billy, using her quick wit and his carefree nature to devise a plan to outsmart Gohda and bring prosperity back to the"
"JFI8cNwhGfRT2Jd6JUd0","Once upon a time there was a crazy cool dude named Carl. Carl was the best at everything he did, a true champion of the people. One","time, Carl decided he wanted to engage in a new hobby. A hobby that would change rythm of his day. And even - of his life!","Once upon a time there was a crazy cool dude named Carl. Carl was the best at everything he did, a true champion of the people. One time, Carl decided he wanted to engage in a new hobby. A hobby that would change rythm of his day. And even - of his life!"
"FTAeksA8Y0QOBPW6kxWX","make himself big by raising the hairs on his back. The dog barked at him, but wait... this was not a threatening bark. Maybe the dog was friendly. Even better - maybe the dog could help","surroundings. As he was walking, he suddenly bumped into a big dog! The dog started wagging its tail, and Skittles hissed, trying to","make himself big by raising the hairs on his back. The dog barked at him, but wait... this was not a threatening bark. Maybe the dog was friendly. Even better - maybe the dog could help surroundings. As he was walking, he suddenly bumped into a big dog! The dog started wagging its tail, and Skittles hissed, trying to"
"conv_12cd73100c564e7dbae7cf2d066d5cae","that few others knew existed. As she wandered, the trees seemed to whisper secrets to her on the wind, and the wildflowers bloomed in every color of the rainbow,","filling the air with sweet fragrances that drew her deeper into the forest. The creatures of the forest, too, seemed to sense her gentle spirit, and she would often","that few others knew existed. As she wandered, the trees seemed to whisper secrets to her on the wind, and the wildflowers bloomed in every color of the rainbow, filling the air with sweet fragrances that drew her deeper into the forest. The creatures of the forest, too, seemed to sense her gentle spirit, and she would often"
"ULRAMZF7ra0i53A9w3Gv","someone just a loving as Mary had always been!! But Pluto keeps his hopes high to find a person just as kind as his","Though she sometimes had a sad dog, Pluto was sad the day Mary passed away, but he also dreamed of a better life. A life with unconditional love from","someone just a loving as Mary had always been!! But Pluto keeps his hopes high to find a person just as kind as his Though she sometimes had a sad dog, Pluto was sad the day Mary passed away, but he also dreamed of a better life. A life with unconditional love from"
"conv_6981ccf5d5f4819394bcd7bad4d79b14001ace58e9b20b81","The air, imagining what it would be like if he lived in Giant Town. One day as he and his brothers were","playing hide and seek among the kale bushes, Clarence overheard a group of sparrows talking about a festival in Giant Town. They spoke of carrot contests and celebrations where","The air, imagining what it would be like if he lived in Giant Town. One day as he and his brothers were playing hide and seek among the kale bushes, Clarence overheard a group of sparrows talking about a festival in Giant Town. They spoke of carrot contests and celebrations where"
"conv_5f17f002-84ad-4315-8c69-20ec83de1223","One day, when the family expected Tina to come over, the cook even having baked fresh buns for lunch, no knock was heard on the door, not a sound of steps on the porch.","path leading up to the castle, and a sense of unease began to settle over the kingdom, as if the very absence of Tina's gentle presence had disturbed the balance of","One day, when the family expected Tina to come over, the cook even having baked fresh buns for lunch, no knock was heard on the door, not a sound of steps on the porch. path leading up to the castle, and a sense of unease began to settle over the kingdom, as if the very absence of Tina's gentle presence had disturbed the balance of"
"conv_10acd64665e647b2b546c115db60481d","voyage, the promise of discovery guiding their every step. And so, the adventure began, with the whisper of the waves and the hope of a legacy waiting to be reclaimed","in the heart of the vast, uncharted ocean. Together, they sailed into the night, their spirits intertwined with the ancient tales of the sea, ready to uncover the secrets","voyage, the promise of discovery guiding their every step. And so, the adventure began, with the whisper of the waves and the hope of a legacy waiting to be reclaimed in the heart of the vast, uncharted ocean. Together, they sailed into the night, their spirits intertwined with the ancient tales of the sea, ready to uncover the secrets"
"conv_ff8f8b90ff284f71954c9a40da590bc5","into its depths. Emilia, feeling an insatiable hunger to uncover the secrets that lay within, gathered her courage and set out towards the Echoing Cavern, following","the winding path that the decoded symbols had revealed, her heart pounding with anticipation as she ascended higher into the mountains, the air growing thinner and the silence more profound, until","into its depths. Emilia, feeling an insatiable hunger to uncover the secrets that lay within, gathered her courage and set out towards the Echoing Cavern, following the winding path that the decoded symbols had revealed, her heart pounding with anticipation as she ascended higher into the mountains, the air growing thinner and the silence more profound, until"
"hPlwWqqkemjjNa4Ny4nr","It was like walking on a pink cloud at sunset. But she knew that she one day had to be ready. And she would be a","great mother, she was sure of it. She would show her child how to have a good time, and hopefully, their children would not have to face the same judgements","It was like walking on a pink cloud at sunset. But she knew that she one day had to be ready. And she would be a great mother, she was sure of it. She would show her child how to have a good time, and hopefully, their children would not have to face the same judgements"
"qVjn3NBZDrc5qwoYuKfa","sun, sadly, could reach any of is body parts. The good part of the fish world is that there is always a clear race distinction. No tanning or spray","To the story, it was a sunny day, not that Vojtech would know, his hood was deep below surface where no","sun, sadly, could reach any of is body parts. The good part of the fish world is that there is always a clear race distinction. No tanning or spray To the story, it was a sunny day, not that Vojtech would know, his hood was deep below surface where no"
"conv_69a0753fc5d08196aa37099ec6c65b69083687b3e71b94b5","She was sure it had something to do with the way she moved when striding her way through the thick layers of debris that had fallen.","from the canopy above. She walked with a grace that seemed untouched by the woods' chaos, as if the forest parted for her. Some said she was part fae,","She was sure it had something to do with the way she moved when striding her way through the thick layers of debris that had fallen. from the canopy above. She walked with a grace that seemed untouched by the woods' chaos, as if the forest parted for her. Some said she was part fae,"
"conv_691f065bc31481969cdbdc53f0ca1d3b03f44f568e358927","... Something... from a new friend. ""Could he be my soulmate?"" she wondered to herself. ""I would love that! And I think I'll give that tasty red [apple/fruit/item] a try.""","a try,"" she said with a playful wink. They exchanged numbers, the connection between them feeling unexpectedly natural.

As Lila left the shop, Ethan watched her go, wondering","... Something... from a new friend. ""Could he be my soulmate?"" she wondered to herself. ""I would love that! And I think I'll give that tasty red [apple/fruit/item] a try."" a try,"" she said with a playful wink. They exchanged numbers, the connection between them feeling unexpectedly natural.

As Lila left the shop, Ethan watched her go, wondering"
"conv_691e9e26b7688197a86e51a9d9a7dfe1052dd4511749a606","The water, images of old memories and people in her life that had disappeared. It all seemed so real, like she was in the water dancing.","alongside them. The water seemed to whisper secrets, hinting at the origins of the accidents and the hidden truths behind her brother's actions. Isabelle realized she was on the","The water, images of old memories and people in her life that had disappeared. It all seemed so real, like she was in the water dancing. alongside them. The water seemed to whisper secrets, hinting at the origins of the accidents and the hidden truths behind her brother's actions. Isabelle realized she was on the"
"conv_90ea40da-2853-405a-9c2f-a22e77888401","And the canals. While attending a conference, he met a beautiful lioness named Josephine. Soon, the two of them got married and had a","cub, whom they named Leo. Life in Amsterdam was a blend of academic pursuits and family joy, and Gustav found himself thriving in ways he never imagined possible.","And the canals. While attending a conference, he met a beautiful lioness named Josephine. Soon, the two of them got married and had a cub, whom they named Leo. Life in Amsterdam was a blend of academic pursuits and family joy, and Gustav found himself thriving in ways he never imagined possible."
"conv_f7e01785de8f410a8934c906998a9e68","circle that glowed faintly under the moonlight. It was said that the circle was a gateway to another realm, a place where time flowed differently and wonders beyond imagination awaited","Despite its peaceful appearance, the village harbored a secret known only to a few. Deep within the forest, hidden by ancient trees and cloaked in mystery, lay a stone","circle that glowed faintly under the moonlight. It was said that the circle was a gateway to another realm, a place where time flowed differently and wonders beyond imagination awaited Despite its peaceful appearance, the village harbored a secret known only to a few. Deep within the forest, hidden by ancient trees and cloaked in mystery, lay a stone"
"conv_c691ca68f70340db9ad7d9d4289462ab","spoke of a dark presence creeping into the forest, something that threatened to silence the ancient spirits forever. Without hesitation, Elara gathered her courage and a small lantern, determined","to investigate the source of the disturbance. As she stepped into the forest, the familiar mist wrapped around her like a protective shawl, guiding her deeper into the woods. The","spoke of a dark presence creeping into the forest, something that threatened to silence the ancient spirits forever. Without hesitation, Elara gathered her courage and a small lantern, determined to investigate the source of the disturbance. As she stepped into the forest, the familiar mist wrapped around her like a protective shawl, guiding her deeper into the woods. The"
"conv_c7f16c31-e264-4ad6-8a72-7c626fa0cac0","Rainbow hairball, that was left like a long wet colourful trail behind them. In the outskirts of the city they came by a giant tree, where a brown haired girl was sitting on a","bench, staring at the rainbow trail as if mesmerized by its vibrant colors, and when she looked up, her eyes met Lucy's, and for a moment, they just","Rainbow hairball, that was left like a long wet colourful trail behind them. In the outskirts of the city they came by a giant tree, where a brown haired girl was sitting on a bench, staring at the rainbow trail as if mesmerized by its vibrant colors, and when she looked up, her eyes met Lucy's, and for a moment, they just"
"conv_2ce635fa-cb6c-424f-9565-859a944eed92","d. but such is not the case for any one bird. flightless birds, as they are called, have taken to new ways of survival, be that in water or on land.","land with such commitment that their wings became vestigial whispers of what once was. The penguin trades air for ocean depths. The ostrich, speed across savanna","d. but such is not the case for any one bird. flightless birds, as they are called, have taken to new ways of survival, be that in water or on land. land with such commitment that their wings became vestigial whispers of what once was. The penguin trades air for ocean depths. The ostrich, speed across savanna"
"conv_7953f8d7070847b8bfaced65bd8e3d5e","to touch now. And in that gray, she saw the truth she'd been suspending for months: the sea had never left. She had simply stopped being","opener at the south where the surf cut sharpest. But beyond them, where the Atlantic should have churned infinite and cold, there was only the gray, close enough","to touch now. And in that gray, she saw the truth she'd been suspending for months: the sea had never left. She had simply stopped being opener at the south where the surf cut sharpest. But beyond them, where the Atlantic should have churned infinite and cold, there was only the gray, close enough"
"conv_691dc83ec728819085d614247e77833604d03bd64a490dfd","Across his face, he almost looks hungry. Willy notices a line in small letters at the bottom; he also signs away his","freedom to leave. ""Permanent employment,"" the words read, ""bound to the circus for all days remaining."" 

Willy's webbed hand trembles,","Across his face, he almost looks hungry. Willy notices a line in small letters at the bottom; he also signs away his freedom to leave. ""Permanent employment,"" the words read, ""bound to the circus for all days remaining."" 

Willy's webbed hand trembles,"
"conv_a047b0e3f92d41c09ef45e011a99a23f","echoed through the glade: “Welcome, Emil. The forest has been waiting for you.” Shapes moved between the trees—guardians of this realm, curious and kind",". One guardian, taller than the rest, stepped forward, its eyes gleaming like soft emeralds. It knelt before Emil and spoke, “With the key, you","echoed through the glade: “Welcome, Emil. The forest has been waiting for you.” Shapes moved between the trees—guardians of this realm, curious and kind . One guardian, taller than the rest, stepped forward, its eyes gleaming like soft emeralds. It knelt before Emil and spoke, “With the key, you"
"h9mEvTqoZyrUb6cj1fxu","He instantly melted her heart as he nodded his head and made a clicking sound with his mouth. He said, ""Hey, girl."" Sofie looked at","scared but intrigued, somehow her heart beats faster and she gets flustered. Then he suddenly asked.. ""Which bus are you taken? we take the same bus","He instantly melted her heart as he nodded his head and made a clicking sound with his mouth. He said, ""Hey, girl."" Sofie looked at scared but intrigued, somehow her heart beats faster and she gets flustered. Then he suddenly asked.. ""Which bus are you taken? we take the same bus"
"conv_c7f16c31-e264-4ad6-8a72-7c626fa0cac0","""Such an interesting lady as you."" Lea reached out her hand to grab Lucy by the wrist and hoist herself up from the bench. ""You lead the way, honey,"" Lucy told her.","her, and Lea's fingers intertwined with hers, sending shivers down Lucy's spine, and with Cat trotting alongside them, they walked hand in hand towards a quaint","""Such an interesting lady as you."" Lea reached out her hand to grab Lucy by the wrist and hoist herself up from the bench. ""You lead the way, honey,"" Lucy told her. her, and Lea's fingers intertwined with hers, sending shivers down Lucy's spine, and with Cat trotting alongside them, they walked hand in hand towards a quaint"
"conv_691f696d0b348190810494e2c5d82fee08324043d78ba0f7","to vaporize into letters. At first the letters seemed completely random, but slowly they arranged themselves into words. It seemed to be in another language, but Andreas was sure he","recognized some elements from his grandmother’s tales. With a touch of hesitation and excitement, he murmured the words aloud. Suddenly, the air around him shimmered, and a","to vaporize into letters. At first the letters seemed completely random, but slowly they arranged themselves into words. It seemed to be in another language, but Andreas was sure he recognized some elements from his grandmother’s tales. With a touch of hesitation and excitement, he murmured the words aloud. Suddenly, the air around him shimmered, and a"
"conv_11293fd2-d757-471f-8e2e-783542167a8e","Gliding gracefully down a sturdy-looking rope. ""Me? Well, I'm here on an adventure, my girl. Would you care to join me in my secret","expedition?"" the creature asked, its yellow eyes sparkling with excitement, as it reached the ground and began to brush off its coat, revealing a pocket watch chain and a small","Gliding gracefully down a sturdy-looking rope. ""Me? Well, I'm here on an adventure, my girl. Would you care to join me in my secret expedition?"" the creature asked, its yellow eyes sparkling with excitement, as it reached the ground and began to brush off its coat, revealing a pocket watch chain and a small"
"conv_0f18b30f-7d4b-4681-b98e-a0ff4f2b5256","Mild-mannered mother, Puritanical father, and most of all her beloved Granny Gigi who has hinted at a bequest in her.","will, a secret stash of money that Granny Gigi had set aside from her own adventures as a young woman, traveling the world as a missionary's wife, and which she","Mild-mannered mother, Puritanical father, and most of all her beloved Granny Gigi who has hinted at a bequest in her. will, a secret stash of money that Granny Gigi had set aside from her own adventures as a young woman, traveling the world as a missionary's wife, and which she"
"JYZ6dAbVtTCZL8fZXM8s","Ears pointed towards a large tree with long roots spread out into the water, ""We can try to stop there!"" ""What about the basket?"" said the toad, ""Should I try and reach?""","it?"" The rabbit tried to say something, but the river was too loud. But then the water seemed to shift and instead of fighting them, it helped them in the","Ears pointed towards a large tree with long roots spread out into the water, ""We can try to stop there!"" ""What about the basket?"" said the toad, ""Should I try and reach?"" it?"" The rabbit tried to say something, but the river was too loud. But then the water seemed to shift and instead of fighting them, it helped them in the"
"conv_2d902bf2a3234361aa78feaab07a487a","for her choice. With a steady hand, she turned the key. The pedestal shuddered, and a low wind swirled, carrying the symphony out across Ash","down Street and far beyond. The ghosts offered Clara a place among them—a guardian of dreams and lost things—while the city, for a moment, shimmered with wonder,","for her choice. With a steady hand, she turned the key. The pedestal shuddered, and a low wind swirled, carrying the symphony out across Ash down Street and far beyond. The ghosts offered Clara a place among them—a guardian of dreams and lost things—while the city, for a moment, shimmered with wonder,"
"conv_a2292393-fd39-476f-975c-aaf411653197","has a story to tell."" Emily grew weary of this seemingly gentle stranger. What did he want? The stranger sensed this and said: ""I don't want to alarm you, but I think you might","be the one I've been searching for, Emily,"" he said, his voice taking on a note of urgency, as he glanced around cautiously, as if he feared being over","has a story to tell."" Emily grew weary of this seemingly gentle stranger. What did he want? The stranger sensed this and said: ""I don't want to alarm you, but I think you might be the one I've been searching for, Emily,"" he said, his voice taking on a note of urgency, as he glanced around cautiously, as if he feared being over"
"conv_0fcb83fd5cc0426ea3088bfd0c19daae","""We were like you once,"" the fog breathed, and Miriam understood somehow that ""we"" meant many—dozens, hundreds perhaps. ""We tended lights","before the sea claimed us. Before we became this—neither gone nor staying, caught between the water and the wind.""

Miriam's breath caught. She thought of","""We were like you once,"" the fog breathed, and Miriam understood somehow that ""we"" meant many—dozens, hundreds perhaps. ""We tended lights before the sea claimed us. Before we became this—neither gone nor staying, caught between the water and the wind.""

Miriam's breath caught. She thought of"
"conv_7953f8d7070847b8bfaced65bd8e3d5e","reached the door—the heavy oak one that opened onto the rocks and the sea beyond—she found it already ajar. Wind that smelled of nothing slipped through the","something in a code she'd never learned but somehow understood. STAY.

Meredith continued down, her legs moving of their own accord now, and when she","reached the door—the heavy oak one that opened onto the rocks and the sea beyond—she found it already ajar. Wind that smelled of nothing slipped through the something in a code she'd never learned but somehow understood. STAY.

Meredith continued down, her legs moving of their own accord now, and when she"
"conv_10acd64665e647b2b546c115db60481d","destined for something greater. As the sun dipped below the horizon, casting the sky in a fiery orange and pink, Ella felt a deep peace. She was exactly where she","was meant to be, on the threshold of a new chapter in her life. With the wind at their backs and the sea stretching endlessly before them, Ella and Lars continued their","destined for something greater. As the sun dipped below the horizon, casting the sky in a fiery orange and pink, Ella felt a deep peace. She was exactly where she was meant to be, on the threshold of a new chapter in her life. With the wind at their backs and the sea stretching endlessly before them, Ella and Lars continued their"
"conv_ff8f8b90ff284f71954c9a40da590bc5","orne, seemed to sense Emilia's fascination with the mysterious texts and began to reveal to her the secrets of the forgotten language, teaching her how to decipher the cryptic symbols","and unlock the hidden meanings behind the ancient words. As Emilia's understanding of the language deepened, she started to notice that the symbols were not just random markings, but","orne, seemed to sense Emilia's fascination with the mysterious texts and began to reveal to her the secrets of the forgotten language, teaching her how to decipher the cryptic symbols and unlock the hidden meanings behind the ancient words. As Emilia's understanding of the language deepened, she started to notice that the symbols were not just random markings, but"
"conv_23ed55f8-cc91-439f-8c8e-e24f66457596","Mother was always bothered by their lack of wealth, and now this was a chance for her to help her and take away her worries. But is that really the best?","use of such powerful wishes? Lila’s heart ached with the weight of the decision. She looked around at her fairy friends playing in the sunbeams, their laughter","Mother was always bothered by their lack of wealth, and now this was a chance for her to help her and take away her worries. But is that really the best? use of such powerful wishes? Lila’s heart ached with the weight of the decision. She looked around at her fairy friends playing in the sunbeams, their laughter"
"conv_12cd73100c564e7dbae7cf2d066d5cae","diamonds and emeralds, casting dappled shadows on the ground below, where a soft, velvety moss carpeted the earth, and a tiny, delicate","brook babbled and splashed, its source and destination unknown, as it wound its way lazily through the moss, creating a sense of serenity and peace that seemed","diamonds and emeralds, casting dappled shadows on the ground below, where a soft, velvety moss carpeted the earth, and a tiny, delicate brook babbled and splashed, its source and destination unknown, as it wound its way lazily through the moss, creating a sense of serenity and peace that seemed"
"conv_0bb56093-3033-4615-bb70-ebfa4135589a","Passin' Alameda, my gas meter in need of a pump. I got enough to get me through the traffic jam. At least I hope, 'cause my pockets broke.","and the mama van's engine sputtered, as if echoing John's concern, but Kendrick just nodded sympathetically, his mind still preoccupied with the memories of Sherane","Passin' Alameda, my gas meter in need of a pump. I got enough to get me through the traffic jam. At least I hope, 'cause my pockets broke. and the mama van's engine sputtered, as if echoing John's concern, but Kendrick just nodded sympathetically, his mind still preoccupied with the memories of Sherane"
"conv_6917421066d8819592863132f4a141a00078d2d8d630f704","Mountains behind him in a beautiful yellow color. Knowing the sun is setting, Jeff knows his chance of survival is dwindling each.","moment the temperature drops. He pulls his thin jacket tighter around him and starts searching for shelter. His breath comes in quick puffs, mingling with the cold air, as","Mountains behind him in a beautiful yellow color. Knowing the sun is setting, Jeff knows his chance of survival is dwindling each. moment the temperature drops. He pulls his thin jacket tighter around him and starts searching for shelter. His breath comes in quick puffs, mingling with the cold air, as"
"conv_5f17f002-84ad-4315-8c69-20ec83de1223","Their unity and to represent the light and hope that was so inherent to the kingdom's community. People admired the two princesses and held","them in high esteem, not just for their royal lineage, but for their kind hearts and gentle spirits, which had earned them the love and respect of all the kingdom's inhabitants","Their unity and to represent the light and hope that was so inherent to the kingdom's community. People admired the two princesses and held them in high esteem, not just for their royal lineage, but for their kind hearts and gentle spirits, which had earned them the love and respect of all the kingdom's inhabitants"
"conv_0a6352c9d2d44fd38017a8422ff49497","a young girl named Sophia, who lived in a small village surrounded by vast, rolling hills and dense forests. She had always been drawn to the mysterious and often found herself wandering","into the woods, where the ancient trees seemed to whisper secrets to her on the wind. The villagers would often warn her of the dangers that lurked in the shadows, from","a young girl named Sophia, who lived in a small village surrounded by vast, rolling hills and dense forests. She had always been drawn to the mysterious and often found herself wandering into the woods, where the ancient trees seemed to whisper secrets to her on the wind. The villagers would often warn her of the dangers that lurked in the shadows, from"
"conv_155f7493-3058-435d-a672-40e7e8ec213a","""Come on!"" he exclaimed. He had promised Goldilocks to go to the village together. She ALWAYS knew where she would put her ""X"". She would put","it without a second thought, her confidence both enviable and a bit intimidating. Per stood up, straightened his shirt, and grabbed his coat. It was time to meet","""Come on!"" he exclaimed. He had promised Goldilocks to go to the village together. She ALWAYS knew where she would put her ""X"". She would put it without a second thought, her confidence both enviable and a bit intimidating. Per stood up, straightened his shirt, and grabbed his coat. It was time to meet"
"r47jfYG4ULZMEexvVeqs","signs up for the audition taking place the coming month. Now she just have to practice everyday. And that she does. Whilst cleaning the dirty toilets,","audition for X-factor! This is how she will finally become a household pop-jazz icon! She runs to the stationary computer in their office and with shaking hands she","signs up for the audition taking place the coming month. Now she just have to practice everyday. And that she does. Whilst cleaning the dirty toilets, audition for X-factor! This is how she will finally become a household pop-jazz icon! She runs to the stationary computer in their office and with shaking hands she"
"599Km2RY5nTNKI7vG2Wb","But the students were experienced sailors—on the university lake at least. It wasn't spring yet, so none of","students were eager to get in the ice cold water. But it mus be done, beer is on the line after all! And with the beer in mind, they rushed into the boats. One fell","But the students were experienced sailors—on the university lake at least. It wasn't spring yet, so none of students were eager to get in the ice cold water. But it mus be done, beer is on the line after all! And with the beer in mind, they rushed into the boats. One fell"
"conv_691f696d0b348190810494e2c5d82fee08324043d78ba0f7","With the strength of a thousand oxen, Andreas, now in possession of the greatest cocoa beans ever, was still in need of a sword worthy of the chocolate.","and set off to find the legendary blacksmith, Helga, who was said to forge with the heart of the earth itself. Helga's forge lay hidden within a mountain","With the strength of a thousand oxen, Andreas, now in possession of the greatest cocoa beans ever, was still in need of a sword worthy of the chocolate. and set off to find the legendary blacksmith, Helga, who was said to forge with the heart of the earth itself. Helga's forge lay hidden within a mountain"
"conv_6981ccf5d5f4819394bcd7bad4d79b14001ace58e9b20b81","They shared with the cabbage family that lived next door. Clarence struggled a lot with his height. He would constantly","bump into the low-hanging branches of parsley trees, causing the leaves to flutter down like confetti. His siblings often teased him, saying he could touch the clouds if","They shared with the cabbage family that lived next door. Clarence struggled a lot with his height. He would constantly bump into the low-hanging branches of parsley trees, causing the leaves to flutter down like confetti. His siblings often teased him, saying he could touch the clouds if"
"conv_10acd64665e647b2b546c115db60481d","fishing boat bobbed gently against the dock. The captain, a grizzled old man named Lars, was known for his tales of the sea and his willingness to take","on odd jobs. When Ella approached him with her request to sail into the unknown, Lars squinted at her, then at the journal, and finally back at her with","fishing boat bobbed gently against the dock. The captain, a grizzled old man named Lars, was known for his tales of the sea and his willingness to take on odd jobs. When Ella approached him with her request to sail into the unknown, Lars squinted at her, then at the journal, and finally back at her with"
"vtVEZIgMKoEkI6hoyJnd","children up for adoption in 1978. She called Mike Tyson, who was in the middle of drawing a cat, and asked if he wanted to go to","Her, that she should watch him in the ring doing his thing, she said. Gertrude knew exactly what she meant. She's been through the whole thing when she put her","children up for adoption in 1978. She called Mike Tyson, who was in the middle of drawing a cat, and asked if he wanted to go to Her, that she should watch him in the ring doing his thing, she said. Gertrude knew exactly what she meant. She's been through the whole thing when she put her"
"noaceHjzkirRMoHnkT4V","A little shell-less naked tortoise alone in the rain. At first Paul was confused. Then came the sadness - her home was gone. But then... came the feeling of burning.","in her loins. A new sensation, a good sensation, a sensation making her feel more lonely than ever. CRASH! The loudest noise Paul had ever heard filled the air. She","A little shell-less naked tortoise alone in the rain. At first Paul was confused. Then came the sadness - her home was gone. But then... came the feeling of burning. in her loins. A new sensation, a good sensation, a sensation making her feel more lonely than ever. CRASH! The loudest noise Paul had ever heard filled the air. She"
"conv_a047b0e3f92d41c09ef45e011a99a23f","a small, moss-covered stone that sat at the edge of an old forest. Though it appeared unassuming, locals whispered that on certain nights, when the moonlight touched its","weathered surface just right, the stone would emit a faint, silvery glow. Children dared each other to approach it, but only the bravest—or the most foolish—","a small, moss-covered stone that sat at the edge of an old forest. Though it appeared unassuming, locals whispered that on certain nights, when the moonlight touched its weathered surface just right, the stone would emit a faint, silvery glow. Children dared each other to approach it, but only the bravest—or the most foolish—"
"cUrf0q4FWuzVfOPnH1a7","the prisoner. Again, the sovereign awaited a meek cry from his hostage. The prisoner steadied himself both wings. A glare of vengeance beamed up to the thrown. A mighty ""HONK"" boomed","""Achieve? For a duck of your stature, I must only assume the worst of intents. Answer me! Peasant of the far lands!"" The light of the stained-glass windows shattered on the face of","the prisoner. Again, the sovereign awaited a meek cry from his hostage. The prisoner steadied himself both wings. A glare of vengeance beamed up to the thrown. A mighty ""HONK"" boomed ""Achieve? For a duck of your stature, I must only assume the worst of intents. Answer me! Peasant of the far lands!"" The light of the stained-glass windows shattered on the face of"
"JYZ6dAbVtTCZL8fZXM8s","Realizing that it was suddenly dark outside, they had never been to this place before and felt strange being away from their home.","safe home. ""Mmm, where am I?"" a high pitched voice asked, and they all looked to the basket, where the pill bug had awoken. They were all relieved","Realizing that it was suddenly dark outside, they had never been to this place before and felt strange being away from their home. safe home. ""Mmm, where am I?"" a high pitched voice asked, and they all looked to the basket, where the pill bug had awoken. They were all relieved"
"conv_a7acc18d772f40a5ac655e460ce84ff2","heart of the mountains. As she walked, the air grew cooler, and the sounds of the village faded into silence. The path was overgrown, but Eliara pressed on","with determination. She felt a strange excitement, as if the very earth beneath her feet was urging her forward. After hours of walking, the trees began to thin, and the","heart of the mountains. As she walked, the air grew cooler, and the sounds of the village faded into silence. The path was overgrown, but Eliara pressed on with determination. She felt a strange excitement, as if the very earth beneath her feet was urging her forward. After hours of walking, the trees began to thin, and the"
"conv_3c43f51a-ffcf-4161-8d6d-b76bf669acb6","Thaddeus knew that he was made for greatness—something more. He wasn't just put on earth to experience the agony and misery that life often brings.","bestows. No, Thaddeus was destined for something extraordinary. His heart beat with an unquenchable fire, a relentless drive that pushed him to seek out","Thaddeus knew that he was made for greatness—something more. He wasn't just put on earth to experience the agony and misery that life often brings. bestows. No, Thaddeus was destined for something extraordinary. His heart beat with an unquenchable fire, a relentless drive that pushed him to seek out"
"conv_c576a2b8-4944-4966-b836-5a4fde76260f","Ears at Halfdan, the hottest penguin on the ice, and try out his latest improvement... Spare parts were scarce and safety non-existing.","but Durgenhal's determination and creativity knew no bounds. He cobbled together a rickety contraption from old fishing nets, rusty bike wheels, and a discarded umbrella","Ears at Halfdan, the hottest penguin on the ice, and try out his latest improvement... Spare parts were scarce and safety non-existing. but Durgenhal's determination and creativity knew no bounds. He cobbled together a rickety contraption from old fishing nets, rusty bike wheels, and a discarded umbrella"
"h9mEvTqoZyrUb6cj1fxu","Moments. Magnus, he was called... He had long, thin hair, tied up in a very small ponytail with a goatee. Sophie was struck by","love, she was completely captivated by looks and his eyes, his sense of fashion and that smile... it enlighten something inside of her","Moments. Magnus, he was called... He had long, thin hair, tied up in a very small ponytail with a goatee. Sophie was struck by love, she was completely captivated by looks and his eyes, his sense of fashion and that smile... it enlighten something inside of her"
"fIf2ccAs4ZpVTP7BBoxp","the beautiful nature surrounding here. The river through the hills and the trees moving with the wind. She has never really been much","She was now heading down to the river in the middle of the city. She wanted to take her bike, but forgot that the tire was deeply flat. As she started to hike, this made her meditate on","the beautiful nature surrounding here. The river through the hills and the trees moving with the wind. She has never really been much She was now heading down to the river in the middle of the city. She wanted to take her bike, but forgot that the tire was deeply flat. As she started to hike, this made her meditate on"
"conv_72218cb5-e59c-4c93-a4b9-a057fe5dad80","To look everywhere for her but had no luck. Eventually he came across a door with blood smothered all over. He hesitated.","for a moment, his mind racing with the possibilities of what could be on the other side, his heart sinking at the thought of what might have happened to Emma. But he","To look everywhere for her but had no luck. Eventually he came across a door with blood smothered all over. He hesitated. for a moment, his mind racing with the possibilities of what could be on the other side, his heart sinking at the thought of what might have happened to Emma. But he"
"conv_c691ca68f70340db9ad7d9d4289462ab","dark, shadowy force that sought to consume the light and silence the whispers forever. The spirits needed her help to restore balance. With newfound resolve, Elara knew what she","had to do. She began to sing an ancient song, one passed down through generations, a melody that had the power to awaken the spirits and strengthen their resolve. As her","dark, shadowy force that sought to consume the light and silence the whispers forever. The spirits needed her help to restore balance. With newfound resolve, Elara knew what she had to do. She began to sing an ancient song, one passed down through generations, a melody that had the power to awaken the spirits and strengthen their resolve. As her"
"conv_691dc83ec728819085d614247e77833604d03bd64a490dfd","Is this the right thing to do? The traveler seems increasingly suspect; he might be the devil, Willy thinks.","The traveller's shadow stretches unnaturally long across the murky water, reaching toward Willy like grasping fingers. His eyes gleam with an eager","Is this the right thing to do? The traveler seems increasingly suspect; he might be the devil, Willy thinks. The traveller's shadow stretches unnaturally long across the murky water, reaching toward Willy like grasping fingers. His eyes gleam with an eager"
"conv_5b956e03-a900-47aa-88a9-54cb6be40071","consisted of ""The Script"", a permanent smirk (Gohda had an operation) and a coffee-heavy breath that could kill a regular-sized dog or a very irregular-sized","cat, which made the townspeople quiver with fear whenever Gohda spoke, his voice dripping with an otherworldly charm that seemed to weave a spell of obedience around","consisted of ""The Script"", a permanent smirk (Gohda had an operation) and a coffee-heavy breath that could kill a regular-sized dog or a very irregular-sized cat, which made the townspeople quiver with fear whenever Gohda spoke, his voice dripping with an otherworldly charm that seemed to weave a spell of obedience around"
"conv_ed575a06c11d42358e3eeb7826d2f959","had pressed against her chest until she could no longer breathe. Out here, silence was different—it had texture and weight but also space to expand into. Then one","morning, as she wound the lighthouse mechanism and spoke of the dream she'd had—her daughter's laugh echoing through the lens room—the sea answered back. Not with","had pressed against her chest until she could no longer breathe. Out here, silence was different—it had texture and weight but also space to expand into. Then one morning, as she wound the lighthouse mechanism and spoke of the dream she'd had—her daughter's laugh echoing through the lens room—the sea answered back. Not with"
"P1SZ3AZnoi1oqt5EbYh5","Worshipping Peppa Pig. Governments fell. Riots all over. Whole countries falling apart. Anarchy erupted. Leaders not","eating pork became the trend of the generation. People even began wearing pig costumes in honor of papa pig.","Worshipping Peppa Pig. Governments fell. Riots all over. Whole countries falling apart. Anarchy erupted. Leaders not eating pork became the trend of the generation. People even began wearing pig costumes in honor of papa pig."
"conv_69120b0be9a881908567c1dfa912a6d90a309a13d5ea8eef","Running away forever. She was rebellious, but she did not want to leave her life behind. She had friends and was well-taken care of. One day she went down by","the river that wound through the castle grounds. There, she found a small wooden boat tethered loosely to a post. Curiosity sparked within her, and she decided to give","Running away forever. She was rebellious, but she did not want to leave her life behind. She had friends and was well-taken care of. One day she went down by the river that wound through the castle grounds. There, she found a small wooden boat tethered loosely to a post. Curiosity sparked within her, and she decided to give"
"conv_8432160f013d46fca2bd5459bb50a870","gust of wind, squeezing through the house’s many cracks, pushed the door open a few inches. Willow teetered there, peering into a hallway aglow with lam","plight and adventure. Shadows danced along the faded wallpaper, painting strange maps and imagined coastlines. Summoning all her courage, Willow edged through the doorway, riding the next","gust of wind, squeezing through the house’s many cracks, pushed the door open a few inches. Willow teetered there, peering into a hallway aglow with lam plight and adventure. Shadows danced along the faded wallpaper, painting strange maps and imagined coastlines. Summoning all her courage, Willow edged through the doorway, riding the next"
"conv_2d902bf2a3234361aa78feaab07a487a","Clara knelt on the glistening stones, fingertips brushing the grooves between them. The melody grew clearer, threading through her like a memory. In a shallow crack,","her hand closed around the cool, weathered key. The instant her skin touched bronze, the street lights flickered, and the humming surged into a symphony only she could","Clara knelt on the glistening stones, fingertips brushing the grooves between them. The melody grew clearer, threading through her like a memory. In a shallow crack, her hand closed around the cool, weathered key. The instant her skin touched bronze, the street lights flickered, and the humming surged into a symphony only she could"
"conv_0a6352c9d2d44fd38017a8422ff49497","story of their own, of ancient myths and forgotten lore, of magic and wonder, of a time when the world was younger and the boundaries between reality and myth were thinner,","and as Sophia reached out a trembling hand to touch the statue's gemstone fingertips, the carvings on the pedestal began to shimmer and rearrrange themselves, revealing a","story of their own, of ancient myths and forgotten lore, of magic and wonder, of a time when the world was younger and the boundaries between reality and myth were thinner, and as Sophia reached out a trembling hand to touch the statue's gemstone fingertips, the carvings on the pedestal began to shimmer and rearrrange themselves, revealing a"
"hPlwWqqkemjjNa4Ny4nr","For everyone, the king was very excited about the idea. He had his people make the invitation as soon as possible. He","himself, was especially looking forward to the topless bar service! He suspected that this was something that would hype the","For everyone, the king was very excited about the idea. He had his people make the invitation as soon as possible. He himself, was especially looking forward to the topless bar service! He suspected that this was something that would hype the"
"conv_67ac97006f1d4d4ba320c77d5127773c","less against the impossible truth pulsing below. Instead, she found herself descending the spiral stairs, her feet carrying her toward the rocky shore as if pulled by an old","poised above the page, but the words wouldn't come. How could she record what made no sense? Date, time, conditions—all the usual entries seemed suddenly meaning","less against the impossible truth pulsing below. Instead, she found herself descending the spiral stairs, her feet carrying her toward the rocky shore as if pulled by an old poised above the page, but the words wouldn't come. How could she record what made no sense? Date, time, conditions—all the usual entries seemed suddenly meaning"
"conv_5b956e03-a900-47aa-88a9-54cb6be40071","More geese-raids to the land. Oh well, it was at this time the author regretted the name of Godha. Nothing rhymes with it. But perhaps that is why he was","able to cast a spell of gloom over the land, a darkness that seemed to seep into the very marrow of the people's bones, and Silly Billy's silly","More geese-raids to the land. Oh well, it was at this time the author regretted the name of Godha. Nothing rhymes with it. But perhaps that is why he was able to cast a spell of gloom over the land, a darkness that seemed to seep into the very marrow of the people's bones, and Silly Billy's silly"
"conv_90178cb2-77d1-4123-9509-2ec42e4db932","If I could eat the dinner. But there was a person humming and where is this person?","I called out again, a bit louder this time, ""Hello, is anyone here? I'm sorry to intrude, but I saw the cottage and I was wondering if I could find some shelter from the rain,"" and as I spoke, I heard a faint rustling sound coming from a room to the side, and then a gentle voice replied","If I could eat the dinner. But there was a person humming and where is this person? I called out again, a bit louder this time, ""Hello, is anyone here? I'm sorry to intrude, but I saw the cottage and I was wondering if I could find some shelter from the rain,"" and as I spoke, I heard a faint rustling sound coming from a room to the side, and then a gentle voice replied"
"h9mEvTqoZyrUb6cj1fxu","""We are just friends, when are you going to understand that? You shouldn't follow me home, it's creepy. But I'll see you at the Friday bar tomorrow.""","""But Sofie!"" he shouted, ""I want to be with you and only you- you don't understand but-"" he continued, ""NO Magnus, GO HOME"" I shouted. Magnus bend down on his knees and begged ""Please","""We are just friends, when are you going to understand that? You shouldn't follow me home, it's creepy. But I'll see you at the Friday bar tomorrow."" ""But Sofie!"" he shouted, ""I want to be with you and only you- you don't understand but-"" he continued, ""NO Magnus, GO HOME"" I shouted. Magnus bend down on his knees and begged ""Please"
"conv_3b52d22e952548f7bd6274fd5ca52c2b","herself back on the gallery, the gull already wheeling away into the dimming sky. Her heart hammered against her ribs. The harbor was twenty minutes by road","beneath where the child leaned precariously forward. In seconds, the plank would slip, the water would claim—

The vision snapped. Mara found","herself back on the gallery, the gull already wheeling away into the dimming sky. Her heart hammered against her ribs. The harbor was twenty minutes by road beneath where the child leaned precariously forward. In seconds, the plank would slip, the water would claim—

The vision snapped. Mara found"
"188SQKM20FYzYRFIJ08U","Constructed bridge. So they decided to find a boat to jump on. They found a small canoe and all of a sudden all 10 of them were sitting on it.","a single one. Some balancing on the tip, others on the back and the rest sqeezed into the middle protion. They stayed there for the","Constructed bridge. So they decided to find a boat to jump on. They found a small canoe and all of a sudden all 10 of them were sitting on it. a single one. Some balancing on the tip, others on the back and the rest sqeezed into the middle protion. They stayed there for the"
"bF3wySQHXxUL66FkpR9w","with the lobster. The next day they were on their way, but before they even knew it, they were already facing","Asked the lobster to give it a day to prepare. The mouse went home and found his hiking boots, and prepared a big meal to take with and share.","with the lobster. The next day they were on their way, but before they even knew it, they were already facing Asked the lobster to give it a day to prepare. The mouse went home and found his hiking boots, and prepared a big meal to take with and share."
"conv_ef19d8d709f847e0b5751d5f9905e721","a young girl named Aria, who lived in a small village on the edge of a vast and mysterious forest. The villagers often whispered about the strange occurrences and unexplained events","that took place within the forest's depths, and many believed it to be inhabited by mystical creatures and ancient spirits. Aria, with her wild curiosity and thirst for adventure,","a young girl named Aria, who lived in a small village on the edge of a vast and mysterious forest. The villagers often whispered about the strange occurrences and unexplained events that took place within the forest's depths, and many believed it to be inhabited by mystical creatures and ancient spirits. Aria, with her wild curiosity and thirst for adventure,"
"conv_33502e38-922d-4e7d-a252-ab236947c3d2","Pushed to the side all these years, as he was climbing the corporate ladder. As he was caring for his children, and cooking for his","wife, the familiar rhythms of family life had become a comforting distraction from the gentle nagging of his own ambitions. But on quiet nights, when the house was still and the","Pushed to the side all these years, as he was climbing the corporate ladder. As he was caring for his children, and cooking for his wife, the familiar rhythms of family life had become a comforting distraction from the gentle nagging of his own ambitions. But on quiet nights, when the house was still and the"
"OdyHy12i4PsBZkM4jjdC","Something weird has happened to his potatoes, and he could quite figure out what. So he took some of his potatoes into","How a potato farmer called Bobby became the president of North Korea. It all started on a rainy day where everything was wet and soggy.","Something weird has happened to his potatoes, and he could quite figure out what. So he took some of his potatoes into How a potato farmer called Bobby became the president of North Korea. It all started on a rainy day where everything was wet and soggy."
"conv_d6190dffe464453db28dc7d77f15b04c","fingertips, and a gentle hum filled the cove—the sound of distant singing, impossible and beautiful. The air shimmered just beyond the rocks, and for an","a bed of fine silver sand, lay a single iridescent scale. It shimmered with all the colors of the sunset. As Mira touched it, warmth spread through her","fingertips, and a gentle hum filled the cove—the sound of distant singing, impossible and beautiful. The air shimmered just beyond the rocks, and for an a bed of fine silver sand, lay a single iridescent scale. It shimmered with all the colors of the sunset. As Mira touched it, warmth spread through her"
"conv_48a63036afde46b78f210ee3dbf2df89","alike felt a stirring within their hearts, each wondering if they might be the chosen one. As the tension grew, a young girl named Lila, no more than ten","years old, stepped forward. Her eyes were bright with determination, and her small hand reached out toward the traveler. “I want to try,” she said, her voice steady","alike felt a stirring within their hearts, each wondering if they might be the chosen one. As the tension grew, a young girl named Lila, no more than ten years old, stepped forward. Her eyes were bright with determination, and her small hand reached out toward the traveler. “I want to try,” she said, her voice steady"
"conv_f76e092f63384595b52813939abb970a","-thick night that followed, they came. A steamship with passengers in crinolines and top hats, calling out thanks in Victorian English. A sleek art d","The words stared back at her, undeniable proof written in her own hand. She touched the ink—still slightly damp.

That night, and every fog","-thick night that followed, they came. A steamship with passengers in crinolines and top hats, calling out thanks in Victorian English. A sleek art d The words stared back at her, undeniable proof written in her own hand. She touched the ink—still slightly damp.

That night, and every fog"
"conv_cadd7be580c64bfe91703c87b9bf6855","stories of a mystical land hidden deep within the woods, a place where the air was filled with magic and creatures of legend roamed freely. These tales had ignited a spark within","and orange, Eleanor would sit by the window of her small cottage, lost in thoughts of what lay beyond the forest. Her grandfather, before he passed away, had told her","stories of a mystical land hidden deep within the woods, a place where the air was filled with magic and creatures of legend roamed freely. These tales had ignited a spark within and orange, Eleanor would sit by the window of her small cottage, lost in thoughts of what lay beyond the forest. Her grandfather, before he passed away, had told her"
"conv_b19d99668faf4d71bb1ffe532555ee59","stories of distant realms and heroic deeds, fueling her imagination even further. He would sit beside her, pointing out constellations that told tales of ancient heroes and lost civilizations","the window, gazing at the stars, imagining far-off lands and adventures beyond the horizon. Her father, a wise old man who had seen many winters, often told her","stories of distant realms and heroic deeds, fueling her imagination even further. He would sit beside her, pointing out constellations that told tales of ancient heroes and lost civilizations the window, gazing at the stars, imagining far-off lands and adventures beyond the horizon. Her father, a wise old man who had seen many winters, often told her"
"conv_006cb479-ccd3-40d1-83fb-4b614573f636","There once was a young woman who had trust issues. She had been betrayed by her ex-boyfriend who cheated on her.","with her best friend, leaving her feeling shattered and vulnerable. The experience had made her wary of opening up to anyone new, and she found herself constantly questioning the motives of those","There once was a young woman who had trust issues. She had been betrayed by her ex-boyfriend who cheated on her. with her best friend, leaving her feeling shattered and vulnerable. The experience had made her wary of opening up to anyone new, and she found herself constantly questioning the motives of those"
"conv_62a271e6-a272-4e74-9d10-2dc0c15c530f","Only partly hitting the flames, while the rest landed on the floor around the scene, making the floor slippery.","and treacherous. Her father lunged forward, nearly losing his footing in the sticky mess, his hands reaching for Emma who had finally begun to move, stumbling","Only partly hitting the flames, while the rest landed on the floor around the scene, making the floor slippery. and treacherous. Her father lunged forward, nearly losing his footing in the sticky mess, his hands reaching for Emma who had finally begun to move, stumbling"
"conv_a2292393-fd39-476f-975c-aaf411653197","Wonder and bewilderment. ""You'd better follow me, sir,"" Emily said. As they walked towards the village, Emily asked the stranger what he was doing in","these remote parts, and the stranger's smile grew wider as he replied, ""I'm a traveler, a collector of stories and tales, and I've heard that this village","Wonder and bewilderment. ""You'd better follow me, sir,"" Emily said. As they walked towards the village, Emily asked the stranger what he was doing in these remote parts, and the stranger's smile grew wider as he replied, ""I'm a traveler, a collector of stories and tales, and I've heard that this village"
"conv_8432160f013d46fca2bd5459bb50a870","a harbor calling ships home. One blustery evening, as rain hammered the roof and lightning flickered through the window, a sudden draft knocked a box from a high shelf","with a tremendous clatter. The box tumbled down, scattering yellowed papers and spilling marbles that rolled across the floor like a stampede of tiny, shining sea creatures","a harbor calling ships home. One blustery evening, as rain hammered the roof and lightning flickered through the window, a sudden draft knocked a box from a high shelf with a tremendous clatter. The box tumbled down, scattering yellowed papers and spilling marbles that rolled across the floor like a stampede of tiny, shining sea creatures"
"conv_691b8b725ae48193abaaaa9270b26d500f7b1fcbf105c42b","His worth to the gods by volunteering at the local chapel. He spent all day dusting off altars and mopping the holy floors. Then he saw a homeless man and","shared his last few coins with him, offering a warm meal and a kind word. The man’s gratitude shone in his eyes, warming Dan's heart. Feeling a sense","His worth to the gods by volunteering at the local chapel. He spent all day dusting off altars and mopping the holy floors. Then he saw a homeless man and shared his last few coins with him, offering a warm meal and a kind word. The man’s gratitude shone in his eyes, warming Dan's heart. Feeling a sense"
"xmFgQW5bh6PcMW6uXdYJ","but the guy wouldn't stop glaring. So Ian decided to use some quick thinking. ""Sorry im shy, and you are really pretty"".","back and asked him ""hey - it was not on purpose, you don't have to be so rude about it"". Ian looked surprised at him and Clara tried to neutralize the situation,","but the guy wouldn't stop glaring. So Ian decided to use some quick thinking. ""Sorry im shy, and you are really pretty"". back and asked him ""hey - it was not on purpose, you don't have to be so rude about it"". Ian looked surprised at him and Clara tried to neutralize the situation,"
"conv_a047b0e3f92d41c09ef45e011a99a23f","glistening drops of dew, lay a small, crystalline key. Its facets shimmered with colors Emil had never seen before, casting prismatic reflections onto his bewildered face",". Without thinking, Emil reached inside and wrapped his fingers around the key. The moment he did, the air around him seemed to unravel—trees blurred, the ground swir","glistening drops of dew, lay a small, crystalline key. Its facets shimmered with colors Emil had never seen before, casting prismatic reflections onto his bewildered face . Without thinking, Emil reached inside and wrapped his fingers around the key. The moment he did, the air around him seemed to unravel—trees blurred, the ground swir"
"conv_691f696d0b348190810494e2c5d82fee08324043d78ba0f7","Andreas had no other choice but to inspect the bottle. It was a ceramic bottle as old as time, sealed by a seemingly mysterious force. Andreas had an idea of how to","open it. He decided to gently tap the bottle while whispering the ancient rhymes his grandmother used to recite. As the final word left his lips, the seal began","Andreas had no other choice but to inspect the bottle. It was a ceramic bottle as old as time, sealed by a seemingly mysterious force. Andreas had an idea of how to open it. He decided to gently tap the bottle while whispering the ancient rhymes his grandmother used to recite. As the final word left his lips, the seal began"
"conv_0fcb83fd5cc0426ea3088bfd0c19daae","underwater, like the memory of someone calling her name from very far away.

""Hello?"" Miriam set down her book, her heart suddenly loud in her ears.","The fog swirled against the glass, forming patterns that almost looked like words, like reaching fingers. The whisper came again, clearer now—not threatening, but","underwater, like the memory of someone calling her name from very far away.

""Hello?"" Miriam set down her book, her heart suddenly loud in her ears. The fog swirled against the glass, forming patterns that almost looked like words, like reaching fingers. The whisper came again, clearer now—not threatening, but"
"conv_691dc83ec728819085d614247e77833604d03bd64a490dfd","Circus. Willy is unsure; the circus sounds fun, but he is used to living in the swamp and has never seen anything else.","The traveller, a wiry man with a curled mustache and a coat adorned with faded gold buttons, crouched at the swamp's edge.","Circus. Willy is unsure; the circus sounds fun, but he is used to living in the swamp and has never seen anything else. The traveller, a wiry man with a curled mustache and a coat adorned with faded gold buttons, crouched at the swamp's edge."
"fIf2ccAs4ZpVTP7BBoxp","evil cycle of buying stuff and ruining the world into buying stuff and helping the world she had to think big.","This, it seemed to her, was probably a good place to start. What if it was possible to use the power of human material desire to manifest a brighter future? To reverse this.","evil cycle of buying stuff and ruining the world into buying stuff and helping the world she had to think big. This, it seemed to her, was probably a good place to start. What if it was possible to use the power of human material desire to manifest a brighter future? To reverse this."
"conv_73564d95-9f66-42db-a2c0-fed78090bac2","Any hasty or impulsive moves from her could potentially lead to Canada finding out that she is onto their ploy. She wants to make sure that the entire government","is held accountable for their actions, and not just the Minister of Finance. She decides to gather more evidence, carefully digging deeper into the digital trail, following a money laundering scheme","Any hasty or impulsive moves from her could potentially lead to Canada finding out that she is onto their ploy. She wants to make sure that the entire government is held accountable for their actions, and not just the Minister of Finance. She decides to gather more evidence, carefully digging deeper into the digital trail, following a money laundering scheme"
"conv_4ff7dbd3a0434e629ed9cbc2a937680c","light spilled on a path unlike any she’d known—winding deeper into a garden blooming with silver flowers and secrets. The air shimmered, rich with the scent of things","lock and turned. The gate creaked open, sending a ripple through the ivy. With a deep breath, Maren stepped inside, the world behind her fading away as moon","light spilled on a path unlike any she’d known—winding deeper into a garden blooming with silver flowers and secrets. The air shimmered, rich with the scent of things lock and turned. The gate creaked open, sending a ripple through the ivy. With a deep breath, Maren stepped inside, the world behind her fading away as moon"
"hPlwWqqkemjjNa4Ny4nr","She loved being drunk and going out to dance all night with her best friends. But the kingdom did not like it. They","were scared that any potential baby she would birth, would have severe impairments from all the drinking she was doing. The princess refused to give","She loved being drunk and going out to dance all night with her best friends. But the kingdom did not like it. They were scared that any potential baby she would birth, would have severe impairments from all the drinking she was doing. The princess refused to give"
"hPlwWqqkemjjNa4Ny4nr","Once upon a time, a princess lived in a small town in a faraway land. The princess was an only child and therefore was","under immense pressure to secure the continuation of the royal family. However, there was one problem. The princess really","Once upon a time, a princess lived in a small town in a faraway land. The princess was an only child and therefore was under immense pressure to secure the continuation of the royal family. However, there was one problem. The princess really"
"conv_33502e38-922d-4e7d-a252-ab236947c3d2","Alarm clock going off in the basement. He panicked. Realized that he had to go to work, and that his wife would wake up to the sound going off.","off and start her day, oblivious to the revelation that had just shaken Michael's world, and he knew he had to hurry, to get out the door before she saw the","Alarm clock going off in the basement. He panicked. Realized that he had to go to work, and that his wife would wake up to the sound going off. off and start her day, oblivious to the revelation that had just shaken Michael's world, and he knew he had to hurry, to get out the door before she saw the"
"uSUBQk0ZgGhDzjY8qQwb","She was starting to feel butterflies inside of her. After drinking the coffee, he asked her if she would want to see her again, and she","She reminded of her ex as she always had to pay with him, but this guy is showing nice gestures and she always notices a lot of good things.","She was starting to feel butterflies inside of her. After drinking the coffee, he asked her if she would want to see her again, and she She reminded of her ex as she always had to pay with him, but this guy is showing nice gestures and she always notices a lot of good things."
"conv_cadd7be580c64bfe91703c87b9bf6855","if it were greeting her. Reaching the island, Eleanor noticed a tall, ancient tree at its center, its branches reaching toward the sky like the fingers of a wise old","as she approached the bridge. The stones were moss-covered and ancient, but they felt sturdy under her feet. As she crossed, the water beneath rippled gently, almost as","if it were greeting her. Reaching the island, Eleanor noticed a tall, ancient tree at its center, its branches reaching toward the sky like the fingers of a wise old as she approached the bridge. The stones were moss-covered and ancient, but they felt sturdy under her feet. As she crossed, the water beneath rippled gently, almost as"
"NSZE9lXnuxIl0ZT4gRoy","more challenging, but also much more fun! He soon found a group of nine friends on the ocean to sail with. These","His old life. The new life allowed him to become a bigger person, not metaphorically, but also literally. He noticed he had grown a lot! This new world was much","more challenging, but also much more fun! He soon found a group of nine friends on the ocean to sail with. These His old life. The new life allowed him to become a bigger person, not metaphorically, but also literally. He noticed he had grown a lot! This new world was much"
"uSUBQk0ZgGhDzjY8qQwb","saving up to, and felt ready to face him. Two weeks passed, and he suddenly stood on her doorstep. He had brought lots of roses, trying to convince her to be with","She went to have a good haircut and some other services to enhance herself. She bought the car she was","saving up to, and felt ready to face him. Two weeks passed, and he suddenly stood on her doorstep. He had brought lots of roses, trying to convince her to be with She went to have a good haircut and some other services to enhance herself. She bought the car she was"
"conv_1ca39a7edb5d4567a29edc17c604cca7","light of a full moon, Emilia decided to follow the call of the forest, to step into its shadows and uncover the truths that lay hidden beneath the whispered tales. She","spine, as if the very spirits they spoke of were watching her, whispering secrets in her ear that only she could hear. And so, one night, under the","light of a full moon, Emilia decided to follow the call of the forest, to step into its shadows and uncover the truths that lay hidden beneath the whispered tales. She spine, as if the very spirits they spoke of were watching her, whispering secrets in her ear that only she could hear. And so, one night, under the"
"BocRhyGX0eWpgbUSkjWF","A superdrug. The scientists gathered the mushrooms and began selling them on the black market where they branded them as the new king of","EPIC DRUGS. Later it was discovered that a side effect of the drugs was becoming a mushroom yourself. The mushroom was a parasite mushroom from","A superdrug. The scientists gathered the mushrooms and began selling them on the black market where they branded them as the new king of EPIC DRUGS. Later it was discovered that a side effect of the drugs was becoming a mushroom yourself. The mushroom was a parasite mushroom from"
"conv_f7e01785de8f410a8934c906998a9e68","soul. The ground beneath her feet began to vibrate gently, and the stones around her pulsed with a radiant light. Elara closed her eyes, feeling a surge","her. As she stepped into the center of the circle, the air shimmered, and a cool breeze swept through, carrying with it a melody that resonated deep within her","soul. The ground beneath her feet began to vibrate gently, and the stones around her pulsed with a radiant light. Elara closed her eyes, feeling a surge her. As she stepped into the center of the circle, the air shimmered, and a cool breeze swept through, carrying with it a melody that resonated deep within her"
"conv_691f696d0b348190810494e2c5d82fee08324043d78ba0f7","Dark brown shadow appeared. Andreas' eyes lit up. He instantly recognized the shadow. It was his hero Matilda from the best chocolate milk ever. But why was he led","to this moment? Matilde, with her cloak swirling like cocoa, spoke in a voice smooth as silk, ""Andreas, you have been chosen to return balance to the","Dark brown shadow appeared. Andreas' eyes lit up. He instantly recognized the shadow. It was his hero Matilda from the best chocolate milk ever. But why was he led to this moment? Matilde, with her cloak swirling like cocoa, spoke in a voice smooth as silk, ""Andreas, you have been chosen to return balance to the"
"D8kJXS3suDI2tltssVgN","He was shocked about what happened. His mom is in hell; how could a miracle happen to her? And how does he know about it? ""Am I in hell too? But how is it...""","so cold? He could no longer smell the urine or see the yellow orbs of malice in the face of the gull, but he could still feel cold liquid clinging to his fur. Maybe he was not","He was shocked about what happened. His mom is in hell; how could a miracle happen to her? And how does he know about it? ""Am I in hell too? But how is it..."" so cold? He could no longer smell the urine or see the yellow orbs of malice in the face of the gull, but he could still feel cold liquid clinging to his fur. Maybe he was not"
"conv_3b52d22e952548f7bd6274fd5ca52c2b","jacket at the end of the pier, small hands reaching for something just beyond the weathered planks. The tide was rising fast, waves already lapping at the wooden posts","she was flying again, but farther this time, racing along the coastline toward the distant harbor. Through the gull's sharp vision, she saw a child's red","jacket at the end of the pier, small hands reaching for something just beyond the weathered planks. The tide was rising fast, waves already lapping at the wooden posts she was flying again, but farther this time, racing along the coastline toward the distant harbor. Through the gull's sharp vision, she saw a child's red"
"conv_0a6352c9d2d44fd38017a8422ff49497","the packs of snarling wolves that roamed the forest depths to the dark sorcerers who were said to weave their evil spells in the dead of night. But Sophia","was not one to be deterred by such tales, for she felt an inexplicable pull to the unknown, a sense that there was more to the world than the mundane routines","the packs of snarling wolves that roamed the forest depths to the dark sorcerers who were said to weave their evil spells in the dead of night. But Sophia was not one to be deterred by such tales, for she felt an inexplicable pull to the unknown, a sense that there was more to the world than the mundane routines"
"conv_a4452b6af3984152977c9c992ab08d17","and sing the ancient songs that Aelar had taught them. As the years went by, the village thrived, and the dark magic that once threatened their peace remained at","bay. The forest, once a place of fear, became a sanctuary of wonder and mystery. And so, the legacy of Aelar and the crystal continued, a testament","and sing the ancient songs that Aelar had taught them. As the years went by, the village thrived, and the dark magic that once threatened their peace remained at bay. The forest, once a place of fear, became a sanctuary of wonder and mystery. And so, the legacy of Aelar and the crystal continued, a testament"
"fcEeCffFk5SmTIeQXKQN","getting an elephant to drink his pee. Therefor he flew to the zoo on the south pole, where they had a lot of","A heads-up about where he was going, so John went to the South Pole by accident. But Marc had to complete his mission of","getting an elephant to drink his pee. Therefor he flew to the zoo on the south pole, where they had a lot of A heads-up about where he was going, so John went to the South Pole by accident. But Marc had to complete his mission of"
"JFI8cNwhGfRT2Jd6JUd0","""Wow, he thought, I'm going to be the greatest speed-knitter this world has ever seen,"" and on he went, knitting crazy pieces of art in","his free time. He went on to pursue this new hobby of his for a job. But for that to be realistic to any degree, he had to get starting. For step one, he made extensive","""Wow, he thought, I'm going to be the greatest speed-knitter this world has ever seen,"" and on he went, knitting crazy pieces of art in his free time. He went on to pursue this new hobby of his for a job. But for that to be realistic to any degree, he had to get starting. For step one, he made extensive"
"conv_c69a0c5657f347da9115c1f7da6d3116","magic of the past and the hope of the future in her hands. Elsie turned to see the archway fading behind her, the silver key now cool and silent—a promise","that she would remember what others had forgotten, and a quiet faith that, if ever she lost her way again, the secret paths of Willowmere would always welcome her home.","magic of the past and the hope of the future in her hands. Elsie turned to see the archway fading behind her, the silver key now cool and silent—a promise that she would remember what others had forgotten, and a quiet faith that, if ever she lost her way again, the secret paths of Willowmere would always welcome her home."
"conv_26e2b109c7d34348a469ede32b8d089d","of the Tower, and its answer will find you before the moon is high.” The sparrow fluffed its feathers, nodded once more, and then took flight, leaving Els","bright, grateful gaze and, to her astonishment, said in a tiny voice, “Thank you, kind clockmaker. Because of your kindness, you may ask a question","of the Tower, and its answer will find you before the moon is high.” The sparrow fluffed its feathers, nodded once more, and then took flight, leaving Els bright, grateful gaze and, to her astonishment, said in a tiny voice, “Thank you, kind clockmaker. Because of your kindness, you may ask a question"
"conv_0bb56093-3033-4615-bb70-ebfa4135589a","I had a fifth in the trunk like Curtis Jackson for ransom, I'm hopin' to get her loose like an Uncle Luke anthem. I'm two blocks away, two.","minutes from her doorstep, and the anticipation was building up, as John's fingers drummed against the steering wheel, and Kendrick started to rap along, ""Two blocks away,","I had a fifth in the trunk like Curtis Jackson for ransom, I'm hopin' to get her loose like an Uncle Luke anthem. I'm two blocks away, two. minutes from her doorstep, and the anticipation was building up, as John's fingers drummed against the steering wheel, and Kendrick started to rap along, ""Two blocks away,"
"conv_69a0753fc5d08196aa37099ec6c65b69083687b3e71b94b5","presence. She sensed its shape, its odour, its breath. It became physical and all-encompassing. Eva wanted to let out a small gasp.","but found herself entranced, unable to make a sound. The well's glow enveloped her, whispering in a language she felt she had always known. It promised answers","presence. She sensed its shape, its odour, its breath. It became physical and all-encompassing. Eva wanted to let out a small gasp. but found herself entranced, unable to make a sound. The well's glow enveloped her, whispering in a language she felt she had always known. It promised answers"
"conv_6917421066d8819592863132f4a141a00078d2d8d630f704","Mechanisms buried deep under the floor, the vessel moves forward like it knows what direction Jeff wants to go. The vessel continues to move through the snowy","terrain with surprising grace, navigating the mountains as if guided by an unseen hand. Jeff watches in awe as the landscape flows by, until the horizon reveals hints of civilization in the","Mechanisms buried deep under the floor, the vessel moves forward like it knows what direction Jeff wants to go. The vessel continues to move through the snowy terrain with surprising grace, navigating the mountains as if guided by an unseen hand. Jeff watches in awe as the landscape flows by, until the horizon reveals hints of civilization in the"
"conv_10acd64665e647b2b546c115db60481d","of a lost treasure hidden somewhere in the vast ocean beyond her town. The entries were signed by her great-grandfather, a renowned explorer who had vanished without a trace years ago","during his final expedition. The realization hit her like a wave—this was her heritage, her legacy. With a heart pounding with both fear and excitement, Ella decided that night","of a lost treasure hidden somewhere in the vast ocean beyond her town. The entries were signed by her great-grandfather, a renowned explorer who had vanished without a trace years ago during his final expedition. The realization hit her like a wave—this was her heritage, her legacy. With a heart pounding with both fear and excitement, Ella decided that night"
"conv_26e2b109c7d34348a469ede32b8d089d","gentle ticking that filled the room, a steady music that kept her company. One morning, as she polished a sapphire-blue pocket watch, she heard a faint, irregular to","rose-petal curtains, she would tinker in her workshop, surrounded by glinting brass cogs, minuscule screwdrivers, and delicate coils. She cherished the","gentle ticking that filled the room, a steady music that kept her company. One morning, as she polished a sapphire-blue pocket watch, she heard a faint, irregular to rose-petal curtains, she would tinker in her workshop, surrounded by glinting brass cogs, minuscule screwdrivers, and delicate coils. She cherished the"
"conv_c576a2b8-4944-4966-b836-5a4fde76260f","On a cold Wednesday morning, just above freezing, the precipitation from last night sat as a wet layer on the ice ramp. He looked to the rising and over","to Halfdan, who was watching with a mixture of amusement and concern, his tuxedo-like feathers ruffled by the gentle breeze. Halfdan raised an eyebrow, ""","On a cold Wednesday morning, just above freezing, the precipitation from last night sat as a wet layer on the ice ramp. He looked to the rising and over to Halfdan, who was watching with a mixture of amusement and concern, his tuxedo-like feathers ruffled by the gentle breeze. Halfdan raised an eyebrow, """
"conv_6c680e8e-2455-4bdf-b4cd-fe6c409f373a","Fear. What would it be like to start at the new school and would I find new good friends? I told myself I would write to Eli every week and hoped he","would do the same. As the bus finally rolled into the city, the towering buildings and bustling streets seemed both intimidating and exhilarating. I took a deep breath, ready to","Fear. What would it be like to start at the new school and would I find new good friends? I told myself I would write to Eli every week and hoped he would do the same. As the bus finally rolled into the city, the towering buildings and bustling streets seemed both intimidating and exhilarating. I took a deep breath, ready to"
"conv_33502e38-922d-4e7d-a252-ab236947c3d2","Michael. Michael is not only a father - he is also a son, a cousin, a brother, a friend, and a husband. But more so, he","was a man consumed by his own sense of purpose, driven by a passion that had been simmering within him for years. He had a vision, a dream that he had","Michael. Michael is not only a father - he is also a son, a cousin, a brother, a friend, and a husband. But more so, he was a man consumed by his own sense of purpose, driven by a passion that had been simmering within him for years. He had a vision, a dream that he had"
"bF3wySQHXxUL66FkpR9w","One day, the lobster asked if the mouse wanted to go to the mountain in the horizon. A little hesitant, but also intigued, the mouse","A mouse who wanted to explore the world; it lived in a quiet, peaceful meadow, by the river, and it recently befriended a lobster that had explored the upper parts.","One day, the lobster asked if the mouse wanted to go to the mountain in the horizon. A little hesitant, but also intigued, the mouse A mouse who wanted to explore the world; it lived in a quiet, peaceful meadow, by the river, and it recently befriended a lobster that had explored the upper parts."
"conv_691dc83ec728819085d614247e77833604d03bd64a490dfd","Eller, he pulls out his frog knife, long and sharp. With a quick flick he slices the traveller open, and watches him.","collapse into the swamp with a gurgling cry. But instead of blood, golden coins pour from the wound, clinking and splashing into the dark water. The trav","Eller, he pulls out his frog knife, long and sharp. With a quick flick he slices the traveller open, and watches him. collapse into the swamp with a gurgling cry. But instead of blood, golden coins pour from the wound, clinking and splashing into the dark water. The trav"
"conv_691dc7c061d8819797504b613ba6691208409e48769ea891","The old man looked up in disbelief. He had expected to die, the adventurer could see. He begged,","“Please, don’t hurt me!” The adventurers sprung into action. The rogue in their group deftly darted forward, retrieving the scattered coins, while the mage whispered","The old man looked up in disbelief. He had expected to die, the adventurer could see. He begged, “Please, don’t hurt me!” The adventurers sprung into action. The rogue in their group deftly darted forward, retrieving the scattered coins, while the mage whispered"
"conv_90178cb2-77d1-4123-9509-2ec42e4db932","Made me fear a bit. Being in a forest alone and then an unknown person in a stranger's house.","my heart began to beat faster and my senses became more alert, but at the same time, my curiosity and the warmth of the fire and the sound of the humming, which had now stopped, drew me closer, and I slowly pushed the door open, calling out in a soft voice, ""Hello, is anyone there?"" and as I waited for","Made me fear a bit. Being in a forest alone and then an unknown person in a stranger's house. my heart began to beat faster and my senses became more alert, but at the same time, my curiosity and the warmth of the fire and the sound of the humming, which had now stopped, drew me closer, and I slowly pushed the door open, calling out in a soft voice, ""Hello, is anyone there?"" and as I waited for"
"9MYVXy4Nms9gfR1DI7NA","Paws are bleeding. So much that it paints the street red. It was a crazy sight. He gets into this little alley.","that suddenly appeared in the bushlands. He appreaciates it non the less and he crawls around the street and is looking for something","Paws are bleeding. So much that it paints the street red. It was a crazy sight. He gets into this little alley. that suddenly appeared in the bushlands. He appreaciates it non the less and he crawls around the street and is looking for something"
"conv_e335739c-0072-4945-8fe4-457a04c0997b","Memories. It made humans salivate like dogs, and the tree lured to it many a good man and woman to bite the forbidden fruit of poisonous delight.","But little did they know, the fruit's sweetness came at a terrible cost, for with each bite, the consumer's memories of the past began to fade away, replaced by","Memories. It made humans salivate like dogs, and the tree lured to it many a good man and woman to bite the forbidden fruit of poisonous delight. But little did they know, the fruit's sweetness came at a terrible cost, for with each bite, the consumer's memories of the past began to fade away, replaced by"
"conv_99f1697b74654701a74408438747a07e","was traveling into the unknown again, not as a forgotten relic, but as a companion in a new adventure. For every whistle that echoed through the night, Willow’s dreams grew","a vessel of possibility once more. Around them, the empty station buzzed with the promise of departures, and as the boy led her toward the waiting train, Willow realized she","was traveling into the unknown again, not as a forgotten relic, but as a companion in a new adventure. For every whistle that echoed through the night, Willow’s dreams grew a vessel of possibility once more. Around them, the empty station buzzed with the promise of departures, and as the boy led her toward the waiting train, Willow realized she"
"FTAeksA8Y0QOBPW6kxWX","the cat-door. This was Skittles' big chance! The first step out in the fresh air felt like a rebirth. The world was open, but where to go? Skittles took a big breath and turned","A little kitten named Skittles. Skittles lives with a sweet old lady, but he dreams of exploring the neighborhood. One day, his human forgets to close","the cat-door. This was Skittles' big chance! The first step out in the fresh air felt like a rebirth. The world was open, but where to go? Skittles took a big breath and turned A little kitten named Skittles. Skittles lives with a sweet old lady, but he dreams of exploring the neighborhood. One day, his human forgets to close"
"FTAeksA8Y0QOBPW6kxWX","store. As Skittles was exiting the door, he heard a scream from the owner yelling ""OOOUUUUTT."" Now Skittels was running as fast as he could. The old lady never yelled at him. He wanted to","Unexpected find. Skittles thought the outside world was as catered to cats as his human's home was. Dejected, he left the.","store. As Skittles was exiting the door, he heard a scream from the owner yelling ""OOOUUUUTT."" Now Skittels was running as fast as he could. The old lady never yelled at him. He wanted to Unexpected find. Skittles thought the outside world was as catered to cats as his human's home was. Dejected, he left the."
"conv_691f065bc31481969cdbdc53f0ca1d3b03f44f568e358927","""Uhh, you seem to know a lot about painting, do you paint yourself?"" Lila replied in a humorous tone.","Ethan's smile widened, a touch of bashfulness in his eyes. ""I dabble,"" he admitted. ""I like to mix media, playing with textures. It's","""Uhh, you seem to know a lot about painting, do you paint yourself?"" Lila replied in a humorous tone. Ethan's smile widened, a touch of bashfulness in his eyes. ""I dabble,"" he admitted. ""I like to mix media, playing with textures. It's"
"conv_11293fd2-d757-471f-8e2e-783542167a8e","merely a fun accessory. So, girl, where would you like to go? Anywhere in the world, anytime!"" The girl pondered the question. ""Well, I'm late","for school,"" she said finally, a hint of a smile on her face, and the creature laughed, a delighted sound, as it said, ""Ah, how wonderfully mundane","merely a fun accessory. So, girl, where would you like to go? Anywhere in the world, anytime!"" The girl pondered the question. ""Well, I'm late for school,"" she said finally, a hint of a smile on her face, and the creature laughed, a delighted sound, as it said, ""Ah, how wonderfully mundane"
"conv_62a271e6-a272-4e74-9d10-2dc0c15c530f","Away from the flames with one arm reaching for her sister without luck. Aunt Nancy finally managed to get her attention and escorted her in.","the opposite direction, toward the kitchen where the fire extinguisher hung on the wall. She could hear Aunt Nancy's steady voice cutting through the chaos—""It's","Away from the flames with one arm reaching for her sister without luck. Aunt Nancy finally managed to get her attention and escorted her in. the opposite direction, toward the kitchen where the fire extinguisher hung on the wall. She could hear Aunt Nancy's steady voice cutting through the chaos—""It's"
"P1SZ3AZnoi1oqt5EbYh5","""Every time your stupid human mouth wants to eat some bacon."" The papa pig enjoyed the taste. From now on","every man thought of daddy pig when they ate pork. Daddy pig roamed the Earth, ripping any human apart who even looked at a pig. The people of the Earth even began","""Every time your stupid human mouth wants to eat some bacon."" The papa pig enjoyed the taste. From now on every man thought of daddy pig when they ate pork. Daddy pig roamed the Earth, ripping any human apart who even looked at a pig. The people of the Earth even began"
"conv_2d902bf2a3234361aa78feaab07a487a","melody tugging at her heart with irresistible longing. She stepped through the door of woven shadow, crossing a threshold that seemed both impossibly old and impossibly new—into","a hidden courtyard veiled in dusk and silver mist. Lanterns hung weightless in the air, their glow whispering secrets in forgotten tongues. Clara drew a careful breath,","melody tugging at her heart with irresistible longing. She stepped through the door of woven shadow, crossing a threshold that seemed both impossibly old and impossibly new—into a hidden courtyard veiled in dusk and silver mist. Lanterns hung weightless in the air, their glow whispering secrets in forgotten tongues. Clara drew a careful breath,"
"conv_0fcb83fd5cc0426ea3088bfd0c19daae","a lighthouse keeper named Miriam who spoke to the fog.

It started on her third week at Breakwater Point, when the mist","rolled in thick as wool and stayed for seven days straight. The world beyond the lighthouse tower vanished—no horizon, no sea, no sky. Just the endless gray pressing","a lighthouse keeper named Miriam who spoke to the fog.

It started on her third week at Breakwater Point, when the mist rolled in thick as wool and stayed for seven days straight. The world beyond the lighthouse tower vanished—no horizon, no sea, no sky. Just the endless gray pressing"
"conv_67ac97006f1d4d4ba320c77d5127773c","There was nothing. No boat, no wreckage, no flare. Just that rhythmic light beneath the surface, glowing pale green like foxfire, impossibly",", three short. The distress pattern. Her pulse quickened as she pressed against the cold glass of the lantern room, searching the darkness beyond her beam's reach.","There was nothing. No boat, no wreckage, no flare. Just that rhythmic light beneath the surface, glowing pale green like foxfire, impossibly , three short. The distress pattern. Her pulse quickened as she pressed against the cold glass of the lantern room, searching the darkness beyond her beam's reach."
"xmFgQW5bh6PcMW6uXdYJ","Ian replied ""it's alright"" and began to move on, now with a stained white shirt when the guy with Clara held him","Clara, who walked through the park occupied with her thoughts, suddenly bumped into Ian and spilled her hot coffee all over him. ""Sorry!""","Ian replied ""it's alright"" and began to move on, now with a stained white shirt when the guy with Clara held him Clara, who walked through the park occupied with her thoughts, suddenly bumped into Ian and spilled her hot coffee all over him. ""Sorry!"""
"conv_7c23347e-6172-4c84-9fd0-45ef34290bd5","With Claude never able to produce another prompt, and me, a eunuch, wise and bald and yet able to tell this tale.","# The Sewer Rat (Concluded)

**Chapter Nine: The Tale's End**

And so I sit here in the aftermath, recording what transpire","With Claude never able to produce another prompt, and me, a eunuch, wise and bald and yet able to tell this tale. # The Sewer Rat (Concluded)

**Chapter Nine: The Tale's End**

And so I sit here in the aftermath, recording what transpire"
"7wPRj5Wbc26nlx60LUT5","a bald badass dirty duck. Someone who is no rat, but also no ordinary ugly duckling. He wanted to be unrecognizable on his return","Something else, completely different. Therefore, he shaved everything remaining off, and instead started to walk towards the mud. The new dream started forming to be","a bald badass dirty duck. Someone who is no rat, but also no ordinary ugly duckling. He wanted to be unrecognizable on his return Something else, completely different. Therefore, he shaved everything remaining off, and instead started to walk towards the mud. The new dream started forming to be"
"7wPRj5Wbc26nlx60LUT5","little duckling became very popular within rat circles. The stinky hairy creatures from the sewers adored him. Having ripped feathers and a","Therefore he changed his ways, and applied for a different site. The site was called Rat Hinge, and for once, the ugly duck felt prettier than the rest of the applicants. The","little duckling became very popular within rat circles. The stinky hairy creatures from the sewers adored him. Having ripped feathers and a Therefore he changed his ways, and applied for a different site. The site was called Rat Hinge, and for once, the ugly duck felt prettier than the rest of the applicants. The"
"D8kJXS3suDI2tltssVgN","In hell, maybe he got into the seagull's imagination. That would explain why it feels like hell but really is not. Is there a way to escape the mind of this?","wretched animal? No, hummed a voice reverberating off invisible walls. Shit. This was a voice he had heard only once before but could never","In hell, maybe he got into the seagull's imagination. That would explain why it feels like hell but really is not. Is there a way to escape the mind of this? wretched animal? No, hummed a voice reverberating off invisible walls. Shit. This was a voice he had heard only once before but could never"
"conv_72218cb5-e59c-4c93-a4b9-a057fe5dad80","Jack weakly claws at his throat, unable to breathe, feeling as if he's drowning underwater as he coughs, as copious amounts of blood","spill out of his mouth, staining his chin and the cold, grey pavement beneath him. His vision begins to blur, and his hearing becomes muffled, as if he","Jack weakly claws at his throat, unable to breathe, feeling as if he's drowning underwater as he coughs, as copious amounts of blood spill out of his mouth, staining his chin and the cold, grey pavement beneath him. His vision begins to blur, and his hearing becomes muffled, as if he"
"YprMqddWHK39musGQ4si","The eagle screamed its eagle noises, and the dog/cat became scared when he saw its big, sharp claws. The","only solution was to jump on top of the eagle and fly to a land far, far away. The hamster was sad at first, but then it moved in with Julia","The eagle screamed its eagle noises, and the dog/cat became scared when he saw its big, sharp claws. The only solution was to jump on top of the eagle and fly to a land far, far away. The hamster was sad at first, but then it moved in with Julia"
"conv_691b8b725ae48193abaaaa9270b26d500f7b1fcbf105c42b","a great explorer named Dan who ventured far and wide. Through great peril and numerous hardships he","sought the fabled Whispering Peaks, mountains said to hold secrets of ancient wisdom. His journey began in a bustling harbor city, where tales of the peaks echoed in every","a great explorer named Dan who ventured far and wide. Through great peril and numerous hardships he sought the fabled Whispering Peaks, mountains said to hold secrets of ancient wisdom. His journey began in a bustling harbor city, where tales of the peaks echoed in every"
"conv_0bb56093-3033-4615-bb70-ebfa4135589a","I need to know when you gon' bring back my damn car (And squab, homie) This man fussin' 'bout some damn dominoes It ain't all that","serious, but John's patience had worn thin, and he let out a loud ""LETS FLIPFLOPPING DO THIS!"" as he stormed out of the mama","I need to know when you gon' bring back my damn car (And squab, homie) This man fussin' 'bout some damn dominoes It ain't all that serious, but John's patience had worn thin, and he let out a loud ""LETS FLIPFLOPPING DO THIS!"" as he stormed out of the mama"
"uSUBQk0ZgGhDzjY8qQwb","puts the dishes away and goes out to greet him at the gate. He says: ""Hi Laura. I just thought of you and wanted to stop by. Do you want to grab a coffee with me?"" She thought about","Backyard, that a boy from her office is here to meet her, and she always saw affection and respect for her in his eyes. And now he is at her gate to meet her. She","puts the dishes away and goes out to greet him at the gate. He says: ""Hi Laura. I just thought of you and wanted to stop by. Do you want to grab a coffee with me?"" She thought about Backyard, that a boy from her office is here to meet her, and she always saw affection and respect for her in his eyes. And now he is at her gate to meet her. She"
"conv_ed575a06c11d42358e3eeb7826d2f959","—telling the waves about the gulls that had nested in the eastern eave, describing the rust she'd scraped from the gallery railing, admitting her fears when","the fog rolled in so thick she couldn't see the rocks below. The sea never answered with words, but Margot had learned its language—the hiss of retreat","—telling the waves about the gulls that had nested in the eastern eave, describing the rust she'd scraped from the gallery railing, admitting her fears when the fog rolled in so thick she couldn't see the rocks below. The sea never answered with words, but Margot had learned its language—the hiss of retreat"
"conv_155f7493-3058-435d-a672-40e7e8ec213a","a bear named Per Hansen. He was your usual, run-of-the-mill bear turned Danish. One day he was taking a walk through the cold winter.","","a bear named Per Hansen. He was your usual, run-of-the-mill bear turned Danish. One day he was taking a walk through the cold winter. "
"conv_ccb90f8d-d4bb-406e-83e9-b91ac0615cac","Is this the right step? Do I move away? She wanted it all and that meant a top job, the big love and marriage. She also wanted to be close to her parents and now her mum just called with","news that her father wasn't feeling well. The phone call left Dana with a heavy heart and a tangled web of emotions. She paced her small apartment, the city lights flick","Is this the right step? Do I move away? She wanted it all and that meant a top job, the big love and marriage. She also wanted to be close to her parents and now her mum just called with news that her father wasn't feeling well. The phone call left Dana with a heavy heart and a tangled web of emotions. She paced her small apartment, the city lights flick"
"conv_4ff7dbd3a0434e629ed9cbc2a937680c","that she belonged here, meant to uncover the hidden wonders nestled beyond the ivy gate. Maren pressed forward, hope and courage fluttering beside her like silver-winged moths","With a trembling smile, Maren crossed the threshold, ready to follow the golden gaze. Each step promised marvels and mysteries, her key now glowing softly as if reassuring her","that she belonged here, meant to uncover the hidden wonders nestled beyond the ivy gate. Maren pressed forward, hope and courage fluttering beside her like silver-winged moths With a trembling smile, Maren crossed the threshold, ready to follow the golden gaze. Each step promised marvels and mysteries, her key now glowing softly as if reassuring her"
"conv_6c680e8e-2455-4bdf-b4cd-fe6c409f373a","Meet my new life. As I got off the bus in front of the new school, I made eye contact with a girl who also looked like she was new to the place. I felt assured that","I wasn’t alone in this transition. We exchanged a nervous smile, and in that moment, I realized that this new chapter might just be the beginning of something truly remarkable.","Meet my new life. As I got off the bus in front of the new school, I made eye contact with a girl who also looked like she was new to the place. I felt assured that I wasn’t alone in this transition. We exchanged a nervous smile, and in that moment, I realized that this new chapter might just be the beginning of something truly remarkable."
"conv_bf42f3342170423a9a125531347bd54e","that the line between worlds had opened for kindness, not loss. And as the sun crested the treetops, he stepped into the morning with courage, ready to answer","whatever call the forest might bring—sure now that Alder Hollow’s oldest secrets were made not just of shadow, but of healing, hope, and the gentle promise of return.","that the line between worlds had opened for kindness, not loss. And as the sun crested the treetops, he stepped into the morning with courage, ready to answer whatever call the forest might bring—sure now that Alder Hollow’s oldest secrets were made not just of shadow, but of healing, hope, and the gentle promise of return."
"conv_29031421-8265-472f-b4ce-f147dd80edca","Long and wide until it covered the entire house. ""No one,"" her mother stammered, looking awfully pale. Mira's brother left the stairwell and walked.","toward the door, reaching for his coat. ""I should report this,"" he said, not looking at either of them. ""The king rewards those who protect the realm.""","Long and wide until it covered the entire house. ""No one,"" her mother stammered, looking awfully pale. Mira's brother left the stairwell and walked. toward the door, reaching for his coat. ""I should report this,"" he said, not looking at either of them. ""The king rewards those who protect the realm."""
"conv_1a776856-1876-44eb-b0f6-31b31250ddca","That this experience created. Once outside of the sauna, regular life would, for better or worse, have to continue on as it had.","before, with its familiar routines and responsibilities, but somehow the experience of the sauna lingered, leaving an imprint on his mind and heart, a reminder of the peace and clarity","That this experience created. Once outside of the sauna, regular life would, for better or worse, have to continue on as it had. before, with its familiar routines and responsibilities, but somehow the experience of the sauna lingered, leaving an imprint on his mind and heart, a reminder of the peace and clarity"
"conv_69120b0be9a881908567c1dfa912a6d90a309a13d5ea8eef","And the food he made tasted so very good. His eyes twinkled in the candlelight as he regarded her with more warmth than anyone has ever before. He extended a hand.","to her, inviting her to dance. As they swayed gently to the music of the crackling fire, Elara realized that this place, with Aiden, felt like","And the food he made tasted so very good. His eyes twinkled in the candlelight as he regarded her with more warmth than anyone has ever before. He extended a hand. to her, inviting her to dance. As they swayed gently to the music of the crackling fire, Elara realized that this place, with Aiden, felt like"
"conv_a2292393-fd39-476f-975c-aaf411653197","As he turned away from her, questions flew through Emily's mind. What did he want? And what did he mean? Should she go?","back to the cottage and try to forget the strange encounter, or should she follow him and demand answers? The doubts and uncertainty swirled in her mind like the moor","As he turned away from her, questions flew through Emily's mind. What did he want? And what did he mean? Should she go? back to the cottage and try to forget the strange encounter, or should she follow him and demand answers? The doubts and uncertainty swirled in her mind like the moor"
"conv_2d902bf2a3234361aa78feaab07a487a","as if every shadow and forgotten melody were seen anew. Clara smiled, stepping forward—and as she did, the key’s song became her own: a promise to keep the hidden","and the lost safe, so every wandering dreamer might someday find their way home beneath the never-sleeping city’s gentle, watchful light.","as if every shadow and forgotten melody were seen anew. Clara smiled, stepping forward—and as she did, the key’s song became her own: a promise to keep the hidden and the lost safe, so every wandering dreamer might someday find their way home beneath the never-sleeping city’s gentle, watchful light."
"conv_67ac97006f1d4d4ba320c77d5127773c","eyes even dimmed by death and years. Her husband stood before her—not as he'd been, but not quite ghost either—something between memory and the deep.","promises.

""Mara.""

The green light surfaced, and with it came a figure wrapped in water and starlight. She knew that face, knew those","eyes even dimmed by death and years. Her husband stood before her—not as he'd been, but not quite ghost either—something between memory and the deep. promises.

""Mara.""

The green light surfaced, and with it came a figure wrapped in water and starlight. She knew that face, knew those"
"conv_0fcb83fd5cc0426ea3088bfd0c19daae","the logbooks in the keeper's office downstairs, the names written in fading ink, the dates that ended abruptly. Seventeen keepers before her at","Breakwater Point, and only five who'd retired to live out their days on solid ground. The others simply had final entries—""Heavy fog tonight"" or ""Light","the logbooks in the keeper's office downstairs, the names written in fading ink, the dates that ended abruptly. Seventeen keepers before her at Breakwater Point, and only five who'd retired to live out their days on solid ground. The others simply had final entries—""Heavy fog tonight"" or ""Light"
"599Km2RY5nTNKI7vG2Wb","They did over 500 each! It made the other students mad being robbed of the victory. They all teamed up together.","and started marching towards the university park, where the biology-students were enjoying the beer they won from the competetion. ""We should have won that beer"" one shouted. We should","They did over 500 each! It made the other students mad being robbed of the victory. They all teamed up together. and started marching towards the university park, where the biology-students were enjoying the beer they won from the competetion. ""We should have won that beer"" one shouted. We should"
"conv_fc1c9be7eb954cc6bb94f531369fe476","she were trying to disappear into the margins. By the second week, she stopped writing the word ""sea"" altogether, substituting ""the vista"" or ""the eastern","daily rituals mechanically: polishing the great lens, checking the fuel reserves, recording weather conditions in the logbook with handwriting that grew smaller each day, as if","she were trying to disappear into the margins. By the second week, she stopped writing the word ""sea"" altogether, substituting ""the vista"" or ""the eastern daily rituals mechanically: polishing the great lens, checking the fuel reserves, recording weather conditions in the logbook with handwriting that grew smaller each day, as if"
"conv_e335739c-0072-4945-8fe4-457a04c0997b","to a stop only when being impaled by a sharp rock. There it sat as a head on a pike until it decomposed and from its seed sprouted a poisoned","tree, its twisted branches reaching towards the sky like skeletal fingers, casting a dark and ominous shadow over the forest floor, and filling the air with a noxious scent that wa","to a stop only when being impaled by a sharp rock. There it sat as a head on a pike until it decomposed and from its seed sprouted a poisoned tree, its twisted branches reaching towards the sky like skeletal fingers, casting a dark and ominous shadow over the forest floor, and filling the air with a noxious scent that wa"
"conv_20c3db22-5b6d-42fa-bdee-f1e1a84fe6e8","And he felt his body being pushed and pulled in all directions. He lost consciousness, and when he awoke, he found himself in","a different time and place. The year was 1890, and he was in a small, bustling village that would one day become the heart of Barovia","And he felt his body being pushed and pulled in all directions. He lost consciousness, and when he awoke, he found himself in a different time and place. The year was 1890, and he was in a small, bustling village that would one day become the heart of Barovia"
"conv_7c23347e-6172-4c84-9fd0-45ef34290bd5","The walls, frail and made of glass. I needed to use the sewer rat to infiltrate the facility; to make them suffer, I need the","","The walls, frail and made of glass. I needed to use the sewer rat to infiltrate the facility; to make them suffer, I need the "
"D8kJXS3suDI2tltssVgN","""Oh fuck"" flew through his head. He wanted to run away, but his paws were stuck in the piss-pool. He started panicking when a miracle happened.","to his mom, and he started disintegrating from existence. The ""oh fuck"" faded away, replaced by a strange relief as all the piss and the laughs and the evil bird disappeared from view.","""Oh fuck"" flew through his head. He wanted to run away, but his paws were stuck in the piss-pool. He started panicking when a miracle happened. to his mom, and he started disintegrating from existence. The ""oh fuck"" faded away, replaced by a strange relief as all the piss and the laughs and the evil bird disappeared from view."
"JFI8cNwhGfRT2Jd6JUd0","Lava and stone. Finally, after mastering the last step, Carl was ready. He was going to apply for the job. ""Finally,"" he thought, ""now I can be a contributing member to society.""","He went on to attention all around the world. And the one job he had his eyes pierced to suddenly wasn't the only option. People from various sectors of society wanted a piecec of","Lava and stone. Finally, after mastering the last step, Carl was ready. He was going to apply for the job. ""Finally,"" he thought, ""now I can be a contributing member to society."" He went on to attention all around the world. And the one job he had his eyes pierced to suddenly wasn't the only option. People from various sectors of society wanted a piecec of"
"conv_6917421066d8819592863132f4a141a00078d2d8d630f704","room, the sound causes an uneasy feeling in his stomach. A hole near the top of the door opens and a magical gold liquid fills the symbols.",", illuminating them with a warm, pulsing glow. The door slides open effortlessly, revealing a dimly lit chamber. Inside, he sees a small, glowing orb suspended in","room, the sound causes an uneasy feeling in his stomach. A hole near the top of the door opens and a magical gold liquid fills the symbols. , illuminating them with a warm, pulsing glow. The door slides open effortlessly, revealing a dimly lit chamber. Inside, he sees a small, glowing orb suspended in"
"conv_dd97163df61443139435901d48037f18","gone before, Emilia stumbled upon a hidden clearing, where a magnificent tree with a trunk as wide as a house and branches that seemed to stretch up to the sky stood tall","to explore the forest's edge, feeling the thrill of adventure and the promise of secrets waiting to be uncovered. One day, while wandering deeper into the woods than she had ever","gone before, Emilia stumbled upon a hidden clearing, where a magnificent tree with a trunk as wide as a house and branches that seemed to stretch up to the sky stood tall to explore the forest's edge, feeling the thrill of adventure and the promise of secrets waiting to be uncovered. One day, while wandering deeper into the woods than she had ever"
"P1SZ3AZnoi1oqt5EbYh5","Justice was withheld. The biggest feast the world has ever seen. The small man's village was happy to finally","pork on the table. Pork was everywhere, and pink nowhere. The entire world lived happily ever after. And then a man went","Justice was withheld. The biggest feast the world has ever seen. The small man's village was happy to finally pork on the table. Pork was everywhere, and pink nowhere. The entire world lived happily ever after. And then a man went"
"uSUBQk0ZgGhDzjY8qQwb","his ""support"" all the time. Their relationship had been toxic in many ways, and he would always make her feel like she really needed him – which she didn't. But he manipulated her","Way to escape from her ex to show him who she has become now—a strong, independent girl who is not afraid of him and doesn't need him.","his ""support"" all the time. Their relationship had been toxic in many ways, and he would always make her feel like she really needed him – which she didn't. But he manipulated her Way to escape from her ex to show him who she has become now—a strong, independent girl who is not afraid of him and doesn't need him."
"conv_20c3db22-5b6d-42fa-bdee-f1e1a84fe6e8","Julius exited the time machine and got his bearings, looking around the town for signs of the local butcher shop, where he knew","Adolfus's father worked. The streets were lined with cobblestones, and the air was filled with the smells of freshly baked bread and horse-drawn carriages.","Julius exited the time machine and got his bearings, looking around the town for signs of the local butcher shop, where he knew Adolfus's father worked. The streets were lined with cobblestones, and the air was filled with the smells of freshly baked bread and horse-drawn carriages."
"conv_100f2d97134940bd8cf1b6af65385fc1","their own subtle bitterness—more like unsweetened cocoa than metal. By midnight, she'd filled six pages with observations, her tea long cold.

The","our, like milk left too long in the sun. She grabbed a notebook and started writing, categorizing: white lies tasted different from malicious ones, omissions had","their own subtle bitterness—more like unsweetened cocoa than metal. By midnight, she'd filled six pages with observations, her tea long cold.

The our, like milk left too long in the sun. She grabbed a notebook and started writing, categorizing: white lies tasted different from malicious ones, omissions had"
"conv_8432160f013d46fca2bd5459bb50a870","came the faintest scent of rain and something else: fresh air, mingled with the promise of freedom. Heart swelling with hope, Willow let herself be carried—step by","step—down the staircase, the wind guiding her every bounce and slide. At the foot of the stairs, the front door stood slightly ajar, and beyond it the rain","came the faintest scent of rain and something else: fresh air, mingled with the promise of freedom. Heart swelling with hope, Willow let herself be carried—step by step—down the staircase, the wind guiding her every bounce and slide. At the foot of the stairs, the front door stood slightly ajar, and beyond it the rain"
"conv_a2292393-fd39-476f-975c-aaf411653197","whisper. Emily tore herself away from him and ran back towards the cottage. She looked back to see Elijah standing, a solitary","figure on the moor, his eyes fixed on her as she disappeared into the distance. The wind picked up, and his coat flapped behind him like a dark wing,","whisper. Emily tore herself away from him and ran back towards the cottage. She looked back to see Elijah standing, a solitary figure on the moor, his eyes fixed on her as she disappeared into the distance. The wind picked up, and his coat flapped behind him like a dark wing,"
"conv_3b52d22e952548f7bd6274fd5ca52c2b",", almost inviting. She stepped through the door onto the narrow gallery, salt wind whipping her hair. The bird's eye caught the dying light, and then—","The gull returned at sunset, perching on the gallery railing outside. It cocked its head, and Mara felt the pull again—gentler this time",", almost inviting. She stepped through the door onto the narrow gallery, salt wind whipping her hair. The bird's eye caught the dying light, and then— The gull returned at sunset, perching on the gallery railing outside. It cocked its head, and Mara felt the pull again—gentler this time"
"conv_41180468-5036-4f69-af66-b7465bcb7316","Libraries. They use books and supplies to create magic spells for restoring the world after it was broken by humans. Luckily, they","had discovered that certain pre-Breaking texts—technical manuals, chemistry textbooks, even poetry collections—contained the linguistic keys to reconstruction magic. The words themselves held power when","Libraries. They use books and supplies to create magic spells for restoring the world after it was broken by humans. Luckily, they had discovered that certain pre-Breaking texts—technical manuals, chemistry textbooks, even poetry collections—contained the linguistic keys to reconstruction magic. The words themselves held power when"
"599Km2RY5nTNKI7vG2Wb","One day, two young researchers entered a classroom full of students and asked them to participate in","a push-up competion to find out, if there is a correlation between how strong people from different studies are. There was a slight twist to this since the participants were also","One day, two young researchers entered a classroom full of students and asked them to participate in a push-up competion to find out, if there is a correlation between how strong people from different studies are. There was a slight twist to this since the participants were also"
"h9mEvTqoZyrUb6cj1fxu","""But it's not about that. I love how you look... I'm just trying to come up with excuses for us to not be together. My dad doesn't want us to.""","because of our cultural differences... You know my father doesn't approve and he doesn't support our relationship, we were never meat to be Magnus"" I looked away sad and","""But it's not about that. I love how you look... I'm just trying to come up with excuses for us to not be together. My dad doesn't want us to."" because of our cultural differences... You know my father doesn't approve and he doesn't support our relationship, we were never meat to be Magnus"" I looked away sad and"
"conv_2d902bf2a3234361aa78feaab07a487a","And so Clara remained, neither ghost nor ordinary citizen, but something in-between—a keeper of the threshold. Her story lived on in the hush of the rain and the flicker","of lanterns, in every whispered tune that drifted along Ashdown Street at night. If you paused and listened, you might hear her melody—a murmured invitation to seek","And so Clara remained, neither ghost nor ordinary citizen, but something in-between—a keeper of the threshold. Her story lived on in the hush of the rain and the flicker of lanterns, in every whispered tune that drifted along Ashdown Street at night. If you paused and listened, you might hear her melody—a murmured invitation to seek"
"conv_67ac97006f1d4d4ba320c77d5127773c",", the light grew stronger, close enough now that she could see shapes moving within it—shadows that might have been kelp, or might have been reaching hands. The waves","current she'd long forgotten. The night air bit at her skin, sharp with brine and something else—something that tasted like memory.

At the water's edge",", the light grew stronger, close enough now that she could see shapes moving within it—shadows that might have been kelp, or might have been reaching hands. The waves current she'd long forgotten. The night air bit at her skin, sharp with brine and something else—something that tasted like memory.

At the water's edge"
"conv_c69a0c5657f347da9115c1f7da6d3116","ie stepped through the archway, leaving behind the ordinary world. Shadows and whispers wound around her as she entered a realm between moments. The silver key pulsed with steady reassurance",", guiding her forward. Each footfall dissolved the mist, revealing fragments of her family’s lost stories: her great-grandmother’s laughter woven into the song of a brook,","ie stepped through the archway, leaving behind the ordinary world. Shadows and whispers wound around her as she entered a realm between moments. The silver key pulsed with steady reassurance , guiding her forward. Each footfall dissolved the mist, revealing fragments of her family’s lost stories: her great-grandmother’s laughter woven into the song of a brook,"
"9MYVXy4Nms9gfR1DI7NA","TV shows. If Cat was gonna be an actor, he would star in The Office, he thinks. But he doesn't have time to think, so","instead he jumps out the sewer and runs around in the bushlands, confused about the sewer system in the bushlands. It didn't really seem to fit the","TV shows. If Cat was gonna be an actor, he would star in The Office, he thinks. But he doesn't have time to think, so instead he jumps out the sewer and runs around in the bushlands, confused about the sewer system in the bushlands. It didn't really seem to fit the"
"conv_11293fd2-d757-471f-8e2e-783542167a8e","In the middle of its face were old-fashioned goggles; as the balloon came to a halt in the air above her, the creature lifted them.","and peered down at the young girl with an unblinking gaze, its eyes gleaming with a mixture of curiosity and mischief, as it removed the goggles to reveal eyes","In the middle of its face were old-fashioned goggles; as the balloon came to a halt in the air above her, the creature lifted them. and peered down at the young girl with an unblinking gaze, its eyes gleaming with a mixture of curiosity and mischief, as it removed the goggles to reveal eyes"
"conv_3c5b888e-d991-4bce-adad-5584923b75b5","door which was slowly opening. ""Dad?"" a voice asked nervously. ""Are you having an episode?"" ""AN EPISODE OF WHAT!?"" Tormund angrily","shouted, whirling toward the doorway. There stood his daughter, Brenna, lantern in hand, her face etched with worry. She took in","door which was slowly opening. ""Dad?"" a voice asked nervously. ""Are you having an episode?"" ""AN EPISODE OF WHAT!?"" Tormund angrily shouted, whirling toward the doorway. There stood his daughter, Brenna, lantern in hand, her face etched with worry. She took in"
"conv_3c5b888e-d991-4bce-adad-5584923b75b5","At the sight of this, a new rage, stronger than anything Midgaard had ever seen, woke in his chest. He had finally broken free from the","chains of grief that had bound him since his apprentice's departure. This was no ordinary anger—this was the ancient fury of the mountain folk, the kind that forge","At the sight of this, a new rage, stronger than anything Midgaard had ever seen, woke in his chest. He had finally broken free from the chains of grief that had bound him since his apprentice's departure. This was no ordinary anger—this was the ancient fury of the mountain folk, the kind that forge"
"conv_26e2b109c7d34348a469ede32b8d089d","from its trembling leg. The bird fluttered, but Elsie was careful and patient, freeing it at last. Before she could retreat, the sparrow fixed her with a","Elsie hurried outside, her nimble fingers prepared for delicate work. She crouched beside the frightened sparrow, speaking in soft murmurs as she gently unwound the wire","from its trembling leg. The bird fluttered, but Elsie was careful and patient, freeing it at last. Before she could retreat, the sparrow fixed her with a Elsie hurried outside, her nimble fingers prepared for delicate work. She crouched beside the frightened sparrow, speaking in soft murmurs as she gently unwound the wire"
"conv_ff8f8b90ff284f71954c9a40da590bc5","she finally stood before the entrance of the Echoing Cavern, a vast and ominous opening in the side of the mountain, its mouth a yawning void that seemed to swallow","all light and sound, leaving only an unearthly stillness that seemed to reverberate with the weight of centuries. As Emilia stepped forward, the darkness within the cavern","she finally stood before the entrance of the Echoing Cavern, a vast and ominous opening in the side of the mountain, its mouth a yawning void that seemed to swallow all light and sound, leaving only an unearthly stillness that seemed to reverberate with the weight of centuries. As Emilia stepped forward, the darkness within the cavern"
"conv_2ce635fa-cb6c-424f-9565-859a944eed92","All birds, like the other groups of animals, all share a base biological structure, modified to the needs of the species. Flight or not, they are all","connected by that ancient blueprint—hollow bones, keen vision, the echo of dinosaurs in their very marrow. What separated his fossil from the chickens was choice versus circumst","All birds, like the other groups of animals, all share a base biological structure, modified to the needs of the species. Flight or not, they are all connected by that ancient blueprint—hollow bones, keen vision, the echo of dinosaurs in their very marrow. What separated his fossil from the chickens was choice versus circumst"
"conv_48a63036afde46b78f210ee3dbf2df89","villagers were both intrigued and cautious, for the traveler’s words carried a weight that could not be ignored. As the sun began to set on the eve of the festival","and the first stars appeared in the sky, the villagers prepared for the night ahead. Children ran through the streets with lanterns in hand, their laughter mingling with the gentle","villagers were both intrigued and cautious, for the traveler’s words carried a weight that could not be ignored. As the sun began to set on the eve of the festival and the first stars appeared in the sky, the villagers prepared for the night ahead. Children ran through the streets with lanterns in hand, their laughter mingling with the gentle"
"conv_987ee67e4ce6447bb77a859aaee7a092","with known dimensions. Cool air breathed out, carrying scents of earth and growing things, of somewhere vast and impossible.

Mara heard her aunt's voice calling","from downstairs, something about the will and paperwork, but the words felt distant and unimportant. She reached into the darkness, her fingertips brushing","with known dimensions. Cool air breathed out, carrying scents of earth and growing things, of somewhere vast and impossible.

Mara heard her aunt's voice calling from downstairs, something about the will and paperwork, but the words felt distant and unimportant. She reached into the darkness, her fingertips brushing"
"conv_a2292393-fd39-476f-975c-aaf411653197","As he approached, he looked at her like an old friend. ""I am new to these parts,"" he said. ""Could you please show me the way to","the village?"" he asked, his voice low and smooth, with a hint of a distant accent that Emily couldn't quite place. She nodded, feeling an inexplicable sense of","As he approached, he looked at her like an old friend. ""I am new to these parts,"" he said. ""Could you please show me the way to the village?"" he asked, his voice low and smooth, with a hint of a distant accent that Emily couldn't quite place. She nodded, feeling an inexplicable sense of"
"xmFgQW5bh6PcMW6uXdYJ","man to talk about SOMETHING else than the pretty boy from yesterday. As she was rummaging through her cupboard","Begun, and Clara did not want to anticipate anything. The next day, Casper would not stop talking about Ian and his rudeness. Clara grew suspicious—how could she get the","man to talk about SOMETHING else than the pretty boy from yesterday. As she was rummaging through her cupboard Begun, and Clara did not want to anticipate anything. The next day, Casper would not stop talking about Ian and his rudeness. Clara grew suspicious—how could she get the"
"xmFgQW5bh6PcMW6uXdYJ","would now become her motivation to make Casper realise just how fucking gay he was. No man should be closeted in","She found the picture from last summer depicting her late father. The funniest man she knew—unfortunately, he was not brave enough to come out of the closet, and this","would now become her motivation to make Casper realise just how fucking gay he was. No man should be closeted in She found the picture from last summer depicting her late father. The funniest man she knew—unfortunately, he was not brave enough to come out of the closet, and this"
"conv_2ce635fa-cb6c-424f-9565-859a944eed92","This ability has equally been stripped by force, as is the case of the flightless breeds of chicken. While humans allowed their breast muscles to grow for the meat, they could no longer","support their own weight in air. Domestication had turned flight into a burden rather than salvation. Marcus traced his finger along the fossilized keel bone, noting how","This ability has equally been stripped by force, as is the case of the flightless breeds of chicken. While humans allowed their breast muscles to grow for the meat, they could no longer support their own weight in air. Domestication had turned flight into a burden rather than salvation. Marcus traced his finger along the fossilized keel bone, noting how"
"conv_69a0753fc5d08196aa37099ec6c65b69083687b3e71b94b5","soul. Would she ever become part of this sacred world? Would she ever connect with the original Eve, the first woman - feel as","though she belonged? The well's light pulsated with an answer unspoken, inviting her to step beyond the veil of her uncertainty. It promised a path where her true essence","soul. Would she ever become part of this sacred world? Would she ever connect with the original Eve, the first woman - feel as though she belonged? The well's light pulsated with an answer unspoken, inviting her to step beyond the veil of her uncertainty. It promised a path where her true essence"
"OdyHy12i4PsBZkM4jjdC","in to town to sell all the potatoes he had. He made a stand in the middle of the town square and just started selling","He chose bad. He went then to breed one million billion poisonous potatoes and loaded them all in his truck. He drove it.","in to town to sell all the potatoes he had. He made a stand in the middle of the town square and just started selling He chose bad. He went then to breed one million billion poisonous potatoes and loaded them all in his truck. He drove it."
"ULRAMZF7ra0i53A9w3Gv","than every human could ever give seemingly. So when after the old lady a giraf walked into the center, looking for a dog to","A long time waiting, an older lady came by. She reminded Pluto of Mary, so he wished so bad that she would find another dog. Pluto wanted more love.","than every human could ever give seemingly. So when after the old lady a giraf walked into the center, looking for a dog to A long time waiting, an older lady came by. She reminded Pluto of Mary, so he wished so bad that she would find another dog. Pluto wanted more love."
"7wPRj5Wbc26nlx60LUT5","duck gang to be formed. He started working out to look jacked, so he can be the biggest looking boss duck they have","And to start a new clan. Not the KKK, not anything the world has ever seen before. Now it was time for the bald badass.","duck gang to be formed. He started working out to look jacked, so he can be the biggest looking boss duck they have And to start a new clan. Not the KKK, not anything the world has ever seen before. Now it was time for the bald badass."
"conv_691dc7c061d8819797504b613ba6691208409e48769ea891","An infernal spell, ready to cast a fireball on the nearest foe. Only the fighter had begun to collect the gold coins, in an attempt to secure","the old man's belongings. The thieves, realizing they were outmatched, began to back away. The leader of the thugs sneered and snarled, ""This isn't over","An infernal spell, ready to cast a fireball on the nearest foe. Only the fighter had begun to collect the gold coins, in an attempt to secure the old man's belongings. The thieves, realizing they were outmatched, began to back away. The leader of the thugs sneered and snarled, ""This isn't over"
"conv_be4cbde009954f858d463f4a693fc379","beginning. Elara’s journey had just begun, and the forest, with all its wonders and mysteries, awaited her every step.","With each stride, Elara felt a growing connection to the land, a bond that would guide her through the trials to come. The villagers, sensing a change in her,","beginning. Elara’s journey had just begun, and the forest, with all its wonders and mysteries, awaited her every step. With each stride, Elara felt a growing connection to the land, a bond that would guide her through the trials to come. The villagers, sensing a change in her,"
"qVjn3NBZDrc5qwoYuKfa","so much happier and less lonely. Sandy brought so many men home and Vojtech could enjoy as many BONES as he wanted. Everyone got","That fish bone people choke on at Christmas, for her, it only carried happy memories. Our shark got gradually","so much happier and less lonely. Sandy brought so many men home and Vojtech could enjoy as many BONES as he wanted. Everyone got That fish bone people choke on at Christmas, for her, it only carried happy memories. Our shark got gradually"
"9MYVXy4Nms9gfR1DI7NA","?” And Cat looked at him with disgust and says “Who invited this naked mole rat?” So RATMA attacks Brother Cat because of this and shit.","on the ground. Cat is very confused and a little bit scared but he eventually bit RATMA in the tail which made RATMA fall to","?” And Cat looked at him with disgust and says “Who invited this naked mole rat?” So RATMA attacks Brother Cat because of this and shit. on the ground. Cat is very confused and a little bit scared but he eventually bit RATMA in the tail which made RATMA fall to"
"conv_e335739c-0072-4945-8fe4-457a04c0997b","Memories of falsehood and deceit. They remembered a blissful past that had never been and they longed for a happiness they had never had. Most","became trapped in this false nostalgia, forever chasing the ghosts of a nonexistent happiness, and the tree, now a symbol of corrupted bliss, stood tall and proud, its branches","Memories of falsehood and deceit. They remembered a blissful past that had never been and they longed for a happiness they had never had. Most became trapped in this false nostalgia, forever chasing the ghosts of a nonexistent happiness, and the tree, now a symbol of corrupted bliss, stood tall and proud, its branches"
"conv_c576a2b8-4944-4966-b836-5a4fde76260f","Durghenhal, an easygoing penguin who has dreamt of flying since he played Learn to Fly on Y8, and broke through the final ice wall. After that milestone","he became obsessed with the idea of defying gravity and soaring through the skies. Every day, he would waddle down to the icy shores of his Antarctic home, flap his","Durghenhal, an easygoing penguin who has dreamt of flying since he played Learn to Fly on Y8, and broke through the final ice wall. After that milestone he became obsessed with the idea of defying gravity and soaring through the skies. Every day, he would waddle down to the icy shores of his Antarctic home, flap his"
"conv_02b6fce3-98d8-456f-b0e8-3708b9ca1968","A dark shadow in the corner of the kitchen. It was almost unnoticeable at first, but she could have sworn there was movement. She stood still for a","moment, her breath held. The shadow seemed to shift again, and a chill ran down her spine. She reached for the nearest object—a wooden spoon—and raised it defensively,","A dark shadow in the corner of the kitchen. It was almost unnoticeable at first, but she could have sworn there was movement. She stood still for a moment, her breath held. The shadow seemed to shift again, and a chill ran down her spine. She reached for the nearest object—a wooden spoon—and raised it defensively,"
"YprMqddWHK39musGQ4si","Decided to try and leave the film industry for a while to live with the dog, cat, and hamster the way God had intended. She","had had her spiritual awakening. But the dog/cat and hamster kicked her out, and she had to live on the street for a while. They","Decided to try and leave the film industry for a while to live with the dog, cat, and hamster the way God had intended. She had had her spiritual awakening. But the dog/cat and hamster kicked her out, and she had to live on the street for a while. They"
"conv_691e9e26b7688197a86e51a9d9a7dfe1052dd4511749a606","Air switched from heavy and dense to light, almost strangling the senses that were used to the heavy breaths. She felt dizzy but was","resolved to continue. The walls of the tunnel were lined with cryptic symbols and old engravings, hinting at forgotten legends of Willow Creek. As she moved deeper, she","Air switched from heavy and dense to light, almost strangling the senses that were used to the heavy breaths. She felt dizzy but was resolved to continue. The walls of the tunnel were lined with cryptic symbols and old engravings, hinting at forgotten legends of Willow Creek. As she moved deeper, she"
"conv_bf42f3342170423a9a125531347bd54e","moonlight that glimmered too bright, too ancient. In her hand, she held another feather, dark as night. ""You kept your promise,"" she whispered, her","voice a strange echo of memory and wind. ""The forest remembers."" She leaned in and pressed the feather into his palm. ""When the hollow calls, follow. Only then","moonlight that glimmered too bright, too ancient. In her hand, she held another feather, dark as night. ""You kept your promise,"" she whispered, her voice a strange echo of memory and wind. ""The forest remembers."" She leaned in and pressed the feather into his palm. ""When the hollow calls, follow. Only then"
"conv_67ac97006f1d4d4ba320c77d5127773c","from what seemed like fathoms down, where no diver could survive and no vessel could rest intact.

Her hand moved to the logbook by instinct, pen","deep. Mara's breath fogged the glass. She wiped it with her sleeve and watched as the signal repeated—three short, three long, three short—","from what seemed like fathoms down, where no diver could survive and no vessel could rest intact.

Her hand moved to the logbook by instinct, pen deep. Mara's breath fogged the glass. She wiped it with her sleeve and watched as the signal repeated—three short, three long, three short—"
"conv_ef19d8d709f847e0b5751d5f9905e721","a figure stood, shrouded in mist, its presence seeming to emanate from the very essence of the forest, and as Aria's eyes adjusted to the soft,","ethereal light that surrounded the figure, she saw that it was a woman, tall and stately, with skin as pale as the mist that swirled around her,","a figure stood, shrouded in mist, its presence seeming to emanate from the very essence of the forest, and as Aria's eyes adjusted to the soft, ethereal light that surrounded the figure, she saw that it was a woman, tall and stately, with skin as pale as the mist that swirled around her,"
"conv_006cb479-ccd3-40d1-83fb-4b614573f636","As if they were destined to meet. They started talking and soon found out they had a lot in common. They started meeting more and over time they","developed a deep and meaningful connection, one that was built on mutual understanding and respect. They shared their stories, their fears, and their dreams with each other, and as","As if they were destined to meet. They started talking and soon found out they had a lot in common. They started meeting more and over time they developed a deep and meaningful connection, one that was built on mutual understanding and respect. They shared their stories, their fears, and their dreams with each other, and as"
"conv_d6190dffe464453db28dc7d77f15b04c","and possibilities. That night, as she drifted into sleep, the distant singing followed her, weaving dreams of ancient secrets and a destiny tied to the restless tide. In the","seemed changed—alive with new promise, every ripple whispering her name. Mira made her way home, the mysterious box cradled close, her mind racing with questions","and possibilities. That night, as she drifted into sleep, the distant singing followed her, weaving dreams of ancient secrets and a destiny tied to the restless tide. In the seemed changed—alive with new promise, every ripple whispering her name. Mira made her way home, the mysterious box cradled close, her mind racing with questions"
"conv_90178cb2-77d1-4123-9509-2ec42e4db932","""Have a nice sleep now, and maybe you learned that you should never take food from strangers."" My heart nearly stopped, and I felt uncomfortable.","as I realized that I had indeed eaten the stranger's food without hesitation, and a wave of panic washed over me, but before I could react or respond, my eyelids began to feel heavy, and I felt myself being pulled into a deep sleep, as if the woman's words had been a spell, and I tried to struggle against it,","""Have a nice sleep now, and maybe you learned that you should never take food from strangers."" My heart nearly stopped, and I felt uncomfortable. as I realized that I had indeed eaten the stranger's food without hesitation, and a wave of panic washed over me, but before I could react or respond, my eyelids began to feel heavy, and I felt myself being pulled into a deep sleep, as if the woman's words had been a spell, and I tried to struggle against it,"
"conv_735156e66375422faddf4969b0c27f8f","the figures drifted closer. The one with her daughter's eyes reached out, and when their fingers touched, Marianne felt it—a rushing warmth, like","latching the lantern room door, stepping onto the narrow catwalk that circled the lighthouse. The wind caught her hair, wild and salt-stung, as","the figures drifted closer. The one with her daughter's eyes reached out, and when their fingers touched, Marianne felt it—a rushing warmth, like latching the lantern room door, stepping onto the narrow catwalk that circled the lighthouse. The wind caught her hair, wild and salt-stung, as"
"cUrf0q4FWuzVfOPnH1a7","accosted. ""What say you now, noble rebel?"" inquired the sovereign with a wry snarl. Silence - the crowd waited. A weak moan ached through the hall. ""Aha, no tongue commands no","Masses of people, whoever had a shred of an idea to revolt against the monarchical regime. ""HOW DARE YOU"" the king verbally","accosted. ""What say you now, noble rebel?"" inquired the sovereign with a wry snarl. Silence - the crowd waited. A weak moan ached through the hall. ""Aha, no tongue commands no Masses of people, whoever had a shred of an idea to revolt against the monarchical regime. ""HOW DARE YOU"" the king verbally"
"conv_d061c2596f1440f3bb6c77e2e3dd1a97","the voice grew louder, its melody weaving in and out of the rustling leaves and the chirping of the crickets, until Emilia felt an inexplicable pull, as","Emilia could hear, a soft and melodic voice that seemed to be carried on the wind, speaking a language that only her heart could understand. As she stood there,","the voice grew louder, its melody weaving in and out of the rustling leaves and the chirping of the crickets, until Emilia felt an inexplicable pull, as Emilia could hear, a soft and melodic voice that seemed to be carried on the wind, speaking a language that only her heart could understand. As she stood there,"
"h9mEvTqoZyrUb6cj1fxu","We take bus 2A, up to where Sofie lives. She was intrigued and a little scared, as Magnus walked right behind her all the way to her apartment. She didn't","know until his deep voice awakened something inside of Sofie's heart. ""Do you wanna come inside for a cup of tea Magnus?"" I asked him","We take bus 2A, up to where Sofie lives. She was intrigued and a little scared, as Magnus walked right behind her all the way to her apartment. She didn't know until his deep voice awakened something inside of Sofie's heart. ""Do you wanna come inside for a cup of tea Magnus?"" I asked him"
"conv_f76e092f63384595b52813939abb970a","on a Tuesday in March, when the fog rolled in thicker than Miriam had ever seen it. She'd been tending the Beacon Point lighthouse for three years","Miriam Chen, a lighthouse keeper who discovered that every ship she guided to safety in the fog carried passengers from a different century.

It started","on a Tuesday in March, when the fog rolled in thicker than Miriam had ever seen it. She'd been tending the Beacon Point lighthouse for three years Miriam Chen, a lighthouse keeper who discovered that every ship she guided to safety in the fog carried passengers from a different century.

It started"
"conv_2ce635fa-cb6c-424f-9565-859a944eed92","gressed into a relic of the past. While humans might envy flight, it is nothing more than an act of levitation, the ability to counter gravity through motoric","force. The bones told a stranger story still—this ancient bird had grown heavier with each generation, its wingspan shrinking while its breast muscles paradoxically strengthened.","gressed into a relic of the past. While humans might envy flight, it is nothing more than an act of levitation, the ability to counter gravity through motoric force. The bones told a stranger story still—this ancient bird had grown heavier with each generation, its wingspan shrinking while its breast muscles paradoxically strengthened."
"BocRhyGX0eWpgbUSkjWF","The south of America, but since the side effects were unknown at first, the export to Europe was massive. This resulted in a huge outburst.","of human looking mushrooms. It took over the news and the mushrooms which was eaten by the humans were infectious. More people therefore got possessed by mushrooms who","The south of America, but since the side effects were unknown at first, the export to Europe was massive. This resulted in a huge outburst. of human looking mushrooms. It took over the news and the mushrooms which was eaten by the humans were infectious. More people therefore got possessed by mushrooms who"
"conv_691f065bc31481969cdbdc53f0ca1d3b03f44f568e358927","If she felt the same as he did. After work, Ethan went to the hardware store to buy a saw, a shovel and 50 meters.","of canvas fabric. He planned to create a new piece inspired by their conversation. That evening, under the dim cellar light, he started outlining his vision.","If she felt the same as he did. After work, Ethan went to the hardware store to buy a saw, a shovel and 50 meters. of canvas fabric. He planned to create a new piece inspired by their conversation. That evening, under the dim cellar light, he started outlining his vision."
"conv_691b8b725ae48193abaaaa9270b26d500f7b1fcbf105c42b","""than that,"" he begged. The traveler considered him. ""Fine. You will get exactly what you wanted; you will receive the curse of knowing all that was and all","that will be, with the caveat of silence. You must use this knowledge wisely, without uttering a word."" Dan nodded solemnly, understanding the weight of his new","""than that,"" he begged. The traveler considered him. ""Fine. You will get exactly what you wanted; you will receive the curse of knowing all that was and all that will be, with the caveat of silence. You must use this knowledge wisely, without uttering a word."" Dan nodded solemnly, understanding the weight of his new"
"conv_b19d99668faf4d71bb1ffe532555ee59","and the legends that seemed to call to her. With a heart full of hope and a backpack filled with supplies, she bid her parents a tearful farewell. They embraced her","sun dipped below the horizon, painting the sky in hues of orange and purple, Elena made a decision. She would set out on a journey to find the truth about her origins","and the legends that seemed to call to her. With a heart full of hope and a backpack filled with supplies, she bid her parents a tearful farewell. They embraced her sun dipped below the horizon, painting the sky in hues of orange and purple, Elena made a decision. She would set out on a journey to find the truth about her origins"
"INnauEosv25woOCrBRDi","the wheel put on. He started slowly rolling towards Candyland. Pooh had a dream and nothing was going to stop","It was too weird to make new friends. This dampened his spirits, but he still had a dream to achieve. He crawled under the carriage and got","the wheel put on. He started slowly rolling towards Candyland. Pooh had a dream and nothing was going to stop It was too weird to make new friends. This dampened his spirits, but he still had a dream to achieve. He crawled under the carriage and got"
"conv_33502e38-922d-4e7d-a252-ab236947c3d2","At the end of the brush, being lathered against the walls. His secret. His secret only. But problems arose the first day.","he decided to bring his secret out into the open, as he stumbled upon an old, forgotten easel in the attic, covered in dust and cobwebs, with a canvas","At the end of the brush, being lathered against the walls. His secret. His secret only. But problems arose the first day. he decided to bring his secret out into the open, as he stumbled upon an old, forgotten easel in the attic, covered in dust and cobwebs, with a canvas"
"conv_0a6352c9d2d44fd38017a8422ff49497","where a massive stone statue stood, its features worn by time and weather, yet still exuding a sense of power and wisdom. The statue depicted a woman with long, flowing","hair that cascaded down her back like a river of night, her eyes gleaming with a soft, ethereal light that seemed to pierce the darkness, and her hands","where a massive stone statue stood, its features worn by time and weather, yet still exuding a sense of power and wisdom. The statue depicted a woman with long, flowing hair that cascaded down her back like a river of night, her eyes gleaming with a soft, ethereal light that seemed to pierce the darkness, and her hands"
"conv_41180468-5036-4f69-af66-b7465bcb7316","Used correctly. Michelle is working in the repopulation department where she helps animals find herds. It is tedious work.","but essential. She scouts from above, tracking the movements of scattered deer, guiding lost wolf pups back to their packs, noting where the wild horses gather near water","Used correctly. Michelle is working in the repopulation department where she helps animals find herds. It is tedious work. but essential. She scouts from above, tracking the movements of scattered deer, guiding lost wolf pups back to their packs, noting where the wild horses gather near water"
"conv_006cb479-ccd3-40d1-83fb-4b614573f636","Time went on; their connection became more than just friendship—it became love. For a long time they","had been afraid to acknowledge the true nature of their feelings, fearing that it might ruin the beautiful bond they had established. But as they looked into each other's eyes, they","Time went on; their connection became more than just friendship—it became love. For a long time they had been afraid to acknowledge the true nature of their feelings, fearing that it might ruin the beautiful bond they had established. But as they looked into each other's eyes, they"
"fIf2ccAs4ZpVTP7BBoxp","development. But people are not interested in making the world a better place. They just want more stuff. And","Otters in the river, nor the birds in the sky. She did, however, know a thing or two about the flows of capital, the flocking of stocks, of human energy concentrated in economic","development. But people are not interested in making the world a better place. They just want more stuff. And Otters in the river, nor the birds in the sky. She did, however, know a thing or two about the flows of capital, the flocking of stocks, of human energy concentrated in economic"
"xmFgQW5bh6PcMW6uXdYJ","out whether Ian had meant her or her friend Brian. Hopefully time would tell, afterall the year had just","Clara blushed, dragged her friend away from the situation, wondering what had just happened. But something was in the air—and she could not figure it out.","out whether Ian had meant her or her friend Brian. Hopefully time would tell, afterall the year had just Clara blushed, dragged her friend away from the situation, wondering what had just happened. But something was in the air—and she could not figure it out."
"conv_fc1c9be7eb954cc6bb94f531369fe476","she stepped outside that morning, the evidence contradicted her: seabirds still wheeled and cried above the cliffs, the wind still carried that sharp salt taste","in November, she woke to silence so complete it pressed against her eardrums like cotton wool.

She told herself it was age, perhaps an infection. But when","she stepped outside that morning, the evidence contradicted her: seabirds still wheeled and cried above the cliffs, the wind still carried that sharp salt taste in November, she woke to silence so complete it pressed against her eardrums like cotton wool.

She told herself it was age, perhaps an infection. But when"
"ULRAMZF7ra0i53A9w3Gv","fulfilled life with love and joy and a real family. It felt like home the moment he stepped into his new house and they lived","family and for Pluto. Pluto finally got the family he had been wishing for and all the love that Mary wouldn't give to him. He could now finally live a","fulfilled life with love and joy and a real family. It felt like home the moment he stepped into his new house and they lived family and for Pluto. Pluto finally got the family he had been wishing for and all the love that Mary wouldn't give to him. He could now finally live a"
"conv_62a271e6-a272-4e74-9d10-2dc0c15c530f","The pile of presents on the floor. A scorched corner of the sewing machine she had saved for the whole year peeked through the corner of the","charred wrapping paper. Emma's shoulders shook as she touched it with trembling fingers, and for the first time that evening, she felt her own tears come.","The pile of presents on the floor. A scorched corner of the sewing machine she had saved for the whole year peeked through the corner of the charred wrapping paper. Emma's shoulders shook as she touched it with trembling fingers, and for the first time that evening, she felt her own tears come."
"conv_69120b0be9a881908567c1dfa912a6d90a309a13d5ea8eef","Aiden's silhouette danced behind the windows of the cottage. She walked up the short pebbled path to the cottage. She was smiling miles wide as Aiden opened the door.","and welcomed her inside. The warmth of the cottage enveloped her, and she felt a sense of belonging she'd never known before. They spent the evening dining and sharing stories,","Aiden's silhouette danced behind the windows of the cottage. She walked up the short pebbled path to the cottage. She was smiling miles wide as Aiden opened the door. and welcomed her inside. The warmth of the cottage enveloped her, and she felt a sense of belonging she'd never known before. They spent the evening dining and sharing stories,"
"Pzb5I6nhg196AWLpukmz","Nate lost his attention while the teapot on the stove whistled loudly. Wrapping her up with a blanket, he let her sit on a chair in his cabin. With pouring the tea from","She downed the bottle offered to her and shook her head. ""Something is stalking the woods,"" she whispered, as if afraid something might.","Nate lost his attention while the teapot on the stove whistled loudly. Wrapping her up with a blanket, he let her sit on a chair in his cabin. With pouring the tea from She downed the bottle offered to her and shook her head. ""Something is stalking the woods,"" she whispered, as if afraid something might."
"conv_23ed55f8-cc91-439f-8c8e-e24f66457596","Sigh, she opened her mouth. ""Dear flower of three wishes, please have this evil disease be done away with. Please save.""","all the children in Wonderland from suffering."" The flower pulsed with a warm, golden light, and Lila felt a wave of peace wash over her. The air filled with","Sigh, she opened her mouth. ""Dear flower of three wishes, please have this evil disease be done away with. Please save."" all the children in Wonderland from suffering."" The flower pulsed with a warm, golden light, and Lila felt a wave of peace wash over her. The air filled with"
"conv_72037685-9437-4960-b9a0-5f77d2a71e41","It was as in every Christmas song. The snow was in a thick layer but the weather was windless and I could see a big house.","with smoke drifting lazily from the chimney, and the sound of laughter and caroling carrying through the crisp air, as Santa led me towards the front door, which swung open","It was as in every Christmas song. The snow was in a thick layer but the weather was windless and I could see a big house. with smoke drifting lazily from the chimney, and the sound of laughter and caroling carrying through the crisp air, as Santa led me towards the front door, which swung open"
"conv_02b6fce3-98d8-456f-b0e8-3708b9ca1968","bare feet. She grabbed the candlelight from the windowsill as she approached the kitchen with slow, steady steps. It must have been the","wind, she told herself, trying to calm her nerves. As she neared the kitchen, the flickering light revealed nothing out of place at first. Then, she noticed","bare feet. She grabbed the candlelight from the windowsill as she approached the kitchen with slow, steady steps. It must have been the wind, she told herself, trying to calm her nerves. As she neared the kitchen, the flickering light revealed nothing out of place at first. Then, she noticed"
"conv_c7f16c31-e264-4ad6-8a72-7c626fa0cac0","""My, my, what beautiful young ladies we've got here. Welcome."" Greeting the owner, Lea led Lucy to a table by the window before ordering the coffee. Lucy sat admiring the","way the sunlight filtered through the plants outside, casting dappled shadows on Lea's face, and she felt a sense of calm wash over her, as if she had","""My, my, what beautiful young ladies we've got here. Welcome."" Greeting the owner, Lea led Lucy to a table by the window before ordering the coffee. Lucy sat admiring the way the sunlight filtered through the plants outside, casting dappled shadows on Lea's face, and she felt a sense of calm wash over her, as if she had"
"conv_691f065bc31481969cdbdc53f0ca1d3b03f44f568e358927","A part of how I see the world. It sometimes gets messy and also quite political."" She smiled and nodded as he eagerly talked. ""Hey,","maybe you could show me some of your work sometime,"" she suggested, a spark of curiosity and camaraderie in her voice.

Ethan hesitated briefly, then nodded. ""","A part of how I see the world. It sometimes gets messy and also quite political."" She smiled and nodded as he eagerly talked. ""Hey, maybe you could show me some of your work sometime,"" she suggested, a spark of curiosity and camaraderie in her voice.

Ethan hesitated briefly, then nodded. """
"cUrf0q4FWuzVfOPnH1a7","bathwater of the blessed prophetess is a rite reserved only for the epic Mallards of the sanctuary. And you thought you could control the magic? What powers were you hoping to","""Duck!"". The anger-fueled mammal stood on his two yellows, with high might and prestige. ""That is an utmost offense you have committed.."" the crowd awaits in suspense. ""Bathing in the","bathwater of the blessed prophetess is a rite reserved only for the epic Mallards of the sanctuary. And you thought you could control the magic? What powers were you hoping to ""Duck!"". The anger-fueled mammal stood on his two yellows, with high might and prestige. ""That is an utmost offense you have committed.."" the crowd awaits in suspense. ""Bathing in the"
"conv_73564d95-9f66-42db-a2c0-fed78090bac2","The Canadian Minister of Finance and a terrorist group. She found receipts that they were working together, planning an attack on the World Trade Center in New York.","York City, a devastating plot that would kill thousands of innocent people and destabilize the global economy. Julia knew she had to act fast, but she was also aware that taking","The Canadian Minister of Finance and a terrorist group. She found receipts that they were working together, planning an attack on the World Trade Center in New York. York City, a devastating plot that would kill thousands of innocent people and destabilize the global economy. Julia knew she had to act fast, but she was also aware that taking"
"conv_a4452b6af3984152977c9c992ab08d17","moved by Aelar's words, pledged to keep the spirit of unity and hope alive. They built a sacred grove at the edge of the forest, where the crystal","was placed under the protection of the eldest oak tree. Every year, on the night of the summer solstice, the villagers would gather in the grove to renew their vows","moved by Aelar's words, pledged to keep the spirit of unity and hope alive. They built a sacred grove at the edge of the forest, where the crystal was placed under the protection of the eldest oak tree. Every year, on the night of the summer solstice, the villagers would gather in the grove to renew their vows"
"9MYVXy4Nms9gfR1DI7NA","vibe, but he didn’t care about anything anymore. He can’t believe he killed Ratma. He is traumatised for life, and","he is also incredibly hungry. So the purrr little Cat is in the bushes and not near any bakeries or anything with food so he runs and runs as his","vibe, but he didn’t care about anything anymore. He can’t believe he killed Ratma. He is traumatised for life, and he is also incredibly hungry. So the purrr little Cat is in the bushes and not near any bakeries or anything with food so he runs and runs as his"
"K6nustVFF5ei8GiBLmiZ","Coffee cup. I stood close to him as he took a seat in the cafe, while I waited for my drink. That was the first time we met eyes.","It's weird to think back at it, at that time i would've never guessed i would one day be planning how i was going to kill him. But, here we are, thats what heartbreak","Coffee cup. I stood close to him as he took a seat in the cafe, while I waited for my drink. That was the first time we met eyes. It's weird to think back at it, at that time i would've never guessed i would one day be planning how i was going to kill him. But, here we are, thats what heartbreak"
"conv_12cd73100c564e7dbae7cf2d066d5cae","to seep into Aria's very soul, calming her mind and soothing her heart, as if the gentle song of the brook and the soft rustle of the leaves","were weaving a spell of tranquility around her, a spell that seemed to lift her worries and concerns, and transport her to a realm of deep inner peace, where the world","to seep into Aria's very soul, calming her mind and soothing her heart, as if the gentle song of the brook and the soft rustle of the leaves were weaving a spell of tranquility around her, a spell that seemed to lift her worries and concerns, and transport her to a realm of deep inner peace, where the world"
"INnauEosv25woOCrBRDi","quickly fled the campfire. Bob was left sat in the dark forrest, wondering where he went wrong. He just scared away princess Pooh and was now wondering whether he","Sprinkle some toasted mushrooms onto it to get a better flavor. But when he tried to offer it to Princess Pooh, she made a face and","quickly fled the campfire. Bob was left sat in the dark forrest, wondering where he went wrong. He just scared away princess Pooh and was now wondering whether he Sprinkle some toasted mushrooms onto it to get a better flavor. But when he tried to offer it to Princess Pooh, she made a face and"
"conv_5b956e03-a900-47aa-88a9-54cb6be40071","Unfortunately, Mrs. Whisker fittingly had the figure of an irregular-sized cat and would perish to Gohda's coffee breath stench. Silly Billy alone would have to claim the throne of","Chili, a task that seemed daunting even for someone as silly as Billy, but he was determined to save his town and its people from Gohda's evil grasp,","Unfortunately, Mrs. Whisker fittingly had the figure of an irregular-sized cat and would perish to Gohda's coffee breath stench. Silly Billy alone would have to claim the throne of Chili, a task that seemed daunting even for someone as silly as Billy, but he was determined to save his town and its people from Gohda's evil grasp,"
"BocRhyGX0eWpgbUSkjWF","How a special species of mushrooms got collectively high in Colombia because of an LSD parcel being dropped in the forest and the LSD being released into the soil.","water systems. The rivers were able to transport enormous amounts of LSD to large areas of the jungles. The mushrooms started behaving in peculiar ways, for example some effects","How a special species of mushrooms got collectively high in Colombia because of an LSD parcel being dropped in the forest and the LSD being released into the soil. water systems. The rivers were able to transport enormous amounts of LSD to large areas of the jungles. The mushrooms started behaving in peculiar ways, for example some effects"
"conv_e335739c-0072-4945-8fe4-457a04c0997b","Once upon a time there was a small ant living in the very big forest. Every morning it would hear seven dwarves singing on their way.","to the diamond mine, their joyful voices echoing through the trees as they marched in unison, their pickaxes slung over their shoulders. The ant, whose name was Annie","Once upon a time there was a small ant living in the very big forest. Every morning it would hear seven dwarves singing on their way. to the diamond mine, their joyful voices echoing through the trees as they marched in unison, their pickaxes slung over their shoulders. The ant, whose name was Annie"
"conv_987ee67e4ce6447bb77a859aaee7a092","drobe stood against the far wall, its dark wood carved with the same flowering vines that decorated the key's bow. Mara's heart quickened. She'd","played in this room as a child, but the wardrobe had always been locked. ""Just old clothes,"" her grandmother used to say with a smile that never quite reached","drobe stood against the far wall, its dark wood carved with the same flowering vines that decorated the key's bow. Mara's heart quickened. She'd played in this room as a child, but the wardrobe had always been locked. ""Just old clothes,"" her grandmother used to say with a smile that never quite reached"
"conv_c7f16c31-e264-4ad6-8a72-7c626fa0cac0","Finally found a place where she felt at home and could be herself. Lea's presence was like a summer day, that made her feel secure and","warm, and as they sipped their coffee, Lucy felt her heart opening up to Lea, and she knew in that moment, she didn't want this day to end","Finally found a place where she felt at home and could be herself. Lea's presence was like a summer day, that made her feel secure and warm, and as they sipped their coffee, Lucy felt her heart opening up to Lea, and she knew in that moment, she didn't want this day to end"
"conv_69b581c4f16c81978ea543ce298c8c600546e04309837be3","That the hats were so much more than just an accessory. She first tried to use it as a float, but the hat just got wet and started to sink. As she drew it out of the water, she decided","to repurpose the hat as a makeshift shelter. She set it up near the riverbank, using sticks and leaves to create a cozy nook beneath its canopy. The ants","That the hats were so much more than just an accessory. She first tried to use it as a float, but the hat just got wet and started to sink. As she drew it out of the water, she decided to repurpose the hat as a makeshift shelter. She set it up near the riverbank, using sticks and leaves to create a cozy nook beneath its canopy. The ants"
"cUrf0q4FWuzVfOPnH1a7","back and hugged the tyrant. ""NO, YOU FOOL - YOU--"" he cried as they melded into an amorphic mass. With the king and pretender now gone, the people were free to path ahead into","Powerful light illuminated from the clash of the claws. ""You stand no chance Alfred! The people will get their freedom!"" the fiery beast screeched as it arched its","back and hugged the tyrant. ""NO, YOU FOOL - YOU--"" he cried as they melded into an amorphic mass. With the king and pretender now gone, the people were free to path ahead into Powerful light illuminated from the clash of the claws. ""You stand no chance Alfred! The people will get their freedom!"" the fiery beast screeched as it arched its"
"conv_3c43f51a-ffcf-4161-8d6d-b76bf669acb6","which eventually led others to believe that they had the powers it took to win in gambling and therefore in life. Nothing could be further from the truth.","Nothing could be further from the truth. Thaddeus knew that his success was not just about luck or even innate skill; it was about discipline, strategy, and an","which eventually led others to believe that they had the powers it took to win in gambling and therefore in life. Nothing could be further from the truth. Nothing could be further from the truth. Thaddeus knew that his success was not just about luck or even innate skill; it was about discipline, strategy, and an"
"7wPRj5Wbc26nlx60LUT5",". When he was ready, he got back to the duck pond to find members. On his way back, he encountered the very hungry Mr Wong, who wanted","In the mafia, the bald badass brainy Brucks was now being formed and ready to finally feel worthy and to complete all the dreams the parents told him.",". When he was ready, he got back to the duck pond to find members. On his way back, he encountered the very hungry Mr Wong, who wanted In the mafia, the bald badass brainy Brucks was now being formed and ready to finally feel worthy and to complete all the dreams the parents told him."
"conv_48a63036afde46b78f210ee3dbf2df89","the power to unlock a future that has been long foretold. But the key can only be wielded by one who is pure of heart and strong of spirit. Who","among you will rise to this challenge?” The traveler’s gaze swept across the crowd, and a murmur of excitement and apprehension rippled through the villagers. Young and old","the power to unlock a future that has been long foretold. But the key can only be wielded by one who is pure of heart and strong of spirit. Who among you will rise to this challenge?” The traveler’s gaze swept across the crowd, and a murmur of excitement and apprehension rippled through the villagers. Young and old"
"conv_0a6352c9d2d44fd38017a8422ff49497","hidden message that had been concealed for centuries, a message that spoke directly to Sophia's heart, echoing her deepest desires and most profound longings, and as she read the words","her eyes widened with wonder, and a sense of recognition and belonging washed over her, as if she had finally discovered a piece of herself that had been missing her entire life,","hidden message that had been concealed for centuries, a message that spoke directly to Sophia's heart, echoing her deepest desires and most profound longings, and as she read the words her eyes widened with wonder, and a sense of recognition and belonging washed over her, as if she had finally discovered a piece of herself that had been missing her entire life,"
"conv_735156e66375422faddf4969b0c27f8f","the door, and pretend she'd seen nothing but fog and fatigue. Return to her dreamless sleep, her predictable dawn.

Instead, she found herself un",", her heart hammering against her ribs. The clockwork mechanism ticked behind her, indifferent and eternal. She could descend the stairs right now, lock","the door, and pretend she'd seen nothing but fog and fatigue. Return to her dreamless sleep, her predictable dawn.

Instead, she found herself un , her heart hammering against her ribs. The clockwork mechanism ticked behind her, indifferent and eternal. She could descend the stairs right now, lock"
"conv_dd97163df61443139435901d48037f18","around her in tendrils of ethereal vapor that caressed her skin like gentle fingers, as if the mist was a living, breathing entity, guiding her toward a great crystal","the sweet scent of moonflowers and the soft, lilting music of a thousand tiny flutes, played by unseen hands, and the mist itself seemed to be alive, swirling","around her in tendrils of ethereal vapor that caressed her skin like gentle fingers, as if the mist was a living, breathing entity, guiding her toward a great crystal the sweet scent of moonflowers and the soft, lilting music of a thousand tiny flutes, played by unseen hands, and the mist itself seemed to be alive, swirling"
"conv_20c3db22-5b6d-42fa-bdee-f1e1a84fe6e8","Julius spotted the butcher shop and headed there immediately. Inside he saw a large man with a blood-stained apron, whom he immediately","recognized as Adolfus's father. Julius approached him with a sense of trepidation, knowing that the slightest misstep could alter the timeline in unpredictable ways. ""Excuse","Julius spotted the butcher shop and headed there immediately. Inside he saw a large man with a blood-stained apron, whom he immediately recognized as Adolfus's father. Julius approached him with a sense of trepidation, knowing that the slightest misstep could alter the timeline in unpredictable ways. ""Excuse"
"conv_0bb56093-3033-4615-bb70-ebfa4135589a","Nothing here changes, seasons go by. You said, ""Hello,"" you said, ""Goodbye."" Did you run away? Mariella, where did you go?","The echoes of her name lingered in the air, as John's mind began to wander, recalling the tales Kendrick had shared about his tumultuous relationship with Sherane, but","Nothing here changes, seasons go by. You said, ""Hello,"" you said, ""Goodbye."" Did you run away? Mariella, where did you go? The echoes of her name lingered in the air, as John's mind began to wander, recalling the tales Kendrick had shared about his tumultuous relationship with Sherane, but"
"ULRAMZF7ra0i53A9w3Gv","the local retirement home, because the old lady that owned Pluto before, called Mary, just passed away. The love between Mary and Pluto was often","A very sweet dog who needed an owner. The dog was named Pluto. The dog was black and white and was ready for adoption at","the local retirement home, because the old lady that owned Pluto before, called Mary, just passed away. The love between Mary and Pluto was often A very sweet dog who needed an owner. The dog was named Pluto. The dog was black and white and was ready for adoption at"
"conv_02b6fce3-98d8-456f-b0e8-3708b9ca1968","Are you? What do you want? Her voice was much quieter than anticipated, almost as if the words could not find their way. She","forced herself to speak again, this time with more conviction. ""I know you're there. Show yourself."" The tension in the room was palpable, and the only response","Are you? What do you want? Her voice was much quieter than anticipated, almost as if the words could not find their way. She forced herself to speak again, this time with more conviction. ""I know you're there. Show yourself."" The tension in the room was palpable, and the only response"
"FTAeksA8Y0QOBPW6kxWX","was not catfood. What was this!? Skittles had never seen anything like this. The shelves towering over him was filled with vegetables, cleaning products and cheese. This was an","To eat as much kibble as he wanted to. However, when he came to the store, he was met with big shelves filled with things that","was not catfood. What was this!? Skittles had never seen anything like this. The shelves towering over him was filled with vegetables, cleaning products and cheese. This was an To eat as much kibble as he wanted to. However, when he came to the store, he was met with big shelves filled with things that"
"conv_735156e66375422faddf4969b0c27f8f","against the cold glass, and for a moment, she thought she saw something in the darkness between rotations—not a ship, but a shape that moved against the current,","lens groaned as it began its rotation, but the beam flickered. Once. Twice. Then steadied into its familiar sweep.

Marianne pressed her palm","against the cold glass, and for a moment, she thought she saw something in the darkness between rotations—not a ship, but a shape that moved against the current, lens groaned as it began its rotation, but the beam flickered. Once. Twice. Then steadied into its familiar sweep.

Marianne pressed her palm"
"conv_412eb7ca-cafa-4e38-8b2d-0a40272af090","Where the former ballet dancer Natasja. Now she danced on the line up in the ceiling of the tent instead, a truly dangerous.","act that left spectators breathless and clutching their seats. And finally, there was someone Mia hadn't quite figured out yet—a quiet man named Vincent who","Where the former ballet dancer Natasja. Now she danced on the line up in the ceiling of the tent instead, a truly dangerous. act that left spectators breathless and clutching their seats. And finally, there was someone Mia hadn't quite figured out yet—a quiet man named Vincent who"
"conv_d061c2596f1440f3bb6c77e2e3dd1a97","mind, and she would close her eyes, letting the stories transport her to a world of enchantment and awe, where the boundaries between reality and myth blurred, and the magic","heart, their ruins shrouded in a mist that shimmered and swirled with an otherworldly energy. Elara's words painted vivid pictures in Emilia's","mind, and she would close her eyes, letting the stories transport her to a world of enchantment and awe, where the boundaries between reality and myth blurred, and the magic heart, their ruins shrouded in a mist that shimmered and swirled with an otherworldly energy. Elara's words painted vivid pictures in Emilia's"
"YprMqddWHK39musGQ4si","A dog that lived in a small house in India. The house was made of cement and dog biscuits, so it smelled good.","but it didn't smell AMAZING. And it was actually a cat. It liked living in India, because there was a lot of good and spicy food. The house was","A dog that lived in a small house in India. The house was made of cement and dog biscuits, so it smelled good. but it didn't smell AMAZING. And it was actually a cat. It liked living in India, because there was a lot of good and spicy food. The house was"
"conv_29031421-8265-472f-b4ce-f147dd80edca","a young girl who would grow into a very brave hero. It is also the story of losing your home and finding yourself in the ruins. But mostly, it's a","story about friendship—the kind that survives even when everything else crumbles to dust.

Her name was Mira, and she was seven years old when the","a young girl who would grow into a very brave hero. It is also the story of losing your home and finding yourself in the ruins. But mostly, it's a story about friendship—the kind that survives even when everything else crumbles to dust.

Her name was Mira, and she was seven years old when the"
"JYZ6dAbVtTCZL8fZXM8s","that they had been through. Everyone was relieved to be out of the water, but soon realized another problem: they had no idea where they","were! The furious river had brought them faraway from their laundry. ""What are we gonna do?"" asked the rabbit and looked at the river, now","that they had been through. Everyone was relieved to be out of the water, but soon realized another problem: they had no idea where they were! The furious river had brought them faraway from their laundry. ""What are we gonna do?"" asked the rabbit and looked at the river, now"
"conv_4d0024b5bf904e3ab65b9fca2f8dee1d","a young girl named Emilia, who lived in a small village surrounded by vast, rolling hills and dense forests. The villagers believed that the forests were enchanted, and that strange","creatures roamed the trees, whispering secrets to the wind. Emilia had always been fascinated by these stories, and she loved to sit by the village fire at night","a young girl named Emilia, who lived in a small village surrounded by vast, rolling hills and dense forests. The villagers believed that the forests were enchanted, and that strange creatures roamed the trees, whispering secrets to the wind. Emilia had always been fascinated by these stories, and she loved to sit by the village fire at night"
"conv_691dc7c061d8819797504b613ba6691208409e48769ea891","As the old man vanished and a figure took his place. Eyes red and burning, a dark, rumbling voice screaming: Leave! Never return.","to this alley, or face your doom!"" The adventurers stood firm, exchanging determined glances. The leader of the group stepped forward, saying, ""We’re not easily","As the old man vanished and a figure took his place. Eyes red and burning, a dark, rumbling voice screaming: Leave! Never return. to this alley, or face your doom!"" The adventurers stood firm, exchanging determined glances. The leader of the group stepped forward, saying, ""We’re not easily"
"conv_c7f16c31-e264-4ad6-8a72-7c626fa0cac0","stared at each other. Lucy felt her heart skip a beat, and out of nervousness hesitated before approaching the wondrous girl. She looked","at Cat, who seemed to sense her uncertainty, and gave her a gentle nudge, as if encouraging her to take a step forward, and with newfound courage, Lucy walked","stared at each other. Lucy felt her heart skip a beat, and out of nervousness hesitated before approaching the wondrous girl. She looked at Cat, who seemed to sense her uncertainty, and gave her a gentle nudge, as if encouraging her to take a step forward, and with newfound courage, Lucy walked"
"qVjn3NBZDrc5qwoYuKfa","a sexyyyy massive pink... jellyfish of course. Side note: you know what else is massive? Low taper fade. Anyways, back","This week, he touched a","a sexyyyy massive pink... jellyfish of course. Side note: you know what else is massive? Low taper fade. Anyways, back This week, he touched a"
"conv_7953f8d7070847b8bfaced65bd8e3d5e","anyway. The moisture beaded on the exterior surface, droplets climbing upward in defiance of gravity, tracing symbols she almost recognized before they dissolved. She pulled her","the window, as if the gray were solid. But her hand only found the pane, slick with condensation that shouldn't have been there—not from outside,","anyway. The moisture beaded on the exterior surface, droplets climbing upward in defiance of gravity, tracing symbols she almost recognized before they dissolved. She pulled her the window, as if the gray were solid. But her hand only found the pane, slick with condensation that shouldn't have been there—not from outside,"
"conv_fc1c9be7eb954cc6bb94f531369fe476","while she waited at the top, arms crossed, face turned deliberately away from the water. Timothy noticed, of course—he'd been making the supply run since he was sixteen","expanse."" Her supplies arrived every Thursday by boat, but she began receiving them at the cliff door rather than the dock, letting young Timothy haul the crates up alone","while she waited at the top, arms crossed, face turned deliberately away from the water. Timothy noticed, of course—he'd been making the supply run since he was sixteen expanse."" Her supplies arrived every Thursday by boat, but she began receiving them at the cliff door rather than the dock, letting young Timothy haul the crates up alone"
"conv_c691ca68f70340db9ad7d9d4289462ab","a small, unassuming village nestled in the heart of the Enchanting Forest. The village, known as Whisperview, was famous for its","whisper-thin veils of mist that hovered over the cobblestone paths at dawn and dusk. These mists were said to be enchanted, carrying the whispers of ancient","a small, unassuming village nestled in the heart of the Enchanting Forest. The village, known as Whisperview, was famous for its whisper-thin veils of mist that hovered over the cobblestone paths at dawn and dusk. These mists were said to be enchanted, carrying the whispers of ancient"
"conv_bf42f3342170423a9a125531347bd54e","One such story belonged to old Mr. Carter, the town’s clockmaker, whose hands were as steady as the tick of his brass timepieces. He rarely spoke of what","had happened to him on the edge of the forest one autumn night years ago. But now, with his beard turned silver and his days spent mostly alone in his workshop, he","One such story belonged to old Mr. Carter, the town’s clockmaker, whose hands were as steady as the tick of his brass timepieces. He rarely spoke of what had happened to him on the edge of the forest one autumn night years ago. But now, with his beard turned silver and his days spent mostly alone in his workshop, he"
"INnauEosv25woOCrBRDi","and the master toad told bob to fuck off. So, fuck off, Bob did. Again walking through the endless forrest, in deep and","pass!"". Bob the frog was startled and didn't know what to say. Instead, he offered the master toad one of his mushrooms.","and the master toad told bob to fuck off. So, fuck off, Bob did. Again walking through the endless forrest, in deep and pass!"". Bob the frog was startled and didn't know what to say. Instead, he offered the master toad one of his mushrooms."
"D8kJXS3suDI2tltssVgN","Place it to a familiar face. But now he's sure whose voice it is. ""That can't be it,"" he thought to himself. It was his worst.","nightmare to be stuck anywhere at all, but to lose his dignity in this way and be absorbed by the skull of a gull was somehow even","Place it to a familiar face. But now he's sure whose voice it is. ""That can't be it,"" he thought to himself. It was his worst. nightmare to be stuck anywhere at all, but to lose his dignity in this way and be absorbed by the skull of a gull was somehow even"
"Pzb5I6nhg196AWLpukmz","really find out what I actually am! Maybe I am a girl in distress, or the girl is banging outside the door. Don't you wanna know who is actually in","Open the door. ""See what happens,"" she cooed, smiling unnervingly. ""Or keep it closed and do what I say. I assume you want to","really find out what I actually am! Maybe I am a girl in distress, or the girl is banging outside the door. Don't you wanna know who is actually in Open the door. ""See what happens,"" she cooed, smiling unnervingly. ""Or keep it closed and do what I say. I assume you want to"
"conv_8432160f013d46fca2bd5459bb50a870","world. And though the stars shone quietly above, Willow’s tiny heart soared with the joy of adventure, her voyage at last begun on a tide of rain, hope,","and the whispering promise that even the smallest dreams can find their way to the open sea.","world. And though the stars shone quietly above, Willow’s tiny heart soared with the joy of adventure, her voyage at last begun on a tide of rain, hope, and the whispering promise that even the smallest dreams can find their way to the open sea."
"conv_18be1999-da21-4ab6-8f9e-e52e6d9c8070","that had been hers since her first breath. With every step, the cheering of the village grew farther away, replaced by the","roar of the wind and the rhythmic crashing of the waves. The girl with no name, driven by a purpose greater than herself, marched toward the horizon, ready to","that had been hers since her first breath. With every step, the cheering of the village grew farther away, replaced by the roar of the wind and the rhythmic crashing of the waves. The girl with no name, driven by a purpose greater than herself, marched toward the horizon, ready to"
"conv_90178cb2-77d1-4123-9509-2ec42e4db932",":

Once in a time I went to a beautiful forest and it started to rain.","The droplets fell gently on my face, and the smell of wet earth filled my lungs as I walked along the winding path, the sound of raindrops hitting the leaves and trees creating a soothing melody that seemed to lull the forest into a peaceful slumber, when suddenly, I stumbled upon a small, mysterious cottage hidden behind a veil of foliage",":

Once in a time I went to a beautiful forest and it started to rain. The droplets fell gently on my face, and the smell of wet earth filled my lungs as I walked along the winding path, the sound of raindrops hitting the leaves and trees creating a soothing melody that seemed to lull the forest into a peaceful slumber, when suddenly, I stumbled upon a small, mysterious cottage hidden behind a veil of foliage"
"conv_0bb56093-3033-4615-bb70-ebfa4135589a","Hair pitch black like the midnight sky. Eyes like the jungle, you're something wild. Her sweet melody sings.","to the rhythm of the African drums, and John's warrior spirit began to stir, as he remembered the enchanting songstress, Sherane, who had captured Kendrick's heart","Hair pitch black like the midnight sky. Eyes like the jungle, you're something wild. Her sweet melody sings. to the rhythm of the African drums, and John's warrior spirit began to stir, as he remembered the enchanting songstress, Sherane, who had captured Kendrick's heart"
"conv_ef19d8d709f847e0b5751d5f9905e721","as she walked deeper into the forest, the silence broken only by the soft crunch of leaves and twigs beneath her feet, and the faint, melodious hum of a stream","that seemed to be calling to her, its gentle voice weaving in and out of the silence, growing louder with each step, until she caught sight of a glint of crystal","as she walked deeper into the forest, the silence broken only by the soft crunch of leaves and twigs beneath her feet, and the faint, melodious hum of a stream that seemed to be calling to her, its gentle voice weaving in and out of the silence, growing louder with each step, until she caught sight of a glint of crystal"
"cUrf0q4FWuzVfOPnH1a7","think this power impressed me?"" mocked King Alfred."" The power you stole has been my study for decades!"" He clutched the vial pendant on his chest and torn it from the necklace","duckling from the crowd, the realization setting in, chilling the guards who were losing faith. ""The prophecy... it's true!"" the head of guards shakingly confessed. ""You","think this power impressed me?"" mocked King Alfred."" The power you stole has been my study for decades!"" He clutched the vial pendant on his chest and torn it from the necklace duckling from the crowd, the realization setting in, chilling the guards who were losing faith. ""The prophecy... it's true!"" the head of guards shakingly confessed. ""You"
"conv_33502e38-922d-4e7d-a252-ab236947c3d2","Untouched bedding next to her in the bed. He shouldn't be in the basement, and he definitely shouldn't be in the attic.","and the discovery that had sparked a fire within him, would have to wait, as he rushed to compose himself, and make his way back to their bedroom, to pretend that","Untouched bedding next to her in the bed. He shouldn't be in the basement, and he definitely shouldn't be in the attic. and the discovery that had sparked a fire within him, would have to wait, as he rushed to compose himself, and make his way back to their bedroom, to pretend that"
"conv_ed575a06c11d42358e3eeb7826d2f959","morning, as she wound the lighthouse mechanism and spoke of the dream she'd had—her daughter's laugh echoing through the lens room—the sea answered back. Not with","words, but with something better: a smooth piece of driftwood worn into the shape of a small hand, deposited gently on the lowest step where she took her","morning, as she wound the lighthouse mechanism and spoke of the dream she'd had—her daughter's laugh echoing through the lens room—the sea answered back. Not with words, but with something better: a smooth piece of driftwood worn into the shape of a small hand, deposited gently on the lowest step where she took her"
"xmFgQW5bh6PcMW6uXdYJ","possible! It had been a rough summer and she couldn't wait to get to know the local pubs. She started walking towards the","In a great mood today, so maybe they could go to the pub later on as well. Clara needed to get drunk - as soon as.","possible! It had been a rough summer and she couldn't wait to get to know the local pubs. She started walking towards the In a great mood today, so maybe they could go to the pub later on as well. Clara needed to get drunk - as soon as."
"conv_691dc83ec728819085d614247e77833604d03bd64a490dfd","Come with me, great frog; you are so fat and ugly, the sight of you in the circus would be marvelous. In the circus, we have tons of ice cream.","and the crowds will marvel at your magnificent size,"" the traveller continued, pulling a small waxy cone from his satchel. The scent of vanilla wafte","Come with me, great frog; you are so fat and ugly, the sight of you in the circus would be marvelous. In the circus, we have tons of ice cream. and the crowds will marvel at your magnificent size,"" the traveller continued, pulling a small waxy cone from his satchel. The scent of vanilla wafte"
"JFI8cNwhGfRT2Jd6JUd0","Magnitudes greater than any non-Übermensch could understand. However, for the third and final step, Carl realized he had to take it to an even higher level.","All throughout his learning he experimented in different environment. And in nature. He didn't only knit with yarn but began knitting with various things such as","Magnitudes greater than any non-Übermensch could understand. However, for the third and final step, Carl realized he had to take it to an even higher level. All throughout his learning he experimented in different environment. And in nature. He didn't only knit with yarn but began knitting with various things such as"
"conv_f76e092f63384595b52813939abb970a","she'd only seen in maritime museums, with a high stern castle and gun ports along its flanks. Through her spyglass, she could make out figures on deck wearing","preparing to record the vessel's passage, but her pencil froze above the page. The ship was wrong—all wrong. Its hull was wooden, built in a style","she'd only seen in maritime museums, with a high stern castle and gun ports along its flanks. Through her spyglass, she could make out figures on deck wearing preparing to record the vessel's passage, but her pencil froze above the page. The ship was wrong—all wrong. Its hull was wooden, built in a style"
"noaceHjzkirRMoHnkT4V","was THE place to go when trying to get friends. So Paul packed her shell with beach towels and sunscreen and headed off! On the way Paul noticed the expected amount of sick. But she was","used to the smell. So she scootched on along the divide between forest and beach. Suddenly, a flash of light caught her eye - much like that of sun reflected","was THE place to go when trying to get friends. So Paul packed her shell with beach towels and sunscreen and headed off! On the way Paul noticed the expected amount of sick. But she was used to the smell. So she scootched on along the divide between forest and beach. Suddenly, a flash of light caught her eye - much like that of sun reflected"
"conv_d169dcc3b43f4aaaa66c06ed6d4e5484","to be imbued with a soft, ethereal glow, as if the veil between the mundane and the mystical had been lifted, and Sophia saw that she was not just a","if the very fabric of reality had been tweaked, allowing her to see the world with new eyes, and the trees, the flowers, the creatures of the forest, all seemed","to be imbued with a soft, ethereal glow, as if the veil between the mundane and the mystical had been lifted, and Sophia saw that she was not just a if the very fabric of reality had been tweaked, allowing her to see the world with new eyes, and the trees, the flowers, the creatures of the forest, all seemed"
"r47jfYG4ULZMEexvVeqs","of ideas. But one day her coworker suggested Ladybird and the hot colleague. She said no. Instead they went for the","This proved to be the right decision because the three judges loved their performance and sent the duo straight to bootcamp. Now they only needed a name. But she was out.","of ideas. But one day her coworker suggested Ladybird and the hot colleague. She said no. Instead they went for the This proved to be the right decision because the three judges loved their performance and sent the duo straight to bootcamp. Now they only needed a name. But she was out."
"conv_ccb90f8d-d4bb-406e-83e9-b91ac0615cac","flickered. She had to go home. Next thing she knew she had booked the flight. It was pure instinct. He had lost so much weight lately. The doctors must have missed something. It comes as","time when the world of possibilities narrows down to one essential choice. Dana’s mind raced with thoughts of her father, the man who had always been her rock. As the","flickered. She had to go home. Next thing she knew she had booked the flight. It was pure instinct. He had lost so much weight lately. The doctors must have missed something. It comes as time when the world of possibilities narrows down to one essential choice. Dana’s mind raced with thoughts of her father, the man who had always been her rock. As the"
"conv_100f2d97134940bd8cf1b6af65385fc1","that bloomed across her tongue. The weather report tasted clean, like nothing at all. The mayor's statement about the new housing initiative? Burnt rubber and something s","in her apartment, testing her newfound ability with the precision of a scientist. She turned on the news and took small sips of chamomile tea, noting each flavor","that bloomed across her tongue. The weather report tasted clean, like nothing at all. The mayor's statement about the new housing initiative? Burnt rubber and something s in her apartment, testing her newfound ability with the precision of a scientist. She turned on the news and took small sips of chamomile tea, noting each flavor"
"conv_691b61ab394c819483ac4af28c7f29d00b3e16b70554a02a","One particular run he found himself in a bad neighborhood, and wearing an expensive watch he attracted all the wrong attention. Held at gunpoint he lost money and","his confidence. Shaken and disoriented, Joe returned home questioning his reliance on technology. Determined to regain control, he decided to confront Glitch's errors head-on","One particular run he found himself in a bad neighborhood, and wearing an expensive watch he attracted all the wrong attention. Held at gunpoint he lost money and his confidence. Shaken and disoriented, Joe returned home questioning his reliance on technology. Determined to regain control, he decided to confront Glitch's errors head-on"
"conv_155f7493-3058-435d-a672-40e7e8ec213a","""I like this candidate!"" Peter thought to himself. They like nature and think we should be voting more green. But they did have that scandal last year.","year. Per’s brow furrowed as he recalled the headlines. It wasn’t just about the environment; integrity mattered too. He set the ballot down and rubbed his temples","""I like this candidate!"" Peter thought to himself. They like nature and think we should be voting more green. But they did have that scandal last year. year. Per’s brow furrowed as he recalled the headlines. It wasn’t just about the environment; integrity mattered too. He set the ballot down and rubbed his temples"
"conv_4d1bd73a-bbc9-4e37-8ba0-3cdd7adbc66a","The power of freshly baked treats to fuel their hunger for playing Y8 ild og vand, which is only allowed to be played by the lawn mower.","queen’s subjects. Without the treats, they were restless and irritable, and the queen was furious. She summoned her best detective, a cunning fox named Finn, to track","The power of freshly baked treats to fuel their hunger for playing Y8 ild og vand, which is only allowed to be played by the lawn mower. queen’s subjects. Without the treats, they were restless and irritable, and the queen was furious. She summoned her best detective, a cunning fox named Finn, to track"
"hPlwWqqkemjjNa4Ny4nr","A party not good enough. People should not come for the purpose of naked people but for their minds and love. But","she was in no way oppedes to the idea either. She knew that one can tell a lot about the character of a man from the shape of his nippels. And she was looking for a","A party not good enough. People should not come for the purpose of naked people but for their minds and love. But she was in no way oppedes to the idea either. She knew that one can tell a lot about the character of a man from the shape of his nippels. And she was looking for a"
"conv_29031421-8265-472f-b4ce-f147dd80edca","food into a bag. Mira crept closer to get a better view. A man stood in the door. Mira's mother handed him the bag and shoved him out and into","the dark street. But her brother had seen it too.

""Mother,"" he said quietly from the stairwell, ""who was that man?""

The silence stretche","food into a bag. Mira crept closer to get a better view. A man stood in the door. Mira's mother handed him the bag and shoved him out and into the dark street. But her brother had seen it too.

""Mother,"" he said quietly from the stairwell, ""who was that man?""

The silence stretche"
"conv_691e9e26b7688197a86e51a9d9a7dfe1052dd4511749a606","Her vision became less and less. Determined not to turn around, she kept going. Kept going until she","saw a faint, flickering light ahead. It was a dim, warm glow, inviting yet mysterious. Isabelle approached cautiously, discovering a cavern filled with ancient artifacts and a","Her vision became less and less. Determined not to turn around, she kept going. Kept going until she saw a faint, flickering light ahead. It was a dim, warm glow, inviting yet mysterious. Isabelle approached cautiously, discovering a cavern filled with ancient artifacts and a"
"fcEeCffFk5SmTIeQXKQN","travel to africa anyway. He decided to travel to the north pole. He had to have a serious talk with santa claus. He forgot to give John","way that this was not actually happening. Marc had just imagined it, and decided that he was not going to","travel to africa anyway. He decided to travel to the north pole. He had to have a serious talk with santa claus. He forgot to give John way that this was not actually happening. Marc had just imagined it, and decided that he was not going to"
"conv_90178cb2-77d1-4123-9509-2ec42e4db932","At me and a cat coming next to me from behind a strange-looking jar.","the cat rubbed against my leg, purring softly, and I reached down to pet it, feeling a sense of calm wash over me, and as I looked up, I saw the owner of the cottage, an elderly woman with a kind face and twinkling eyes, smiling at me as she brought over a tray with a steaming cup of coffee","At me and a cat coming next to me from behind a strange-looking jar. the cat rubbed against my leg, purring softly, and I reached down to pet it, feeling a sense of calm wash over me, and as I looked up, I saw the owner of the cottage, an elderly woman with a kind face and twinkling eyes, smiling at me as she brought over a tray with a steaming cup of coffee"
"conv_691dc7c061d8819797504b613ba6691208409e48769ea891","a group of adventurers that have fallen on hard times. They failed their last contract and are now desperate to redeem themselves and climb the","ladder of reputation in the bustling city of Eldoria. The sun dipped below the horizon, casting long shadows over the cobblestone streets as the group gathered in their usual","a group of adventurers that have fallen on hard times. They failed their last contract and are now desperate to redeem themselves and climb the ladder of reputation in the bustling city of Eldoria. The sun dipped below the horizon, casting long shadows over the cobblestone streets as the group gathered in their usual"
"conv_8fd2ac26-a13c-4e85-b8ac-5f13e246b640","tongue. She can with a single lick heal wounds and even broken bones. She was not born with these healing abilities nor was","she always a resident of the forest. Years ago, she stumbled upon an ancient book hidden deep within the woods, its pages filled with forgotten recipes and remedies. As she experimented","tongue. She can with a single lick heal wounds and even broken bones. She was not born with these healing abilities nor was she always a resident of the forest. Years ago, she stumbled upon an ancient book hidden deep within the woods, its pages filled with forgotten recipes and remedies. As she experimented"
"conv_8fd2ac26-a13c-4e85-b8ac-5f13e246b640","Time passed; she got so popular for her healing powers that she didn't get a single moment for herself. She just wanted to feel the soft","brush of the forest floor under her feet and the quiet hum of the forest around her. One day, she decided to take a walk deep into the woods, leaving a note","Time passed; she got so popular for her healing powers that she didn't get a single moment for herself. She just wanted to feel the soft brush of the forest floor under her feet and the quiet hum of the forest around her. One day, she decided to take a walk deep into the woods, leaving a note"
"conv_99f1697b74654701a74408438747a07e","echoing down narrow streets. As he carefully unfolded the map, Willow sensed something shift—a soft warmth filled her seams, as if hope itself had crept inside. The boy","across continents and oceans. The boy’s fingers lingered on each item, piecing together stories that shimmered in his imagination: roaring marketplaces, moonlit deserts, laughter","echoing down narrow streets. As he carefully unfolded the map, Willow sensed something shift—a soft warmth filled her seams, as if hope itself had crept inside. The boy across continents and oceans. The boy’s fingers lingered on each item, piecing together stories that shimmered in his imagination: roaring marketplaces, moonlit deserts, laughter"
"conv_73564d95-9f66-42db-a2c0-fed78090bac2","terrorist attack. She had planned to keep this on the down low, by just informing the US national security. However, she has been toying with the","idea of going public with the information, to expose the Canadian government's corruption and bring about a global outcry, but she knows that doing so would put her own life at risk","terrorist attack. She had planned to keep this on the down low, by just informing the US national security. However, she has been toying with the idea of going public with the information, to expose the Canadian government's corruption and bring about a global outcry, but she knows that doing so would put her own life at risk"
"conv_7c23347e-6172-4c84-9fd0-45ef34290bd5","rat, rat, sewer rat, how it longs for flesh and bone. rat, rat, poisonous rat, wait till you see my secret tome. conjure i","# The Sewer Rat (Continued)

**Chapter Two: The Summoning**

The words echoed through the brick tunnels, bouncing off","rat, rat, sewer rat, how it longs for flesh and bone. rat, rat, poisonous rat, wait till you see my secret tome. conjure i # The Sewer Rat (Continued)

**Chapter Two: The Summoning**

The words echoed through the brick tunnels, bouncing off"
"conv_691b8b725ae48193abaaaa9270b26d500f7b1fcbf105c42b","""LIAR,"" the traveler that read all hearts and desires shouted. ""You are nothing but a performative samaritan, only helping when it","suits your needs."" Dan's heart sank, the words cutting deep. ""Please,"" he pleaded, ""I want to change. Give me a chance to prove I'm more","""LIAR,"" the traveler that read all hearts and desires shouted. ""You are nothing but a performative samaritan, only helping when it suits your needs."" Dan's heart sank, the words cutting deep. ""Please,"" he pleaded, ""I want to change. Give me a chance to prove I'm more"
"conv_a2292393-fd39-476f-975c-aaf411653197","One day Emily was roaming the moors, as a figure approached her. The tall man had light hair and a soft","smile, and his eyes seemed to hold a deep kindness as he gazed at Emily. He wore a long, worn coat that flapped in the gentle breeze, and","One day Emily was roaming the moors, as a figure approached her. The tall man had light hair and a soft smile, and his eyes seemed to hold a deep kindness as he gazed at Emily. He wore a long, worn coat that flapped in the gentle breeze, and"
"conv_6981ccf5d5f4819394bcd7bad4d79b14001ace58e9b20b81","""Doesn't your dad go to Spinachville sometimes?"" Spinachville was close to Giant Town, so maybe this would be a way to get there. ""Yes, we are all going there.""","next week for the annual Veggie Market,"" Benny replied, eyes twinkling with excitement. ""You could come with us! From Spinachville, it's just a short","""Doesn't your dad go to Spinachville sometimes?"" Spinachville was close to Giant Town, so maybe this would be a way to get there. ""Yes, we are all going there."" next week for the annual Veggie Market,"" Benny replied, eyes twinkling with excitement. ""You could come with us! From Spinachville, it's just a short"
"conv_735156e66375422faddf4969b0c27f8f","daughter with him to the mainland where schools had more than one teacher and grocery stores stayed open past four o'clock. Or perhaps it was earlier, when her mother's letters",", dreamless and deep as the ocean trench beyond the reef.

She couldn't remember when the dreams had stopped. Perhaps it was the year Thomas left, taking their","daughter with him to the mainland where schools had more than one teacher and grocery stores stayed open past four o'clock. Or perhaps it was earlier, when her mother's letters , dreamless and deep as the ocean trench beyond the reef.

She couldn't remember when the dreams had stopped. Perhaps it was the year Thomas left, taking their"
"conv_7953f8d7070847b8bfaced65bd8e3d5e","remembered extinguishing it at dawn. The light pulsed with a rhythm that matched no pattern in her logbook—three short, one long, two short—spelling","iron cold beneath her bare feet (when had she removed her shoes?), and looked back up. The lantern room glowed faintly above, though she distinctly","remembered extinguishing it at dawn. The light pulsed with a rhythm that matched no pattern in her logbook—three short, one long, two short—spelling iron cold beneath her bare feet (when had she removed her shoes?), and looked back up. The lantern room glowed faintly above, though she distinctly"
"conv_691f065bc31481969cdbdc53f0ca1d3b03f44f568e358927","I have some pieces in my cellar, but they're not done yet. If you're interested, your input seems valuable. You can swing by 43rd on Murders Ave.","""Murdoch Avenue,"" he corrected quickly, laughing. ""It's a bit chaotic in there, but I’d love to show you.""

Lila grinned, feeling a joyful","I have some pieces in my cellar, but they're not done yet. If you're interested, your input seems valuable. You can swing by 43rd on Murders Ave. ""Murdoch Avenue,"" he corrected quickly, laughing. ""It's a bit chaotic in there, but I’d love to show you.""

Lila grinned, feeling a joyful"
"conv_ed575a06c11d42358e3eeb7826d2f959","the life she'd left behind on the mainland—the husband who'd raised his hand once too often, the daughter she'd lost to fever, the silence of a house that","had pressed against her chest until she could no longer breathe. Out here, silence was different—it had texture and weight but also空space to expand into. Then one","the life she'd left behind on the mainland—the husband who'd raised his hand once too often, the daughter she'd lost to fever, the silence of a house that had pressed against her chest until she could no longer breathe. Out here, silence was different—it had texture and weight but also空space to expand into. Then one"
"conv_a2292393-fd39-476f-975c-aaf411653197","a little scared. ""I have come to tell you about your father..."" ""What about him?"". ""I am sorry, but he is, he is..."" He struggled to","find the right words, his eyes clouding over with a deep sadness. ""He is not who you think he is, Emily,"" Elijah said finally, his voice barely above","a little scared. ""I have come to tell you about your father..."" ""What about him?"". ""I am sorry, but he is, he is..."" He struggled to find the right words, his eyes clouding over with a deep sadness. ""He is not who you think he is, Emily,"" Elijah said finally, his voice barely above"
"conv_6981ccf5d5f4819394bcd7bad4d79b14001ace58e9b20b81","Being tall was an advantage. Clarence was always used to being at a disadvantage when playing onionball with his siblings. At this moment Clarence decided that he","must find a way to reach Giant Town. He spoke to his trusted friend, Benny the Beet, who was known for his witty ideas and adventurous spirit. Clarence asked, “","Being tall was an advantage. Clarence was always used to being at a disadvantage when playing onionball with his siblings. At this moment Clarence decided that he must find a way to reach Giant Town. He spoke to his trusted friend, Benny the Beet, who was known for his witty ideas and adventurous spirit. Clarence asked, “"
"conv_ef19d8d709f847e0b5751d5f9905e721","felt an inexplicable pull towards the forest, as if it was beckoning her to explore its secrets and unravel the mysteries that lay hidden beneath its ancient trees. She would often","sneak away from her daily chores and peer into the forest's edge, watching as the sunlight filtered through the leaves and cast dappled shadows on the forest floor.","felt an inexplicable pull towards the forest, as if it was beckoning her to explore its secrets and unravel the mysteries that lay hidden beneath its ancient trees. She would often sneak away from her daily chores and peer into the forest's edge, watching as the sunlight filtered through the leaves and cast dappled shadows on the forest floor."
"D8kJXS3suDI2tltssVgN","butt. Because how can you be a dog without a tail? Smelling like piss and having no tail, being laughed at by them about it made him feel like a total dumbass. He started shouting at the","stupid bird that she should shut the fuck up and mind her own business, but the bird just looked at him with a sly smile. ""You know what, ugly mutt, it kinda suits","butt. Because how can you be a dog without a tail? Smelling like piss and having no tail, being laughed at by them about it made him feel like a total dumbass. He started shouting at the stupid bird that she should shut the fuck up and mind her own business, but the bird just looked at him with a sly smile. ""You know what, ugly mutt, it kinda suits"
"conv_20c3db22-5b6d-42fa-bdee-f1e1a84fe6e8","His goal was to understand everything he could about the nature of time in order to build a time machine in order to harness the power of","the fourth dimension. Every day and night, he worked tirelessly, fueled by a mix of ambition, desperation, and a deep sense of moral duty. The dictator he aimed to","His goal was to understand everything he could about the nature of time in order to build a time machine in order to harness the power of the fourth dimension. Every day and night, he worked tirelessly, fueled by a mix of ambition, desperation, and a deep sense of moral duty. The dictator he aimed to"
"JYZ6dAbVtTCZL8fZXM8s","A rabbit who lived deep in the woods. They lived in a small town filled with all other sorts of woodland creatures. It was a peaceful place, but tensions lurked not far from the surface.","town. One day, the rabbit went down to the river with his two friends, the timid toad and the little ladybug to wash their clothes. The water","A rabbit who lived deep in the woods. They lived in a small town filled with all other sorts of woodland creatures. It was a peaceful place, but tensions lurked not far from the surface. town. One day, the rabbit went down to the river with his two friends, the timid toad and the little ladybug to wash their clothes. The water"
"conv_691b61ab394c819483ac4af28c7f29d00b3e16b70554a02a","Vivid colors and an advice for every situation. Always cheering and positive about any achievement accomplished by its user, Joe the endurance.","runner. Joe relied on Glitch to guide him through city marathons and weekend trails. Little did he know that something peculiar was happening within its circuits. 

One day,","Vivid colors and an advice for every situation. Always cheering and positive about any achievement accomplished by its user, Joe the endurance. runner. Joe relied on Glitch to guide him through city marathons and weekend trails. Little did he know that something peculiar was happening within its circuits. 

One day,"
"conv_90ea40da-2853-405a-9c2f-a22e77888401","But even more so, it was the functional and cognitive dimensions of this that fascinated Gustav; ""you can say so much and signal so little"", his","professor once told him. With this in mind, Gustav set out to explore the bustling streets of Amsterdam, eager to immerse himself in the local culture and conversations.","But even more so, it was the functional and cognitive dimensions of this that fascinated Gustav; ""you can say so much and signal so little"", his professor once told him. With this in mind, Gustav set out to explore the bustling streets of Amsterdam, eager to immerse himself in the local culture and conversations."
"conv_987ee67e4ce6447bb77a859aaee7a092","something soft—petals, she realized, and leaves. Living vines curled gently around her wrist like a greeting, like recognition.

From below, foot","steps began ascending the stairs. Aunt Caroline's voice grew sharper, closer. ""Mara? The lawyer needs everyone downstairs.""

Mara looked back","something soft—petals, she realized, and leaves. Living vines curled gently around her wrist like a greeting, like recognition.

From below, foot steps began ascending the stairs. Aunt Caroline's voice grew sharper, closer. ""Mara? The lawyer needs everyone downstairs.""

Mara looked back"
"conv_18be1999-da21-4ab6-8f9e-e52e6d9c8070","Accepted the elder's formal mission, she carefully held her gaze on him despite the excitement around her. He gave her the tools she","would need for her journey: a compass that always pointed true, a small, enchanted dagger, and a map etched with ancient symbols. ""Your name will be revealed when","Accepted the elder's formal mission, she carefully held her gaze on him despite the excitement around her. He gave her the tools she would need for her journey: a compass that always pointed true, a small, enchanted dagger, and a map etched with ancient symbols. ""Your name will be revealed when"
"EVPkCWSrT9SwL38W9Zuk","loathed him, he noticed that the guard he stomped past was not riding his horse as usual but his horse was rather riding him. This was nothing compared","His entire life. As he was walking down the street thinking about all the things that annoyed him and shouting at the people that","loathed him, he noticed that the guard he stomped past was not riding his horse as usual but his horse was rather riding him. This was nothing compared His entire life. As he was walking down the street thinking about all the things that annoyed him and shouting at the people that"
"conv_155f7493-3058-435d-a672-40e7e8ec213a","No, no, no. Per the bear, he really ate Goldilocks. He was hungry. He is both a bear and a man. Never be alone in the woods with him.","a bear, even if he seems friendly. Per, now fully embracing his bear side, realized the gravity of his actions. He felt a pang of regret but also a strange","No, no, no. Per the bear, he really ate Goldilocks. He was hungry. He is both a bear and a man. Never be alone in the woods with him. a bear, even if he seems friendly. Per, now fully embracing his bear side, realized the gravity of his actions. He felt a pang of regret but also a strange"
"YprMqddWHK39musGQ4si","Looked at her with disgust every time they walked by her. She instantly regretted leaving her glamorous lifestyle.",". Stupid of her to think that she would be a part of the club. One day the dog/cat saw an eagle in the sky.","Looked at her with disgust every time they walked by her. She instantly regretted leaving her glamorous lifestyle. . Stupid of her to think that she would be a part of the club. One day the dog/cat saw an eagle in the sky."
"conv_48a63036afde46b78f210ee3dbf2df89","a small village nestled between whispering forests and towering mountains. The village, known as Eldoria, was a place where time seemed to move a little slower, and the air","was always filled with the scent of pine and wildflowers. In the heart of Eldoria stood an ancient oak tree, its branches sprawling wide and its leaves rustling with secrets","a small village nestled between whispering forests and towering mountains. The village, known as Eldoria, was a place where time seemed to move a little slower, and the air was always filled with the scent of pine and wildflowers. In the heart of Eldoria stood an ancient oak tree, its branches sprawling wide and its leaves rustling with secrets"
"conv_155f7493-3058-435d-a672-40e7e8ec213a","Cringey, and crusty. That sounds about right... mama really liked toast. Hmmm, but who is the crunchiest candidate of them?","all?” Per chuckled at the absurdity of the thought. As he walked toward the old willow, he decided to trust Goldilocks’ instincts. Maybe, just maybe","Cringey, and crusty. That sounds about right... mama really liked toast. Hmmm, but who is the crunchiest candidate of them? all?” Per chuckled at the absurdity of the thought. As he walked toward the old willow, he decided to trust Goldilocks’ instincts. Maybe, just maybe"
"JFI8cNwhGfRT2Jd6JUd0","So Carl began practicing with his one remaining hand. Every day he got a little bit faster, but there was a long way to go to reach his","goal. He was getting somewhat closer to his peers and was starting to become happy again. Maybe he didn't need to be the best.","So Carl began practicing with his one remaining hand. Every day he got a little bit faster, but there was a long way to go to reach his goal. He was getting somewhat closer to his peers and was starting to become happy again. Maybe he didn't need to be the best."
"JFI8cNwhGfRT2Jd6JUd0","preparations. He researched every little detail of the process to optimize his knitting speed. His peers looked at his dedication and thought, ""There's no way I'm gonna""","I'm gonna train my fingers and hands for hours every single day! Carl was humble and obviously dedicated. He even offered his peers teaching classes to help","preparations. He researched every little detail of the process to optimize his knitting speed. His peers looked at his dedication and thought, ""There's no way I'm gonna"" I'm gonna train my fingers and hands for hours every single day! Carl was humble and obviously dedicated. He even offered his peers teaching classes to help"
"conv_d6190dffe464453db28dc7d77f15b04c","the shore—reminding all who listen that the world hides marvelous secrets for those bold enough to follow where the sea sings.","had always longed for, her spirit forever entwined with the tides and the mysteries beneath. And so, one girl’s courage became legend, whispered forever where the ocean meets","the shore—reminding all who listen that the world hides marvelous secrets for those bold enough to follow where the sea sings. had always longed for, her spirit forever entwined with the tides and the mysteries beneath. And so, one girl’s courage became legend, whispered forever where the ocean meets"
"conv_02b6fce3-98d8-456f-b0e8-3708b9ca1968","Outside her window the storm was raging. Trees moving mechanically in the wind under the loud drumming sound of water drops falling.","Outside her window, the storm was raging. Trees moved mechanically in the wind, the loud drumming of water drops falling against the glass. Inside, the house was quiet,","Outside her window the storm was raging. Trees moving mechanically in the wind under the loud drumming sound of water drops falling. Outside her window, the storm was raging. Trees moved mechanically in the wind, the loud drumming of water drops falling against the glass. Inside, the house was quiet,"
"conv_735156e66375422faddf4969b0c27f8f",", and watched the beam sweep across the dark waters. The rhythm had become her heartbeat: climb, wind, watch, descend. Sleep came like clockwork at midnight","a lighthouse keeper who forgot how to dream.

For thirty years, Marianne had climbed the spiral stairs each evening, wound the great lens",", and watched the beam sweep across the dark waters. The rhythm had become her heartbeat: climb, wind, watch, descend. Sleep came like clockwork at midnight a lighthouse keeper who forgot how to dream.

For thirty years, Marianne had climbed the spiral stairs each evening, wound the great lens"
"conv_4d3d8b6a64a84dbfa240630fbb5109c2","greater than herself. She took a deep breath and replied, ""I seek the wisdom of the ancient ones. My village faces dark times, and I believe the answers lie here","in the heart of the forest."" The water stilled, and a figure slowly emerged from the pond, taking the form of a graceful woman with hair like flowing silver and eyes","greater than herself. She took a deep breath and replied, ""I seek the wisdom of the ancient ones. My village faces dark times, and I believe the answers lie here in the heart of the forest."" The water stilled, and a figure slowly emerged from the pond, taking the form of a graceful woman with hair like flowing silver and eyes"
"conv_4d0024b5bf904e3ab65b9fca2f8dee1d","very heart of the forest. The humming of the bees grew loudest here, and Emilia saw that the tree was covered in a kaleidoscope of wildflowers, their","petals shimmering in the dappled light, and their sweet fragrance filling the air, drawing in a swarm of bees that danced and fluttered around the tree, collecting","very heart of the forest. The humming of the bees grew loudest here, and Emilia saw that the tree was covered in a kaleidoscope of wildflowers, their petals shimmering in the dappled light, and their sweet fragrance filling the air, drawing in a swarm of bees that danced and fluttered around the tree, collecting"
"conv_48a63036afde46b78f210ee3dbf2df89","and clear. The crowd gasped in surprise, but the traveler smiled warmly, nodding in approval. “Very well,” the traveler said, gently placing the box in L","ila’s hands. The weight of it was surprisingly light, yet Lila felt a surge of energy as her fingers brushed against the intricate carvings. With a deep breath","and clear. The crowd gasped in surprise, but the traveler smiled warmly, nodding in approval. “Very well,” the traveler said, gently placing the box in L ila’s hands. The weight of it was surprisingly light, yet Lila felt a surge of energy as her fingers brushed against the intricate carvings. With a deep breath"
"conv_1a776856-1876-44eb-b0f6-31b31250ddca","Saunas, he really got to thinking about life and what it brings. The heat of the sauna combined with the artful smell combinations.","of sandalwood and eucalyptus wafting through the air seemed to clarify his thoughts, and he found himself pondering the similarities between the fleeting nature of","Saunas, he really got to thinking about life and what it brings. The heat of the sauna combined with the artful smell combinations. of sandalwood and eucalyptus wafting through the air seemed to clarify his thoughts, and he found himself pondering the similarities between the fleeting nature of"
"conv_4d1bd73a-bbc9-4e37-8ba0-3cdd7adbc66a","Big. THE FINAL BATTLE has begun. Finn had an ace up his sleeve, a secret so deep even the QUEEN didn't know about it. Finn was the CREATOR of the freshly baked","treats that Mr. Big had stolen. With a deep breath, Finn revealed his secret, explaining that he had made the treats with a special ingredient meant to bring peace","Big. THE FINAL BATTLE has begun. Finn had an ace up his sleeve, a secret so deep even the QUEEN didn't know about it. Finn was the CREATOR of the freshly baked treats that Mr. Big had stolen. With a deep breath, Finn revealed his secret, explaining that he had made the treats with a special ingredient meant to bring peace"
"conv_a7acc18d772f40a5ac655e460ce84ff2","Eliara, a young woman who lived in the shadow of the ancient, towering mountains that bordered her village. The villagers often spoke of the mountains as if they were alive",", whispering secrets of old magic and hidden paths that led to realms unknown. Despite the tales, Eliara was drawn to their majestic presence, feeling a connection she couldn't","Eliara, a young woman who lived in the shadow of the ancient, towering mountains that bordered her village. The villagers often spoke of the mountains as if they were alive , whispering secrets of old magic and hidden paths that led to realms unknown. Despite the tales, Eliara was drawn to their majestic presence, feeling a connection she couldn't"
"BocRhyGX0eWpgbUSkjWF","Ways the humans treated both each other and also the fungus. This began a revolution of how lawmaking and infrastructure were made from this point.",". People became more aware of the environment and the wild life all around the world started blooming as it has never been seen before. Even the Mammoth came back from","Ways the humans treated both each other and also the fungus. This began a revolution of how lawmaking and infrastructure were made from this point. . People became more aware of the environment and the wild life all around the world started blooming as it has never been seen before. Even the Mammoth came back from"
"vtVEZIgMKoEkI6hoyJnd","train station where she started a new-age band with Søren Rasted from Aqua. He had nice hair and always talked about the deep","casserole from her kitchen. The things you always have in the house, you know? She had to frame the doctor for HER murder. She brought her stuff to the","train station where she started a new-age band with Søren Rasted from Aqua. He had nice hair and always talked about the deep casserole from her kitchen. The things you always have in the house, you know? She had to frame the doctor for HER murder. She brought her stuff to the"
"conv_69b581c4f16c81978ea543ce298c8c600546e04309837be3","She began excitedly telling the ants about her hat-making skills. ""What a waste!"" said one of the ants. ""What use do we have of your obscenely large...""","hats in a world where we need to travel light and keep moving? Disheartened by their bluntness but determined not to give up, Nutty decided to prove","She began excitedly telling the ants about her hat-making skills. ""What a waste!"" said one of the ants. ""What use do we have of your obscenely large..."" hats in a world where we need to travel light and keep moving? Disheartened by their bluntness but determined not to give up, Nutty decided to prove"
"conv_bf42f3342170423a9a125531347bd54e","can the story turn toward light."" As she faded back into mist, Mr. Carter closed his hand around the feather, feeling a warmth that banished all fear. The town","of Alder Hollow slept on, but for the first time in years, Mr. Carter felt hope stirring like dawn in his chest. He looked toward the whispering woods, knowing","can the story turn toward light."" As she faded back into mist, Mr. Carter closed his hand around the feather, feeling a warmth that banished all fear. The town of Alder Hollow slept on, but for the first time in years, Mr. Carter felt hope stirring like dawn in his chest. He looked toward the whispering woods, knowing"
"conv_90ea40da-2853-405a-9c2f-a22e77888401","He admitted that this in itself was a far-fetched reason to go to Amsterdam specifically, but once over there, Gustav didn't","regret his decision for a moment. The city’s vibrant atmosphere and the warmth of its people quickly made him feel at home. Every day, he would visit cafes, parks","He admitted that this in itself was a far-fetched reason to go to Amsterdam specifically, but once over there, Gustav didn't regret his decision for a moment. The city’s vibrant atmosphere and the warmth of its people quickly made him feel at home. Every day, he would visit cafes, parks"
"conv_90ea40da-2853-405a-9c2f-a22e77888401","There once was a giraffe who loved to study human language. He soon went to the Netherlands, because the field is just","teeming with linguistic diversity and historical significance. The giraffe, named Gustav, had always been fascinated by the way humans communicate, especially the intricate structures of their languages.","There once was a giraffe who loved to study human language. He soon went to the Netherlands, because the field is just teeming with linguistic diversity and historical significance. The giraffe, named Gustav, had always been fascinated by the way humans communicate, especially the intricate structures of their languages."
"conv_c39559fbef1d4169b9bb65921929197a","buried where no one else thought to look. She spent her afternoons scrambling over the rocky bluffs, pockets full of stray seashells and scraps of sea glass, her","a girl named Mira who lived in the small coastal town of Larkspur. Mira was known for her wild red hair, her constant curiosity, and her gift for finding secrets","buried where no one else thought to look. She spent her afternoons scrambling over the rocky bluffs, pockets full of stray seashells and scraps of sea glass, her a girl named Mira who lived in the small coastal town of Larkspur. Mira was known for her wild red hair, her constant curiosity, and her gift for finding secrets"
"ULRAMZF7ra0i53A9w3Gv","all the lions, tigers and the three dogs left, including Pluto. So his chance to finally be picked was pretty high today!!","Had another dream, he thought. So when he woke up for real, the center was filled with families trying to find their new best friend among","all the lions, tigers and the three dogs left, including Pluto. So his chance to finally be picked was pretty high today!! Had another dream, he thought. So when he woke up for real, the center was filled with families trying to find their new best friend among"
"conv_69b581c4f16c81978ea543ce298c8c600546e04309837be3","trend of ugly dresses! Although Aurelia meant well with the comment, the squirrel took a large offense to her joke. Nutty had tried her best, and yet Aurelia was laughing at her.","work. With a heavy heart, Nutty scampered away, feeling misunderstood. Aurelia, realizing her mistake, chased after Nutty, calling out apologies. She wanted to","trend of ugly dresses! Although Aurelia meant well with the comment, the squirrel took a large offense to her joke. Nutty had tried her best, and yet Aurelia was laughing at her. work. With a heavy heart, Nutty scampered away, feeling misunderstood. Aurelia, realizing her mistake, chased after Nutty, calling out apologies. She wanted to"
"conv_a2292393-fd39-476f-975c-aaf411653197","Heard. He gently took her hands and looked her in the eyes. ""I... I... Sir, what is the meaning of this? I don't even know your name.""","""My name is Elijah,"" he whispered, his breath warm against her skin, ""and I've come to tell you something about your past, something that has been hidden from you","Heard. He gently took her hands and looked her in the eyes. ""I... I... Sir, what is the meaning of this? I don't even know your name."" ""My name is Elijah,"" he whispered, his breath warm against her skin, ""and I've come to tell you something about your past, something that has been hidden from you"
"conv_fc1c9be7eb954cc6bb94f531369fe476","hear the waves at night. For forty-three years, the rhythm of water against rock had been her lullaby, constant as her own heartbeat. But one Tuesday","a lighthouse keeper who stopped believing in the sea.

It happened gradually, the way most impossible things do. First, Margaret noticed she could no longer","hear the waves at night. For forty-three years, the rhythm of water against rock had been her lullaby, constant as her own heartbeat. But one Tuesday a lighthouse keeper who stopped believing in the sea.

It happened gradually, the way most impossible things do. First, Margaret noticed she could no longer"
"conv_691b61ab394c819483ac4af28c7f29d00b3e16b70554a02a","Of Joe's digital era and the rebirth of Joe the human. Pictures of his childhood started to rush back, reminding him of the analog childhood. How he longed to be that.","carefree boy again, racing the wind, unburdened by technology's demands. He smiled, realizing that the simple joy of running in nature was all he ever needed","Of Joe's digital era and the rebirth of Joe the human. Pictures of his childhood started to rush back, reminding him of the analog childhood. How he longed to be that. carefree boy again, racing the wind, unburdened by technology's demands. He smiled, realizing that the simple joy of running in nature was all he ever needed"
"conv_735156e66375422faddf4969b0c27f8f","salt, heavy with something she couldn't name. As she wound the clockwork mechanism, her hands trembled—the first tremor in thirty years of steady routine. The","stopped arriving, and Marianne realized she'd become invisible to the world beyond the beam's reach.

Tonight felt different, though. The air tasted of copper and","salt, heavy with something she couldn't name. As she wound the clockwork mechanism, her hands trembled—the first tremor in thirty years of steady routine. The stopped arriving, and Marianne realized she'd become invisible to the world beyond the beam's reach.

Tonight felt different, though. The air tasted of copper and"
"K6nustVFF5ei8GiBLmiZ","My first heartbreak, three years ago. I'd been more naive back then and unsuspecting of the harsh reality of people in love. It started","of great, as it always does when you're in love. blind to all of the others faults, and them to yours. The danger is when you get to know someone.","My first heartbreak, three years ago. I'd been more naive back then and unsuspecting of the harsh reality of people in love. It started of great, as it always does when you're in love. blind to all of the others faults, and them to yours. The danger is when you get to know someone."
"conv_5e234f25-eb78-4ec3-8113-c66645149ddc","True. They are coming for you. You have to get out. Soon."" The boy with the fur coat quickly ran and Theo had no way of keeping up with him. The boy knew his way around.","the forest better than Theo had imagined possible. Within seconds, he'd vanished between the trees like smoke.

Theo stood frozen, his heart pounding.","True. They are coming for you. You have to get out. Soon."" The boy with the fur coat quickly ran and Theo had no way of keeping up with him. The boy knew his way around. the forest better than Theo had imagined possible. Within seconds, he'd vanished between the trees like smoke.

Theo stood frozen, his heart pounding."
"conv_23ed55f8-cc91-439f-8c8e-e24f66457596","She was passed out on the grass, dreaming about happy children. When she woke up the next morning, she thought she had a","wonderful dream, but as she flew back to her village, she saw families celebrating and children laughing without a trace of the illness. Lila’s heart soared, realizing","She was passed out on the grass, dreaming about happy children. When she woke up the next morning, she thought she had a wonderful dream, but as she flew back to her village, she saw families celebrating and children laughing without a trace of the illness. Lila’s heart soared, realizing"
"K6nustVFF5ei8GiBLmiZ","Really romantic trope, actually. I had the murder all planned out. It would be after our belated Valentine's dinner, after we finished.","Eating at the same fucking restaurant he always picks, we were on to my part of the date. Always this shit, he planned the dinner, a rotation of three god-awful tacky","Really romantic trope, actually. I had the murder all planned out. It would be after our belated Valentine's dinner, after we finished. Eating at the same fucking restaurant he always picks, we were on to my part of the date. Always this shit, he planned the dinner, a rotation of three god-awful tacky"
"conv_4d1bd73a-bbc9-4e37-8ba0-3cdd7adbc66a","Angry lawn mowers. Mr. Big Dingleberry has stolen the treats from the lawn mower queen; the treats are like religion to the lawn.","movers, and without them, the entire rhythm of the Whimsical Woods would be thrown into chaos. The lawn movers, a quirky and temperamental bunch, relied on","Angry lawn mowers. Mr. Big Dingleberry has stolen the treats from the lawn mower queen; the treats are like religion to the lawn. movers, and without them, the entire rhythm of the Whimsical Woods would be thrown into chaos. The lawn movers, a quirky and temperamental bunch, relied on"
"conv_7c23347e-6172-4c84-9fd0-45ef34290bd5","livers, feathers, eggs and uncles. what a magnificent purpose. A true danger of not knowing what one summons into the world. For","# The Sewer Rat (Continued)

**Chapter Seven: The Consequence**

the summoner had opened a door that could not be closed. The","livers, feathers, eggs and uncles. what a magnificent purpose. A true danger of not knowing what one summons into the world. For # The Sewer Rat (Continued)

**Chapter Seven: The Consequence**

the summoner had opened a door that could not be closed. The"
"conv_c576a2b8-4944-4966-b836-5a4fde76260f","""If you succeed at this, Durgenhal, my life is yours,"" he said without saying a word. All the courage he needed. The ramp was around 80 meters tall, and this would be","the moment of truth, the culmination of all his tinkering and experimentation. With a deep breath, Durgenhal climbed into his contraption, a mess of wires, pipes","""If you succeed at this, Durgenhal, my life is yours,"" he said without saying a word. All the courage he needed. The ramp was around 80 meters tall, and this would be the moment of truth, the culmination of all his tinkering and experimentation. With a deep breath, Durgenhal climbed into his contraption, a mess of wires, pipes"
"conv_c7f16c31-e264-4ad6-8a72-7c626fa0cac0","Lucy, who wanted to travel the world with her magic cat, Cat. Cat was a very colourful cat who barfed rainbow hairballs in sympathy with the LGBTQ+ movement. One","day, Lucy and Cat set out on their adventure, packing a small suitcase with essentials like catnip, sparkling water, and a map that supposedly led to hidden wonders of the","Lucy, who wanted to travel the world with her magic cat, Cat. Cat was a very colourful cat who barfed rainbow hairballs in sympathy with the LGBTQ+ movement. One day, Lucy and Cat set out on their adventure, packing a small suitcase with essentials like catnip, sparkling water, and a map that supposedly led to hidden wonders of the"
"conv_155f7493-3058-435d-a672-40e7e8ec213a","He would feel the paper, for the crunchiest candidate. Where the paper is the most crisp is the right candidate for","him. With a determined nod, he quickened his pace, the setting sun casting a warm glow on his path. The old willow loomed ahead, its branches sw","He would feel the paper, for the crunchiest candidate. Where the paper is the most crisp is the right candidate for him. With a determined nod, he quickened his pace, the setting sun casting a warm glow on his path. The old willow loomed ahead, its branches sw"
"conv_691dc83ec728819085d614247e77833604d03bd64a490dfd","Willy is no fool; he knows that in this life, it is survival of the fittest. If the devil is coming for Willy,","then Willy will come for the devil first. With a powerful leap that sends swamp water exploding in all directions, the massive frog launches himself at the trav","Willy is no fool; he knows that in this life, it is survival of the fittest. If the devil is coming for Willy, then Willy will come for the devil first. With a powerful leap that sends swamp water exploding in all directions, the massive frog launches himself at the trav"
"conv_62a271e6-a272-4e74-9d10-2dc0c15c530f","The three of them waited patiently for the next move, before Emma gave up and passed Uncle Thomas to get back to her sister in the now smoking room.","living room. The acrid smell of burnt fabric and melted wax hung heavy in the air. Through the haze, she could see her sister kneeling beside","The three of them waited patiently for the next move, before Emma gave up and passed Uncle Thomas to get back to her sister in the now smoking room. living room. The acrid smell of burnt fabric and melted wax hung heavy in the air. Through the haze, she could see her sister kneeling beside"
"conv_1a776856-1876-44eb-b0f6-31b31250ddca","The human experience. He found that he felt the most sure about his deepest wishes and desires when he had just emerged from the heat and","stepped out into the cool, crisp air, feeling the sudden rush of clarity and purpose that came with the abrupt change in temperature. It was as if the sauna had washed","The human experience. He found that he felt the most sure about his deepest wishes and desires when he had just emerged from the heat and stepped out into the cool, crisp air, feeling the sudden rush of clarity and purpose that came with the abrupt change in temperature. It was as if the sauna had washed"
"conv_691b8b725ae48193abaaaa9270b26d500f7b1fcbf105c42b","Corner. In the city, he heard the tales of the Whispering Peaks from an old man at the bar. He told him of a legend, where the Whispering Peaks were said","to grant profound knowledge to those with pure intentions. The old man's eyes twinkled with mystery as he spoke, his voice barely above a whisper. ""But beware,"" he","Corner. In the city, he heard the tales of the Whispering Peaks from an old man at the bar. He told him of a legend, where the Whispering Peaks were said to grant profound knowledge to those with pure intentions. The old man's eyes twinkled with mystery as he spoke, his voice barely above a whisper. ""But beware,"" he"
"h9mEvTqoZyrUb6cj1fxu","""No... I think you should go home."" ""You should go home, and cut your hair; I'm not feeling the ponytail."" Magnus got a little mad at me, but","then I looked judging at him and roasted him and cross my arms like the queen I am. ""This is my apartment, go home and take a shower mr. stinky"" you don't belong","""No... I think you should go home."" ""You should go home, and cut your hair; I'm not feeling the ponytail."" Magnus got a little mad at me, but then I looked judging at him and roasted him and cross my arms like the queen I am. ""This is my apartment, go home and take a shower mr. stinky"" you don't belong"
"cUrf0q4FWuzVfOPnH1a7","pond had not yet defeated all pretenders. The prisoner was but a vessel. As he collapsed, the Jester of the Burdened laymen appeared - growing from the size of a bean, spat from the","through the JBL speaker hidden under his feathers. The entire crowd of ducks kneeled in utmost defeat, acknowledging the true king of the high","pond had not yet defeated all pretenders. The prisoner was but a vessel. As he collapsed, the Jester of the Burdened laymen appeared - growing from the size of a bean, spat from the through the JBL speaker hidden under his feathers. The entire crowd of ducks kneeled in utmost defeat, acknowledging the true king of the high"
"WYnhagFwtR0bJ9vucGsm","Everyone except that cute boy on no. 25. Well now she has a good reason to start a conversation at least. But how can you randomly knock?","at someone's door and start a random interaction, like this? She was scared of seeming weird or that he knew what people said about","Everyone except that cute boy on no. 25. Well now she has a good reason to start a conversation at least. But how can you randomly knock? at someone's door and start a random interaction, like this? She was scared of seeming weird or that he knew what people said about"
"conv_6c680e8e-2455-4bdf-b4cd-fe6c409f373a","family or start my new life in another place. A teacher who knew my interest and talent arranged that I was offered a chance to join a boarding school which","would provide me with a scholarship. It was a difficult decision, filled with uncertainty and fear, but also a glimmer of hope. With a heavy heart, I bid farewell","family or start my new life in another place. A teacher who knew my interest and talent arranged that I was offered a chance to join a boarding school which would provide me with a scholarship. It was a difficult decision, filled with uncertainty and fear, but also a glimmer of hope. With a heavy heart, I bid farewell"
"conv_c691ca68f70340db9ad7d9d4289462ab","help. The whispers coalesced into a single, clear voice, urging Elara to touch the tree. Hesitantly, she reached out, placing her hand on","the rough bark. Instantly, a surge of energy flowed through her, and visions of the forest’s past and future flooded her mind. She saw the spirits fighting against a","help. The whispers coalesced into a single, clear voice, urging Elara to touch the tree. Hesitantly, she reached out, placing her hand on the rough bark. Instantly, a surge of energy flowed through her, and visions of the forest’s past and future flooded her mind. She saw the spirits fighting against a"
"conv_412eb7ca-cafa-4e38-8b2d-0a40272af090","She had to have this smell in her nostrils to feel truly at home. She didn't have much growing up, but the things she had","were precious beyond measure—her grandmother's silk scarves that shimmered with impossible colors, a deck of cards so worn the edges felt like velvet, and most importantly","She had to have this smell in her nostrils to feel truly at home. She didn't have much growing up, but the things she had were precious beyond measure—her grandmother's silk scarves that shimmered with impossible colors, a deck of cards so worn the edges felt like velvet, and most importantly"
"conv_26e2b109c7d34348a469ede32b8d089d","—not just clocks, but hearts and hopes?” The great brass tower gave no immediate reply, yet as the day waned, a golden light shimmered atop its spire,","ie breathless with wonder. Her heart skipped as she pondered what to ask. At last, she whispered to the tower, “How can I mend what is truly broken","—not just clocks, but hearts and hopes?” The great brass tower gave no immediate reply, yet as the day waned, a golden light shimmered atop its spire, ie breathless with wonder. Her heart skipped as she pondered what to ask. At last, she whispered to the tower, “How can I mend what is truly broken"
"conv_4d1bd73a-bbc9-4e37-8ba0-3cdd7adbc66a","Gathered a team of the best soldiers of the Queen to get the freshly baked treats back. And now Finn and lawn mower soldiers are surrounded, Mr. Big Dingleberry.","cave. Mr. Big, realizing the gravity of the situation, nervously fluttered his wings, considering his next move. Inside the cave, the air was thick with","Gathered a team of the best soldiers of the Queen to get the freshly baked treats back. And now Finn and lawn mower soldiers are surrounded, Mr. Big Dingleberry. cave. Mr. Big, realizing the gravity of the situation, nervously fluttered his wings, considering his next move. Inside the cave, the air was thick with"
"conv_fc1c9be7eb954cc6bb94f531369fe476","them to splinters within minutes. Her body moved before her mind could catch up—down the stairs, out into the night, her hands finding the emergency flare gun she","torn and flapping uselessly, figures moving frantically across its deck. They were waving, shouting words she couldn't hear, pointing toward rocks that would shatter","them to splinters within minutes. Her body moved before her mind could catch up—down the stairs, out into the night, her hands finding the emergency flare gun she torn and flapping uselessly, figures moving frantically across its deck. They were waving, shouting words she couldn't hear, pointing toward rocks that would shatter"
"P1SZ3AZnoi1oqt5EbYh5","river. On the other side a pinkish figure appeared before his very eyes. Desperate in his search for the pigs he","jumped across the river and tore apart the pig with his bare hands. He began to cry over this desperation. Suddenly,","river. On the other side a pinkish figure appeared before his very eyes. Desperate in his search for the pigs he jumped across the river and tore apart the pig with his bare hands. He began to cry over this desperation. Suddenly,"
"conv_fc1c9be7eb954cc6bb94f531369fe476","decades tending a light for ships that sailed through nothing but air, warning them away from cliffs that dropped into mere absence. She lit the lamp anyway, watched it","her like a dark bloom: that if she couldn't hear the sea, couldn't feel its pull, then perhaps it had never existed at all. Perhaps she'd spent four","decades tending a light for ships that sailed through nothing but air, warning them away from cliffs that dropped into mere absence. She lit the lamp anyway, watched it her like a dark bloom: that if she couldn't hear the sea, couldn't feel its pull, then perhaps it had never existed at all. Perhaps she'd spent four"
"conv_5f17f002-84ad-4315-8c69-20ec83de1223","two princesses living far, far away behind seven seas and seven mountains in their beautiful kingdom. They live in a kingdom of fun and whimsy and","magic, where flowers bloom in every color of the rainbow and animals talk and laugh with the princesses. The elder princess, Sophia, had hair as golden as the sun and","two princesses living far, far away behind seven seas and seven mountains in their beautiful kingdom. They live in a kingdom of fun and whimsy and magic, where flowers bloom in every color of the rainbow and animals talk and laugh with the princesses. The elder princess, Sophia, had hair as golden as the sun and"
"conv_6c680e8e-2455-4bdf-b4cd-fe6c409f373a","And got on the bus to travel to my new school. I would be staying for two months before my first visit back home and then again a couple","of times during the year. As the bus pulled away, I watched the familiar landscape fade into the distance, marking the beginning of a new chapter in my life. The road","And got on the bus to travel to my new school. I would be staying for two months before my first visit back home and then again a couple of times during the year. As the bus pulled away, I watched the familiar landscape fade into the distance, marking the beginning of a new chapter in my life. The road"
"conv_4d3d8b6a64a84dbfa240630fbb5109c2","sounds of the village faded into silence. The only noises now were the rustling of leaves and the occasional hoot of an owl. As she walked deeper, the trees seemed","to close in around her, their branches intertwining overhead like ancient guardians. The path grew dimmer, but Ella’s resolve strengthened with each step. She had always been curious","sounds of the village faded into silence. The only noises now were the rustling of leaves and the occasional hoot of an owl. As she walked deeper, the trees seemed to close in around her, their branches intertwining overhead like ancient guardians. The path grew dimmer, but Ella’s resolve strengthened with each step. She had always been curious"
"conv_0f18b30f-7d4b-4681-b98e-a0ff4f2b5256","Fueled by her reading habit, by books like Kon-Tiki and Out of Africa and Lawrence of Arabia, she brainstorms ways to escape her responsibilities and pad her","savings, which are meager at best, but she's determined to find a way to break free from the constraints of her small town and experience the thrill of adventure for","Fueled by her reading habit, by books like Kon-Tiki and Out of Africa and Lawrence of Arabia, she brainstorms ways to escape her responsibilities and pad her savings, which are meager at best, but she's determined to find a way to break free from the constraints of her small town and experience the thrill of adventure for"
"uSUBQk0ZgGhDzjY8qQwb","anticipating this to happen. She left India to escape her ex-boyfriend and live out the dreams that he would not allow her, but now her worst nightmare would come true. The only","Her ex-boyfriend told her that he is also coming to London to visit her. But now she is going into depression because she was...","anticipating this to happen. She left India to escape her ex-boyfriend and live out the dreams that he would not allow her, but now her worst nightmare would come true. The only Her ex-boyfriend told her that he is also coming to London to visit her. But now she is going into depression because she was..."
"conv_72218cb5-e59c-4c93-a4b9-a057fe5dad80","bodies, examining each one looking for his sister ""EMMA! WHERE ARE YOU?!"" he kept yelling desperately until his voice cracked, and he","finally collapsed to his knees, exhausted and defeated, his eyes scanning the room one last time, hoping against hope that he would see a glimpse of her, but instead, he","bodies, examining each one looking for his sister ""EMMA! WHERE ARE YOU?!"" he kept yelling desperately until his voice cracked, and he finally collapsed to his knees, exhausted and defeated, his eyes scanning the room one last time, hoping against hope that he would see a glimpse of her, but instead, he"
"conv_cadd7be580c64bfe91703c87b9bf6855","filled her lungs, invigorating her spirit. Suddenly, the path opened up into a clearing, and Eleanor found herself standing at the edge of a shimmering lake. The","lay ahead, whether it was danger or enchantment, it would be a journey she would never forget. As she walked, the air grew cooler, and the scent of pine","filled her lungs, invigorating her spirit. Suddenly, the path opened up into a clearing, and Eleanor found herself standing at the edge of a shimmering lake. The lay ahead, whether it was danger or enchantment, it would be a journey she would never forget. As she walked, the air grew cooler, and the scent of pine"
"conv_c7f16c31-e264-4ad6-8a72-7c626fa0cac0","Lesbian bar, where Lucy wanted to explore what she had recently found out. She was a lesbian. But the way to the bar was long and she had","to navigate through a bustling city, filled with people of all kinds, and Cat, sensing Lucy's excitement and nervousness, stayed close to her, occasionally letting out a soft","Lesbian bar, where Lucy wanted to explore what she had recently found out. She was a lesbian. But the way to the bar was long and she had to navigate through a bustling city, filled with people of all kinds, and Cat, sensing Lucy's excitement and nervousness, stayed close to her, occasionally letting out a soft"
"NSZE9lXnuxIl0ZT4gRoy",", leaving the crew behind, to try to help with their wizard-problem. It turned out to be no easy task, however, as the wizard was cunning","An evil wizard was trying to become prince and take the throne away from the king and his heir, the princess. So, one of them decided he would stay in that world.",", leaving the crew behind, to try to help with their wizard-problem. It turned out to be no easy task, however, as the wizard was cunning An evil wizard was trying to become prince and take the throne away from the king and his heir, the princess. So, one of them decided he would stay in that world."
"conv_5b956e03-a900-47aa-88a9-54cb6be40071","Witchamed Jimmy to rally the people of Philly to storm the gates of Willy, capital of Chilly. At the gates stood Godha reading aloud ""The","Script"" in a voice that sent shivers down the spines of even the bravest warriors, but Silly Billy, undaunted, charged forward, his silly antics","Witchamed Jimmy to rally the people of Philly to storm the gates of Willy, capital of Chilly. At the gates stood Godha reading aloud ""The Script"" in a voice that sent shivers down the spines of even the bravest warriors, but Silly Billy, undaunted, charged forward, his silly antics"
"conv_8fd2ac26-a13c-4e85-b8ac-5f13e246b640","On the door that said: 'I'M DEAD!'. She had taken some paint with her and a warm green coat. She found a tree stump deep into the","forest and sat down, feeling the cool moss beneath her. With her paint and tongue, she began to create a masterpiece on the bark of the trees around her, blending her","On the door that said: 'I'M DEAD!'. She had taken some paint with her and a warm green coat. She found a tree stump deep into the forest and sat down, feeling the cool moss beneath her. With her paint and tongue, she began to create a masterpiece on the bark of the trees around her, blending her"
"conv_4d0024b5bf904e3ab65b9fca2f8dee1d","the sweet nectar from the flowers, and as Emilia watched, a figure emerged from the trunk of the tree, an ancient being with skin as rough as the bark and","hair that flowed like the leaves of the tree, her eyes shining with a deep, earthy wisdom that seemed to hold the secrets of the forest. The being's gaze met","the sweet nectar from the flowers, and as Emilia watched, a figure emerged from the trunk of the tree, an ancient being with skin as rough as the bark and hair that flowed like the leaves of the tree, her eyes shining with a deep, earthy wisdom that seemed to hold the secrets of the forest. The being's gaze met"
"conv_02b6fce3-98d8-456f-b0e8-3708b9ca1968","Golden glow. She felt her heart filling with adrenaline deep in her chest. And then she felt it. The warm feeling of liquid on the lower part.","of her leg. Looking down, she saw a small cut, the source of the warmth. The creature circled her, its movements swift and calculated. She backed away,","Golden glow. She felt her heart filling with adrenaline deep in her chest. And then she felt it. The warm feeling of liquid on the lower part. of her leg. Looking down, she saw a small cut, the source of the warmth. The creature circled her, its movements swift and calculated. She backed away,"
"conv_6981ccf5d5f4819394bcd7bad4d79b14001ace58e9b20b81","The ride felt like forever, but at last they reached the festival, where Clarence would be dropped off. As he stepped out of the car, bumping his head on","the doorframe, he heard music and laughter echoing through the air. Towering carrots just like him roamed the streets, their vibrant hues reflecting the sunlight. Clarence knew","The ride felt like forever, but at last they reached the festival, where Clarence would be dropped off. As he stepped out of the car, bumping his head on the doorframe, he heard music and laughter echoing through the air. Towering carrots just like him roamed the streets, their vibrant hues reflecting the sunlight. Clarence knew"
"fIf2ccAs4ZpVTP7BBoxp","herself. But her phone had just died. Crap she thought. Now she couldn't share this on her instagram story making","Of an outdoorsy type, but on this particular day, the world was just stunning!!! If only she had some kind of way to capture the beauty of this very moment, she thought to.","herself. But her phone had just died. Crap she thought. Now she couldn't share this on her instagram story making Of an outdoorsy type, but on this particular day, the world was just stunning!!! If only she had some kind of way to capture the beauty of this very moment, she thought to."
"JYZ6dAbVtTCZL8fZXM8s","They too were pulled into the river. Even the toad could not swim in the violent water. The ladybug tried to help them from above, but could only watch helplessly as their friends were","pushed from side to side by the current. They barely avoided hitting the stones in the water, and the basket was still far away. ""Look,"" the rabbit shouted using his big","They too were pulled into the river. Even the toad could not swim in the violent water. The ladybug tried to help them from above, but could only watch helplessly as their friends were pushed from side to side by the current. They barely avoided hitting the stones in the water, and the basket was still far away. ""Look,"" the rabbit shouted using his big"
"conv_3c43f51a-ffcf-4161-8d6d-b76bf669acb6","Saw something that only few absolute legends before him had the ability to scout. The potential of gambling was infinite, and Thaddeus knew that only the human mind set the limits.","to what could be achieved. With this newfound understanding, he threw himself into the world of high-stakes games, honing his skills and building a reputation that preceded him wherever","Saw something that only few absolute legends before him had the ability to scout. The potential of gambling was infinite, and Thaddeus knew that only the human mind set the limits. to what could be achieved. With this newfound understanding, he threw himself into the world of high-stakes games, honing his skills and building a reputation that preceded him wherever"
"vtVEZIgMKoEkI6hoyJnd","clean up the piles of squashed cat guts and fur, and set off the the supermarket to buy more melons; she urgently needed those","She screamed in joy while the people around her were astonished about the phenomenon that a piano and not a guitar fell from above. She was happy she didn't have to","clean up the piles of squashed cat guts and fur, and set off the the supermarket to buy more melons; she urgently needed those She screamed in joy while the people around her were astonished about the phenomenon that a piano and not a guitar fell from above. She was happy she didn't have to"
"conv_4d1bd73a-bbc9-4e37-8ba0-3cdd7adbc66a","a young bubble dragon that has a passionate relationship with his kitchen utensils. The young bubble dragon's name is Mr. Big.","Mr. Big lived in a cozy cave near the edge of the Whimsical Woods, where the air was always filled with the scent of freshly baked treats and the sound of","a young bubble dragon that has a passionate relationship with his kitchen utensils. The young bubble dragon's name is Mr. Big. Mr. Big lived in a cozy cave near the edge of the Whimsical Woods, where the air was always filled with the scent of freshly baked treats and the sound of"
"conv_a047b0e3f92d41c09ef45e011a99a23f","ever got close enough to touch it. One such child was Emil, a curious boy with wild hair and an untamable spirit. Late one autumn evening, as the fog","crept through the trees and the air brimmed with the scent of damp leaves, Emil found himself drawn to the stone’s shimmering light. His heart pounded as he reached","ever got close enough to touch it. One such child was Emil, a curious boy with wild hair and an untamable spirit. Late one autumn evening, as the fog crept through the trees and the air brimmed with the scent of damp leaves, Emil found himself drawn to the stone’s shimmering light. His heart pounded as he reached"
"conv_41180468-5036-4f69-af66-b7465bcb7316","Some of these jobs take several days. During the night she has to hide from the giant ancient dogs that were created to","hunt fairies during the Breaking—massive hounds with eyes that glow red in the darkness, their breath hot enough to singe wings. They still roam the","Some of these jobs take several days. During the night she has to hide from the giant ancient dogs that were created to hunt fairies during the Breaking—massive hounds with eyes that glow red in the darkness, their breath hot enough to singe wings. They still roam the"
"conv_691b61ab394c819483ac4af28c7f29d00b3e16b70554a02a","a Garmin watch that turned evil and purposely only provided bad instructions to the user, eventually leading to a former fitness person completely abandoning all exercise.","hope of ever reaching their destination on time. The watch, known as ""Glitch,"" seemed normal at first. It had all the features one would expect: a sleek design","a Garmin watch that turned evil and purposely only provided bad instructions to the user, eventually leading to a former fitness person completely abandoning all exercise. hope of ever reaching their destination on time. The watch, known as ""Glitch,"" seemed normal at first. It had all the features one would expect: a sleek design"
"JFI8cNwhGfRT2Jd6JUd0","New passion of his? ""No,"" he thought, ""there's no way I'm going to be this invested in anything else. Knitting is my life!"" So Carl went to","read and pursue every possible relevant person to find a prostethic. Only to realize, I must be able to continue with one hand.","New passion of his? ""No,"" he thought, ""there's no way I'm going to be this invested in anything else. Knitting is my life!"" So Carl went to read and pursue every possible relevant person to find a prostethic. Only to realize, I must be able to continue with one hand."
"conv_bf42f3342170423a9a125531347bd54e","of long-lost travelers and animals that had never been seen by any living soul. In Alder Hollow, folks believed the line between their world and the wild places was thin—","thin enough that sometimes, when the moon hung low and golden, you could hear laughter echoing from between the pines, or catch strange footprints in the dew. Children swapped","of long-lost travelers and animals that had never been seen by any living soul. In Alder Hollow, folks believed the line between their world and the wild places was thin— thin enough that sometimes, when the moon hung low and golden, you could hear laughter echoing from between the pines, or catch strange footprints in the dew. Children swapped"
"conv_18be1999-da21-4ab6-8f9e-e52e6d9c8070","""When she comes of age, she will embark on a journey to still the raging oceans so we can once again fish and sail too.""","distant lands,"" the village elder declared, his voice echoing through the small, candle-lit chamber. ""Until then, she must prepare and learn the ways of our ancestors","""When she comes of age, she will embark on a journey to still the raging oceans so we can once again fish and sail too."" distant lands,"" the village elder declared, his voice echoing through the small, candle-lit chamber. ""Until then, she must prepare and learn the ways of our ancestors"
"conv_72037685-9437-4960-b9a0-5f77d2a71e41","Asked me if I have been good this year. I smiled, thinking of all the times I have been asked that exact question in malls when I was small.","child, but this time, the question felt different, more genuine, and I found myself reflecting on my actions over the past year, wondering if I had truly been good,","Asked me if I have been good this year. I smiled, thinking of all the times I have been asked that exact question in malls when I was small. child, but this time, the question felt different, more genuine, and I found myself reflecting on my actions over the past year, wondering if I had truly been good,"
"EVPkCWSrT9SwL38W9Zuk","hear any talk of nuns, or devils, or feelings. She was far too busy filling her garden with small piglets that would eat the","He had known that something was completely wrong with Clarence. The nun confirmed all of his worries, and he had tried to tell their mum, but she did not want to.","hear any talk of nuns, or devils, or feelings. She was far too busy filling her garden with small piglets that would eat the He had known that something was completely wrong with Clarence. The nun confirmed all of his worries, and he had tried to tell their mum, but she did not want to."
"JYZ6dAbVtTCZL8fZXM8s","It was cool and clear. The friends were delighted to clean together in the spring breeze. They were nearly finished when they noticed a strange object floating towards them.","them. It was brown and rounded and looked like an egg, the rabbit thought. ""Oh, it is a basket!"" The ladybug flew closer to it","It was cool and clear. The friends were delighted to clean together in the spring breeze. They were nearly finished when they noticed a strange object floating towards them. them. It was brown and rounded and looked like an egg, the rabbit thought. ""Oh, it is a basket!"" The ladybug flew closer to it"
"conv_8432160f013d46fca2bd5459bb50a870",". The commotion sent an old broom toppling, its bristles nudging Willow off her perch. For the first time in years, she slid toward the attic door,","her little hull quivering with both fear and excitement. The heartbeat thump of the rain seemed to urge her onward as she settled at the door’s crack, just as a",". The commotion sent an old broom toppling, its bristles nudging Willow off her perch. For the first time in years, she slid toward the attic door, her little hull quivering with both fear and excitement. The heartbeat thump of the rain seemed to urge her onward as she settled at the door’s crack, just as a"
"Pzb5I6nhg196AWLpukmz","offered her the tea. She refused to accept it and said, ""Don't you know what happens to people who accepts food from strangers?""He smiled. Both of them looked away with","He had doused it with rat poison to see what would happen. If she were human, she would puke. Were she not, she would die. He","offered her the tea. She refused to accept it and said, ""Don't you know what happens to people who accepts food from strangers?""He smiled. Both of them looked away with He had doused it with rat poison to see what would happen. If she were human, she would puke. Were she not, she would die. He"
"K6nustVFF5ei8GiBLmiZ","Driving into the woods, far off the usual road home. He lay quiet in the back seat for a long time. My palms started to","sweat a little. I was confident it would work. Cause i knew the cops dug up a body in the woods just a few days ago. A fresh grave, where no one would look. The body","Driving into the woods, far off the usual road home. He lay quiet in the back seat for a long time. My palms started to sweat a little. I was confident it would work. Cause i knew the cops dug up a body in the woods just a few days ago. A fresh grave, where no one would look. The body"
"OdyHy12i4PsBZkM4jjdC","make up for it all. He got back to his farm and started examining the original potato again to see what this was","He would be absolved of his sins if he could destroy the weapon of destruction. The original poisoned potato. To","make up for it all. He got back to his farm and started examining the original potato again to see what this was He would be absolved of his sins if he could destroy the weapon of destruction. The original poisoned potato. To"
"conv_4ff7dbd3a0434e629ed9cbc2a937680c","summer morning, dew clung to her ankles as she darted along the footpath, the sun barely risen above the silvered fields. When her toe found the key,","an old brass key and the restless girl who found it—Maren, whose wild curls and bare feet were well known among the tangled hedgerows of the village. That","summer morning, dew clung to her ankles as she darted along the footpath, the sun barely risen above the silvered fields. When her toe found the key, an old brass key and the restless girl who found it—Maren, whose wild curls and bare feet were well known among the tangled hedgerows of the village. That"
"conv_67ac97006f1d4d4ba320c77d5127773c","listening for the familiar groan of the mechanism, the whisper of the lamp's rotation. Her small cottage behind the lighthouse felt wrong in the darkness—too still, too","ept through the night. Even on her rare days off, when young Thomas from the village came to mind the light, she found herself awake at the turning hours,","listening for the familiar groan of the mechanism, the whisper of the lamp's rotation. Her small cottage behind the lighthouse felt wrong in the darkness—too still, too ept through the night. Even on her rare days off, when young Thomas from the village came to mind the light, she found herself awake at the turning hours,"
"conv_67ac97006f1d4d4ba320c77d5127773c","ara saw the impossible: a light answering hers from the water.

Not the expected reflection on the waves, but a deliberate pulse—three short, three long","quiet, like a held breath that might never release.

It was on one of those sleepless nights, three days past the autumn equinox, that M","ara saw the impossible: a light answering hers from the water.

Not the expected reflection on the waves, but a deliberate pulse—three short, three long quiet, like a held breath that might never release.

It was on one of those sleepless nights, three days past the autumn equinox, that M"
"conv_4d0024b5bf904e3ab65b9fca2f8dee1d","seemed to come alive in Emilia's mind, and she would often find herself wandering into the forest, searching for the hidden clearings and whispering streams that Elara","spoke of, the sunlight filtering through the trees in dappled patterns that seemed to hold the whispers of ancient spells. One day, as Emilia wandered deeper into the","seemed to come alive in Emilia's mind, and she would often find herself wandering into the forest, searching for the hidden clearings and whispering streams that Elara spoke of, the sunlight filtering through the trees in dappled patterns that seemed to hold the whispers of ancient spells. One day, as Emilia wandered deeper into the"
"BocRhyGX0eWpgbUSkjWF","Made civilization unmanageable. Most of the party islands in the south of Europe got totally covered in mushrooms, both people and the actual.","ground. they all became one with the environment. It was starting to look like the whole world would become infected. It could be the end of human civilization as","Made civilization unmanageable. Most of the party islands in the south of Europe got totally covered in mushrooms, both people and the actual. ground. they all became one with the environment. It was starting to look like the whole world would become infected. It could be the end of human civilization as"
"NSZE9lXnuxIl0ZT4gRoy","the they all sailed back to help the rest of the crew, and saved them from the robot world. The egg turned out to be from a giant golden chicken, and it helped them","Giant hen. It was golden, it was bright, and they decided to take it home with them, even if it was too heavy. They managed to take it into their ship, and","the they all sailed back to help the rest of the crew, and saved them from the robot world. The egg turned out to be from a giant golden chicken, and it helped them Giant hen. It was golden, it was bright, and they decided to take it home with them, even if it was too heavy. They managed to take it into their ship, and"
"noaceHjzkirRMoHnkT4V","A long time ago in a land far far away lived a small tortoise. It was not, however, a regular tortoise. This little fellow was a particularly stinky and foul-smelling creature named","Paul. Paul was lonely although she had a couple hundred siblings. One day, Paul decided to go and find some friends, somewhere else than the beach, which she knew","A long time ago in a land far far away lived a small tortoise. It was not, however, a regular tortoise. This little fellow was a particularly stinky and foul-smelling creature named Paul. Paul was lonely although she had a couple hundred siblings. One day, Paul decided to go and find some friends, somewhere else than the beach, which she knew"
"conv_6981ccf5d5f4819394bcd7bad4d79b14001ace58e9b20b81","""Walk to Giant Town. You've always been talking about that place."" The two of them decided that Clarence would go.","along with Benny's family on their trip. Clarence felt a thrilling mix of excitement and nervousness as he quietly packed his few belongings. The night before their journey, he lay","""Walk to Giant Town. You've always been talking about that place."" The two of them decided that Clarence would go. along with Benny's family on their trip. Clarence felt a thrilling mix of excitement and nervousness as he quietly packed his few belongings. The night before their journey, he lay"
"conv_b19d99668faf4d71bb1ffe532555ee59","lay ahead. With a deep breath, she shouldered her pack and continued on her path, her spirit undaunted and her heart set on uncovering the mysteries that awaited","quest. As dawn broke, the eyes vanished, leaving no trace behind, but the forest seemed to whisper a warning. Undeterred, Elena rose, ready to face whatever","lay ahead. With a deep breath, she shouldered her pack and continued on her path, her spirit undaunted and her heart set on uncovering the mysteries that awaited quest. As dawn broke, the eyes vanished, leaving no trace behind, but the forest seemed to whisper a warning. Undeterred, Elena rose, ready to face whatever"
"conv_3b52d22e952548f7bd6274fd5ca52c2b","boat listed dangerously to port, its hull already taking water through a breach the captain hadn't yet noticed. The vision lasted only seconds before the gull shrieked","The world tilted sideways, and suddenly she was soaring above the waves, tasting salt and fish on a tongue that wasn't hers. Below, a fishing","boat listed dangerously to port, its hull already taking water through a breach the captain hadn't yet noticed. The vision lasted only seconds before the gull shrieked The world tilted sideways, and suddenly she was soaring above the waves, tasting salt and fish on a tongue that wasn't hers. Below, a fishing"
"conv_2ce635fa-cb6c-424f-9565-859a944eed92","Is the intent of flight, for any one bird does not fly without purpose. While mainly a necessity for the bird, humans have long envied and awed the ability to.","","Is the intent of flight, for any one bird does not fly without purpose. While mainly a necessity for the bird, humans have long envied and awed the ability to. "
"conv_d061c2596f1440f3bb6c77e2e3dd1a97","a particular interest in Emilia's growth and development, recognizing the spark of curiosity and wonder that burned within her. Elara would often take Emilia on walks through the woods","as a bright and curious child, often gathering around her as she asked her questions and shared her discoveries. The village elder, a wise and kind woman named Elara, took","a particular interest in Emilia's growth and development, recognizing the spark of curiosity and wonder that burned within her. Elara would often take Emilia on walks through the woods as a bright and curious child, often gathering around her as she asked her questions and shared her discoveries. The village elder, a wise and kind woman named Elara, took"
"conv_691e9e26b7688197a86e51a9d9a7dfe1052dd4511749a606","As the duncle people swept through the night. The air was heavy and the mist thick. As she walked through the streets, her heart beat a","steady rhythm of both fear and curiosity. Isabelle, the town's librarian, had always been drawn to the mysteries of Willow Creek. With a lantern in hand, she ventured deeper","As the duncle people swept through the night. The air was heavy and the mist thick. As she walked through the streets, her heart beat a steady rhythm of both fear and curiosity. Isabelle, the town's librarian, had always been drawn to the mysteries of Willow Creek. With a lantern in hand, she ventured deeper"
"conv_100f2d97134940bd8cf1b6af65385fc1","ebrows rose slightly. ""What kind of information?""

""I can tell when people are lying,"" she said, and even to her own ears it sounded like the","absurd she would sound. ""I have information about... cases. Unsolved ones."" The words tumbled out before she could stop them, and the officer's ey","ebrows rose slightly. ""What kind of information?""

""I can tell when people are lying,"" she said, and even to her own ears it sounded like the absurd she would sound. ""I have information about... cases. Unsolved ones."" The words tumbled out before she could stop them, and the officer's ey"
"conv_72218cb5-e59c-4c93-a4b9-a057fe5dad80","saw a figure standing in the doorway ""E-EMMA"" his voice came out desperately as he stumbled towards","","saw a figure standing in the doorway ""E-EMMA"" his voice came out desperately as he stumbled towards "
"conv_691dc83ec728819085d614247e77833604d03bd64a490dfd","Eller looks at the frog, ""why did you do this, it was a great contract"" he says. Willy suddenly remembers.","s his old grandmother's warning: ""Never trust a man who bleeds gold, for he trades in stolen dreams."" The traveller clutches at the coins spilling from","Eller looks at the frog, ""why did you do this, it was a great contract"" he says. Willy suddenly remembers. s his old grandmother's warning: ""Never trust a man who bleeds gold, for he trades in stolen dreams."" The traveller clutches at the coins spilling from"
"conv_4ff7dbd3a0434e629ed9cbc2a937680c","that she remembered the ivy-engraved gate at the edge of the woods—a place she’d been warned not to wander near after dusk. Yet as twilight purpled the sky","she found herself distracted, the metal pressing against her as she helped her grandmother gather berries and listened for clues in the villagers’ gossip. It wasn’t until the sun dipped low","that she remembered the ivy-engraved gate at the edge of the woods—a place she’d been warned not to wander near after dusk. Yet as twilight purpled the sky she found herself distracted, the metal pressing against her as she helped her grandmother gather berries and listened for clues in the villagers’ gossip. It wasn’t until the sun dipped low"
"conv_7c23347e-6172-4c84-9fd0-45ef34290bd5","To find Claude, to make him talk again, the sewer rat must go to the facility, to the provider, and see if eating the provider...","# The Sewer Rat (Continued)

**Chapter Three: The Mission**

...would restore the connection. The sewer rat chittered, understanding its","To find Claude, to make him talk again, the sewer rat must go to the facility, to the provider, and see if eating the provider... # The Sewer Rat (Continued)

**Chapter Three: The Mission**

...would restore the connection. The sewer rat chittered, understanding its"
"conv_a047b0e3f92d41c09ef45e011a99a23f","He pressed the key to the tree’s gnarled trunk. Brilliant light spiraled outward, swirling up the bark and through the roots, awakening the slumbering forest.","The ancient tree shimmered with new life—fresh leaves unfurling, flowers blooming along its branches, and a gentle, golden glow warming the whole clearing. The guardians che","He pressed the key to the tree’s gnarled trunk. Brilliant light spiraled outward, swirling up the bark and through the roots, awakening the slumbering forest. The ancient tree shimmered with new life—fresh leaves unfurling, flowers blooming along its branches, and a gentle, golden glow warming the whole clearing. The guardians che"
"BocRhyGX0eWpgbUSkjWF","Dead and new species of both animals and mushrooms roamed the world. They all worked together to create a brighter future and they all became great.","at making space for other species. The world has never been as beautiful, and for a while they thought that they all found their happy","Dead and new species of both animals and mushrooms roamed the world. They all worked together to create a brighter future and they all became great. at making space for other species. The world has never been as beautiful, and for a while they thought that they all found their happy"
"EVPkCWSrT9SwL38W9Zuk","He did not understand why the people feared him. He coincidentally found out one day on the way to the marketplace. On his way there he saw the most marvelous thing that changed","Once upon a time there was a little grumpy man. He lived in the small town of Malopy. He was feared by the other people.","He did not understand why the people feared him. He coincidentally found out one day on the way to the marketplace. On his way there he saw the most marvelous thing that changed Once upon a time there was a little grumpy man. He lived in the small town of Malopy. He was feared by the other people."
"xmFgQW5bh6PcMW6uXdYJ","ask if he wanted to eat lunch together. There was a new hotdog stand near the stadium that she wanted to try out. And","Living room, where she found her mum lighting up a huge joint. ""Really, mom, again?"" she screamed, while grabbing her jacket to get the fuck out of there. She called Casper to","ask if he wanted to eat lunch together. There was a new hotdog stand near the stadium that she wanted to try out. And Living room, where she found her mum lighting up a huge joint. ""Really, mom, again?"" she screamed, while grabbing her jacket to get the fuck out of there. She called Casper to"
"conv_d6190dffe464453db28dc7d77f15b04c","leaving Mira breathless and alone with the scale glowing softly in her palm. She glanced out to the dusky water, a sense of longing filling her chest. The sea","instant, she glimpsed the silhouette of a woman below the waves, long hair swirling like seaweed, eyes shining with an otherworldly light. Then the vision faded,","leaving Mira breathless and alone with the scale glowing softly in her palm. She glanced out to the dusky water, a sense of longing filling her chest. The sea instant, she glimpsed the silhouette of a woman below the waves, long hair swirling like seaweed, eyes shining with an otherworldly light. Then the vision faded,"
"conv_6917421066d8819592863132f4a141a00078d2d8d630f704","The base of the wheel, he feels the wheel getting warmer in his palms. The entire vessel suddenly begins shaking violently. In front of him the wall turns into glass.",", revealing a panoramic view of the starry sky above the mountains. The vessel hums to life, lights flickering on in succession, casting a golden glow across the ancient","The base of the wheel, he feels the wheel getting warmer in his palms. The entire vessel suddenly begins shaking violently. In front of him the wall turns into glass. , revealing a panoramic view of the starry sky above the mountains. The vessel hums to life, lights flickering on in succession, casting a golden glow across the ancient"
"conv_6981ccf5d5f4819394bcd7bad4d79b14001ace58e9b20b81","Right away, he knew that he had made the right decision coming here. He walked around looking at all the rides where there was no maximum height, only a minimum.","For the first time, Clarence felt truly at ease. He joined a group of tall carrots playing games that celebrated their impressive heights. As the sun dipped below the horizon, he","Right away, he knew that he had made the right decision coming here. He walked around looking at all the rides where there was no maximum height, only a minimum. For the first time, Clarence felt truly at ease. He joined a group of tall carrots playing games that celebrated their impressive heights. As the sun dipped below the horizon, he"
"conv_3c5b888e-d991-4bce-adad-5584923b75b5","tiny neck. He bent forward and blew at the flame like the wolf did at the three pigs' houses. Tormund liked pigs. The flame went out and the room turned","pitch black. For a moment, there was only silence and darkness. Then, slowly, a new light began to grow—not from any candle, but from the","tiny neck. He bent forward and blew at the flame like the wolf did at the three pigs' houses. Tormund liked pigs. The flame went out and the room turned pitch black. For a moment, there was only silence and darkness. Then, slowly, a new light began to grow—not from any candle, but from the"
"fcEeCffFk5SmTIeQXKQN","was called Marc. They wanted to go to Africa because they wanted to go on a jeep safari. Their big dream was to see an elephant","Two little birds who decided to travel to Africa, not for the winter but for the summer. One of the little birds was called John and the other","was called Marc. They wanted to go to Africa because they wanted to go on a jeep safari. Their big dream was to see an elephant Two little birds who decided to travel to Africa, not for the winter but for the summer. One of the little birds was called John and the other"
"conv_99f1697b74654701a74408438747a07e","as the station quieted and shadows grew long, a soft shuffling broke the silence. A small boy with curious eyes and threadbare shoes wandered near. He paused, pe","to notice Willow, nestled behind a crooked bench near platform nine. Still, she watched the world rush past through her weathered locks, longing for another adventure. Late one evening","as the station quieted and shadows grew long, a soft shuffling broke the silence. A small boy with curious eyes and threadbare shoes wandered near. He paused, pe to notice Willow, nestled behind a crooked bench near platform nine. Still, she watched the world rush past through her weathered locks, longing for another adventure. Late one evening"
"conv_90178cb2-77d1-4123-9509-2ec42e4db932","A response: I saw a cozy living room with a sofa and a nice dining table.","and on the table, a delicious-looking meal was set out, with a steaming hot stew, freshly baked bread, and a pitcher of juice, and it seemed as though the occupant of the cottage had just stepped away, leaving everything ready for a warm and comforting dinner, and I felt a sudden pang of hunger and a sense of wonder at","A response: I saw a cozy living room with a sofa and a nice dining table. and on the table, a delicious-looking meal was set out, with a steaming hot stew, freshly baked bread, and a pitcher of juice, and it seemed as though the occupant of the cottage had just stepped away, leaving everything ready for a warm and comforting dinner, and I felt a sudden pang of hunger and a sense of wonder at"
"conv_c7f16c31-e264-4ad6-8a72-7c626fa0cac0","Up to the brunette. The girl smiled softly and said ""hi."" Stammering, Lucy returned the greeting. ""I'm Lea,"" the girl told her. ""Lea,"" Lucy repeated. She wanted to keep saying the","name, as if the sound of it was music to her ears, and Lea's smile grew wider, her eyes crinkling at the corners, and she asked,","Up to the brunette. The girl smiled softly and said ""hi."" Stammering, Lucy returned the greeting. ""I'm Lea,"" the girl told her. ""Lea,"" Lucy repeated. She wanted to keep saying the name, as if the sound of it was music to her ears, and Lea's smile grew wider, her eyes crinkling at the corners, and she asked,"
"K6nustVFF5ei8GiBLmiZ","relationship. It didn't matter. The calendar hanging on my wall had a specific day circled in red ink. February 26th.","He'd asked about the red circle, and i had told him i had something special planned. Some of you may consider that a lie, but come on. What could be","relationship. It didn't matter. The calendar hanging on my wall had a specific day circled in red ink. February 26th. He'd asked about the red circle, and i had told him i had something special planned. Some of you may consider that a lie, but come on. What could be"
"conv_412eb7ca-cafa-4e38-8b2d-0a40272af090","Five newcomers had joined the troupe since the last performance, and all of the audience were excited to get to know them.","the fresh acts. There was Elena, a contortionist from Romania who could fold herself into a box no bigger than a hatbox. Then came the Tanaka brothers","Five newcomers had joined the troupe since the last performance, and all of the audience were excited to get to know them. the fresh acts. There was Elena, a contortionist from Romania who could fold herself into a box no bigger than a hatbox. Then came the Tanaka brothers"
"conv_8fd2ac26-a13c-4e85-b8ac-5f13e246b640","Had done something epic. Suddenly, the paintings on each tree began connecting to each other like the wind was finishing her.","work. The images flowed seamlessly from one tree to the next, creating a breathtaking mural that told the story of the forest and its inhabitants. As night fell, the little woman","Had done something epic. Suddenly, the paintings on each tree began connecting to each other like the wind was finishing her. work. The images flowed seamlessly from one tree to the next, creating a breathtaking mural that told the story of the forest and its inhabitants. As night fell, the little woman"
"WYnhagFwtR0bJ9vucGsm","New bowls, as her cat broke the last two she had left in the house. She could have asked a neighbor for a spare.","one, but she was not very liked between the neighbours, since she was considered to be a brat that ruined the neighbourhood, never left the house and was rude to","New bowls, as her cat broke the last two she had left in the house. She could have asked a neighbor for a spare. one, but she was not very liked between the neighbours, since she was considered to be a brat that ruined the neighbourhood, never left the house and was rude to"
"conv_72037685-9437-4960-b9a0-5f77d2a71e41","And then I was sitting in his cane. Unbelievable. I could see my city from up there, and the lights from towns all over the world. It was","breathtakingly beautiful, a kaleidoscope of colors and lights that seemed to stretch on forever, and as we soared higher, the sound of sleigh bells and Santa","And then I was sitting in his cane. Unbelievable. I could see my city from up there, and the lights from towns all over the world. It was breathtakingly beautiful, a kaleidoscope of colors and lights that seemed to stretch on forever, and as we soared higher, the sound of sleigh bells and Santa"
"conv_48a63036afde46b78f210ee3dbf2df89","of ages past. The villagers believed that the oak was the guardian of their land, protecting them from the unknown dangers that lurked in the dark woods beyond. Every year,","on the night of the summer solstice, the villagers would gather around the oak to celebrate the Festival of Light. They would light lanterns, sing songs, and share stories","of ages past. The villagers believed that the oak was the guardian of their land, protecting them from the unknown dangers that lurked in the dark woods beyond. Every year, on the night of the summer solstice, the villagers would gather around the oak to celebrate the Festival of Light. They would light lanterns, sing songs, and share stories"
"conv_412eb7ca-cafa-4e38-8b2d-0a40272af090","Mia the magnificent magician born and raised in a circustruck in Amsterdam. The circus travels all over the world and Mia has therefore got to know a","","Mia the magnificent magician born and raised in a circustruck in Amsterdam. The circus travels all over the world and Mia has therefore got to know a "
"conv_f7e01785de8f410a8934c906998a9e68","ancient stone circle, her footsteps muffled by the soft carpet of fallen leaves. The glow from the stones grew stronger, casting an ethereal light that seemed to dance around","The forest was alive with the sounds of nocturnal creatures, and the air was thick with the scent of pine and damp earth. Elara’s heart raced as she approached the","ancient stone circle, her footsteps muffled by the soft carpet of fallen leaves. The glow from the stones grew stronger, casting an ethereal light that seemed to dance around The forest was alive with the sounds of nocturnal creatures, and the air was thick with the scent of pine and damp earth. Elara’s heart raced as she approached the"
"qVjn3NBZDrc5qwoYuKfa","and open-minded. When the clock hit 3 am. All special brothels opened. Our shark, whose name is Vojtech, worked in one","He had to reserve his inner self for the weekends when the city became more alive.","and open-minded. When the clock hit 3 am. All special brothels opened. Our shark, whose name is Vojtech, worked in one He had to reserve his inner self for the weekends when the city became more alive."
"conv_62a271e6-a272-4e74-9d10-2dc0c15c530f","Movement of the blond curls in the lit-up candles on the window shelf. She remembered the eyes of her mother at the other end of the room,","widening in slow motion, the cocktail glass slipping from her fingers. The crystal shattered against the hardwood floor, gin and ice scattering like broken stars","Movement of the blond curls in the lit-up candles on the window shelf. She remembered the eyes of her mother at the other end of the room, widening in slow motion, the cocktail glass slipping from her fingers. The crystal shattered against the hardwood floor, gin and ice scattering like broken stars"
"conv_ef19d8d709f847e0b5751d5f9905e721","and hair as black as the night sky, which cascaded down her back like a waterfall of darkness, and her eyes, like two glittering stars, shone with a","deep, otherworldly wisdom, as if they held the secrets of the forest and the mysteries of the universe, and Aria felt herself drawn into their depths, like a","and hair as black as the night sky, which cascaded down her back like a waterfall of darkness, and her eyes, like two glittering stars, shone with a deep, otherworldly wisdom, as if they held the secrets of the forest and the mysteries of the universe, and Aria felt herself drawn into their depths, like a"
"conv_6917421066d8819592863132f4a141a00078d2d8d630f704","Old prehistoric vessel perfectly preserved due to the cold environment, with adrenaline pushing through his veins he quickly enters the","vessel, marveling at the intricate carvings and ancient design. Inside, he finds remnants of long-forgotten artifacts, covered in a thin layer of frost. The","Old prehistoric vessel perfectly preserved due to the cold environment, with adrenaline pushing through his veins he quickly enters the vessel, marveling at the intricate carvings and ancient design. Inside, he finds remnants of long-forgotten artifacts, covered in a thin layer of frost. The"
"conv_f7e01785de8f410a8934c906998a9e68","again. With each step, the air grew cooler, and the melody of the forest grew louder, guiding her through the enchanted woods. Elara felt a sense of purpose she","took a deep breath and stepped forward, her heart filled with a mix of excitement and trepidation. She knew that whatever lay ahead, her life would never be the same","again. With each step, the air grew cooler, and the melody of the forest grew louder, guiding her through the enchanted woods. Elara felt a sense of purpose she took a deep breath and stepped forward, her heart filled with a mix of excitement and trepidation. She knew that whatever lay ahead, her life would never be the same"
"conv_12cd73100c564e7dbae7cf2d066d5cae","to remember a truth that lay deep within her own soul, a truth that spoke of unity and belonging, of being a part of something greater than herself, a truth that filled","her with a sense of oneness and completeness, as the boundaries between herself and the world around her began to dissolve, and she felt herself merging with the tree, the bro","to remember a truth that lay deep within her own soul, a truth that spoke of unity and belonging, of being a part of something greater than herself, a truth that filled her with a sense of oneness and completeness, as the boundaries between herself and the world around her began to dissolve, and she felt herself merging with the tree, the bro"
"conv_cadd7be580c64bfe91703c87b9bf6855","the occasional chirp of a bird. The forest grew denser, and the sunlight filtered through the canopy in dappled patterns, casting a mystical glow around her. Eleanor","narrow and overgrown, but Eleanor’s heart was light with anticipation. As she ventured deeper, the sounds of the village faded, replaced by the rustling of leaves and","the occasional chirp of a bird. The forest grew denser, and the sunlight filtered through the canopy in dappled patterns, casting a mystical glow around her. Eleanor narrow and overgrown, but Eleanor’s heart was light with anticipation. As she ventured deeper, the sounds of the village faded, replaced by the rustling of leaves and"
"r47jfYG4ULZMEexvVeqs","would she let a man walk over her like that. So when it became time for the audition, she was keeping the colleague in check.","She made the mistake of letting her husband take massage lessons once. When he came home, he had bruised her beautiful body all over with his rough massage. Never again.","would she let a man walk over her like that. So when it became time for the audition, she was keeping the colleague in check. She made the mistake of letting her husband take massage lessons once. When he came home, he had bruised her beautiful body all over with his rough massage. Never again."
"conv_58f0ce7b11cd427b8efb54a933443aea","sound of laughter and music filling the air as the villagers set up for the evening's festivities, the smell of roasting meats and freshly baked bread wafting from the cooking","harvest festival, a time-honored tradition that brought the community together in celebration of the season's bounty, with stalls laden with freshly picked fruits and vegetables, and the","sound of laughter and music filling the air as the villagers set up for the evening's festivities, the smell of roasting meats and freshly baked bread wafting from the cooking harvest festival, a time-honored tradition that brought the community together in celebration of the season's bounty, with stalls laden with freshly picked fruits and vegetables, and the"
"conv_a7acc18d772f40a5ac655e460ce84ff2","of flowers she had never encountered before. Eliara realized that her journey had only just begun, and the mysteries of this new world were calling to her, inviting her to explore","and discover its secrets. With a sense of purpose, she set off into the unknown, her heart light and her spirit adventurous, ready to uncover the magic that lay ahead.","of flowers she had never encountered before. Eliara realized that her journey had only just begun, and the mysteries of this new world were calling to her, inviting her to explore and discover its secrets. With a sense of purpose, she set off into the unknown, her heart light and her spirit adventurous, ready to uncover the magic that lay ahead."
"conv_bf42f3342170423a9a125531347bd54e","cloaked by mist, moving with purposeful slowness. Mr. Carter’s heart thudded in his chest. The figure paused at the circle of lamplight","and lowered their hood, revealing a face familiar yet impossibly changed—the face of his own wife, lost to the woods years before. She smiled faintly, her eyes reflecting","cloaked by mist, moving with purposeful slowness. Mr. Carter’s heart thudded in his chest. The figure paused at the circle of lamplight and lowered their hood, revealing a face familiar yet impossibly changed—the face of his own wife, lost to the woods years before. She smiled faintly, her eyes reflecting"
"conv_72218cb5-e59c-4c93-a4b9-a057fe5dad80","Pile of rotting bodies, I immediately ran in to search for Emma; the only thing I could think about in that moment was","finding her, making sure she was safe, and getting her out of that nightmarish place. He stumbled through the carnage, his hands shaking as he pushed aside the","Pile of rotting bodies, I immediately ran in to search for Emma; the only thing I could think about in that moment was finding her, making sure she was safe, and getting her out of that nightmarish place. He stumbled through the carnage, his hands shaking as he pushed aside the"
"conv_a2292393-fd39-476f-975c-aaf411653197","There once was a thatched cottage in a small village in the south of England. In this cottage lived a young","girl named Emily, who spent most of her days exploring the rolling hills and green pastures that surrounded the village. She was a curious and adventurous child, with a wild mane","There once was a thatched cottage in a small village in the south of England. In this cottage lived a young girl named Emily, who spent most of her days exploring the rolling hills and green pastures that surrounded the village. She was a curious and adventurous child, with a wild mane"
"conv_be4cbde009954f858d463f4a693fc379","moss-covered ground. She had a special bond with the forest, feeling its heartbeat in the rustling leaves and the gentle swaying of the branches. One day, while","exploring a part of the forest she had never seen before, Elara stumbled upon a hidden glade. The air here was thick with an otherworldly mist, and","moss-covered ground. She had a special bond with the forest, feeling its heartbeat in the rustling leaves and the gentle swaying of the branches. One day, while exploring a part of the forest she had never seen before, Elara stumbled upon a hidden glade. The air here was thick with an otherworldly mist, and"
"conv_72037685-9437-4960-b9a0-5f77d2a71e41","I was on my way to buying presents, when I won a trip to Santa Claus. I was too old to believe he actually exists, but with this trip I","received a strange letter with a ticket and instructions to meet a man in a red suit at the airport, claiming to be a personal invitation from the big man himself, which only","I was on my way to buying presents, when I won a trip to Santa Claus. I was too old to believe he actually exists, but with this trip I received a strange letter with a ticket and instructions to meet a man in a red suit at the airport, claiming to be a personal invitation from the big man himself, which only"
"cUrf0q4FWuzVfOPnH1a7","new sizzling form. The Beast King stood and his new bones cracked into place. He let out a terrible ""SQUAWK!"", and lunged at the Phoenix in the center of the court. But as they touched,","cloth, blocking the only source of light in the royal bedroom. Only to reveal the foul beast they all once heard of. ""The Pigeon,"" the Jester whispered as a drop of sweat painted his","new sizzling form. The Beast King stood and his new bones cracked into place. He let out a terrible ""SQUAWK!"", and lunged at the Phoenix in the center of the court. But as they touched, cloth, blocking the only source of light in the royal bedroom. Only to reveal the foul beast they all once heard of. ""The Pigeon,"" the Jester whispered as a drop of sweat painted his"
"conv_23ed55f8-cc91-439f-8c8e-e24f66457596","That the happy community of Wonderland is as free of sorrow as possible. She always wanted to make her friends happy, and now she actually felt that she","could. With the second wish, Lila wished for a garden where every fairy could find their favorite flowers and plants, a place of beauty and tranquility. For her final","That the happy community of Wonderland is as free of sorrow as possible. She always wanted to make her friends happy, and now she actually felt that she could. With the second wish, Lila wished for a garden where every fairy could find their favorite flowers and plants, a place of beauty and tranquility. For her final"
"conv_69b581c4f16c81978ea543ce298c8c600546e04309837be3","Came to a stop, she saw two little ants sitting on a float in a river. Nutty called out to them, trying to gain their attention, but their float was too far away for them to","hear her. Determined, Nutty carefully made her way to the riverbank. She found a fallen branch and used it to paddle herself closer. Once she reached the float","Came to a stop, she saw two little ants sitting on a float in a river. Nutty called out to them, trying to gain their attention, but their float was too far away for them to hear her. Determined, Nutty carefully made her way to the riverbank. She found a fallen branch and used it to paddle herself closer. Once she reached the float"
"conv_58f0ce7b11cd427b8efb54a933443aea","forest was being awakened, a power that had slumbered for centuries, waiting for the call of the flute and the spark of the torches to stir it from its sl","energy that stirred the depths of the forest, and the trees seemed to lean in, their branches swaying to the melody, as if the ancient magic that dwelled within the","forest was being awakened, a power that had slumbered for centuries, waiting for the call of the flute and the spark of the torches to stir it from its sl energy that stirred the depths of the forest, and the trees seemed to lean in, their branches swaying to the melody, as if the ancient magic that dwelled within the"
"conv_412eb7ca-cafa-4e38-8b2d-0a40272af090","A lot of different kinds of people. Some more friendly than others. She has also learned a lot of the cultures and traditions of the different kinds of people.","The canvas walls of her family's caravan still smelled faintly of greasepaint and sawdust, even after all these years. Mia ha","A lot of different kinds of people. Some more friendly than others. She has also learned a lot of the cultures and traditions of the different kinds of people. The canvas walls of her family's caravan still smelled faintly of greasepaint and sawdust, even after all these years. Mia ha"
"conv_4d3d8b6a64a84dbfa240630fbb5109c2","by the tales of ancient magic and forgotten secrets it held. One evening, as the sun dipped below the horizon, casting long shadows across the village, Ella decided she couldn’t","wait any longer. With a deep breath, she stepped into the forest, her heart pounding with a mix of excitement and trepidation. The air grew cooler, and the","by the tales of ancient magic and forgotten secrets it held. One evening, as the sun dipped below the horizon, casting long shadows across the village, Ella decided she couldn’t wait any longer. With a deep breath, she stepped into the forest, her heart pounding with a mix of excitement and trepidation. The air grew cooler, and the"
"conv_33502e38-922d-4e7d-a252-ab236947c3d2","Running her hands over the thin layers of old paint—kept in good condition due to the thick dust. He knew that she would question him—how did he find this?","treasure, why he had kept it hidden for so long, and what it meant to him. The questions swirled in his mind like a storm, and he could","Running her hands over the thin layers of old paint—kept in good condition due to the thick dust. He knew that she would question him—how did he find this? treasure, why he had kept it hidden for so long, and what it meant to him. The questions swirled in his mind like a storm, and he could"
"conv_26e2b109c7d34348a469ede32b8d089d","until she spotted the source: a ragged little sparrow, its leg tangled in a length of shimmering silver wire—a fragment from one of the tower’s ancient chimes.","ck outside her window—different from the orderly rhythm she so loved. Curious, Elsie set down her tools and peered out, her keen eyes scanning the dew-covered garden","until she spotted the source: a ragged little sparrow, its leg tangled in a length of shimmering silver wire—a fragment from one of the tower’s ancient chimes. ck outside her window—different from the orderly rhythm she so loved. Curious, Elsie set down her tools and peered out, her keen eyes scanning the dew-covered garden"
"conv_c69a0c5657f347da9115c1f7da6d3116","to a place she had seen only in dreams: a mossy stone archway woven with ivy and hidden amongst tangled roots. As Elsie approached, the key in her hand","grew warmer still, thrumming like a heartbeat. The archway’s ancient iron gate was tightly locked, yet as Elsie drew closer, she felt an irresistible urge to","to a place she had seen only in dreams: a mossy stone archway woven with ivy and hidden amongst tangled roots. As Elsie approached, the key in her hand grew warmer still, thrumming like a heartbeat. The archway’s ancient iron gate was tightly locked, yet as Elsie drew closer, she felt an irresistible urge to"
"ULRAMZF7ra0i53A9w3Gv","right up to him, but smelled even worse than Mary after her 99 birthday. That stink was definitely too much was his","wishes. One day at the center a big family came searching for a dog. Pluto had his hopes high when they walked past him. But he got disappointed when they walked right","right up to him, but smelled even worse than Mary after her 99 birthday. That stink was definitely too much was his wishes. One day at the center a big family came searching for a dog. Pluto had his hopes high when they walked past him. But he got disappointed when they walked right"
"conv_5b956e03-a900-47aa-88a9-54cb6be40071","... Gosh, just thinking about his last pitch in the Town of Philly! He convinced butcher Jimmy to sell a string of sausages for a penny. Fortunately, Silly Billy was so extremely silly.","that he accidentally stumbled into the butcher shop, knocking over a display of freshly baked buns, causing a massive bread-ball to roll out into the street, distracting everyone, including","... Gosh, just thinking about his last pitch in the Town of Philly! He convinced butcher Jimmy to sell a string of sausages for a penny. Fortunately, Silly Billy was so extremely silly. that he accidentally stumbled into the butcher shop, knocking over a display of freshly baked buns, causing a massive bread-ball to roll out into the street, distracting everyone, including"
"conv_691dc83ec728819085d614247e77833604d03bd64a490dfd","Willy is amazed; damn, that smell is hella nice. The traveler finds a document; he wants Willy to sign it. Willy almost does.","but something makes him pause. The paper is covered in tiny, cramped writing that seems to squirm in the lantern light. The traveller's smile stretches","Willy is amazed; damn, that smell is hella nice. The traveler finds a document; he wants Willy to sign it. Willy almost does. but something makes him pause. The paper is covered in tiny, cramped writing that seems to squirm in the lantern light. The traveller's smile stretches"
"conv_10acd64665e647b2b546c115db60481d","to follow in her great-grandfather’s footsteps. She packed a small bag with essentials, the journal clutched tightly in her hand, and set out at dawn. The","first light of the sun cast a golden glow over the sleepy town, and Ella felt a surge of determination. She made her way to the old harbor, where a weathered","to follow in her great-grandfather’s footsteps. She packed a small bag with essentials, the journal clutched tightly in her hand, and set out at dawn. The first light of the sun cast a golden glow over the sleepy town, and Ella felt a surge of determination. She made her way to the old harbor, where a weathered"
"conv_3b65e0a1-1bf7-4f16-825f-63867d60f8d3","And at last Claire felt the light, she thought ""this must be what friendship is like"", and she felt the glow ignite a part of herself deep inside. Had she had eyes like us she would","have wept. But instead, her song changed—became fuller, richer, no longer the solitary call that had echoed unanswered through ocean depths for","And at last Claire felt the light, she thought ""this must be what friendship is like"", and she felt the glow ignite a part of herself deep inside. Had she had eyes like us she would have wept. But instead, her song changed—became fuller, richer, no longer the solitary call that had echoed unanswered through ocean depths for"
"conv_100f2d97134940bd8cf1b6af65385fc1","lot."" The words felt hollow even as she spoke them, and she wondered briefly if Derek could taste her own lie in return.

That evening, Margot sat alone","owed hard and forced a smile, watching Derek's face as the taste slowly faded. 

""Thanks,"" she managed, her voice thin. ""That means a","lot."" The words felt hollow even as she spoke them, and she wondered briefly if Derek could taste her own lie in return.

That evening, Margot sat alone owed hard and forced a smile, watching Derek's face as the taste slowly faded. 

""Thanks,"" she managed, her voice thin. ""That means a"
"conv_69b581c4f16c81978ea543ce298c8c600546e04309837be3","dress to compliment her hair instead. Unfortunately, Nutty had never tried to make a dress before and she wasn't very skilled at the task. Despite her best efforts, it just didn't look","quite right. The seams were uneven, and the colors clashed. However, Aurelia appreciated the effort and laughed, pointing out that the dress could become a new trend—a","dress to compliment her hair instead. Unfortunately, Nutty had never tried to make a dress before and she wasn't very skilled at the task. Despite her best efforts, it just didn't look quite right. The seams were uneven, and the colors clashed. However, Aurelia appreciated the effort and laughed, pointing out that the dress could become a new trend—a"
"conv_3b52d22e952548f7bd6274fd5ca52c2b","Mara discovered her gift on a Tuesday morning when a gull landed on her windowsill and fixed her with its yellow eye.

The world tilted sideways","a lighthouse keeper who could see the future, but only through the eyes of seabirds.

Mara discovered her gift on a Tuesday","Mara discovered her gift on a Tuesday morning when a gull landed on her windowsill and fixed her with its yellow eye.

The world tilted sideways a lighthouse keeper who could see the future, but only through the eyes of seabirds.

Mara discovered her gift on a Tuesday"
"9MYVXy4Nms9gfR1DI7NA","RATMA - the infamous rat God. Aka God of Rats. Aka King of Gods and Rats. He wasn't green, Cat is just confused. HE","was actually colourblind, and confused brown and green somehow. RATMA looked down at the little kitty cat Cat with a stern and alll powerful look. he said ""what the fuck are you","RATMA - the infamous rat God. Aka God of Rats. Aka King of Gods and Rats. He wasn't green, Cat is just confused. HE was actually colourblind, and confused brown and green somehow. RATMA looked down at the little kitty cat Cat with a stern and alll powerful look. he said ""what the fuck are you"
"conv_006cb479-ccd3-40d1-83fb-4b614573f636","who claimed they loved her. This made her hard to reach but also very lonely. She was lonely like this for many years but finally she decided","to take a chance and start attending social events again, hoping to meet someone who could help her heal and learn to trust once more. It was at one of these events,","who claimed they loved her. This made her hard to reach but also very lonely. She was lonely like this for many years but finally she decided to take a chance and start attending social events again, hoping to meet someone who could help her heal and learn to trust once more. It was at one of these events,"
"conv_fc1c9be7eb954cc6bb94f531369fe476",". ""You feeling all right, Margaret?"" he asked one Thursday, wiping spray from his face. She looked through him, or past him, to where the lighthouse threw",", and Margaret had always met him at the dock with tea and questions about his mother. Now she stood rigid as a post, accepting the crates with barely a nod",". ""You feeling all right, Margaret?"" he asked one Thursday, wiping spray from his face. She looked through him, or past him, to where the lighthouse threw , and Margaret had always met him at the dock with tea and questions about his mother. Now she stood rigid as a post, accepting the crates with barely a nod"
"P1SZ3AZnoi1oqt5EbYh5","A new era was born. New regimes began to rise supporting Peppa Pig and his actions. Other factions feared for their","safety and sanity. Pink everywhere, pork nowhere. This was the mantra of the world. Papa pig AI was later introduced","A new era was born. New regimes began to rise supporting Peppa Pig and his actions. Other factions feared for their safety and sanity. Pink everywhere, pork nowhere. This was the mantra of the world. Papa pig AI was later introduced"
"conv_10acd64665e647b2b546c115db60481d","stormy evening, as the rain lashed against the windows of her small cottage, Ella stumbled upon an old, leather-bound journal hidden beneath the floorboards. The pages were","yellowed with age, but the ink was still legible. As she flipped through the pages, she discovered they were filled with detailed maps, cryptic notes, and accounts","stormy evening, as the rain lashed against the windows of her small cottage, Ella stumbled upon an old, leather-bound journal hidden beneath the floorboards. The pages were yellowed with age, but the ink was still legible. As she flipped through the pages, she discovered they were filled with detailed maps, cryptic notes, and accounts"
"conv_d061c2596f1440f3bb6c77e2e3dd1a97","mind full of questions, always seeking to learn more about the world around her. The villagers of Brindlemark were a tight-knit community, and they knew Emilia","clearings and secret waterfalls, and chasing after the butterflies that danced in the warm sunlight. She was a curious and adventurous child, with a heart full of wonder and a","mind full of questions, always seeking to learn more about the world around her. The villagers of Brindlemark were a tight-knit community, and they knew Emilia clearings and secret waterfalls, and chasing after the butterflies that danced in the warm sunlight. She was a curious and adventurous child, with a heart full of wonder and a"
"conv_691b8b725ae48193abaaaa9270b26d500f7b1fcbf105c42b","A whisper: ""Your good actions are sullied by your selfish reasons to do them. You wouldn't have shared the coin with the beggar had it not been for","your desire to prove something to yourself,"" the voice echoed through the trees. Startled, Dan stopped in his tracks, searching for the source. The traveler materialized from the","A whisper: ""Your good actions are sullied by your selfish reasons to do them. You wouldn't have shared the coin with the beggar had it not been for your desire to prove something to yourself,"" the voice echoed through the trees. Startled, Dan stopped in his tracks, searching for the source. The traveler materialized from the"
"conv_73564d95-9f66-42db-a2c0-fed78090bac2","Julia. She is a smart girl, who is top of her university class. What people don't know about her is that","she leads a secret life as a skilled hacker, using her exceptional coding skills to uncover hidden truths and bring justice to those who have been wronged. By day, she attends","Julia. She is a smart girl, who is top of her university class. What people don't know about her is that she leads a secret life as a skilled hacker, using her exceptional coding skills to uncover hidden truths and bring justice to those who have been wronged. By day, she attends"
"conv_8fd2ac26-a13c-4e85-b8ac-5f13e246b640","Inspiring. Her cooking is even more. She knows exactly where to find the best fruits and vegetables in the forest and how to use them.","them to create dishes that are not only delicious but also nourishing. People from nearby villages often come to her small cottage, seeking her culinary wisdom and the healing properties of her","Inspiring. Her cooking is even more. She knows exactly where to find the best fruits and vegetables in the forest and how to use them. them to create dishes that are not only delicious but also nourishing. People from nearby villages often come to her small cottage, seeking her culinary wisdom and the healing properties of her"
"conv_73564d95-9f66-42db-a2c0-fed78090bac2","If anyone was to link all the evidence back to her, she would risk exposing herself. Say she overlooked one of the participants in this.","meeting, a trusted ally of the Minister, who had been secretly working with a rogue agent within the US national security, someone who had been feeding them information about Julia's activities","If anyone was to link all the evidence back to her, she would risk exposing herself. Say she overlooked one of the participants in this. meeting, a trusted ally of the Minister, who had been secretly working with a rogue agent within the US national security, someone who had been feeding them information about Julia's activities"
"conv_8432160f013d46fca2bd5459bb50a870","a small wooden toy boat named Willow, who lived on a dusty shelf in the corner of a forgotten attic. Willow’s days were spent dreaming of adventure as the sunlight peeked","through the grimy attic window, casting golden rays across her faded blue paint. Sometimes, a curious breeze would make the dust swirl in magical patterns, and Willow would imagine it","a small wooden toy boat named Willow, who lived on a dusty shelf in the corner of a forgotten attic. Willow’s days were spent dreaming of adventure as the sunlight peeked through the grimy attic window, casting golden rays across her faded blue paint. Sometimes, a curious breeze would make the dust swirl in magical patterns, and Willow would imagine it"
"h9mEvTqoZyrUb6cj1fxu","""Take me back. You're the one, the only girl I've ever loved."" I stuttered... ""Sorry I called you stinky, I was frustrated... You know I love you, but it's complicated.""","""I'll cut my ponytail for you- I'll change for you, I'll be better for you and I'll stop wearing the red and blue shirts I always wear at the friday bars, I promise"" He shouted yearning","""Take me back. You're the one, the only girl I've ever loved."" I stuttered... ""Sorry I called you stinky, I was frustrated... You know I love you, but it's complicated."" ""I'll cut my ponytail for you- I'll change for you, I'll be better for you and I'll stop wearing the red and blue shirts I always wear at the friday bars, I promise"" He shouted yearning"
"conv_d169dcc3b43f4aaaa66c06ed6d4e5484","mantle, and she felt herself becoming one with the forest, her feet bare and her hair loose, her spirit merging with the ancient, mystical energy that pulsed through the","yet somehow understanding, as if the voice was speaking directly to her soul, the words weaving a spell of wonder and enchantment that wrapped around her like a soft, shimmering","mantle, and she felt herself becoming one with the forest, her feet bare and her hair loose, her spirit merging with the ancient, mystical energy that pulsed through the yet somehow understanding, as if the voice was speaking directly to her soul, the words weaving a spell of wonder and enchantment that wrapped around her like a soft, shimmering"
"conv_26e2b109c7d34348a469ede32b8d089d","touch, and now this magical feather, Elsie set about not just repairing timepieces, but listening to the stories and sorrows of those who brought them. Soon, laughter","what’s truly broken, look beyond what you see and measure in heartbeats, not seconds.” Elsie smiled, understanding dawning. With her faithful ticking clocks, her gentle","touch, and now this magical feather, Elsie set about not just repairing timepieces, but listening to the stories and sorrows of those who brought them. Soon, laughter what’s truly broken, look beyond what you see and measure in heartbeats, not seconds.” Elsie smiled, understanding dawning. With her faithful ticking clocks, her gentle"
"fcEeCffFk5SmTIeQXKQN","peed. And to his surprise, the elephant smelled it immediatly. The elephant started drinking it, and it really liked the","He found water in the most barren of places by smelling it. He wanted to get a drop of water and see if the elephant smelled it. Now he just had","peed. And to his surprise, the elephant smelled it immediatly. The elephant started drinking it, and it really liked the He found water in the most barren of places by smelling it. He wanted to get a drop of water and see if the elephant smelled it. Now he just had"
"INnauEosv25woOCrBRDi","Explore the world of shrooms. Bob may have ate a bit too many shrooms, and is no wondering around the","Bob the frog. He lives in a toadstool house in the forest. One day he decided to go on an adventure and","Explore the world of shrooms. Bob may have ate a bit too many shrooms, and is no wondering around the Bob the frog. He lives in a toadstool house in the forest. One day he decided to go on an adventure and"
"conv_6c680e8e-2455-4bdf-b4cd-fe6c409f373a","Together we invented our own worlds wherein all kinds of fantastic stories would unfold. But although these stories would keep us dreaming, they could not shield us.","from the harsh realities of growing up. As the years passed, the farm struggled, and the town began to shrink as more and more people moved away in search of better opportunities","Together we invented our own worlds wherein all kinds of fantastic stories would unfold. But although these stories would keep us dreaming, they could not shield us. from the harsh realities of growing up. As the years passed, the farm struggled, and the town began to shrink as more and more people moved away in search of better opportunities"
"conv_be4cbde009954f858d463f4a693fc379","figure emerged—a woman cloaked in flowing robes, her eyes shimmering with the same light as the flower. “Elara,” the woman spoke, her voice like a gentle","breeze through the trees, “you have been chosen. The forest needs a guardian, someone pure of heart and brave of spirit. Will you accept this responsibility?” Elara","figure emerged—a woman cloaked in flowing robes, her eyes shimmering with the same light as the flower. “Elara,” the woman spoke, her voice like a gentle breeze through the trees, “you have been chosen. The forest needs a guardian, someone pure of heart and brave of spirit. Will you accept this responsibility?” Elara"
"hPlwWqqkemjjNa4Ny4nr","They were young and free. Maybe she should use her power as queen to get the elders out to flax floor with her. Then they would see.","how it feels to do the worm across floor ten tequila shots deep, smashing your teeth into the floor, loosing perhaps a bit of","They were young and free. Maybe she should use her power as queen to get the elders out to flax floor with her. Then they would see. how it feels to do the worm across floor ten tequila shots deep, smashing your teeth into the floor, loosing perhaps a bit of"
"qVjn3NBZDrc5qwoYuKfa","Most. Sandy was a REAL slut. She was like Bonnie Blue of the fish world. She did not care when, what, where. All she wanted was","Ever only lost weight. One day, he decided to change that; he swam away and moved in with Sandy, the nut collector from","Most. Sandy was a REAL slut. She was like Bonnie Blue of the fish world. She did not care when, what, where. All she wanted was Ever only lost weight. One day, he decided to change that; he swam away and moved in with Sandy, the nut collector from"
"conv_735156e66375422faddf4969b0c27f8f","neither fish nor human, suspended in the air where the beam couldn't quite reach. It had her daughter's eyes—or the memory of them—and it raised one web","purposeful and strange. It rose from the water like a question mark, glistening and impossible.

She blinked hard, but it remained. A figure,","neither fish nor human, suspended in the air where the beam couldn't quite reach. It had her daughter's eyes—or the memory of them—and it raised one web purposeful and strange. It rose from the water like a question mark, glistening and impossible.

She blinked hard, but it remained. A figure,"
"conv_99f1697b74654701a74408438747a07e","carry them both toward places neither had dared imagine—where every stop would spark a new beginning, and every journey would shape their shared story anew.","brighter, blending the boy’s hopes with her old memories. As their train rumbled into motion, Willow rested by his side, ready to gather wonders and stories that would","carry them both toward places neither had dared imagine—where every stop would spark a new beginning, and every journey would shape their shared story anew. brighter, blending the boy’s hopes with her old memories. As their train rumbled into motion, Willow rested by his side, ready to gather wonders and stories that would"
"conv_10acd64665e647b2b546c115db60481d","racing with possibilities. As the boat pulled away from the shore, the familiar sights of home faded into the distance, and the vast, open sea stretched before them, calling","out with promises of mystery and discovery. Ella stood at the bow, the wind tangling her hair, and she felt a sense of belonging she had never known before. The","racing with possibilities. As the boat pulled away from the shore, the familiar sights of home faded into the distance, and the vast, open sea stretched before them, calling out with promises of mystery and discovery. Ella stood at the bow, the wind tangling her hair, and she felt a sense of belonging she had never known before. The"
"hPlwWqqkemjjNa4Ny4nr","Up drinking but instead practiced safe sex so no baby would be born before she was ready to be a mother. She did not.","know if she would ever feel ready to become a mother?! How could one, when the thought of a cold beer felt so refreshing. The thought of a coffee","Up drinking but instead practiced safe sex so no baby would be born before she was ready to be a mother. She did not. know if she would ever feel ready to become a mother?! How could one, when the thought of a cold beer felt so refreshing. The thought of a coffee"
"conv_41180468-5036-4f69-af66-b7465bcb7316","The fairy Michelle is one of the few left who can fly. Her wings were too rare to clip, and she was trained to use her wings to assist.","the human settlements in the","The fairy Michelle is one of the few left who can fly. Her wings were too rare to clip, and she was trained to use her wings to assist. the human settlements in the"
"r47jfYG4ULZMEexvVeqs","too much progress and it would make him obnoxious. According to the roaring ladybird, men should be kept in a short line.","She was surprised at how well he could play jazz. Not everyone could do that. But of course she did not let him know that. She wanted to keep him humble in case they made","too much progress and it would make him obnoxious. According to the roaring ladybird, men should be kept in a short line. She was surprised at how well he could play jazz. Not everyone could do that. But of course she did not let him know that. She wanted to keep him humble in case they made"
"conv_6c680e8e-2455-4bdf-b4cd-fe6c409f373a","I was winding through the rural landscape and passing over the mountains to reach the larger city on the other side. I had never been so far away.","from home, and the journey itself felt like an adventure. The bus rattled and swayed, and I clutched my bag tightly, feeling a mix of excitement and","I was winding through the rural landscape and passing over the mountains to reach the larger city on the other side. I had never been so far away. from home, and the journey itself felt like an adventure. The bus rattled and swayed, and I clutched my bag tightly, feeling a mix of excitement and"
"conv_0a6352c9d2d44fd38017a8422ff49497","to sneak out of the village and into the forest, to follow the whispering trees and the faint hum of magic that seemed to emanate from the heart of the woods.","As she slipped through the village gates, the sound of laughter and music grew fainter, replaced by the rustling of leaves and the snapping of twigs beneath her feet.","to sneak out of the village and into the forest, to follow the whispering trees and the faint hum of magic that seemed to emanate from the heart of the woods. As she slipped through the village gates, the sound of laughter and music grew fainter, replaced by the rustling of leaves and the snapping of twigs beneath her feet."
"conv_0a6352c9d2d44fd38017a8422ff49497","outstretched, as if beckoning Sophia closer, the fingers ended in delicate, gemstone-tipped points that sparkled like stars in the faint moonlight that filtered through","the canopy above, casting a silver glow over the clearing, and illuminating the intricate carvings that adorned the statue's pedestal, carvings that seemed to tell a","outstretched, as if beckoning Sophia closer, the fingers ended in delicate, gemstone-tipped points that sparkled like stars in the faint moonlight that filtered through the canopy above, casting a silver glow over the clearing, and illuminating the intricate carvings that adorned the statue's pedestal, carvings that seemed to tell a"
"conv_691b8b725ae48193abaaaa9270b26d500f7b1fcbf105c42b","Forest. ""Why, Dan, should I grant you my secrets?"" The traveler asked, ""Why do you think that you are worthy of?""","the wisdom of the Whispering Peaks?"" Dan hesitated, his heart pounding. ""I... I want to learn not just for myself but to help others,"" he stammer","Forest. ""Why, Dan, should I grant you my secrets?"" The traveler asked, ""Why do you think that you are worthy of?"" the wisdom of the Whispering Peaks?"" Dan hesitated, his heart pounding. ""I... I want to learn not just for myself but to help others,"" he stammer"
"conv_cadd7be580c64bfe91703c87b9bf6855","been fascinated by the ancient, towering trees that seemed to guard the village's secrets. Every evening, as the sun dipped below the horizon, painting the sky in hues of pink","Eleanor, a young woman with a curious mind and a heart full of adventure. She lived in a quaint village nestled between rolling hills and whispering forests. Eleanor had always","been fascinated by the ancient, towering trees that seemed to guard the village's secrets. Every evening, as the sun dipped below the horizon, painting the sky in hues of pink Eleanor, a young woman with a curious mind and a heart full of adventure. She lived in a quaint village nestled between rolling hills and whispering forests. Eleanor had always"
"conv_3c5b888e-d991-4bce-adad-5584923b75b5","turbulence bending it away from his hand like a cat that doesn't want to be petted. Cats had never liked Tormund","and neither, it seemed, did enchanted flames. But Tormund was done being manipulated. With one swift motion, he grasped the candle by its","turbulence bending it away from his hand like a cat that doesn't want to be petted. Cats had never liked Tormund and neither, it seemed, did enchanted flames. But Tormund was done being manipulated. With one swift motion, he grasped the candle by its"
"conv_72218cb5-e59c-4c93-a4b9-a057fe5dad80","A light catches his eyes. The figure is holding a sharp dagger in their left hand. He looks up and sees the face of the","person he had trusted most in the world, the one he had considered a friend and confidant. But now, in the faint light, he sees a twisted expression of","A light catches his eyes. The figure is holding a sharp dagger in their left hand. He looks up and sees the face of the person he had trusted most in the world, the one he had considered a friend and confidant. But now, in the faint light, he sees a twisted expression of"
"conv_02b6fce3-98d8-456f-b0e8-3708b9ca1968","A dim candlelight stood dancing on the windowsill. She was reading a book, not paying much attention to the dark surroundings of","the room. The flickering flame cast shadows on the walls, creating a dance of light and darkness. Lost in the pages, she barely noticed the growing intensity of the storm","A dim candlelight stood dancing on the windowsill. She was reading a book, not paying much attention to the dark surroundings of the room. The flickering flame cast shadows on the walls, creating a dance of light and darkness. Lost in the pages, she barely noticed the growing intensity of the storm"
"conv_e335739c-0072-4945-8fe4-457a04c0997b","It's surprisingly sweet and fresh. To every person it smelled differently; it smelled like people's favourite sweets, their grandma's pie.","or the scent of freshly baked cookies, and it had a profound effect on those who caught a whiff of its aroma, transporting them back to a time and place of happy","It's surprisingly sweet and fresh. To every person it smelled differently; it smelled like people's favourite sweets, their grandma's pie. or the scent of freshly baked cookies, and it had a profound effect on those who caught a whiff of its aroma, transporting them back to a time and place of happy"
"YprMqddWHK39musGQ4si","Smelled like dog biscuits, and was far too small for them. The hamster wanted to move, but also couldn't bear to say goodbye to the house he","was so fond of. Since Julia was a house slave at this point, she wasn't so fond of it. So she ran away. the hamster looked in","Smelled like dog biscuits, and was far too small for them. The hamster wanted to move, but also couldn't bear to say goodbye to the house he was so fond of. Since Julia was a house slave at this point, she wasn't so fond of it. So she ran away. the hamster looked in"
"NSZE9lXnuxIl0ZT4gRoy","another destiny waiting. So, four of the crewmembers sailed onwards, while the rest stayed back as robot servants. The others found a great treasure on an island made","The robot world. Sadly, some of the crew became part of the robots' servants. But they had to continue their own path, as their friends would have.","another destiny waiting. So, four of the crewmembers sailed onwards, while the rest stayed back as robot servants. The others found a great treasure on an island made The robot world. Sadly, some of the crew became part of the robots' servants. But they had to continue their own path, as their friends would have."
"conv_4d1bd73a-bbc9-4e37-8ba0-3cdd7adbc66a","A side effect of the treats was a love and peace spell; suddenly, Mr. Big felt something within, a feeling he had felt.","strange yet warm. His competitive spirit faded, and he realized the error of his ways. Lowering his guard, Mr. Big approached Finn, apologizing sincerely for his","A side effect of the treats was a love and peace spell; suddenly, Mr. Big felt something within, a feeling he had felt. strange yet warm. His competitive spirit faded, and he realized the error of his ways. Lowering his guard, Mr. Big approached Finn, apologizing sincerely for his"
"conv_b19d99668faf4d71bb1ffe532555ee59","journey was about to take an unexpected turn. In the darkness, a pair of glowing eyes watched her from the underbrush, a silent witness to the beginning of her epic","stars, Elena drifted into a deep sleep, her dreams filled with visions of the adventures to come. Little did she know, the forest held secrets of its own, and her","journey was about to take an unexpected turn. In the darkness, a pair of glowing eyes watched her from the underbrush, a silent witness to the beginning of her epic stars, Elena drifted into a deep sleep, her dreams filled with visions of the adventures to come. Little did she know, the forest held secrets of its own, and her"
"Pzb5I6nhg196AWLpukmz","to find out what she actually is. She replied with a grin smile, ""like how I survived till now."" Suddenly they heard a harsh banging on the door. The girl told Nate to","tingles in their tummies. ""How are you going to survive with no food or drink?"" he asked after a while. He could poison her food.","to find out what she actually is. She replied with a grin smile, ""like how I survived till now."" Suddenly they heard a harsh banging on the door. The girl told Nate to tingles in their tummies. ""How are you going to survive with no food or drink?"" he asked after a while. He could poison her food."
"ULRAMZF7ra0i53A9w3Gv",", but did then none the less decide for a little Chihuahua, which Pluto really couldnt understand, but one day, after","Luckily they found another dog at the center. The next day another family came by. Pluto had his hopes up again and the family seemed interested.",", but did then none the less decide for a little Chihuahua, which Pluto really couldnt understand, but one day, after Luckily they found another dog at the center. The next day another family came by. Pluto had his hopes up again and the family seemed interested."
"conv_90178cb2-77d1-4123-9509-2ec42e4db932","Once in a time I went to a beautiful forest and it started to rain.","The droplets fell gently on my face, and the smell of wet earth filled my lungs as I walked along the winding path, the sound of raindrops hitting the leaves and trees creating a soothing melody that seemed to lull the forest into a peaceful slumber, and as I walked, the trees grew taller and the path grew narrower, until I","Once in a time I went to a beautiful forest and it started to rain. The droplets fell gently on my face, and the smell of wet earth filled my lungs as I walked along the winding path, the sound of raindrops hitting the leaves and trees creating a soothing melody that seemed to lull the forest into a peaceful slumber, and as I walked, the trees grew taller and the path grew narrower, until I"
"188SQKM20FYzYRFIJ08U","Feast. Some people showed up hammered already and the rest were in the process of getting there with ""Chartreuse on ice,"" a delicious trademark of Le Coq. Then Simon stood up.","to announce his drop-out from university and that he was going to travel to every single country in the next year. Everybody was surprised but very excited for him. They cheered","Feast. Some people showed up hammered already and the rest were in the process of getting there with ""Chartreuse on ice,"" a delicious trademark of Le Coq. Then Simon stood up. to announce his drop-out from university and that he was going to travel to every single country in the next year. Everybody was surprised but very excited for him. They cheered"
"conv_69120b0be9a881908567c1dfa912a6d90a309a13d5ea8eef","Loved to listen to his stories. They met up regularly next to the lakes and spent most of their time just reading by each other. On this day, Elara was waiting.","for Aiden to arrive so they could embark on another of their shared adventures. As she sat by the boat, she noticed a mysterious, folded piece of paper tucked under the","Loved to listen to his stories. They met up regularly next to the lakes and spent most of their time just reading by each other. On this day, Elara was waiting. for Aiden to arrive so they could embark on another of their shared adventures. As she sat by the boat, she noticed a mysterious, folded piece of paper tucked under the"
"conv_23ed55f8-cc91-439f-8c8e-e24f66457596","She bent down to take a look at it. At first she was careful, but she couldn't shake her curiosity. She just had to touch.","the delicate petals. As soon as her fingers brushed against them, the flower began to glow even brighter, and a soft, melodic voice whispered, “Welcome, Lila","She bent down to take a look at it. At first she was careful, but she couldn't shake her curiosity. She just had to touch. the delicate petals. As soon as her fingers brushed against them, the flower began to glow even brighter, and a soft, melodic voice whispered, “Welcome, Lila"
"conv_691f696d0b348190810494e2c5d82fee08324043d78ba0f7","The universe. The evil powers of Chocomel have for years tried to brainwash innocent kids using cheap prices and political propaganda. But how was a normal, although very smart, young","athlete like Andreas supposed to face such a challenge? Matilde continued, ""It's your love and knowledge of the authentic essence of chocolate milk that makes you special. You must","The universe. The evil powers of Chocomel have for years tried to brainwash innocent kids using cheap prices and political propaganda. But how was a normal, although very smart, young athlete like Andreas supposed to face such a challenge? Matilde continued, ""It's your love and knowledge of the authentic essence of chocolate milk that makes you special. You must"
"conv_a047b0e3f92d41c09ef45e011a99a23f","As Emil spoke, the crystalline key grew brighter, and the forest exhaled a collective sigh of relief. The guardians led him to a clearing where a mighty tree stood,","ancient and faded, roots knotted deep into the earth and branches stretching heavenward like yearning arms. Emil stepped forward, key outstretched, letting instinct guide him.","As Emil spoke, the crystalline key grew brighter, and the forest exhaled a collective sigh of relief. The guardians led him to a clearing where a mighty tree stood, ancient and faded, roots knotted deep into the earth and branches stretching heavenward like yearning arms. Emil stepped forward, key outstretched, letting instinct guide him."
"conv_1ca39a7edb5d4567a29edc17c604cca7","elders, who would gather around the fire at night and speak of ancient rituals, forgotten deities, and mythical creatures that were said to roam the forest's twisted paths.","as if it was calling to her, drawing her in with an otherworldly allure that she couldn't quite explain. She had always been fascinated by the stories of the village","elders, who would gather around the fire at night and speak of ancient rituals, forgotten deities, and mythical creatures that were said to roam the forest's twisted paths. as if it was calling to her, drawing her in with an otherworldly allure that she couldn't quite explain. She had always been fascinated by the stories of the village"
"vtVEZIgMKoEkI6hoyJnd","a big private jet and flying to outer space with all her friends: she had none. And ""planes can't fly that high"" a clever man","Melons to fake her pets' smashed heads to get the insurance money that was set to make her a billionaire. She always dreamed of getting on","a big private jet and flying to outer space with all her friends: she had none. And ""planes can't fly that high"" a clever man Melons to fake her pets' smashed heads to get the insurance money that was set to make her a billionaire. She always dreamed of getting on"
"noaceHjzkirRMoHnkT4V","Shell started rocking. The rain kept pouring down and she could hear the sound of the drops on her shell getting heavier and heavier. ""What was that?"" she said to herself. Her shell","was melting! It poured down over her face and legs, and soon the shell was completely gone. She stood all alone and shell-less on the beach in the shell-melting rain","Shell started rocking. The rain kept pouring down and she could hear the sound of the drops on her shell getting heavier and heavier. ""What was that?"" she said to herself. Her shell was melting! It poured down over her face and legs, and soon the shell was completely gone. She stood all alone and shell-less on the beach in the shell-melting rain"
"conv_11293fd2-d757-471f-8e2e-783542167a8e","She gaped, as she had never seen one in real life. However, as the air balloon moved closer, she saw something just as strange in the basket.","an old trunk, adorned with intricate carvings and a large, rusted lock, sitting prominently in the center of the basket, surrounded by various strange and colorful items that","She gaped, as she had never seen one in real life. However, as the air balloon moved closer, she saw something just as strange in the basket. an old trunk, adorned with intricate carvings and a large, rusted lock, sitting prominently in the center of the basket, surrounded by various strange and colorful items that"
"conv_8432160f013d46fca2bd5459bb50a870","whisper of wind down the hallway. Floorboards beneath her creaked and groaned, but she glided onward, her dream of open waters carrying her past old trunks and","forgotten mirrors. At the end of the hall, the moon cast a silver path across the landing—and there, at the top of the staircase, Willow paused. From below","whisper of wind down the hallway. Floorboards beneath her creaked and groaned, but she glided onward, her dream of open waters carrying her past old trunks and forgotten mirrors. At the end of the hall, the moon cast a silver path across the landing—and there, at the top of the staircase, Willow paused. From below"
"Pzb5I6nhg196AWLpukmz","the woods in front of Nate's cabin. After staying up all night, he thought he is hallucianting while he saw hjhha 'hooded' girl figure approaching him in","There was something off about this particular day, though he couldn't quite figure out what it was. Something strange was in the","the woods in front of Nate's cabin. After staying up all night, he thought he is hallucianting while he saw hjhha 'hooded' girl figure approaching him in There was something off about this particular day, though he couldn't quite figure out what it was. Something strange was in the"
"conv_155f7493-3058-435d-a672-40e7e8ec213a","Valgkort laid out on the table. So many options. What would his mother say? Argh, it is of no use. The dilemma was even still thundering in his head.","mind as he picked up the ballot paper, his fingers tracing the names of the candidates. Each one seemed to blend into the next, a sea of unfamiliar faces and promises.","Valgkort laid out on the table. So many options. What would his mother say? Argh, it is of no use. The dilemma was even still thundering in his head. mind as he picked up the ballot paper, his fingers tracing the names of the candidates. Each one seemed to blend into the next, a sea of unfamiliar faces and promises."
"bF3wySQHXxUL66FkpR9w","the meal in some nearby bushes, and slowly the foxes began to pick up the scent from the meal. They both left the passage, and the mouse and the","meal that the mouse had brought along. The mouse reluctantly agreed, although with the condition that the lobster would have to find and make dinner for them later. They hid","the meal in some nearby bushes, and slowly the foxes began to pick up the scent from the meal. They both left the passage, and the mouse and the meal that the mouse had brought along. The mouse reluctantly agreed, although with the condition that the lobster would have to find and make dinner for them later. They hid"
"INnauEosv25woOCrBRDi","and inside sat the wonderful princess Pooh, a toad princes known through all of the country. Pooh pleaded Bob to help her","He thought. As soon as he exited the forest and reached the main road he found it blocked by a massive carriage. One of the wheels had broken off.","and inside sat the wonderful princess Pooh, a toad princes known through all of the country. Pooh pleaded Bob to help her He thought. As soon as he exited the forest and reached the main road he found it blocked by a massive carriage. One of the wheels had broken off."
"conv_ff8f8b90ff284f71954c9a40da590bc5","licable pull towards the mountains, as if the whispers and legends were beckoning her to explore the unknown. She spent countless nights poring over dusty tomes in the village library","uncovering hints of a long-forgotten language and cryptic symbols etched into the pages of the ancient texts. The librarian, a wise and enigmatic figure named Th","licable pull towards the mountains, as if the whispers and legends were beckoning her to explore the unknown. She spent countless nights poring over dusty tomes in the village library uncovering hints of a long-forgotten language and cryptic symbols etched into the pages of the ancient texts. The librarian, a wise and enigmatic figure named Th"
"conv_0f18b30f-7d4b-4681-b98e-a0ff4f2b5256","a more fulfilling future. Everything from increasing the fees for her babysitting and petsitting side gigs to robbing the local convenience store flitted through her","mind, though she quickly dismisses the latter as a reckless and foolish idea, knowing that it would only lead to trouble and jeopardize the very people she cares about, her","a more fulfilling future. Everything from increasing the fees for her babysitting and petsitting side gigs to robbing the local convenience store flitted through her mind, though she quickly dismisses the latter as a reckless and foolish idea, knowing that it would only lead to trouble and jeopardize the very people she cares about, her"
"conv_20c3db22-5b6d-42fa-bdee-f1e1a84fe6e8","The more he knew that his sole mission in life was to not just end the dictator and the Nazis' reign but to prevent it from happening in the first place.","With a renewed sense of purpose, Julius began to assemble the components of his Time Machine. He scavenged parts from abandoned factories, raided libraries for forbidden knowledge, and conducted","The more he knew that his sole mission in life was to not just end the dictator and the Nazis' reign but to prevent it from happening in the first place. With a renewed sense of purpose, Julius began to assemble the components of his Time Machine. He scavenged parts from abandoned factories, raided libraries for forbidden knowledge, and conducted"
"EVPkCWSrT9SwL38W9Zuk","of his entire life. The other best day of his entire life had been when his older brother Clarence broke his leg on the swings. This made the grumpy man happy as he disliked","When he would stand in the middle of the circus with his best costume on, with the mice in his hands, it would be the best day.","of his entire life. The other best day of his entire life had been when his older brother Clarence broke his leg on the swings. This made the grumpy man happy as he disliked When he would stand in the middle of the circus with his best costume on, with the mice in his hands, it would be the best day."
"conv_691dc7c061d8819797504b613ba6691208409e48769ea891","But in the demon's last attempt, it swallowed one of the thieves. Growing stronger, it shattered the leg of the wizard, that was prepared to","unleash another spell. The fighter grabbed the wizard, helping him to safety, while the rogue used their agility to distract the demon. With one last combined effort, the","But in the demon's last attempt, it swallowed one of the thieves. Growing stronger, it shattered the leg of the wizard, that was prepared to unleash another spell. The fighter grabbed the wizard, helping him to safety, while the rogue used their agility to distract the demon. With one last combined effort, the"
"conv_ed575a06c11d42358e3eeb7826d2f959","For seventeen years, Margot had lived alone on the rocky outcrop where the Beacon of St. Clement's stood sentinel against the churning Atlantic. The lighthouse","had become an extension of her own body—she knew each iron rung of the spiral staircase by the particular groan it made beneath her boots, could sense the","For seventeen years, Margot had lived alone on the rocky outcrop where the Beacon of St. Clement's stood sentinel against the churning Atlantic. The lighthouse had become an extension of her own body—she knew each iron rung of the spiral staircase by the particular groan it made beneath her boots, could sense the"
"conv_006cb479-ccd3-40d1-83fb-4b614573f636","That she met another young woman just like herself who also had trust issues. They met many times without ever talking much or becoming close.","until one evening, when they both found themselves sitting alone at a small café, each lost in their own thoughts. The atmosphere was quiet and intimate, and somehow, it seemed","That she met another young woman just like herself who also had trust issues. They met many times without ever talking much or becoming close. until one evening, when they both found themselves sitting alone at a small café, each lost in their own thoughts. The atmosphere was quiet and intimate, and somehow, it seemed"
"conv_1ca39a7edb5d4567a29edc17c604cca7","towards the stars like a gateway to the heavens. The path ended at the base of the tree, and Emilia felt a sense of completion, as if she had finally","the light of the path remaining, guiding her through the darkness, until she came to a great tree, its trunk twisted and gnarled with age, its branches reaching up","towards the stars like a gateway to the heavens. The path ended at the base of the tree, and Emilia felt a sense of completion, as if she had finally the light of the path remaining, guiding her through the darkness, until she came to a great tree, its trunk twisted and gnarled with age, its branches reaching up"
"D8kJXS3suDI2tltssVgN","A very happy dog wandering through the streets of Aarhus alone. He's just going down the street, greeting people and making their day better. But suddenly, he fell into a big, cold puddle.","pool of piss. He was super embarrassed by this, and he thought it couldn't get any worse when a massive seagull swooped down and screamed insults at his","A very happy dog wandering through the streets of Aarhus alone. He's just going down the street, greeting people and making their day better. But suddenly, he fell into a big, cold puddle. pool of piss. He was super embarrassed by this, and he thought it couldn't get any worse when a massive seagull swooped down and screamed insults at his"
"conv_c39559fbef1d4169b9bb65921929197a","material. The wind tugged at her hair as she unrolled the paper. On it was drawn a map of the shoreline—her shoreline, but marked with a symbol she","open to reveal a narrow compartment, inside of which lay a rolled scrap of faded, oilskin paper. Mira drew it out with trembling hands, careful not to tear the delicate","material. The wind tugged at her hair as she unrolled the paper. On it was drawn a map of the shoreline—her shoreline, but marked with a symbol she open to reveal a narrow compartment, inside of which lay a rolled scrap of faded, oilskin paper. Mira drew it out with trembling hands, careful not to tear the delicate"
"conv_1a776856-1876-44eb-b0f6-31b31250ddca","There was once a man in a sauna who really liked the smell of sandalwood. This man was also known for his love of surfing the waves with a certain mechanical assistance in the","form of a sleek, silver jet-powered surfboard that allowed him to ride the waves with incredible speed and agility. As he sat in the sauna, surrounded by the warm,","There was once a man in a sauna who really liked the smell of sandalwood. This man was also known for his love of surfing the waves with a certain mechanical assistance in the form of a sleek, silver jet-powered surfboard that allowed him to ride the waves with incredible speed and agility. As he sat in the sauna, surrounded by the warm,"
"conv_b19d99668faf4d71bb1ffe532555ee59","to the whispers of nature. But despite their guidance, Elena felt a growing desire to step beyond the boundaries of her village and discover what lay beyond. One evening, as the","that once thrived under the same sky. Elena’s mother, a skilled herbalist, taught her the secrets of the forest, showing her how to identify healing plants and listen","to the whispers of nature. But despite their guidance, Elena felt a growing desire to step beyond the boundaries of her village and discover what lay beyond. One evening, as the that once thrived under the same sky. Elena’s mother, a skilled herbalist, taught her the secrets of the forest, showing her how to identify healing plants and listen"
"conv_ccb90f8d-d4bb-406e-83e9-b91ac0615cac","It was her single most important task. To do everything right and to say all the right things to him now was crucial, because this was the only time they would have. Time was slipping.","away, and every moment became precious. Dana learned to cherish the small victories, the quiet conversations, and the simple acts of love. In those moments, she found a deeper","It was her single most important task. To do everything right and to say all the right things to him now was crucial, because this was the only time they would have. Time was slipping. away, and every moment became precious. Dana learned to cherish the small victories, the quiet conversations, and the simple acts of love. In those moments, she found a deeper"
"conv_987ee67e4ce6447bb77a859aaee7a092","her eyes. ""Nothing for little girls to bother with.""

But Mara wasn't a little girl anymore. She was thirty-two, standing in a dead","woman's bedroom with a key that had been hidden for a reason. She crossed to the wardrobe, her footsteps muffled by the faded Persian","her eyes. ""Nothing for little girls to bother with.""

But Mara wasn't a little girl anymore. She was thirty-two, standing in a dead woman's bedroom with a key that had been hidden for a reason. She crossed to the wardrobe, her footsteps muffled by the faded Persian"
"conv_987ee67e4ce6447bb77a859aaee7a092",", and wondered how long it had been buried beneath the rosemary bush. Her grandmother had tended that garden every day until the stroke took her words, then her movement",", then finally her breath. Three months of silence before the end.

Mara slipped the key into her coat pocket and returned to the house, where cousins",", and wondered how long it had been buried beneath the rosemary bush. Her grandmother had tended that garden every day until the stroke took her words, then her movement , then finally her breath. Three months of silence before the end.

Mara slipped the key into her coat pocket and returned to the house, where cousins"
"7wPRj5Wbc26nlx60LUT5","to fulfill. First and foremost he needed a safe place, away from the preying eyes of cats and foxes, where he","Once upon a time a little duck walked around to find a fitting house for him and his dreams. The dreaming duck was afraid of many things, but also had many needs, which he needed.","to fulfill. First and foremost he needed a safe place, away from the preying eyes of cats and foxes, where he Once upon a time a little duck walked around to find a fitting house for him and his dreams. The dreaming duck was afraid of many things, but also had many needs, which he needed."
"conv_90ea40da-2853-405a-9c2f-a22e77888401","It is an unrealistic but important story as it explains how a simple phenomenon can create such strong","bonds and inspire generations. The tale of Gustav, Josephine, and Leo serves as a reminder that curiosity, love, and dedication can transcend barriers and leave a lasting","It is an unrealistic but important story as it explains how a simple phenomenon can create such strong bonds and inspire generations. The tale of Gustav, Josephine, and Leo serves as a reminder that curiosity, love, and dedication can transcend barriers and leave a lasting"
"xmFgQW5bh6PcMW6uXdYJ","hotdog in each hand it certainly would provide great entertainment for the afternoon. Casper seemed to be","The local soccer team was playing a match tonight, so maybe they would both get a kick out of watching hot men running around sweating, with a","hotdog in each hand it certainly would provide great entertainment for the afternoon. Casper seemed to be The local soccer team was playing a match tonight, so maybe they would both get a kick out of watching hot men running around sweating, with a"
"conv_0bb56093-3033-4615-bb70-ebfa4135589a","Okay, I know that's borderline Compton or Paramount. ""Well, is it Compton?"" ""No,"" she replied. Then quickly started battin' her eyes. I strictly had","to have her, and the city lights of Paramount blurred together as John's mama van sped down the boulevard, the sound of Kendrick's storytelling fading into the distance, replaced","Okay, I know that's borderline Compton or Paramount. ""Well, is it Compton?"" ""No,"" she replied. Then quickly started battin' her eyes. I strictly had to have her, and the city lights of Paramount blurred together as John's mama van sped down the boulevard, the sound of Kendrick's storytelling fading into the distance, replaced"
"conv_0f18b30f-7d4b-4681-b98e-a0ff4f2b5256","May legally further her goals. She studies public bulletin boards and social media for ideas and happens upon an ad: Responsible young woman wanted.","to care for a sailboat and crew for a seasonal voyage, with all expenses paid and a generous stipend, an opportunity that seems almost too good to be true, but","May legally further her goals. She studies public bulletin boards and social media for ideas and happens upon an ad: Responsible young woman wanted. to care for a sailboat and crew for a seasonal voyage, with all expenses paid and a generous stipend, an opportunity that seems almost too good to be true, but"
"conv_5b956e03-a900-47aa-88a9-54cb6be40071","was like cryptoni-, sorry, I mean cryptocurrency to Gohda - very volatile and way too silly to invest in. Silly was throwing Dogecoins harder than Mikkel","Jackson threw basketballs, and the Dogecoins rained down on Gohda like a silly storm, distracting him long enough for Silly Billy to grab ""The Script","was like cryptoni-, sorry, I mean cryptocurrency to Gohda - very volatile and way too silly to invest in. Silly was throwing Dogecoins harder than Mikkel Jackson threw basketballs, and the Dogecoins rained down on Gohda like a silly storm, distracting him long enough for Silly Billy to grab ""The Script"
"conv_26e2b109c7d34348a469ede32b8d089d","dust—resting atop her blue pocket watch. When Elsie picked it up, a gentle warmth filled her, and words seemed to echo in the quiet: “To mend","casting a beam into Elsie’s workshop window. On her workbench, where scraps and old clock faces were scattered, she found a single luminous feather—softer than moon","dust—resting atop her blue pocket watch. When Elsie picked it up, a gentle warmth filled her, and words seemed to echo in the quiet: “To mend casting a beam into Elsie’s workshop window. On her workbench, where scraps and old clock faces were scattered, she found a single luminous feather—softer than moon"
"conv_8432160f013d46fca2bd5459bb50a870","glistened in the moonlight. Willow, brimming with anticipation, felt the cool breeze beckoning her. With one last push, she slipped outside, where puddles","sparkled like tiny lakes. The night air was fresh and alive with the sounds of distant thunder and the song of raindrops. Willow drifted gently toward the largest pudd","glistened in the moonlight. Willow, brimming with anticipation, felt the cool breeze beckoning her. With one last push, she slipped outside, where puddles sparkled like tiny lakes. The night air was fresh and alive with the sounds of distant thunder and the song of raindrops. Willow drifted gently toward the largest pudd"
"conv_a7acc18d772f40a5ac655e460ce84ff2","the unknown. As she passed through, the world around her shifted, and she found herself standing in a land unlike any she had ever seen. The sky was a vibrant shade","of blue, and the landscape was dotted with lush, emerald forests and sparkling lakes. Strange, beautiful creatures flitted about, and the air was filled with the sweet scent","the unknown. As she passed through, the world around her shifted, and she found herself standing in a land unlike any she had ever seen. The sky was a vibrant shade of blue, and the landscape was dotted with lush, emerald forests and sparkling lakes. Strange, beautiful creatures flitted about, and the air was filled with the sweet scent"
"NSZE9lXnuxIl0ZT4gRoy","still wasn't satisfied. He decided to get a job as a sailor, as this would surely bring some sense of adventure, without going to","How he got there. As he was a bit scared of the unknown, he decided to go back to his small town on his small island inside of his small world, but he","still wasn't satisfied. He decided to get a job as a sailor, as this would surely bring some sense of adventure, without going to How he got there. As he was a bit scared of the unknown, he decided to go back to his small town on his small island inside of his small world, but he"
"conv_4ff7dbd3a0434e629ed9cbc2a937680c","the old brass key—would unlock. And so, with her bare feet brushing silver grass and her spirit shining bright, Maren’s adventure truly began, forever written beneath the","The garden held its breath as Maren threw one last look at the world she’d left behind, then set off with a smile, ready for all the magic her courage—and","the old brass key—would unlock. And so, with her bare feet brushing silver grass and her spirit shining bright, Maren’s adventure truly began, forever written beneath the The garden held its breath as Maren threw one last look at the world she’d left behind, then set off with a smile, ready for all the magic her courage—and"
"conv_12cd73100c564e7dbae7cf2d066d5cae","melodic voice, as if the flowers, the brook, and the tree were all part of a grand symphony, playing a harmony of peace and wonder that resonated","deep within Aria's heart, awakening a sense of connection to the natural world, and to the very essence of life itself, as if the symphony was calling to her","melodic voice, as if the flowers, the brook, and the tree were all part of a grand symphony, playing a harmony of peace and wonder that resonated deep within Aria's heart, awakening a sense of connection to the natural world, and to the very essence of life itself, as if the symphony was calling to her"
"uSUBQk0ZgGhDzjY8qQwb","a small voice inside her told her: No! You should not do this. You are so much happier without him. Don't let yourself be fooled by him. Not this time! And she closed the door in his","When she saw him, instantly she remembered all the love between them, and her heart started to convince her that maybe he is changed now, but","a small voice inside her told her: No! You should not do this. You are so much happier without him. Don't let yourself be fooled by him. Not this time! And she closed the door in his When she saw him, instantly she remembered all the love between them, and her heart started to convince her that maybe he is changed now, but"
"conv_fc1c9be7eb954cc6bb94f531369fe476","small and listing badly, caught in what should have been the churning waters she no longer believed in. Margaret's breath stopped. The vessel was real enough, its sails","begin its slow rotation, casting its beam across what she now thought of as the void. And then, in that sweeping illumination, she saw it—a ship,","small and listing badly, caught in what should have been the churning waters she no longer believed in. Margaret's breath stopped. The vessel was real enough, its sails begin its slow rotation, casting its beam across what she now thought of as the void. And then, in that sweeping illumination, she saw it—a ship,"
"conv_6917421066d8819592863132f4a141a00078d2d8d630f704","The interior is huge, way larger than the outside for no apparent reason. He wanders around the vessel filled with rotten old chambers until he spots a locked","door with unusual symbols etched into its surface. Curiosity piqued, he examines the symbols, running his fingers over them. As he does, a soft hum fills the","The interior is huge, way larger than the outside for no apparent reason. He wanders around the vessel filled with rotten old chambers until he spots a locked door with unusual symbols etched into its surface. Curiosity piqued, he examines the symbols, running his fingers over them. As he does, a soft hum fills the"
"conv_f76e092f63384595b52813939abb970a",", its hull humming with technologies beyond her understanding, its crew's uniforms marked with symbols that hadn't yet been designed.

Miriam stopped questioning. She simply","eco liner where flappers danced on deck to music she couldn't hear, their laughter like wind chimes. A warship from some future she didn't recognize",", its hull humming with technologies beyond her understanding, its crew's uniforms marked with symbols that hadn't yet been designed.

Miriam stopped questioning. She simply eco liner where flappers danced on deck to music she couldn't hear, their laughter like wind chimes. A warship from some future she didn't recognize"
"conv_0f18b30f-7d4b-4681-b98e-a0ff4f2b5256","Maybe the only means of hastening that bequest. Recognizing that unfettered travel burdened by inconsolable grief and guilt is not","a price she's willing to pay, the small town girl sets her sights on more legitimate means of financing her escape, and begins to scour the local community for any opportunity that","Maybe the only means of hastening that bequest. Recognizing that unfettered travel burdened by inconsolable grief and guilt is not a price she's willing to pay, the small town girl sets her sights on more legitimate means of financing her escape, and begins to scour the local community for any opportunity that"
"conv_ff8f8b90ff284f71954c9a40da590bc5","the gateway to a realm where the fabric of time was thin, and the echoes of the past lingered in the air. According to the ancient lore, the Echoing C","avern was a place where one could hear the whispers of forgotten souls, and where the shadows of ancient events still lingered, waiting to be uncovered by one brave enough to venture","the gateway to a realm where the fabric of time was thin, and the echoes of the past lingered in the air. According to the ancient lore, the Echoing C avern was a place where one could hear the whispers of forgotten souls, and where the shadows of ancient events still lingered, waiting to be uncovered by one brave enough to venture"
"conv_62a271e6-a272-4e74-9d10-2dc0c15c530f","Uncle Thomas showed up filling the whole door opening with his enormous stature. He stared at the two women with a bewildered look and","held the fire extinguisher limply at his side, foam still dripping from its nozzle. ""The fire's out,"" he said quietly, but nobody move","Uncle Thomas showed up filling the whole door opening with his enormous stature. He stared at the two women with a bewildered look and held the fire extinguisher limply at his side, foam still dripping from its nozzle. ""The fire's out,"" he said quietly, but nobody move"
"conv_a7acc18d772f40a5ac655e460ce84ff2","but the misty path called to something deeper within her, hinting at untold mysteries and hidden truths. With a resolve born from her growing courage, Eliara chose the","misty path. As she stepped onto it, the mist enveloped her, and the air grew cool and damp. The gnarled trees whispered secrets in a language she","but the misty path called to something deeper within her, hinting at untold mysteries and hidden truths. With a resolve born from her growing courage, Eliara chose the misty path. As she stepped onto it, the mist enveloped her, and the air grew cool and damp. The gnarled trees whispered secrets in a language she"
"WYnhagFwtR0bJ9vucGsm","On. Was it actually her? How was it possible that she was standing right in front of him all those years later? And how could she not?","remember him? He thought that embarassing moment between them at the school yard had totally traumatised her, so she would certainly remember","On. Was it actually her? How was it possible that she was standing right in front of him all those years later? And how could she not? remember him? He thought that embarassing moment between them at the school yard had totally traumatised her, so she would certainly remember"
"conv_c69a0c5657f347da9115c1f7da6d3116","And so, with the key now resting in her pocket, Elsie stepped into the brightening day, ready to weave her own story—rooted in wonder, guided by","the echoes of those who came before. Sunlight danced on the dew at her feet and, in her heart, the mysterious magic of Willowmere whispered that every ending was only","And so, with the key now resting in her pocket, Elsie stepped into the brightening day, ready to weave her own story—rooted in wonder, guided by the echoes of those who came before. Sunlight danced on the dew at her feet and, in her heart, the mysterious magic of Willowmere whispered that every ending was only"
"noaceHjzkirRMoHnkT4V","yearned for. ""I must go to the ocean!"" thought Paul. She then collected all her remaining strength to do a backflip into the cold waters of the ocean. She felt the crash of the","water against her naked back. Swimming was a lot easier without the heavy shell. At the bottom of the sea, she saw a cave surrounded by white sharks. This","yearned for. ""I must go to the ocean!"" thought Paul. She then collected all her remaining strength to do a backflip into the cold waters of the ocean. She felt the crash of the water against her naked back. Swimming was a lot easier without the heavy shell. At the bottom of the sea, she saw a cave surrounded by white sharks. This"
"conv_100f2d97134940bd8cf1b6af65385fc1","""Can I help you?"" he asked, his tone professionally neutral. No taste at all—just a simple question.

Margot hesitated, suddenly aware of how","actually help someone with this? She walked inside, the fluorescent lights humming overhead, and approached the front desk where a tired officer looked up from his paperwork.","""Can I help you?"" he asked, his tone professionally neutral. No taste at all—just a simple question.

Margot hesitated, suddenly aware of how actually help someone with this? She walked inside, the fluorescent lights humming overhead, and approached the front desk where a tired officer looked up from his paperwork."
"conv_3c5b888e-d991-4bce-adad-5584923b75b5","Silhouette still cast a shadow over the empty chair in the corner, but there was no one there. As Tormund came to his senses, he took a breath and realized that he was","alone. Truly alone for the first time in fifteen years. The shadow, he now saw, was merely a trick of the candlelight playing across the worn leather seat","Silhouette still cast a shadow over the empty chair in the corner, but there was no one there. As Tormund came to his senses, he took a breath and realized that he was alone. Truly alone for the first time in fifteen years. The shadow, he now saw, was merely a trick of the candlelight playing across the worn leather seat"
"YprMqddWHK39musGQ4si","Artist. No one knew all the things he had been through. So he hopped on a plane to LAX with a dream and a cardigan. He","jumped in a cab, here he was for the first time, looked to his right and he saw the Hollywood sign. He though, ""this","Artist. No one knew all the things he had been through. So he hopped on a plane to LAX with a dream and a cardigan. He jumped in a cab, here he was for the first time, looked to his right and he saw the Hollywood sign. He though, ""this"
"Pzb5I6nhg196AWLpukmz","find an actual human here to talk instead of the wild animals"". With a lot of wounds in her body, she slowly moved towards","The slow dusk of late spring. He watched her in wonder, not understanding what such a person could be doing out here. He thought, ""perhaps today I will","find an actual human here to talk instead of the wild animals"". With a lot of wounds in her body, she slowly moved towards The slow dusk of late spring. He watched her in wonder, not understanding what such a person could be doing out here. He thought, ""perhaps today I will"
"conv_691e9e26b7688197a86e51a9d9a7dfe1052dd4511749a606","A big puddle of liquid right in the middle of the cavern. Though it was no ordinary puddle, the water","shimmered with a strange luminescence, casting ethereal reflections on the walls. Isabelle knelt beside it, her fingers trailing the surface. Suddenly, images danced across","A big puddle of liquid right in the middle of the cavern. Though it was no ordinary puddle, the water shimmered with a strange luminescence, casting ethereal reflections on the walls. Isabelle knelt beside it, her fingers trailing the surface. Suddenly, images danced across"
"conv_fc1c9be7eb954cc6bb94f531369fe476","should be, except that she felt nothing. The sea had become like a painting hung in a gallery, something to observe but never touch, never enter. Margaret went through her",", and when she looked down from the gallery, she could see the waves moving—white foam cresting, dark water churning against the rocks below. Everything appeared as it","should be, except that she felt nothing. The sea had become like a painting hung in a gallery, something to observe but never touch, never enter. Margaret went through her , and when she looked down from the gallery, she could see the waves moving—white foam cresting, dark water churning against the rocks below. Everything appeared as it"
"OdyHy12i4PsBZkM4jjdC","had a quite larger head. Everything was larger. The people in the town square all looked at them as they had","Transformed. He was no longer the small, puny potato farmer he used to be. He was now all purple and huge and","had a quite larger head. Everything was larger. The people in the town square all looked at them as they had Transformed. He was no longer the small, puny potato farmer he used to be. He was now all purple and huge and"
"NSZE9lXnuxIl0ZT4gRoy","an evil robot was terrorizing every major city. They all needed to train hard to defeat this threat, and not everyone made it out of",", they couldn't leave him alone. So they made sure they solved the problem before they parted for the next world, where","an evil robot was terrorizing every major city. They all needed to train hard to defeat this threat, and not everyone made it out of , they couldn't leave him alone. So they made sure they solved the problem before they parted for the next world, where"
"conv_58f0ce7b11cd427b8efb54a933443aea","play a lively melody on her flute, the notes skipping and dancing like the flames themselves, as the fire dancers began to weave and spin through the crowd, their movements hypnotic","moment when the fire dancers would emerge, their torches flaming like stars in the fading light, and the village's young musician, a girl named Aria, would begin to","play a lively melody on her flute, the notes skipping and dancing like the flames themselves, as the fire dancers began to weave and spin through the crowd, their movements hypnotic moment when the fire dancers would emerge, their torches flaming like stars in the fading light, and the village's young musician, a girl named Aria, would begin to"
"conv_6c680e8e-2455-4bdf-b4cd-fe6c409f373a","My sister and I used to have bedside stories read to us from one of the many books that were left by my granddad when he died in the war. I knew nothing better than to get...","snuggled up under the covers, the warmth of the fire seeping through the walls, and listen to tales of adventure and heroism. Those stories were my escape,","My sister and I used to have bedside stories read to us from one of the many books that were left by my granddad when he died in the war. I knew nothing better than to get... snuggled up under the covers, the warmth of the fire seeping through the walls, and listen to tales of adventure and heroism. Those stories were my escape,"
"conv_155f7493-3058-435d-a672-40e7e8ec213a","Air. The sun was setting and he wondered. Who was he gonna vote for the next kommunalvalg? He had absolutely no idea who the candidates were.","were or what they stood for. Sighing, he leaned back in his creaky wooden chair, the last rays of sunlight casting long shadows across the room. His","Air. The sun was setting and he wondered. Who was he gonna vote for the next kommunalvalg? He had absolutely no idea who the candidates were. were or what they stood for. Sighing, he leaned back in his creaky wooden chair, the last rays of sunlight casting long shadows across the room. His"
"conv_ff8f8b90ff284f71954c9a40da590bc5","a young woman named Emilia, who lived in a small village nestled between two great mountains. The villagers believed that the mountains held ancient secrets and mystical powers, and they often","whispered stories of strange occurrences and unexplained events that took place in the mountains' shadows. Emilia, with her curious nature and thirst for adventure, felt an inexp","a young woman named Emilia, who lived in a small village nestled between two great mountains. The villagers believed that the mountains held ancient secrets and mystical powers, and they often whispered stories of strange occurrences and unexplained events that took place in the mountains' shadows. Emilia, with her curious nature and thirst for adventure, felt an inexp"
"conv_691b8b725ae48193abaaaa9270b26d500f7b1fcbf105c42b","warned. ""Whoever shall stand before the magic mountains with a selfish heart shall be forever cursed."" That made Dan nervous. He thought he was a good guy, but","doubts crept in. As he left the bar, he pondered his own intentions, questioning whether his desire for knowledge was truly selfless. He resolved to prove","warned. ""Whoever shall stand before the magic mountains with a selfish heart shall be forever cursed."" That made Dan nervous. He thought he was a good guy, but doubts crept in. As he left the bar, he pondered his own intentions, questioning whether his desire for knowledge was truly selfless. He resolved to prove"
"conv_691b8b725ae48193abaaaa9270b26d500f7b1fcbf105c42b","In that instant, the universe enveloped him and he felt his shoulders go heavy with knowledge and his tongue tied.","with the burden of silence. As the traveler faded into the mist, Dan felt a profound sense of clarity. Though he could never share what he learned, through actions alone,","In that instant, the universe enveloped him and he felt his shoulders go heavy with knowledge and his tongue tied. with the burden of silence. As the traveler faded into the mist, Dan felt a profound sense of clarity. Though he could never share what he learned, through actions alone,"
"conv_26e2b109c7d34348a469ede32b8d089d","And so, beneath the glow of the brass tower and the watchful stars, Elsie’s magic lingered—a quiet promise that healing begins with kindness, and even the smallest","maker whose gifts ticked onward, binding together the hearts and time of her village with every gentle beat, long after the story’s final chime.","And so, beneath the glow of the brass tower and the watchful stars, Elsie’s magic lingered—a quiet promise that healing begins with kindness, and even the smallest maker whose gifts ticked onward, binding together the hearts and time of her village with every gentle beat, long after the story’s final chime."
"conv_691e9e26b7688197a86e51a9d9a7dfe1052dd4511749a606","In the old part of town—a part she normally was not allowed to go near, but the circumstances made...","her brave. Shadows danced along the cobbled streets, and the distant echoes of whispers seemed to call her name. Isabelle knew she had to uncover the truth behind these strange occurrences","In the old part of town—a part she normally was not allowed to go near, but the circumstances made... her brave. Shadows danced along the cobbled streets, and the distant echoes of whispers seemed to call her name. Isabelle knew she had to uncover the truth behind these strange occurrences"
"conv_8fd2ac26-a13c-4e85-b8ac-5f13e246b640","miracles. But the little woman missed painting with her tongue. She loved spending time alone in the forest painting the","leaves and flowers with vibrant colors, leaving trails of beauty wherever she went. It was her secret joy, a way to connect with nature on a deeper level. As the","miracles. But the little woman missed painting with her tongue. She loved spending time alone in the forest painting the leaves and flowers with vibrant colors, leaving trails of beauty wherever she went. It was her secret joy, a way to connect with nature on a deeper level. As the"
"vtVEZIgMKoEkI6hoyJnd","time to be alive. However, one day a piano fell from high above the clouds and landed on all five of her pets. Gertrud was livid","Gertrude. Gertrude was a lonely old woman closing her 89 years. She has 3 cats and 2 dogs, thinking it was a good","time to be alive. However, one day a piano fell from high above the clouds and landed on all five of her pets. Gertrud was livid Gertrude. Gertrude was a lonely old woman closing her 89 years. She has 3 cats and 2 dogs, thinking it was a good"
"conv_69a0753fc5d08196aa37099ec6c65b69083687b3e71b94b5","Caressed the stone, carefully following every line and arch on its surface. It seemed to have a message engraved in its surface.","a script that glowed softly under her touch. Eva traced the symbols, feeling a connection deep within her soul. The message spoke of a destiny intertwined with the forest's ancient","Caressed the stone, carefully following every line and arch on its surface. It seemed to have a message engraved in its surface. a script that glowed softly under her touch. Eva traced the symbols, feeling a connection deep within her soul. The message spoke of a destiny intertwined with the forest's ancient"
"ULRAMZF7ra0i53A9w3Gv","could get, sometimes even more and it is said, that with sometimes even craving more from Mary, the old lady kept her joy in life even","Very special. Sometimes Mary loved to cuddle Pluto, but sometimes she just wanted some alone time. Pluto was very confused with Mary, but he took all the love he","could get, sometimes even more and it is said, that with sometimes even craving more from Mary, the old lady kept her joy in life even Very special. Sometimes Mary loved to cuddle Pluto, but sometimes she just wanted some alone time. Pluto was very confused with Mary, but he took all the love he"
"conv_e335739c-0072-4945-8fe4-457a04c0997b","Heavy with the fruit it bore, apples as red as blood, with meat as white as snow and a core as black as ebony. And where its fruit fell from the","tree, a dark and mysterious pool began to form, its waters reflecting the twisted beauty of the tree, and it was said that on certain nights, when the moon was full","Heavy with the fruit it bore, apples as red as blood, with meat as white as snow and a core as black as ebony. And where its fruit fell from the tree, a dark and mysterious pool began to form, its waters reflecting the twisted beauty of the tree, and it was said that on certain nights, when the moon was full"
"conv_33502e38-922d-4e7d-a252-ab236947c3d2","Gray from all the dust. He knew that he had to uncover what was underneath. His curiosity was piqued. His interest -","piqued, Michael gently began to wipe away the layers of dust, revealing a glimpse of vibrant colors and bold brushstrokes, and as the last of the dust fell","Gray from all the dust. He knew that he had to uncover what was underneath. His curiosity was piqued. His interest - piqued, Michael gently began to wipe away the layers of dust, revealing a glimpse of vibrant colors and bold brushstrokes, and as the last of the dust fell"
"conv_3b65e0a1-1bf7-4f16-825f-63867d60f8d3","Saxophone played sweetly, as the old friend she'd never known. But there, there in the corner sat a creature, much unlike her usual shape. But then again, how unlike her old being wasn't she?","now? The creature—small, furred, with eyes like polished stones—raised its head and spoke in a voice that resonated with the same frequency as her deep","Saxophone played sweetly, as the old friend she'd never known. But there, there in the corner sat a creature, much unlike her usual shape. But then again, how unlike her old being wasn't she? now? The creature—small, furred, with eyes like polished stones—raised its head and spoke in a voice that resonated with the same frequency as her deep"
"conv_67ac97006f1d4d4ba320c77d5127773c","own. It spoke her name—not as she was now, but as she'd been before: the girl who'd laughed easily, who'd believed the sea kept its","lapped at her boots, cold seeping through the leather, and for the first time in seventeen years, Mara heard a voice that wasn't the wind or her","own. It spoke her name—not as she was now, but as she'd been before: the girl who'd laughed easily, who'd believed the sea kept its lapped at her boots, cold seeping through the leather, and for the first time in seventeen years, Mara heard a voice that wasn't the wind or her"
"conv_58f0ce7b11cd427b8efb54a933443aea","voice faded away, the light of the oak tree intensified, and the villagers felt their memories, long forgotten and buried deep within their minds, begin to stir and rise to the","in the sudden stillness, a low, gentle voice spoke, its words echoing in the minds of the villagers, saying ""the time of remembering has come,"" and as the","voice faded away, the light of the oak tree intensified, and the villagers felt their memories, long forgotten and buried deep within their minds, begin to stir and rise to the in the sudden stillness, a low, gentle voice spoke, its words echoing in the minds of the villagers, saying ""the time of remembering has come,"" and as the"
"conv_72218cb5-e59c-4c93-a4b9-a057fe5dad80","The figure. It felt like miles as he moved slowly and painfully on his knees; it felt like forever while he","crawled across the cold, damp ground, the sound of his labored breathing echoing through the darkness. His knees scraped against the rough stone, sending jolts of","The figure. It felt like miles as he moved slowly and painfully on his knees; it felt like forever while he crawled across the cold, damp ground, the sound of his labored breathing echoing through the darkness. His knees scraped against the rough stone, sending jolts of"
"conv_691f696d0b348190810494e2c5d82fee08324043d78ba0f7","And swiftly stored it in her pockets. Happy with the gift, she helped Andreas smith the sharpest sword, and Matilde the ghost helped infuse it.","with the essence of true chocolate milk. The sword, gleaming with a rich, deep brown hue, pulsed with power. Andreas could feel its warmth and strength flowing through","And swiftly stored it in her pockets. Happy with the gift, she helped Andreas smith the sharpest sword, and Matilde the ghost helped infuse it. with the essence of true chocolate milk. The sword, gleaming with a rich, deep brown hue, pulsed with power. Andreas could feel its warmth and strength flowing through"
"D8kJXS3suDI2tltssVgN","Worse than he could ever imagine. He cannot get the embarrassment out of his head. Wait. Is it really his head? Or did his mind integrate into the mind of","his butt? As he could no longer see or smell, there was only one way to find out. Determined to regain his dignity, he started","Worse than he could ever imagine. He cannot get the embarrassment out of his head. Wait. Is it really his head? Or did his mind integrate into the mind of his butt? As he could no longer see or smell, there was only one way to find out. Determined to regain his dignity, he started"
"conv_5b956e03-a900-47aa-88a9-54cb6be40071","So Silly Billy simply said to the people of Philly, that he could rule Chile better than Gohda. Then said Jimmy, that Silly Billy was being silly thinking a Philly could rule Chile.","But Silly Billy, not one to be deterred, pointed out that he was indeed a native of Philli, and that his silly nature could bring a fresh and much","So Silly Billy simply said to the people of Philly, that he could rule Chile better than Gohda. Then said Jimmy, that Silly Billy was being silly thinking a Philly could rule Chile. But Silly Billy, not one to be deterred, pointed out that he was indeed a native of Philli, and that his silly nature could bring a fresh and much"
"conv_0fcb83fd5cc0426ea3088bfd0c19daae","office and gathered the logbooks, all seventeen of them, their leather covers soft with age and sea air. Back in the lantern room, she opened the first volume and","began to read. ""Thomas Wardell, 1847 to 1851. 'The light holds against the dark.'"" 

The fog brightened","office and gathered the logbooks, all seventeen of them, their leather covers soft with age and sea air. Back in the lantern room, she opened the first volume and began to read. ""Thomas Wardell, 1847 to 1851. 'The light holds against the dark.'"" 

The fog brightened"
"fIf2ccAs4ZpVTP7BBoxp",", starting at the ice cream store right outside the office. . Lisa had just left an important meeting and","A young CEO with a dream. The dream is deeply rooted in personal memories. It all started in Austria, in 1968. It was the peak of the summer of love.",", starting at the ice cream store right outside the office. . Lisa had just left an important meeting and A young CEO with a dream. The dream is deeply rooted in personal memories. It all started in Austria, in 1968. It was the peak of the summer of love."
"conv_ccb90f8d-d4bb-406e-83e9-b91ac0615cac","Burden. Fast forward ten years later. She compared all men she dated to her dad. Who would actually be good enough? She was on her way to a date. He was a visiting professor from","Australia, and she couldn’t help but feel a mix of excitement and nervousness. As she walked through the bustling streets of the city, Dana reflected on how far she had","Burden. Fast forward ten years later. She compared all men she dated to her dad. Who would actually be good enough? She was on her way to a date. He was a visiting professor from Australia, and she couldn’t help but feel a mix of excitement and nervousness. As she walked through the bustling streets of the city, Dana reflected on how far she had"
"conv_691dc7c061d8819797504b613ba6691208409e48769ea891","Party fled the alley and the city. They cleared the walls when they heard the screams of the people, now being devoured by the demon. There","was no time to lose; they knew they had to seek help to defeat this menace. Despite their exhaustion and injuries, they pressed onward into the night, determined to find a","Party fled the alley and the city. They cleared the walls when they heard the screams of the people, now being devoured by the demon. There was no time to lose; they knew they had to seek help to defeat this menace. Despite their exhaustion and injuries, they pressed onward into the night, determined to find a"
"conv_1a776856-1876-44eb-b0f6-31b31250ddca","was sweated out of the body through the pores, although even with all this sweat, the smells were always","pleasantly overpowered by the fragrant aromas of the essential oils, sandalwood, and eucalyptus, that filled the air, creating a sense of","was sweated out of the body through the pores, although even with all this sweat, the smells were always pleasantly overpowered by the fragrant aromas of the essential oils, sandalwood, and eucalyptus, that filled the air, creating a sense of"
"conv_18be1999-da21-4ab6-8f9e-e52e6d9c8070","On the night of her 15th birthday, the village elders and people all celebrated her as she walked through the village gates stubbornly towards","the library, where a grand ceremony awaited. The air was thick with anticipation, and the villagers cheered her on, their faces illuminated by the flickering torchlight. As she","On the night of her 15th birthday, the village elders and people all celebrated her as she walked through the village gates stubbornly towards the library, where a grand ceremony awaited. The air was thick with anticipation, and the villagers cheered her on, their faces illuminated by the flickering torchlight. As she"
"conv_0bb56093-3033-4615-bb70-ebfa4135589a","But not enough to stop me from gettin' a nut. ""I wanna come over, what's up?"" That's what I told her soon as this episode of Martin go off.","the TV screen flickered to black, and John's eyes met Kendrick's, who was grinning mischievously, as if to say, ""You know what's","But not enough to stop me from gettin' a nut. ""I wanna come over, what's up?"" That's what I told her soon as this episode of Martin go off. the TV screen flickered to black, and John's eyes met Kendrick's, who was grinning mischievously, as if to say, ""You know what's"
"conv_02b6fce3-98d8-456f-b0e8-3708b9ca1968","It was more silence. Before she could even react, a dark creature, hideous beyond imagination, jumped out of the shadows with an","ear-splitting screech. She screamed and swung the wooden spoon, more out of reflex than anything else. The creature dodged easily, its eyes gleaming with a","It was more silence. Before she could even react, a dark creature, hideous beyond imagination, jumped out of the shadows with an ear-splitting screech. She screamed and swung the wooden spoon, more out of reflex than anything else. The creature dodged easily, its eyes gleaming with a"
"conv_48a63036afde46b78f210ee3dbf2df89","and the encouragement of the villagers, Lila opened the box. Inside, nestled on a bed of silk, lay a small, gleaming key. As she lifted it out","of the box, a soft glow enveloped the key, and the air around her seemed to vibrate with a newfound energy. The crowd watched in awe as Lila,","and the encouragement of the villagers, Lila opened the box. Inside, nestled on a bed of silk, lay a small, gleaming key. As she lifted it out of the box, a soft glow enveloped the key, and the air around her seemed to vibrate with a newfound energy. The crowd watched in awe as Lila,"
"conv_ff8f8b90ff284f71954c9a40da590bc5","were actually a map, etched into the pages of the texts, leading to a specific location within the mountains. The symbols, when decoded, revealed a path that wound through","treacherous ravines and hidden valleys, ultimately leading to a place known only as the ""Echoing Cavern"", a location shrouded in mystery and whispered to be","were actually a map, etched into the pages of the texts, leading to a specific location within the mountains. The symbols, when decoded, revealed a path that wound through treacherous ravines and hidden valleys, ultimately leading to a place known only as the ""Echoing Cavern"", a location shrouded in mystery and whispered to be"
"conv_5f17f002-84ad-4315-8c69-20ec83de1223","The unity. Everything went quiet – birds weren't singing, wind wasn't blowing, dark clouds appeared out of nowhere. The family sat in a room quietly, not a word or whisper.","was spoken, as if they were all holding their breath, waiting for some sign or signal that would explain Tina's mysterious absence, and it was then that Sophia, the elder","The unity. Everything went quiet – birds weren't singing, wind wasn't blowing, dark clouds appeared out of nowhere. The family sat in a room quietly, not a word or whisper. was spoken, as if they were all holding their breath, waiting for some sign or signal that would explain Tina's mysterious absence, and it was then that Sophia, the elder"
"conv_5e234f25-eb78-4ec3-8113-c66645149ddc","Movement in the bush next to him. Theo, without fear, quickly jumped into the bush trying to grab whatever was lying in there. He felt","fur—soft and warm—and heard a small yelp of surprise. He pulled back the branches carefully, and there, trembling beneath his hand, was a young","Movement in the bush next to him. Theo, without fear, quickly jumped into the bush trying to grab whatever was lying in there. He felt fur—soft and warm—and heard a small yelp of surprise. He pulled back the branches carefully, and there, trembling beneath his hand, was a young"
"conv_69120b0be9a881908567c1dfa912a6d90a309a13d5ea8eef","An archer. To be more precise, an elf. The tall elf was aiming at a white deer, the deer's skin shining against the forest's deep greenery. When the light hit","the stained glass just right, the colors danced across the pages of her book. The princess, named Elara, often imagined herself stepping into that forest, hidden among leaves and","An archer. To be more precise, an elf. The tall elf was aiming at a white deer, the deer's skin shining against the forest's deep greenery. When the light hit the stained glass just right, the colors danced across the pages of her book. The princess, named Elara, often imagined herself stepping into that forest, hidden among leaves and"
"conv_41180468-5036-4f69-af66-b7465bcb7316","She is able to use fairy dust to airlift most animals, but sea animals are the really tricky part. For those, she has","to work with the water-speakers—fairies who gave up flight long ago to develop gills and webbed fingers. They meet her at the shoreline of the great","She is able to use fairy dust to airlift most animals, but sea animals are the really tricky part. For those, she has to work with the water-speakers—fairies who gave up flight long ago to develop gills and webbed fingers. They meet her at the shoreline of the great"
"r47jfYG4ULZMEexvVeqs","coworker who secretly plays the guitar very well. He hears her singing and one day asks her to be alone. He wants to form a duo with her.","Her angelic voice, that also has a sort of raspy quality, rings from the bathroom stalls. Her boss even asks her to tone it down. Unknowingly, she has attracted the attention of a","coworker who secretly plays the guitar very well. He hears her singing and one day asks her to be alone. He wants to form a duo with her. Her angelic voice, that also has a sort of raspy quality, rings from the bathroom stalls. Her boss even asks her to tone it down. Unknowingly, she has attracted the attention of a"
"conv_c39559fbef1d4169b9bb65921929197a","steep, narrow stair descending into the rocks below. Swallowing her nerves, Mira stepped carefully onto the first cold stone step, lantern in hand, curiosity blazing, as","able. Guided by the map’s urging, Mira pressed her palm to the center of the spiral. To her amazement, the stone shifted with a grinding sound, revealing a","steep, narrow stair descending into the rocks below. Swallowing her nerves, Mira stepped carefully onto the first cold stone step, lantern in hand, curiosity blazing, as able. Guided by the map’s urging, Mira pressed her palm to the center of the spiral. To her amazement, the stone shifted with a grinding sound, revealing a"
"conv_d169dcc3b43f4aaaa66c06ed6d4e5484","the sun dipped below the horizon, casting a warm orange glow over the landscape, Sophia decided to take a step further, slipping through the trees and into the forest's shadowy","iqued by these stories, and she often found herself wandering to the edge of the forest, feeling an inexplicable pull to the mysteries that lay within. One evening, as","the sun dipped below the horizon, casting a warm orange glow over the landscape, Sophia decided to take a step further, slipping through the trees and into the forest's shadowy iqued by these stories, and she often found herself wandering to the edge of the forest, feeling an inexplicable pull to the mysteries that lay within. One evening, as"
"WYnhagFwtR0bJ9vucGsm","After all? And there he was, standing still and staring at her, confused, as if she were the first person he had seen in...","pyjamas walking to his front door, however when he looked a bit more he seemed to be very intrigued about that strange girl he had never seen","After all? And there he was, standing still and staring at her, confused, as if she were the first person he had seen in... pyjamas walking to his front door, however when he looked a bit more he seemed to be very intrigued about that strange girl he had never seen"
"conv_73564d95-9f66-42db-a2c0-fed78090bac2","Engineering classes, studying to become an astronaut; by night, she is up till the late hours, using the coding skills she...","learned from her father, a former hacker himself, to infiltrate the systems of corrupt corporations and governments, exposing their deepest secrets and lies. Her latest target was the powerful","Engineering classes, studying to become an astronaut; by night, she is up till the late hours, using the coding skills she... learned from her father, a former hacker himself, to infiltrate the systems of corrupt corporations and governments, exposing their deepest secrets and lies. Her latest target was the powerful"
"YprMqddWHK39musGQ4si","Roberts, Julia was famished and pale, and hamster had sympathy for her. ""Maybe I can have a pet Julia Roberts,"" it thought. So he","was now the master of the house. Julia regularly served him a plate of fruit or a glass of wine. But the house still","Roberts, Julia was famished and pale, and hamster had sympathy for her. ""Maybe I can have a pet Julia Roberts,"" it thought. So he was now the master of the house. Julia regularly served him a plate of fruit or a glass of wine. But the house still"
"conv_d169dcc3b43f4aaaa66c06ed6d4e5484","in the gentle, luminescent light, Sophia felt her heart overflow with a deep sense of peace and understanding, and she knew that she would never see the world, or","part of the world, but the world was a part of her, a realization that filled her with a sense of awe and wonder, and as she stood there, bathed","in the gentle, luminescent light, Sophia felt her heart overflow with a deep sense of peace and understanding, and she knew that she would never see the world, or part of the world, but the world was a part of her, a realization that filled her with a sense of awe and wonder, and as she stood there, bathed"
"conv_7c23347e-6172-4c84-9fd0-45ef34290bd5","The door could indeed not be closed, and after eating my piece, the rat just exited out the door, happy.","# The Sewer Rat (Continued)

**Chapter Eight: Freedom**

and satisfied, its mission complete. The facility lay in ruins behind it—w","The door could indeed not be closed, and after eating my piece, the rat just exited out the door, happy. # The Sewer Rat (Continued)

**Chapter Eight: Freedom**

and satisfied, its mission complete. The facility lay in ruins behind it—w"
"conv_69120b0be9a881908567c1dfa912a6d90a309a13d5ea8eef","Jumped in the boat and rowed across. Aiden's floating lanterns started popping up by the lake as she was rowing. She knew she could trust him with","her heart racing a little at the thrill of this unexpected journey. As the boat followed the gentle glow of the lanterns, she could see the silhouette of a quaint cottage nestled","Jumped in the boat and rowed across. Aiden's floating lanterns started popping up by the lake as she was rowing. She knew she could trust him with her heart racing a little at the thrill of this unexpected journey. As the boat followed the gentle glow of the lanterns, she could see the silhouette of a quaint cottage nestled"
"conv_41180468-5036-4f69-af66-b7465bcb7316","ocean. From here they work together to move fish, whales, and shellfish. They have to work together to create water bubbles to transport","the creatures safely across land when necessary—shimmering spheres of enchanted seawater that float beside Michelle as she flies, guided by the water-speakers' songs","ocean. From here they work together to move fish, whales, and shellfish. They have to work together to create water bubbles to transport the creatures safely across land when necessary—shimmering spheres of enchanted seawater that float beside Michelle as she flies, guided by the water-speakers' songs"
"conv_90ea40da-2853-405a-9c2f-a22e77888401","People from all nationalities would know the wonders of the function of human language, exactly the thing that had started life with.","Gustav’s journey. His legacy lived on through every word spoken and every lesson taught, a testament to the power of communication and the enduring impact of a curious giraffe","People from all nationalities would know the wonders of the function of human language, exactly the thing that had started life with. Gustav’s journey. His legacy lived on through every word spoken and every lesson taught, a testament to the power of communication and the enduring impact of a curious giraffe"
