"conversation_id","full_story"
"conv_0167992fbd07472d93b8bcb9433f4bc3","a little brass key that had never opened a single door. It lived inside a dusty old drawer in the back of Mr. Damrey’s Antiques, surrounded by mismatched buttons, tangled pocket watch chains, and the odd marble or two. No one who visited the shop ever spared it a second glance. The key sometimes dreamed—if keys could dream—of fitting perfectly into a lock and turning with a satisfying click. It wondered what might be on the other side: a lost diary, a treasure chest, a mysterious cabinet that hummed quietly with secrets. The other trinkets in the drawer teased the key for its wishful thinking. “Face it,” snorted a battered th imble, “you’re just an orphan key. No hope of ever being useful.” But the key clung to its dreams. And one rainy afternoon, the shop bell jingled as someone unfamiliar stepped through the door. It was a little girl with coppery hair and eyes wide with curiosity. She tiptoed past the shelves stacked high with ancient globes, cracked teacups, and dusty tomes, her gaze darting from one peculiar object to the next. Eventually, she paused at the counter, drawn to the gleam of brass peeking from the half-open drawer behind it. She pointed shyly. ""What's in there?"" she asked. Mr. Damrey rose from his creaky chair, warming to her interest. ""Oh, just odds and ends, my dear,"" he replied. But seeing her persistent gaze, he opened the drawer wider and let her peer inside. The girl's fingers hovered over the jumble, but it was the little brass key she picked up. It felt surprisingly warm in her palm as if it had been waiting only for her. She grinned, turning it over in her hand. ""May I have this?"" she asked softly. Mr. Damrey smiled, his eyes twinkling as if he recognized a secret at last waking. “Of course, my dear. Take good care of it—sometimes the smallest keys unlock the most remarkable things.” With the key clutched tightly in her palm, the girl hurried home through the lingering drizzle. That evening, while exploring her grandmother’s attic—an old, forgotten space filled with shadowy trunks and mothball-scented memories—she paused in front of a faded wooden chest. A curious, brass lock gleamed up at her from the clasp—worn, oval, and inscribed with the same delicate filigree as her new key. Heart pounding with hope, she knelt and, with trembling fingers, fit the little brass key into the lock. It turned with a soft, triumphant click. The chest creaked open, revealing a trove of letters, photographs, and delicate mementos from generations past. As she lifted the topmost letter, she realized that, all along, the key had been waiting for her—a gentle bridge to stories and memories hidden away. Smiling through happy tears, she promised to cherish what she’d found, and knew deep down that the brass key’s dream had come true at last—it had unlocked not just a chest, but a new friendship and a legacy of wonder that would be treasured for generations to come . And from its little place on her necklace, the key gleamed proudly, no longer dreaming but content, for sometimes, being found is the greatest adventure of all."
"conv_0d6e2d3da7304c6689e9ecfe6fde6f65","a small, mysterious village nestled in the heart of a dense forest, where the air was sweet with the scent of blooming wildflowers and the sky seemed to stretch on forever The thatched roofs of the village cottages blended seamlessly into the landscape, as if they had grown organically from the earth itself. A meandering stream ran through the center of the village, its gentle gurgling providing a soothing background melody that seemed to lull the inhabitants into a state of serene tranquility, and along its banks, a young girl with hair as wild as theflowers that bloomed in every color of the rainbow, sat with her feet dangling in the cool, clear water, watching as the delicate petals of a nearby water lily began to unfurl, revealing a golden center that shone like a tiny sun, and as she gazed, a small, ir idescent dragonfly landed on one of the petals, its wings beating at a hypnotic pace as it seemed to regard the girl with an unblinking gaze, and she felt an inexplicable sense of connection to the creature, as if it were trying to convey a message that only she could understand, and she reached out a hand, her fingers brushing against the dragonfly's delicate wings, causing it to flutter up and circle around her head, its path weaving a intricate pattern in the air as it led her to a hidden path that wound its way through the village, a path she had never noticed before, and the dragonfly danced ahead, its shimmering form beckoning her to follow through the narrow passage, which was overgrown with vines and shrubs that seemed to lean in, as if to whisper secrets, and the air grew thick with the scent of old books and parchment, a musty aroma that seemed to transport her to a different time and place, and the dragonfly vanished, leaving her standing before a large, ancient door, adorned with strange symbols and markings that seemed to shimmer and glow in the fading light, and as she reached out to touch the door, it creaked slowly open revealing a dimly lit chamber filled with rows of dusty, leather-bound tomes, and a figure cloaked in shadows sat at a large, wooden desk, surrounded by piles of yellowed manuscripts and scattered pages, the flickering light of a single candle casting eerie silhouettes on the walls as the figure slowly raised its head, revealing a face that was both familiar and yet, utterly strange, with eyes that seemed to hold the depth of the forest and the wisdom of the ages, and the girl felt a shiver run down her spine as the figure's gaze locked onto hers, and she felt the weight of countless secrets and stories being shared with her in that single, piercing glance and in that moment, the girl knew that her life would never be the same, that the mysteries and tales that lay hidden within the dusty pages and whispered secrets of the village would slowly begin to unravel before her, like the petals of a flower unfolding to reveal its golden center, and as the figure's eyes continued to hold hers, she felt the threads of fate and destiny weaving together, forming a tapestry of wonder and magic that would forever change the course of her journey, and with a gentle smile, the figure beck oned her closer, its voice barely above a whisper as it spoke a single, haunting word: ""begin,"" and the girl felt the room, the village, and the entire"
"conv_0fd6cc492222412ebfe9cafb26d7076b","a lighthouse keeper named Mara who hadn't spoken to another human being in three years. She preferred it that way. The solitude suited her like a well-worn coat, familiar and comfortable against the endless wind. The lighthouse stood on a jagged finger of rock that jutted into the Atlantic, accessible only by a narrow causeway that disappeared beneath the waves twice daily. Mara had learned the rhythm of the tides as intimately as her own heartbeat, knew exactly when she could venture to the mainland for supplies and when the sea would reclaim its territory, isolating her once more. This morning, she found footprints in the wet sand near the base of the lighthouse—fresh prints that couldn't have been more than an hour old. Impossible. The tide had come in at dawn, washing everything clean. She would have heard the causeway bell if anyone had crossed before the water rose. Yet here they were: bare feet, small, with toes splayed wide as if unaccustomed to walking on land. The prints led not from the causeway but from the tide pools below the rocks, winding up the spiral path toward her door. Mara's pulse quickened as she followed them, her boots crunching over barnacle-crusted stone. The tracks glistened with something that wasn't quite water—thicker, almost opalescent in the morning light. She crouched down, touching a fingertip to the substance. It was cold, viscous, and left a faint tingling sensation on her skin. Salt, but wrong somehow—ancient and heavy with minerals she couldn't name. The footprints ended at her door, which stood slightly ajar. Mara's breath caught. She always locked it. Always. Inside, she could hear something—a sound like wet fabric dragging across floorboards, accompanied by shallow, rattling breaths. Her hand instinctively reached for the iron poker by the entrance. She pushed the door wider, letting pale sunlight spill across the worn wooden floor. There, huddled beside her woodstove, was a figure wrapped in what appeared to be kelp and tattered sailcloth, shivering violently. Long dark hair plastered to a face so pale it seemed transl ucent, veins visible like rivers on a map beneath the skin. The figure's eyes snapped open—black from edge to edge, reflecting the dim light like a seal's—and locked onto Mara with an intensity that rooted her to the spot. For three years, she'd craved silence, but now that silence pressed against her chest like a weight. The figure's mouth opened, and instead of words, a sound emerged—part whisper, part wave breaking, carrying within it an impossible longing that bypassed Mara's ears and struck directly at something deeper. It spoke of drowning and salvation, of depths where light had never reached, and of a bargain made long ago by lighthouse keepers before her—a promise written in the lighthouse's foundation stones, paid in solitude and silence until the sea came to collect what was owed. Mara's hand trembled on the poker as understanding flooded through her. This lighthouse, her refuge, had never been hers"
"conv_128e85acb85c47abb3160417df801c95","a young girl named Emilia, who lived in a small, seaside village surrounded by vast, rolling hills and dense forests. The villagers believed that the forests were enchanted, and whispers of ancient magic and mythical creatures had been passed down through generations, captivating Emilia's imagination and fueling her desire to explore the mysterious woods. She had always felt an inexplicable connection to the forest, as if the trees themselves were calling to her, their leaves rustling with a gentle, whispery voice that only she could hear. The voice seemed to grow louder and more insistent as she approached her 16th birthday, and Emilia began to feel an overwhelming sense of restlessness, as if the forest was awakening a part of her that had long been dormant, stirring a deep well of power and potential that threatened to burst forth and change the course of her life forever. As the full moon rose higher in the night sky, casting an ethereal glow over the village and the forest, Emilia felt the power within her surging to the surface like a wild, untamed force, urging her to leave the safety of her home and venture into the heart of the forest, where the ancient magic was said to be at its strongest, and the trees were rumored to hold the secrets of her family's past, a history that had been shrouded in mystery and silence for as long as anyone could remember, with only whispers of a long-forgotten tragedy and a curse that had been placed upon her family, a curse that was said to be lifted only when the truth about the past was finally revealed, and the shadows that had haunted her family for so long were brought into the light, a prospect that both thrilled and terrified Emilia as she stood at the edge of the forest, the trees looming before her like sentinels, their branches creaking softly in the night breeze as if beckoning her forward into the darkness, where the moonlight filtering through the leaves cast dappled shadows on the forest floor, creating a sense of eerie, otherworldly beauty that seemed to draw her in with an inexorable force, as if she was being pulled down a path from which there was no return, a path that wound deeper into the forest, leading her further and further away from the familiarity of the village and into a realm where the air was sweet with the scent of blooming wildflowers and the soft, silvery light of the moon illuminated a clearing, where a magnificent tree with a trunk as wide as a house and branches that seemed to stretch up to the stars stood tall, its bark shimmer ing with a soft, ethereal glow that seemed to emanate from within, as if the tree itself was a source of light and life, and Emilia felt herself drawn to the tree with a sense of reverence and wonder, her feet carrying her closer and closer until she was standing right beside it, feeling the gentle hum of its energy and the vibrations of its ancient power, which seemed to be resonating deep within her very being, as if the tree was awakening a part of her that had been dormant for centuries, a part that was connected to the earth and the magic that flowed through it, and as she reached out a hand to touch the trunk of the tree, she felt a surge of energy course through her body, as if the tree was imparting its wisdom and knowledge to her, and suddenly, visions of the past and present and future"
"conv_13310cc751b94ff588feee050bbb0102","Margot Chen, a lighthouse keeper who discovered that every foghorn blast could summon memories from the sea. It started on a Tuesday in It started on a Tuesday in October, when the fog rolled in thick as wool and refused to leave. Margot had been keeper of Point Mercy lighthouse for three years , but she'd never seen anything quite like this. The fog clung to everything—the rocks, the railing, even her skin felt damp and heavy with it . She climbed the spiral stairs to sound the foghorn, as she'd done hundreds of times before, and pressed the lever. The blast rang out across the water , deep and mournful, reverberating through her chest. But this time, something was different. As the sound faded, Margot saw them—shapes in the fog, translucent and shimmering like heat mirages. A fishing boat with torn sails materialized just beyond the breakers, and she could hear voices calling to each other in a language she didn't recognize, Portuguese maybe, urgent and afraid. Then she saw the date painted on the hull: 1887. The vessel flickered like a failing lightbulb, then vanished as the foghorn's echo died away completely. Margot's hands trembled on the cold metal railing. Her breath came in short gasps, fogging the air before her face. Had she really seen that? She waited, counting heartbe ats, then pressed the lever again. This time the foghorn brought forth a different memory: a woman in a long coat standing at the edge of the rocks, her hair whipping in a wind that Margot couldn't feel. The woman held a lantern high, swinging it back and forth in some desperate signal. Her lips moved silently, forming a name over and over—""Thomas, Thomas""—and tears streamed down her weathered face. The lantern's glow p ulsed with each repetition, growing dimmer, until it flickered out entirely and the woman dissolved into mist. Margot stumbled backward, her spine hitting the lighthouse wall. The fog pressed closer now, expectant, as if it had been waiting centuries for someone to finally listen. She understood then what Point Mercy truly was—not just a warning for ships, but a keeper of the ocean's grief. Every soul lost to these waters, every farewell shouted into the wind, every desperate prayer left unanswered—they were all here, suspended in the salt air, waiting for the foghorn's call to give them shape again. Margot looked out at the endless gray, her hand still resting on the lever. She thought of all the lonely nights she'd spent here, believing she was simply keeping sailors safe. But now she realized her true purpose was something else entirely—to be a witness. To give voice to those the sea had silenced. She pressed the lever one final time, and the foghorn sang out long and clear across the water. This time, dozens of forms emerged from the fog—sailors and swimmers, lovers and lighthouse keepers long dead, fishermen and their children, all of them turning toward her light as if it were absolution itself. They didn't speak, but"
"conv_1e8fc81260cf456aa7dfeaf3088c2cf8","Eliara, a young woman from a small village nestled at the foot of the towering Ironclad Mountains. Eliara was known for her curious nature and an insat atiable hunger for adventure. Despite the warnings of the elders about the dangers that lurked beyond the village borders, she often found herself drawn to the mysterious paths that wound through the dense forests and up into the mountains. One crisp autumn morning, driven by a map she had discovered in her grandfather’s old chest, Eliara set out to find the legendary Sunstone, said to be hidden deep within the heart of the Ironclad Mountains. The map was tattered and worn, but the faded ink still revealed the path that led to a hidden valley. With a backpack filled with supplies and her heart pounding with excitement, Eliara followed the winding trail, her eyes scanning the forest for any signs of the path marked on the map. The air grew cooler as she ascended, and the trees thinned, giving way to rocky cliffs and patches of snow. As the sun began to set, casting long shadows across the landscape, Eliara reached a fork in the path. According to the map, one route led to a treacher ous ravine, while the other wound around to a secluded grove. Uncertain which way to go, she paused to study the map more closely. The grove seemed safer, but the ravine was closer to the location marked on the map. Just as she was about to make her decision, a gentle breeze carried the sound of a distant melody, faint but unmistakable. Intrigued, Eliara followed the sound, which led her off the main path and deeper into the forest. The trees grew taller and the air more still, until she emerged into a clearing where a small, ancient stone circle stood. In the center, a figure played a wooden flute, creating a hauntingly beautiful tune. The figure, cloaked in a hooded robe, noticed Eliara’s approach and slowly lowered the flute. “You must be the one the stars spoke of,” the figure said, their voice as melodic as the music they had been playing. “I am Arlyn, guardian of the Sunstone. Many have sought it, but few have come this far. The Sunstone lies beyond the Circle of Shadows, but to reach it, you must first prove your worth.” Arlyn gestured to the stone circle. “Within these stones lies a test. If you pass, the path to the Sunstone will be revealed. Are you ready to face what awaits?” Eliara took a deep breath, her curiosity and determination burning bright. “I am ready,” she replied, stepping forward into the stone circle, ready to face whatever challenges lay ahead. As she crossed the threshold, the stones began to glow with a soft, ethereal light, and the air thrummed with an ancient magic. The ground beneath her feet shifted, and the clearing transformed into a series of trials designed to test her courage, wit, and heart. Each challenge pushed her to her limits, but Eliara persevered, drawing strength from her dreams and the memory of her grandfather’s stories. Finally, after overcoming the last trial, the stone circle returned to its peaceful state, and Arlyn reappeared. “Well done, Eliara,” he said, his eyes gleaming with approval. “You have proven yourself worthy. The path to"
"conv_22bc1e2a89b441c39c7c4fb658409988","a young girl named Emilia, who lived in a small village on the edge of a vast and mysterious forest. The villagers had always whispered about the forest, telling tales of strange creatures that lurked in the shadows, and ancient magic that seeped from the trees themselves. Emilia had always been fascinated by these stories, and she often found herself wandering to the forest's edge, feeling an otherworldly pull that seemed to beckon her closer. One day, as she stood at the edge of the trees a soft breeze carried the scent of wildflowers and honey through the air, and Emilia felt an inexplicable sense of longing, as if something within the forest was calling to her, its gentle voice weaving in and out of the rustling leaves and the soft chirping of birds. Without thinking, Emilia stepped forward, her feet carrying her across the threshold of the forest, into a world of dappled sunlight and emerald shadows. The trees seemed to close in around her, their branches tangling above her head in a canopy of leaves that filtered the sunlight and cast the forest floor in a soft, ethereal glow. As she walked, the silence deepened, and Emilia began to notice the subtle sounds of the forest, the gentle creaking of branches, the soft hush of ferns swaying in the breeze, and the distant sound of running water, which grew louder with each step, until she caught sight of a crystal-clear stream, its surface adorned with delicate water lilies and reflecting the dappled light that filtered through the trees, creating a dazzling display of light and color that seemed almost otherworldly. Emilia felt a sense of wonder wash over her as she approached the stream's edge, where she noticed a small wooden boat, half-hidden among the reeds and water lilies, its worn wooden slats glowing with a soft, silvery sheen that seemed to emanate from within the wood itself, as if the boat had been infused with a gentle, lunar magic. Without hesitation, Emilia reached out to touch the boat's worn wooden hull, feeling a sudden jolt of connection, as if the boat had been waiting for her, its wooden slats imbuing her fingers with a sense of calm and a deep understanding, as if the boat was imparting a secret knowledge to her, a knowledge that only the forest and its creatures understood. As she stood there, the forest seemed to grow quieter, as if holding its breath in anticipation, and Emilia felt herself becoming one with the boat, the stream, and the trees themselves, her spirit merging with the ancient, whispering heart of the forest, until she was no longer just a young girl standing on the edge of a woods, but a part of the very essence of the forest, her soul intertwined with the delicate balance of nature, and in this moment of perfect harmony, Emilia knew that she would never be the same, that she had been forever changed by the forest's gentle, insistent wisdom, and that she would carry its secrets and magic with her, deep within her heart, wherever her journey might take her, and as she stood there, bathed in the soft, emerald light of the forest, Emilia felt a sense of peace and belonging that she had never known before, a sense of being home, not just in the physical sense, but in the deepest, most profound sense of the word,"
"conv_2f7bb4449ed247078cd34e12d2b7a713","a young girl named Aria who lived in a small village on the edge of a dense and mysterious forest. The villagers often whispered about the strange occurrences and unexplained noises that came from the forest, and many believed it to be inhabited by malevolent spirits and dark creatures. Aria, however, felt an inexplicable pull towards the forest, and often found herself wandering to its edge, feeling the thrill of the unknown as the trees seemed to lean in, their leaves rustling softly in the wind. One day, as she stood at the forest's edge, the rustling of the leaves grew louder, and Aria could have sworn she heard her name being whispered, the soft voice carried on the gentle breeze, sending shivers down her spine as the voice seemed to be calling to her, drawing her in with an otherworldly allure. Without thinking, Aria stepped forward, her feet carrying her across the threshold of the forest, the dense foliage enveloping her like a veil, and the trees seemed to close in around her, casting deep shadows that made it difficult for her to see more than a few feet in front of her. The whispering of her name grew louder, and Aria felt a strange, pulsating energy emanating from the trees, as if they were alive and humming with an ancient power, and the sound of her name became clearer, more ins istent, until she could make out the soft, melodic voice that was calling to her, a voice that seemed to be coming from all directions at once, echoing off the trees and resonating deep within her chest, and Aria felt her heart beating in time with the voice, as if it were calling to a part of her that she never knew existed, a part that was hidden deep beneath the surface of her everyday self, and as the voice grew louder, more urgent, Aria felt herself being drawn towards a clearing, the trees parting like a veil to reveal a glowing, ethereal light that filled the center of the clearing, and as she stepped into the light, the voice fell silent, and Aria was surrounded by an intense, pulsating radiance that seemed to be imbuing her with a deep sense of knowledge and understanding, as if the very essence of the forest was being transmitted into her being, and she felt her mind expanding, her perceptions shifting, as the secrets of the forest and the mysteries of the universe began to unfold before her, and Aria saw the intricate web of life that connected all things, the delicate balance of nature, and the hidden patterns that governed the cosmos, and in this moment of profound revelation, she understood that she was a part of this vast, interconnected tapestry, a thread woven into the fabric of existence, and as this realization took hold, Aria felt a sense of unity and belonging that transcended the boundaries of time and space, and she knew that she would never see the world in the same way again, for she had been forever changed by the secrets and mysteries that the forest had revealed to her, and with this newfound understanding, she emerged from the clearing, stepping back into the world with a sense of wonder, awe, and trepidation, for she knew that she had been entrusted with a great gift, one that would guide her on her journey through life, and as she walked back to her village, the trees seemed to whisper their farewell, their leaves rustling softly in the breeze"
"conv_30e18a9b04c241e9b91d87763593e161","a stray cat named Milo who lived in the heart of a sprawling city. Milo’s world was a maze of narrow alleyways, hidden doorways, and rooftop gardens where humans never ventured. He was a small, grey tabby with sharp green eyes that missed nothing. Every day brought new adventures—a dropped fish from the market, a curious pigeon to chase across sun-warmed tiles, or the glint of a coin hidden beneath a crumpled newspaper. Despite the city’s bustle, Milo never felt lonely. He had a knack for making friends with anyone willing to spare a moment—or a morsel. An elderly baker would sometimes leave out scraps of bread behind the bakery, and a gentle florist tucked wilted petals and leaves beside her shop, making a soft bed for Milo to nap on. Even the grumpy watchman at the clocktower, though he pretended not to notice Milo, always let out a sigh that sounded suspiciously like a greeting and left the heavy door ajar—just wide enough for a certain quick tabby to slip inside when rain drenched the city. Safe and dry among the rhythmic ticking gears, Milo found comfort in the clock’s gentle song and warmth in the quiet company of those enormous, mysterious machines. On such rainy nights, Milo would curl up by the tall window, watching raindrops race each other down the glass, dreaming of faraway places where the air always smelled like baking bread and gardens blossomed year-round. One stormy evening, as thunder echoed off the rooftops, Milo noticed something strange outside the clocktower window—a faint, flickering light darted between the shadows on the street below. Curious and emboldened, Milo leapt from his perch and quickly slipped out the ajar door, darting down stone steps into the silvery rain. The light danced ahead, weaving between puddles, always just out of reach. With determination, Milo chased the flickering glow through tangled alleys and across empty market stalls, his paws silent on the wet stones. The city around him blurred into streaks of gold and silver, until finally the light paused at the twisted base of an old sycamore tree deep in a hidden square. Milo approached cautiously, his heart fluttering as the light brightened, revealing a tiny lantern—clutched tightly in the hands of a shivering kitten no older than Milo himself once was. The kitten’s eyes met Milo’s—wide, bewildered, and hopeful. Without hesitation, Milo stepped forward, sheltering the trembling stranger beneath his own warmth as the lantern’s glow grew stead ier. The rain softened to a mist, the city quieting as if listening. Milo nudged the kitten gently, and together they carried the little lantern back toward familiar alley ways and kindly doors, each golden pool of light marking a new beginning—not just for the lost kitten, but for Milo too, whose city heart had found a new companion. From that night on, Milo was never alone beneath the city’s glowing lamps or clocktower’s gentle chimes. Wherever he wandered—through gardens, alleys, or the warm bakery doorway—there was always two shadows flickering side by side. Together, they learned the city anew, reminding everyone that kindness, shared in simple acts, could light even the winding, rain-soaked streets with warmth and hope. The city’s secret places belonged to them now—two friends, bound by a single lantern and a world of"
"conv_31c0212a0cd1480fb64b02f7065eaf80","a small village nestled in the heart of a vast, enchanted forest. The village, known as Greenhaven, was a place where the air was always fresh and the trees whispered secrets of old. The villagers lived in harmony with nature, and their homes were built from the very wood of the forest, blending seamlessly into the surroundings. At the edge of the village stood a towering oak tree, its branches spreading wide like the arms of a guardian. This tree, known as the Heartwood, was said to be the oldest and most powerful in the forest. It was believed that the tree held the essence of the forest itself, and the villagers often gathered around it for celebrations and ceremonies. One such ceremony was approaching—the Festival of Lights, a time when the villagers would light lanterns and release them into the night sky to honor the spirits of the forest. As the sun began to set, casting long shadows through the leaves, children ran through the streets with baskets full of handmade lanterns, their faces alight with excitement. Elders sat on the porches of their wooden homes, sharing stories of past festivals and the magic that had been witnessed. In the center of the village, a young girl named Elara was preparing a special lantern. She had woven it with intricate patterns and adorned it with flowers she had picked from the forest. Elara’s heart beat with anticipation as she imagined the moment her lantern would rise into the sky, carrying her wishes and dreams. As the last light of day faded, the village square filled with a warm glow from the lantern fires. Villagers of all ages gathered, their faces illuminated by the soft, flickering light. The air was thick with the scent of pine and the sound of laughter. Elara took a deep breath and stepped forward, holding her lantern high. With a gentle push, she released it into the air, and it slowly ascended, joining dozens of others that danced and drifted upward. The sky became a canvas of floating lights, each one carrying the hopes and dreams of the people below. Elara watched, her eyes wide with wonder, as the lanterns formed a beautiful constellation above the village. The Heartwood seemed to shimmer in response, its leaves rustling softly as if in approval. The villagers clapped and cheered, their voices blending into a joyful symphony. As the last lantern rose and the night deepened, a sense of peace settled over Greenhaven like a warm blanket. The festival had brought the community closer, and the magic of the forest had once again woven its spell over the hearts of all who called Greenhaven home that night. As the villagers returned to their homes, they carried with them the memory of the lanterns and the promise of another year of harmony and prosperity. The Heartwood stood tall, its ancient roots deep in the earth, a silent witness to the enduring spirit of the village. And so, the Festival of Lights came to a close, leaving behind a trail of warmth and light that would guide the villagers through the coming seasons. In the heart of the forest, Greenhaven thrived, a beacon of hope and community. As the first rays of dawn broke through the canopy, the villagers awoke with renewed vigor, ready to face whatever the new day might bring, knowing that they were protected by the magic of the forest and the strength of their bonds. The story of the Festival of Lights would be told for generations, a reminder of the power of unity and"
"conv_321a69494cbd4f88981e08549b1ed799","a lighthouse keeper who discovered that the beam of light didn't just warn ships away from the rocks—it opened doorways to other worlds. # The Lighthouse at World's End Magnus had tended the lighthouse for seventeen years before he noticed anything strange. The beam swept across the black waters every night, as it always had, but on this particular evening during the autumn equinox, something shimmered in its path. Not on the water, but in the air itself— a rippling distortion like heat waves rising from summer pavement, except these waves held colors Magnus had no names for. They pulsed in time with the lighthouse beam , growing more vivid with each rotation until they coalesced into something solid. Magnus pressed his weathered hands against the glass of the lantern room, his breath fo gging the pane as he watched a doorway take shape—an actual threshold suspended thirty feet above the churning waves. Through it, he glimpsed not the familiar darkness of the ocean night, but a vast amber sky streaked with violet clouds that moved against the wind. Strange birds—or were they fish?—swam through the air in graceful spirals, their scales catching light that seemed to come from everywhere and nowhere at once. Magnus stumbled back from the glass, his heart hamm ering against his ribs. The beam continued its rotation, and as it swept away from the doorway, the portal began to fade. But not completely—a f aint outline remained, trembling like a soap bubble ready to burst. Magnus watched, transfixed, as the lighthouse beam completed its circuit and returned. The doorway blazed back to life, brighter than before, and this time Magnus heard something: a melody that seemed to bypass his ears entirely and resonate in his bones. It was achingly familiar, though he'd never heard it before—like a lullaby his mother might have sung if she'd been born in that amber-skied world instead of the grey fishing village below. Without thinking, Magnus found himself descending the spiral stairs, his oil-stained boots clanging against iron. He emerged onto the gallery that circled the lantern room, salt spray misting his face as wind whipped at his coat. The doorway hung there, impossibly close now, pulsing with invitation. Magnus could feel the warmth radiating from it, so different from the October chill that bit at his cheeks. His hand stretched forward , fingers trembling as they crossed the threshold. The warmth enveloped his skin like bathwater, and suddenly he wasn't reaching into the doorway—he was standing within it, one foot still on the lighthouse gallery, the other on ground that felt like moss and hummed like a tuning fork. The amber world sprawled before him in impossible geometry—floating islands connected by bridges of crystallized light, waterfalls that flowed upward into those violet clouds. The singing grew louder, and Magnus turned to see figures approaching through the amber haze—beings that moved like humans but shimmered like the northern lights he'd watched from this very lighthouse countless winters ago . They stopped a respectful distance away, and the nearest one raised a hand in greeting. Its voice, when it spoke, was the same melody he'd heard, forming"
"conv_395bcf9db4414801b0c85ced2ad40c9d","a lighthouse keeper who stopped counting days. Margaret had arrived at the Beacon Point lighthouse on a Tuesday in March, though after the first few months Margaret had arrived at the Beacon Point lighthouse on a Tuesday in March, though after the first few months, she'd stopped marking the calendar altogether. The routine had swall owed her completely—waking to the rhythm of waves, climbing the spiral stairs to tend the light, watching the horizon blur the line between sea and sky until they became one endless gray canvas. The logbook sat on her desk, its last entry dated sometime in summer, the ink already fading. She'd meant to record the passing ships , the weather patterns, the migrating whales that breached near the rocks. But her pen had grown heavier with each week, and the pages remained blank, acc umulating dust like the shelves in the keeper's quarters below. The lighthouse itself didn't seem to mind her negligence. It breathed its own rhythms—the grinding turn of the Fresnel lens, the rhythmic pulse of light cutting through fog, the creak of iron and stone expanding in the day's heat and contracting in the midnight cold. Margaret had become attuned to these sounds, could distinguish between the ordinary groans and something else, something that didn't quite belong. It started on a night when the fog rolled in thicker than she'd ever seen, swallowing even the rocks below. A rhythm beneath the rhythm—a tapping that followed no pattern she recognized, neither morse nor the random percussion of loose shutters. Margaret paused on the landing, one hand on the cold railing, listening. The t apping stopped. In its place came something worse: silence so complete that even the ocean seemed to hold its breath. Then, from somewhere in the keeper's quarters below, a sound like pages turning. Margaret's throat tightened. She lived alone, had lived alone since—how long now? The calendar's abandonment made it impossible to say. Weeks? Months? The isolation had been exactly what she'd wanted, what she'd fled to after the trial, after the accusations she couldn't refute because they were true. Her hand had been steady that night in the hospital, her decision clear even as the monitors flatlined. Mercy, she'd called it. Murder , the prosecution had said. The jury couldn't decide, and so they'd let her walk—but not back to her old life. The medical board had stripped her license , and the whispers had followed her through every town until she'd found this: a lighthouse that asked no questions, a position no one else wanted. The page-turning sound came again, deliberate and slow, as if someone were reading with great care. Margaret descended the spiral stairs, each step an act of will. The keeper's quarters door stood ajar, though she clearly remembered closing it. Inside, the logbook lay open on her desk, its blank pages now filled with her own handwriting—entries she had no memory of making. Dates she couldn't account for, observations of ships that never appeared on any maritime records, names of drowned sailors she'd never met but somehow knew. Her hands trembled as she read her own script describing their faces, their final moments, the water filling their lungs. And there, on the final"
"conv_3ce5386803b34881a3677892c47dadc6","a lighthouse keeper named Marlow who discovered that shadows could remember. It started on a Tuesday, when the morning sun cast the lighthouse's long shadow across the rocky shore, and Marlow noticed it was pointing west instead of east. He blinked, checked his pocket watch, confirmed the sun's position , and looked again. The shadow stubbornly refused to obey physics, stretching toward the ocean like a dark finger beckoning him to follow. Mar low had been keeper of the Thornwick Light for seventeen years, and in that time he'd seen strange things—phantom ships, inexplicable fogs, even a whale that sang in what sounded like French—but shadows had always been reliable. They followed the rules. By noon, the shadow had moved to point due north, toward the cliffs where the old keeper's cottage had burned down in 1904. Marlow stood at the base of the lighthouse, watching his own shadow behave perfectly normally while the tower's shadow disobeyed every law of light and reason. He fetched his logbook from inside, intending to record this peculi arity with scientific precision, but when he opened to a fresh page, he found writing that wasn't his own. The ink was faded, brownish—old. ""The shadows remember what we forget,"" it read in spidery handwriting. ""When they break free, they're showing you what happened here."" Marlow 's hands trembled. He recognized that handwriting from the archived logs in the storage room—it belonged to Edmund Carver, the keeper who'd died in that cottage fire forty-three years ago. But this entry wasn't in the archives. It was here, in Marlow's current logbook, on a page that had been blank when he'd checked it yesterday morning. He looked up from the logbook to find the lighthouse shadow had darkened, deepened, become almost solid. Within its depths, shapes were forming—the outline of a smaller building, smoke rising in frozen curls, and two figures struggling at what would have been a doorway. Marlow's breath caught. The official report had called Carver's death an accident—a lamp overturned, tragic but simple. Yet here in the shadow -memory, he could see clearly: one figure pushing, the other falling back into the flames. The shadow was showing him murder. As Marlow watched, tran sfixed, the scene began to repeat, playing over and over like a scratched phonograph record. Each time, the pushing figure turned slightly more toward him, and Marlow felt ice flood his veins as he recognized the face—weathered now by four decades, but unmistakable. It was Samuel Grayson , the harbor master, the man who'd given Marlow this very job, who'd spoken at Carver's memorial with tears in his eyes and called him a dear friend. The shadow scene froze. Then, as if satisfied its secret had finally been witnessed, it released its grip on the past and swung eastward where it belonged, obeying the sun once more. Marlow closed the logbook carefully, his keeper's instinct for preservation overriding his shaking hands"
"conv_3efe500588e74faaae81913a18f4304b","a young woman named Sophia, who lived in a small village nestled in the rolling hills of the countryside. Sophia was a curious and adventurous soul, with a heart full of wonder and a mind that wandered to the vast expanse of the world beyond her village. She spent most of her days helping her mother with the family's bakery, watching as the sun rose over the thatched roofs of the village, casting a warm glow over the bustling streets as the villagers went about their daily routines. The smell of freshly baked bread wa fted through the air, enticing the villagers and making their mouths water in anticipation of the day's fresh loaves. Sophia's mother, a stout woman with a kind face and a quick smile, would often tell stories of her own adventures as a young woman, of traveling to distant lands and meeting people from all walks of life, and Sophia's imagination would run wild with visions of exotic cities, vast deserts, and mystical forests, fueling her own desire to explore the world beyond the familiar boundaries of her village and to discover the secrets and wonders that lay hidden beyond the hills that cradled her home. As she worked, her hands moving deftly as she shaped and molded the dough into perfect loaves, Sophia's mind would begin to wander, conjuring up images of herself walking along a winding road, her feet carrying her further and further away from the only life she had ever known, with each step feeling like a whispered promise of freedom and possibility. The road would wind its way through fields of golden wheat, past ancient stone walls, and over babbling brooks, until it finally disappeared into a horizon that seemed to stretch on forever, beckoning Sophia to follow its path and uncover the mysteries that lay hidden in the distance, where the sky met the earth and the unknown waited with an air of promise and intrigue. And as the last loaf of bread was placed in the oven, filling the bakery with the warm, comforting aroma of freshly baked bread, Sophia felt an inexplicable restlessness, as if the road she had imagined was calling to her, its gentle whisper growing louder, more insistent, until she could feel the urge to leave the bakery, to step out into the bright sunlight and take the first step onto the winding road, leaving behind the familiar rhythms of her village life and embarking on a journey that would take her to places unknown, where the very air seemed to vibrate with an otherworldly energy, and the trees leaned in, as if to share a secret, their leaves rustling softly in a language that only the wind could understand, and Sophia, with a sense of wonder and trepidation, felt herself being drawn into this mystical world, as if the very fabric of reality was unfolding before her like a tapestry of endless possibility, each thread weaving together to form a narrative that was both familiar and unknown, a story that was hers to write, and with a deep breath, Sophia took her first step forward, the earth beneath her feet seeming to hum with anticipation, as if the land itself was awakening to the promise of her journey, and with that single step, the world around her began to transform, the colors deepening, the sounds growing clearer, and the air filling with an expectant hush, as if the entire universe was holding its breath in anticipation of the path that Sophia would choose, the possibilities unfolding before her like a lotus flower blooming in the sunlight,"
"conv_4113da2abafa4491af33ccc92520a8c6","Eleanor, a young woman with a heart full of dreams and a mind brimming with curiosity. She lived in a small, quaint village nestled between rolling hills and dense forests Eleanor often found herself gazing out her window, lost in thoughts of far-off lands and adventures yet to be had. Her days were filled with simple tasks—tending to the garden, helping her mother with household chores, and occasionally assisting the local blacksmith with small errands. But her nights were reserved for the books she cherished, each page a portal to worlds beyond her quiet village. One evening, as the sun dipped below the horizon, painting the sky in shades of orange and purple, Eleanor stumbled upon an old, leather-bound book hidden behind a loose stone in the garden wall. The book was covered in dust, its pages yellowed with age, but it exuded a mysterious energy that drew Eleanor in. She carefully opened it, revealing intricate illustrations and a language she couldn’t quite decipher. As she traced the symbols with her finger, the air around her seemed to shimmer, and a gentle breeze carried the scent of distant flowers into her nostrils. Suddenly, the book glowed with a soft, ethereal light, and Eleanor felt a strange pull, as if the book itself was beckoning her to step through its pages. Heart racing, she hesitated for a moment, then, with a deep breath, she touched the glowing page once more. In an instant, the world around her dissolved into a swirl of colors and sensations. When everything settled, Eleanor found herself standing in a lush, enchanted forest unlike anything she had ever seen. The trees towered overhead, their leaves shimmering with an otherworldly glow, and strange, beautiful creatures flitted through the undergrowth. A path of silver stones wound its way deeper into the forest, and Eleanor, feeling a mix of excitement and tre pidation, began to follow it. The air was filled with the sweet melodies of unseen birds, and the ground beneath her feet felt soft and alive. As she walked, the forest seemed to whisper secrets to her, urging her onward. After what felt like hours, the path led her to a clearing where a magnificent castle stood, its spires reaching towards the sky, bathed in a warm, golden light. The doors of the castle were slightly ajar, inviting her inside. Eleanor took a deep breath, stepped forward, and pushed open the heavy wooden doors. Inside, the castle was even more breathtaking, with grand halls adorned with tapestries and chandeliers that cast a soft, enchanting glow. As she ventured deeper, the silence was broken by the sound of distant music, a melody that seemed to call to her very soul. Following the music, Eleanor found herself in a vast hall where a group of elegantly dressed figures were dancing gracefully. They turned to look at her as she entered, their eyes wide with surprise and curiosity. One of them, a regal woman with flowing silver hair, stepped forward and extended a hand. ""Welcome, Eleanor,"" she said, her voice melodious and warm. ""We have been expecting you. I am Queen Elara, ruler of this realm. You have been chosen for a great task."" Eleanor’s heart pounded in her chest as she took the queen’s hand, her mind racing with questions. ""Chosen? For what task?"" she asked, her voice barely above a"
"conv_426c6fc3900e4ef9859418a7d63a70e9","Evelyn, a young botanist who found herself drawn to the whispering woods on the edge of her small town. Each morning, as the mist lingered between the twisted trunks and dew-speckled leaves, she trekked deeper into the forest than the day before. The woods seemed to breathe with a life of their own, sunlight flickering through the canopy in shifting patterns like a hidden language. Evelyn’s heart pounded with anticipation; every footstep brought her closer to the center. She paused at an ancient oak, its massive roots coiling over mossy boulders. There, a hush fell—a silence so profound that even the birds held their songs. Evelyn kn elt down, brushing the moss aside with gentle fingers. To her surprise, she uncovered a delicate silver pendant embedded in the earth, its chain intertwined with tiny blue wildflowers. She lifted the pendant, feeling a curious warmth pulse through her palm. As she examined its crescent shape, a faint glow shimmered along its edge, illuminating intricate symbols that resembled both leaf veins and starlight. The air tingled. Evelyn glanced around—had the shadows shifted? A soft, melodic voice drifted through the trees, calling her name in gentle syllables that seemed older than the forest itself. Evelyn’s breath caught. Clutching the pendant, she rose and followed the sound, leaves rust ling beneath her feet. The voice grew clearer, guiding her past tangled underbrush and silvery ferns. Suddenly, she stepped into a glade bathed in trembling golden light. At its center stood a woman with hair like woven ivy, eyes reflecting the moon. Evelyn recognized her from stories told around firesides—the guardian spirit of the woods. The spirit smiled, her presence both soothing and powerful. She extended a hand, palm open. “You have found what was lost,” she said. “Now, Evelyn, will you listen to the woods and help them speak once more?” The pendant glowed brighter in Evelyn’s grasp, and she nodded, her voice barely a whisper amid the hush of the glade. The guardian’s words echoed around her: “Then the bond is renewed, and balance returns.” As Evelyn slipped the pendant over her heart, the woods came alive with song and color—a vivid symphony of life rising anew. Evelyn felt the forest’s pulse join with her own, a promise that as long as she listened and protected the ancient woods' secrets, the magic would endure. Evelyn glanced at the spirit, who nodded with quiet pride. Together, they stepped forward, ready to guide the forest into a future where its mysteries would be cherished, not feared. Evelyn knew her life would never be the same—she belonged, heart and soul, to the whispering woods and would share their stories with a world that needed their wonder. And as the days passed, both Evelyn and the woods flourished—healing, growing, and guarding their newfound bond. The forest’s song, once a subtle whisper, now rang clear and bright through every leaf and branch, echoing the promise that magic endures wherever it is protected and cherished. And so, Evelyn’s journey wove into legend—a story whispered beneath dew-speckled leaves, of a heart that heard the woods and answered, binding the spirit of the ancient forest to the hope of all who still believed in wonder. In every sigh of wind and shadow of bough, the world remembered—and the woodland"
"conv_45beb100023942728a45afffcbcc953b","a young woman named Emilia, who lived in a small village on the outskirts of a vast and mysterious forest. The villagers had always been wary of the forest, whispering stories of strange creatures and unexplained occurrences that lurked within its depths. Emilia, however, felt an inexplicable pull towards the forest, as if something or someone was calling to her, beckoning her to leave the safety of the village and venture into the unknown. She had always been drawn to the forest's edge, feeling the thrill of excitement mixed with a hint of fear as she gazed out into the sea of towering trees, their leaves rustling softly in the gentle breeze. The villagers had warned her of the dangers that lay within, telling tales of dark rituals performed under the light of the full moon, and of the shadowy figures that roamed the forest, searching for innocent souls to ensnare in their dark magic. But Emilia's curiosity and sense of adventure had always gotten the better of her, and she found herself wondering if the stories were true, or if they were just mere fantasies born of superstition and fear. One night, under the light of a full moon, Emilia decided to sneak out of the village and into the forest, determined to uncover the truth behind the whispered tales and to explore the mysterious world that lay just beyond the treeline. She moved quietly through the underbrush, her heart pounding in her chest as the trees seemed to close in around her, casting deep and ominous shadows on the ground. The rustling of leaves and snapping of twigs beneath her feet seemed amplified in the stillness of the night, and Emilia felt as though she was being watched by unseen eyes, her skin prick ling with gooseflesh as she walked deeper into the forest, the silence growing thicker and more oppressive with every step. Suddenly, a faint humming noise caught her attention, a soft, melodic sound that seemed to emanate from a clearing up ahead, the music weaving in and out of the darkness like a spectral thread. Emilia's curiosity was piqued, and she quickened her pace, her feet carrying her towards the source of the sound as if drawn by an unseen force. As she stepped into the clearing a figure came into view, shrouded in a hooded cloak that seemed to absorb the moonlight around it, leaving only the faint glow of a small, delicate flute that the figure held to its lips, the music flowing from the instrument like a gentle brook, filling the clearing with an otherworldly beauty. Emilia felt her breath catch in her throat as the figure slowly lifted its head, revealing a face that was both familiar and yet utterly strange, with eyes that seemed to see right through to her very soul, piercing her with a gaze that was both gentle and profound. The music faded away, and the figure's eyes locked onto Emilia's, holding her in a silent understanding, as if the secrets of the universe had been shared between them in a single, fleeting moment. The air was heavy with an unspoken connection, and Emilia felt her heart overflow with a sense of recognition, as if she had finally found a part of herself that she had been searching for her entire life. The figure's eyes seemed to hold a deep wisdom, a knowledge that transcended words, and Emilia felt herself being drawn into their depths, like a river flowing into the sea. As she g"
"conv_547824496aa14bbab0afbb759136bd7a","a young woman named Emilia, who lived in a small, seaside village surrounded by towering cliffs and rolling waves. She was known throughout the village for her striking green eyes and raven-black hair, which cascaded down her back like a waterfall of night. The villagers would often remark on her uncanny ability to communicate with the creatures of the sea and how she could be seen walking along the beach at dawn and dusk, whispering to the gulls and seals that gathered around her. Some said she was a descendant of the ancient sea goddesses who were rumored to have once walked among the villagers, imparting their wisdom and magic to the mortal inhabitants of the coastal town. Others claimed that Em ilia's abilities were a result of her own unique connection to the ocean, forged through countless hours spent exploring the tidal pools and hidden coves that dotted the coastline. But one thing was certain: Emilia's presence seemed to have a profound effect on the marine life that inhabited the waters around the village, and the fishermen would often seek her out for blessings and guidance before setting out to sea, believing that her words and presence could calm the most turbulent of waters and grant them a bountiful catch. And it was on one of these mornings, as the village fishermen were preparing to depart, that a stranger arrived in the village, his worn leather boots and weathered skin a testament to the many miles he had traveled, and the harsh conditions he had endured. His piercing blue eyes scanned the village, taking in the thatched roofs and the bustling harbor, before coming to rest on Emilia, who was standing at the edge of the crowd, her eyes fixed on the stranger with a mixture of curiosity and wariness. The stranger's gaze held hers for a long moment, as if he was searching for something in her eyes, and Emilia felt a shiver run down her spine as she sensed a depth of sadness and longing in his gaze, a sense of loss and searching that seemed to echo the rhythms of the sea itself. As the stranger's eyes continued to hold hers she felt an inexplicable sense of recognition, as if she had seen him before, or perhaps had always known him, and the sensation was so strong that it took her breath away, leaving her feeling lightheaded and disoriented. The stranger, seemingly sensing her distress, took a step forward, his eyes never leaving hers, and Emilia felt a hand reach out to steady her, but it was not the stranger's, for he stood frozen, his arm outstretched but unmoving, as if unsure of whether to touch her or not, and instead it was the village elder, a wise and gentle woman named Aria, who placed a comforting hand on Emilia's shoulder, and guided her to a nearby stool, where Emilia sat down, her eyes still fixed on the stranger, who now stood before her, his face a map of lines and wrinkles, etched by the trials and tribulations of a lifetime, and yet, despite the ruggedness of his features, his eyes still shone with a deep sense of kindness and compassion, a sense that seemed to resonate with Emilia's own heart, and as she looked into his eyes, she felt a connection forming between them, a connection that went beyond words, a sense of understanding and recognition that seemed to transcend the boundaries of time and space, and as the stranger's eyes locked onto hers, Em"
"conv_6440cb4dc37843198e3acb69276f8fb0","a small velvet moth named Mira who lived in the hidden heart of the Alabaster Woods. She was unlike any other moth, for her wings shimmered with colors only visible by moonlight. During the day, Mira tucked herself away beneath curling fern leaves, but when the moon rose high and silver, her wings caught every strange hue from emerald to violet, casting ripples of light onto the forest floor. The other woodland creatures would gather to watch her gentle flights, whispering tales of luck and promise. Mira, though shy, felt a secret thrill at their awe. Yet she had a longing that danced deeper than admiration—a wish to know what waited beyond the soft-lit borders of Alab aster Woods. One night, as the moon shone brightest and curiosity tugged stronger than ever, Mira fluttered to the edge of her world. There, where tangled roots merged with shadow and the scent of wild thyme hung in the air, she paused. Beyond, the land was unfamiliar—moonbeams touched rolling meadows and distant hills. Mira hesitated, wings trembling with excitement and fear. Just as she gathered her courage to go further, a gentle voice echoed from the darkness—a tawny owl, perched above in an ancient alder. “It’s rare to see a velvet moth at the edge, little one,” the owl hooted softly. “What brings you here when most hide from the unknown?” Mira’s courage fluttered, but she found her voice. “I wish to see what the moon touches beyond these woods. Is it foolish to wonder what lies outside the familiar glow?” The owl’s amber eyes glimmered with understanding. “Wondering isn’t foolish, Mira. The moon’s trail is a ribbon meant for those brave enough to follow. If you trust your wings and your heart, even the wildest shadows will show you their secrets.” With that, the owl spread his wings and glided onward, leaving a hush behind him. Mira watched the moonlight shimmer along his feathers, feeling her own wings ache with possibility. With a final look back at the gentle gloom of Alabaster Woods, Mira soared forward into the vastness, letting the moon guide her as she chased dreams across meadows and over hills—beginning the adventure she’d always yearned for. The wind whispered new stories to her wings, and every beat carried wonder, for she realized that magic was not just in where she was, but in every hopeful step—and flutter—she was brave enough to take. Through silver-lit nights and faraway dawns, Mira embraced her journey, certain at last that the world’s colors awaited her, shimmering brightly for those who dared to seek them. And wherever she drifted, new friends and old legends flourished in her luminous wake reminding her that courage itself was a light, able to color even the darkest journey with hope. Thus, Mira’s story became a secret legend—whispered whenever moon shone upon velvet wings, inspiring others to wonder at the world beyond their own borders and follow the light of their bravest dreams. And so, under every moonlit sky, Mira's tale lived on—carried by wind and wonder—reminding all who listened that every journey begins with a single, beautiful flutter into the unknown."
"conv_6a92746a586b4f48bd495462e916869b","a boy named Eli who lived at the edge of the ancient Fernwood Forest. Every morning, Eli would sit on his rickety porch and gaze out at the fog-sh rounded trees, wondering what secrets lay hidden beyond the silver mist that crept between their trunks. Stories from travelers spoke of whispering shadows, forgotten ruins, and lights that danced on the branches on moonless nights. Eli’s curiosity grew stronger each passing day, until one chilly dawn he finally slipped into the forest, heart pounding, armed only with his worn lantern and a small pocketknife he’d borrowed from his father’s tool bench. The woods greeted him with a hush, muffling the crunch of leaves beneath his boots and painting strange patterns with the early sunlight filtering through dense boughs. As Eli pressed deeper, even the wind seemed to hold its breath. He paused by a mossy fallen log, where the air felt cooler and a low hum vibrated beneath his feet. He knelt, peering into a narrow hollow beneath the wood, and saw something glimmering faintly in the gloom. Eli reached in, fingers trembling, and brushed aside a curl of damp moss. There, nestled in the earth, was a small bronze pendant shaped like a leaf, etched with swirling patterns that pulsed gently with a greenish light. Eli turned it over in his hand, the hum growing louder, and felt a warmth seep up his arm, as if the pendant recognized him. Suddenly, a soft voice whispered near his ear—so close it tickled—uttering words in a language he’d never heard, yet somehow understood: “Return, and the path will open.” Eli’s fingers closed tightly around the pendant as a narrow trail, previously hidden by tangles of bramble and shadow, began to lift and unfurl like a living thing. The fog parted, revealing a faintly glowing archway shaped by roots and ancient stones. With a deep breath, Eli stepped forward, the pendant warm against his palm, drawn by the promise of discovery as the forest seemed to hold its breath once more. The hush deepened as he passed beneath the root-formed arch. On the other side, the world shifted: trees soared impossibly high and petals with silver veins glimmered underfoot. In the distance, a structure of twisted wood and luminous crystal stood waiting—perhaps the ruins of legend, or the home of the voices whispering his name. Eli hesitated for just a heartbeat, then advanced bravely, the pendant’s glow guiding him into the heart of Fernwood’s mystery—certain that his greatest adventure had only just begun, and whatever secrets Fernwood guarded were now reaching out to him, inviting him farther into their ancient, wondrous embrace. And as Eli’s silhouette disappeared among those towering trees, the quiet forest seemed to sigh with relief and anticipation—knowing that, at last, a new story was unfolding beneath its ageless boughs. In the hush that followed, the fern leaves trembled, and distant lantern-lights awoke among the branches, welcoming Eli—and whatever destin y awaited him—into the heart of the forgotten forest, where every ending was just a new beginning. And so, Fernwood Forest kept watch beneath the silver mist, its secrets safe yet stirring, as Eli’s footsteps carried hope and wonder into passages unseen by any before him."
"conv_6abf257b6fff4b5786206fc8a480db1b","a girl named Elinora, who lived at the edge of a sleeping forest. Every morning, the silver mist would roll in from between the ancient trees, curling around her bare ankles as she tiptoed across the dew-laced grass to meet the sunrise. Elinora had always felt the pulse of mystery in those woods, a secret heartbeat that thudded beneath the roots and echoed through the birdsong. Sometimes, she imagined that if she listened closely enough, the trees might whisper her name. One morning, as Elinora lingered longer than usual beneath a sprawling yew, she heard a sound unlike any before—a delicate tinkling, like glass wind chimes caught in a hidden breeze. The sound beckoned her deeper into the shadows where the mist thickened, turning the morning golden light into a swirling sea of pearls. Her bare feet pressed softly into the cool moss, heart leaping with both fear and wonder. Branches arched overhead, forming a green cathedral, and the chimes grew clearer, almost teasing in their melody. As Elinora followed, she caught a glimpse of something shimmering just beyond a thicket—an iridescent feather, impossibly long, quivering atop a curved root. She reached for it, trembling, but before her fingertips could brush the feather, a low voice rumbled from the mist: “Tread gently, El inora. That which you seek has wings of storm and dreams."" She froze, eyes widening as a tall figure stepped from the haze, cloaked in feathers reflecting every hue of the dawn. The figure bowed slightly, eyes—twinkling like drops of rain—meeting hers. “Few wanderers dare listen to the forest’s song. F or those who do, a choice must be made,” the figure intoned. “Will you take the feather, and with it, bear the secret heart of these woods? Or will you turn back and let the memory of this morning grow dim with day?” Elinora’s hand hovered over the feather, pulse loud in her ears. She glanced at the path behind her, then back to the figure cloaked in dawn’s colors. Taking a steadying breath, she reached out, her voice barely above a whisper: “I choose to carry the secret.” The feather felt warm and thrumming in her palm, and as she closed her hand around it, the forest seemed to sigh in relief— the air shimmering with threads of gold and silver, branches parting to reveal a hidden clearing drenched in sunlight and song. The figure nodded, a gentle smile illuminating their face as the forest awakened. “You are now its heart’s keeper, Elinora. Guard its wonders, and it will share its stories with you.” And as morning bloss omed into day, Elinora felt the secrets of the forest unfurl within her, each step carrying her deeper into a new world—one where magic and memory grew with the roots beneath her feet and the song of the trees now echoed, for the first time, with her own name entwined in the melody. The adventure was not over— it was just beginning, and Elinora, entrusted with wonder, smiled as she stepped forward, knowing she would never wander alone again. And so Elinora walked on, carrying the feather and the promise of the sleeping forest, her heart forever open to the stories waiting just beyond the mist."
"conv_7705093665d349cdb6279ec560207d80","Mara, who found a door in her grandmother's attic that hadn't been there the week before. She'd been sorting through dust She'd been sorting through dusty boxes of photographs and yellowed letters when the afternoon light shifted, and there it was—a narrow door set into the far wall, its paint a deep plum color that seemed to drink in the shadows. Mara froze, her hand still gripping a bundle of her grandmother's wartime correspondence. The door shouldn't exist. Behind that wall was the exterior of the house; she'd looked at it from the garden a thousand times. Yet here it stood, solid and undeniable, with a brass handle shaped like a sleeping fox. Dust motes swirled in the shaft of light that fell across the threshold, and M ara noticed something else—the air near the door felt different, cooler, carrying the faint scent of woodsmoke and something sweet she couldn't quite place. Her grandmother had died three months ago, taking her secrets with her. Or so Mara had thought. She set down the letters and crossed the attic floor, each footstep creaking against the old boards. The fox-shaped handle was cool under her palm, almost unnaturally so, and when she turned it, the lock gave way with a soft click that echoed like a whisper. The door swung inward on silent hinges, revealing not the garden or the brick exterior she expected, but a narrow stone staircase spiraling downward into warm, golden light. The sweet scent grew stronger—honey and old paper and something like cinn amon bread baking. Mara's heart hammered against her ribs. She glanced back at the attic, at the ordinary world of cardboard boxes and afternoon sunlight streaming through the dormer window, then back at the impossible staircase. Her grandmother's voice seemed to drift up from memory: ""Some doors only open for those who are meant to find them, little bird."" That's what she'd called Mara as a child, and hearing it now—even as a memory —felt like permission, or perhaps a gentle push. Mara took a breath and stepped onto the first stone step, then the second. The door remained open behind her as she descended, the warm light growing brighter with each turn of the spiral. The walls were lined with shelves, and on them sat hundreds of glass jars, each one containing what looked like captured moments—a child's laugh rendered visible as golden sparks, a first kiss suspended in amber light, tears that shimmered like op als. Mara paused, transfixed, reaching toward a jar labeled in her grandmother's handwriting: ""The day I knew I was brave."" The spiral staircase opened into a circular room below, its walls covered in maps of places that didn't exist and clocks that ran backwards. In the center stood a writing desk, and seated there—impossibly, wonderfully—was her grandmother, younger than Mara had ever known her, pen in hand, smiling as though she 'd been expecting her all along. ""Hello, little bird,"" her grandmother said, setting down the pen. ""I've been keeping this place warm for you."
"conv_82a71cfd836f4b558b687a37c820f179","a young girl named Ava, who lived in a small village surrounded by a dense and mysterious forest. The villagers often whispered about the strange occurrences and unexplained noises that came from the forest at night, and how it was inhabited by creatures that defied explanation. Ava, with her insatiable curiosity and thirst for adventure, felt an inexplicable pull towards the forest, as if it was beckoning her to uncover its secrets. She would often sneak away from her chores and responsibilities to stand at the edge of the forest and gaze into its depths, the tall trees seeming to loom over her like sentinels, their branches creaking softly in the breeze. The sunlight filtering through the leaves cast dappled shadows on the forest floor, creating an otherworldly atmosphere that both fascinated and intimidated Ava. As she stood there, the silence was suddenly broken by the soft rustling of leaves and snapping of twigs, and Ava felt a shiver run down her spine as a figure emerged from the trees, its presence seeming to fill the entire clearing, casting a long and ominous shadow on the ground. The figure was tall and imposing, its features indistinct, but Ava could sense its eyes fixed upon her, piercing and unblinking, as if they could see right through to her very soul. The air seemed to thicken and grow heavier, and Ava felt her breath catch in her throat as the figure began to move closer, its pace deliberate and unhurried, its gaze never wavering from hers. Ava's heart was racing with a mix of fear and excitement, her mind racing with questions about the figure's identity and intentions, as it drew closer, its features slowly becoming more defined, revealing a face that was both beautiful and unsettling, with skin as pale as moonlight and hair as black as the night sky. The figure's eyes, however, were what truly held Ava's attention, for they seemed to burn with an inner fire, a fierce and ancient power that drew her in with an irresistible force, making her feel like a moth helplessly drawn to a flame, unable to resist the allure of the figure's gaze, even as a part of her mind warned her of the danger that lurked beneath its hypnotic surface, a danger that seemed to be growing more pronounced with each passing moment, as the figure's eyes seemed to be pulling her closer, into a realm of dark magic and forgotten lore, where the boundaries between reality and myth blurred, and the very fabric of the world seemed to be woven from the threads of ancient spells and incant ations, and Ava felt herself becoming lost in the intricate patterns and symbols that danced in the figure's eyes, as if she was being initiated into a secret language that only the initiated could understand, a language that spoke of forbidden knowledge and hidden truths, and as she gazed deeper into the figure's eyes, Ava felt her own identity begin to unravel, like the threads of a tapestry being pulled apart, revealing a deeper, more profound truth about herself, one that was connected to the mysterious figure, the forest and the ancient magic that dwelled within it, a truth that echoed through the chambers of her mind like a whispered secret, revealing to her that she was not who she thought she was, but rather a key part of a much larger and more complex story, one that had been hidden from her for so long, and as the truth began to reveal"
"conv_882fe92a483f43c7932d16b422c87578","a lighthouse keeper who forgot how to dream. Mara hadn't slept properly in seven years. Oh, she closed her eyes each dawn after extinguishing the great lamp, and her body would fall into something like rest. But there were no dreams anymore—no landscapes of impossible color, no conversations with the dead, no falling through star-scattered skies. Just the blank void of exhaustion, then waking. She blamed the light itself. That rotating beam had burned something out of her, she was certain. Night after night, watching it sweep across the black water, counting the seconds between rotations—four seconds of brilliance, three of darkness, four of brilliance, three of darkness—until the rhythm had burrowed into her skull like a metronome replacing her heartbeat. The morning the fisherman arrived, Mara was scraping barnacles from the lighthouse base, her hands working automatically. She didn't notice him until his shadow fell across the rocks and his voice broke through the rhythm in her head. ""You're bleeding,"" he said, pointing to her knuckles. Mara looked down, surprised to see red mixing with salt water. She'd scraped past the barnacles into stone, then into her own skin, without feeling anything at all. ""I didn 't notice,"" she said, which was true but sounded wrong spoken aloud. The fisherman—weathered face, eyes the color of deep water—cr ouched beside her and pulled a clean cloth from his pocket. ""The light keeps you up,"" he said. Not a question. He wrapped her hand with surprising gentl eness. ""My grandmother tended this lighthouse. Before she died, she told me the light takes something. Feeds on it."" He tied off the cloth. "" She said you have to steal it back."" Mara felt something stir beneath her ribs, faint as a pulse returning to a numb limb. ""How?"" The word came out hoarse, desperate in a way that embarrassed her. The fisherman stood, scanning the horizon where dawn was splitting the sky into copper and grey. ""She never told me. Said each keeper loses something different, so each has to find their own way back."" He paused, then met her eyes with an intensity that made her want to look away. ""But she did say this: the light only has power when you're watching it. When you let it watch you ."" After he left, Mara climbed the spiral stairs slowly, her bandaged hand trailing the iron railing. The lamp sat cold and dark in its glass cage, waiting for nightfall. For seven years she had never turned her back on it during its rotation, had never closed the curtains of her small keeper's room below. Always watching, always watched. That night, when she lit the lamp and it began its ancient rotation, Mara did something she hadn't done in seven years. She walked down to her room, drew the curtains against the sweeping beam, and lay in complete darkness. Her heart hammered. The rhythm tried to claim her—four beats, three beats—but she pressed her bandaged palm against her chest and forced herself to breathe differently. Slow. Uneven. Human"
"conv_89b59197a46a4e85bcf103ea6242289f","a small village nestled in the heart of a vast, ancient forest. The villagers lived simple lives, relying on the forest for sustenance and protection. Among them was a young girl named Elara, known for her deep connection with the woods. She would often wander into the forest, speaking softly to the trees and listening to the rustling leaves as if they were sharing secrets with her. One day, while exploring a part of the forest she had never visited before, Elara stumbled upon a hidden glade bathed in mystical light. In the center of the glade stood an ancient stone altar, covered in moss and carvings that seemed to glow faintly. As she approached the altar, a gentle breeze whispered through the trees, carrying with it the scent of wildflowers and the distant sound of a waterfall. Elara felt a strange pull, as if the very air was urging her forward. She placed her hands on the cool stone of the altar, and as she did, a soft, warm light enveloped her hands and began to spread up her arms. The carvings on the altar seemed to come alive, their lines glowing brighter. Elara closed her eyes, feeling a surge of energy coursing through her body. When she opened her eyes again, the forest around her seemed different—more vibrant, more alive. She realized that she could sense the heartbeat of the forest, the pulse of life that connected every living thing within it. With this newfound awareness, Elara knew she had been chosen for a special purpose, one that would test her courage and deepen her bond with the forest. As she stood there, the trees seemed to bow gently in acknowledgment, and a sense of peace washed over her. Elara took a deep breath, feeling the weight of her new responsibility. She knew that the forest and its inhabitants needed her, and she was ready to answer the call. With a determined step, Elara left the glade, her heart filled with a mixture of excitement and resolve. She returned to the village, her mind racing with thoughts of how she could use her newfound powers to protect and nurture the forest and its people. The villagers noticed a change in her, a quiet strength and wisdom that seemed to radiate from within. Elara began to share her knowledge, teaching the villagers about the delicate balance of nature and how to live in harmony with the forest. Under her guidance, the village flourished like never before. Crops grew abundantly, the waters remained clear, and the wildlife thrived. Elara’s bond with the forest grew stronger each day, and the villagers came to regard her as a guardian and a leader. Together, they built a future where the forest and the village thrived in perfect harmony, a testament to the power of connection and the wisdom of nature. And so, the legacy of Elara and her village became a legend, passed down through generations as a reminder of the importance of living in balance with the natural world. The forest continued to thrive, and the spirit of Elara lived on in the hearts of those who followed her path of harmony and stewardship. The village and the forest remained intertwined, a living, breathing testament to the enduring bond between humanity and nature. And in the heart of the ancient forest, the hidden glade still shimmered with mystical light, a silent witness to the magic that had transformed a young girl into a guardian of the land."
"conv_8b64088fc6684161a4c11f4f4ba64398","Ella, a young woman with a heart as vast as the ocean and dreams as deep. Born in a small coastal village, Ella had always felt a pull towards the sea , a connection that went beyond mere fondness. It was as if the waves whispered secrets to her, beckoning her to explore the unknown. Despite the villagers' warnings about the dangers lurking beneath the waves, Ella's curiosity and adventurous spirit were unstoppable. One stormy evening, as the sky turned a dark shade of purple and the wind howled like a pack of wolves, Ella found herself standing at the edge of the cliff, gazing out at the tumultuous sea. The rain lashed against her face, but she stood firm, her eyes fixed on a distant light that flickered through the storm. It was a beacon, calling to her, urging her to follow. Without another thought , Ella began to make her way down the slippery path that led to the shore. Each step was a challenge, but the light seemed to grow brighter with every stride. As she reached the water's edge, the waves crashed around her, but she felt a strange sense of calm. The light was now close enough to see clearly—it came from an old, weathered lighthouse perched on a rocky outcrop just offshore. Determination fueled her every move, and she waded into the water, the cold biting at her skin but not her resolve. With each stroke, the lighthouse loomed larger, its beam cutting through the darkness like a guiding star. Finally, she reached the base of the lighthouse, where a small door creaked open, revealing a warm glow inside. A figure stepped out, silhouetted against the light, and called out to her, ""Are you ready to uncover the secrets of the sea, Ella?"" Her heart raced, but she knew this was the moment she had been waiting for. With a deep breath, Ella nodded, her eyes shining with anticipation. ""I'm ready,"" she replied, stepping into the lighthouse and closing the door behind her, ready to embark on a journey that would change her life forever. Inside, the lighthouse was a world of its own, filled with ancient maps, mysterious artifacts, and stories et ched into the walls. The figure, an old keeper with wise eyes and a kind smile, led her to a large, round table in the center of the room. "" These are the keys to the ocean's deepest mysteries,"" he said, gesturing to the maps and scrolls spread out before them. ""But beware, for the sea is both bountiful and unforgiving. It will test your courage and your wisdom."" Ella felt a surge of excitement mixed with a hint of trepidation. ""I am ready to face whatever challenges come my way,"" she declared, her voice steady and resolute. The old keeper nodded approvingly. ""Then let us begin."" He handed her a faded map, its edges worn and marked with cryptic symbols. ""This map will guide you to the hidden coves and secret islands where the sea's greatest treasures lie. But remember, the true treasure is the knowledge you gain and the stories you carry back to share with the world."" With the map in hand, Ella felt a sense of purpose she had never known before. She thanked the old keeper and, with a final glance at the warm, inviting lighthouse, stepped back out into the"
"conv_8d7df73b314042a3b94dee988ffcd002","a small blue bird named Lira, who lived at the edge of the Evergreen Forest. Lira wasn’t like the other birds. While the rest of the flock chirped and flitted about in the sunny treetops, Lira spent her days exploring the quiet shadows beneath the boughs. She loved listening to the stories the wind carried through the mossy branches. Sometimes, Lira would perch close to a cluster of mushrooms and listen to the tiny, hushed voices of beetles as they marched below, or watch the patient snail inch its way along a fallen twig, leaving a glistening trail behind. Every day brought something new to discover in the underbrush. One mist filled morning, as Lira traced the swirl of a spiderweb glistening with dew, she noticed something unusual—a shimmer of silver light flickering deeper in the shade. Curiosity fluttered in her chest, urging her closer. Quiet as a breeze, Lira hopped through the ferns and low brambles until she spied the source: a tiny, intricately carved key dangling from a silk thread tied to an old stump. The silver glint caught her eye, and as Lira drew nearer, she saw that the key’s handle was shaped like a pair of folded wings. The air around it seemed to hum with possibility. Lira hesitated, then gently grasped the key in her beak. Instantly, the forest seemed to hush—the wind stilled, and even the beetles paused in their tracks. A faint path of glowing footprints suddenly appeared, weaving away from the stump and deeper into the secret heart of the woods. Heart pounding, Lira hopped after them, clutching the key, knowing she’d never been so far from the familiar glades. The path led her to the base of a great ancient tree, its bark twisted with age. At its roots, Lira discovered a tiny door, barely big enough for her to fit through, with a lock in the shape of the same winged symbol as the key. With trembling wings, she fitted the key into the lock. As it turned, the door swung open to reveal a luminous space within—a hidden world of twinkling lights, where the whispered stories of Evergreen Forest took shape: shimmering shadows of foxes and owls spun in the air, and familiar forest tunes filled the glowing air. Lira stepped inside, realizing she had found the place where all the forest’s secrets were gathered and cherished. From that moment on, Lira was not just an explorer, but the humble keeper of stories whispered by every leaf, breeze, and creature. She would fly home, knowing that now she could share the forest’s truest magic with all who dared to listen. And so, Lira became both guardian and storyteller, weaving her own adventures into the growing tapestry of Evergreen Forest. The gentle wisdom she carried—born of curiosity and courage— inspired birds and beasts alike to listen more closely, wander more bravely, and treasure the magic hidden in every shadow and song—just as Lira always had. And whenever the wind rustled through the trees, the forest remembered the blue bird who found the key, and who opened the door for wonder, forever more. So the song of Lira carried on, echoing from the emerald canopy to the quietest mossy hollows, reminding every heart in Evergreen that the world’s greatest stories"
"conv_96f8695631aa4fdc9218c27f80ec488f","a mysterious little inn perched on the edge of the sea, where the fog rolls in thick and silent every night. Those who find themselves at the Misty Lantern are often travelers with secrets tucked beneath their coats and longing in their eyes. It is a place rarely found on any map, less often by intention than by accident, appearing only to those who have a burden too heavy to bear, or a question that echoes through their dreams. On a blustery October evening, as the tide clawed at the jagged stones and the inn’s lantern swayed from its crooked post, a stranger arrived wrapped in a faded green cloak. She carried a battered leather case and paused beneath the halo of yellow light, her eyes searching the curling fog for movement or welcome. The inn door creaked open before she could raise a hand, revealing an elderly man with wisps of silver hair framing his gentle face. “Come in, traveler,” he said softly, as though he’d expected her arrival all along. She hesitated, glancing once behind her into the swirling mist—half hoping someone might have followed, half fearing it. But the only sound was the hush of distant waves, and the old man’s gaze was patient and kind. Reluctantly, she stepped inside, the warmth of the fire crackling on the hearth wrapping around her shoulders. The inn felt timeless; worn armchairs h uddled close to the fire, ancient paintings of shipwrecks and storms hung on the paneled walls. The stranger set her battered case at her feet. “You know why I’ve come,” she said quietly, her voice roughened by salt air and sorrow. The old man nodded, pouring steaming tea into a chipped cup. “You seek answers for the dreams that haunt you,” he replied, sliding the cup across the table. The flames cast flickering shadows as she wrapped her fingers around the warmth. “And perhaps to leave something behind,” she admitted, her voice scarcely more than a whisper. The innkeeper nodded again, as if this, too, was expected. “Sometimes,” he said gently, settling across from her, “what seeks us finds its way even through the deepest fog. Tell me, child, what do your dreams show you?” She lowered her gaze, watching the steam curl from her tea. ""Always the same: a shipwreck beneath the lantern's beacon, voices calling me from water and wind, and someone’s hand reaching from the sea—someone I know, but their face lost in the mist."" Her words trembled in the hush, the hearth’s embers glowing brighter as if stirred by the memory. The innkeeper listened closely, his features creasing with empathy. “The Misty Lantern draws those haunted by what the sea keeps hidden,” he murmured. “But sometimes the waves bring back what was lost.” He rose, gesturing toward a shadowed staircase. “Tonight, you’ll find answers where the mist and memory meet.” Heart pounding, she gathered her case and followed him upward, toward a room where the sea’s song mingled with dreams—hoping, at last, to remember the face in the fog, to rescue what had once been lost—not just from the depths of the sea, but from the depths of her own heart . With dawn, she returned to the porch, the burden lighter, her dreams at last quieted. The Misty Lantern, shrouded still in morning mist, faded"
"conv_9a3b983c00f645ba99647fdcc55f9d1e","a small village nestled between the rolling hills and dense forests of the old world. The village, known as Whitethorn, was a place where time seemed to move a little slower. The cobblestone streets were lined with quaint houses, their thatched roofs a patchwork of gold and brown. In the heart of the village stood the ancient oak tree, its gnarled branches reaching out like the arms of a wise elder. Beneath its shade, the villagers would gather to share stories, trade goods, and celebrate the changing seasons. On this particular evening, the air was filled with the sweet scent of blooming wildflowers and the soft chatter of children playing hide-and-seek around the tree. As the sun began to dip below the horizon, casting long shadows across the village square, a figure emerged from the forest path. It was an old traveler with a weathered face and a cloak that seemed to carry the stories of a thousand journeys. The villagers paused, curious and welcoming, as the traveler made his way to the center of the square. He set down a small, worn leather bag and looked around, his eyes twinkling with the spark of adventure. ""Good evening, kind folk of Whitethorn,"" he called out, his voice carrying a warmth that put everyone at ease. ""I bring tales from far-off lands and perhaps a bit of magic to share with you tonight. Who among you would like to hear the story of the Silver Lake, where the waters shimmer with the light of the moon and hold secrets as deep as the night sky?"" The children’s eyes widened with excitement, and even the older villagers leaned in, eager to be transported by the traveler’s words. ""Very well,"" the traveler said, a smile spreading across his face. ""Gather close, and let me take you to a place where the water itself sings and the stars whisper secrets."" The villagers drew closer, forming a circle around the old oak tree. The traveler cleared his throat and began to weave his tale, his voice rising and falling like the gentle l waves of the Silver Lake itself. ""In a land far to the east, where the mountains kiss the clouds and the forests whisper ancient songs, there lies a lake so clear that you can see straight to its heart. This is the Silver Lake, a place where the waters glow under the moonlight, reflecting the heavens above. It is said that anyone who drinks from the lake at midnight on the longest night of the year will be granted a wish, but they must be pure of heart and mind. Many have sought the lake, drawn by the promise of their deepest desires, but few have ever returned to speak of what they found. Some say the lake is guarded by a spirit, a being of immense power and wisdom. Others believe it is the home of the moon itself, come down to touch the earth. But one thing is certain: those who find the Silver Lake are forever changed. And so, my friends, I ask you—what would you wish for if you stood at the edge of such a wondrous place?"" The villagers murmured amongst themselves, their imaginations ignited by the traveler’s words. The children whispered their wishes to each other, while the adults pondered silently, their eyes distant. The traveler smiled, pleased by the effect his story had on the gathering. ""But enough of my tales,"" he said, standing up and dusting off his"
"conv_a790be4854f84328be141a55daaae59b","Elena, a young woman with a heart as vast as the open seas she dreamed of sailing across. Born in a small coastal village, Elena had always felt a deep connection to the ocean. Every evening, she would sit on the cliffs overlooking the horizon, imagining herself aboard a grand ship, exploring distant lands and uncovering hidden treasures. Her father was the village’s boat builder, and from him, Elena learned the art of crafting vessels that could withstand the wildest storms. Despite the villagers’ skepticism about a girl pursuing such a daring dream, Elena’s resolve only grew stronger. She spent her days working alongside her father, honing her skills and saving every coin to build her own ship. One stormy night, as the village was hit by a fierce tempest, a mysterious old sailor washed up on the shore, half-drowned and near death. Elena, driven by her compassionate nature, rushed to his aid. She carried him to her home and nursed him back to health with the help of her mother’s herbal remedies. As the old sailor recovered, he shared tales of his adventures across the seven seas, of ancient maps, and hidden islands. Inspired by his stories, Elena realized that her dream was more achievable than she had ever imagined. The old sailor, seeing the fire in her eyes, gifted her an ancient, weathered map, promising that it would lead her to a legendary shipwreck filled with treasures and a ship that could take her to the farthest corners of the world. With renewed determination, Elena set out to gather a crew and prepare for her journey. She knew the path ahead would be fraught with danger, but the promise of the open sea and the unknown called to her like a siren song. As the day of departure drew near, Elena stood on the cliffs once more, this time with a crew assembled and her ship, the _Sovereign of the Waves_, ready to set sail. The villagers gathered to bid her farewell, their skepticism replaced by admiration for her courage. As the sun rose over the horizon, casting a golden glow over the sea, Elena gave the order to weigh anchor. The _Sovereign of the Waves_ began its journey, carrying Elena and her crew toward the promise of adventure and discovery. With the wind in her sails and the old sailor’s map guiding her way, Elena felt a surge of excitement and a deep sense of purpose. The ocean stretched out before her, a vast and mysterious canvas waiting to be explored. As the _Sovereign of the Waves_ disappeared into the distance, the villagers watched with a mix of pride and longing. Elena’s spirit and bravery had inspired them all, and they knew that her legacy would live on through the tales of her voyages. And so, Elena’s journey began, a testament to the power of dreams and the courage to chase them. The horizon beckoned, and she was ready to answer its call with every fiber of her being. The _Sovereign of the Waves_ sailed on, leaving the familiar shores behind, as Elena and her crew ventured into the unknown, their hearts full of hope and their eyes fixed on the stars. The legend of Elena and her ship would be etched in the annals of maritime history, a story of courage, determination, and the unbreakable spirit of those who dare to dream. As the _Sovereign of the Waves_ faded into the distance, the legacy"
"conv_aa5bf983b68a4c8e8c7f1bb6ecd6d717","Ella, a young woman with a mysterious past and an even more uncertain future. Born under the shadow of a forgotten forest, Ella had always felt a deep connection to the ancient trees and the secrets they held. Her life was a tapestry of whispered legends and unexplained phenomena, each thread woven with the magic of the forest. One crisp autumn morning, as the leaves painted the ground in shades of gold and crimson, Ella stumbled upon a hidden grove she had never seen before. At its heart stood an enormous oak tree, its trunk gnarled and twisted with age. The air around it hummed with an otherworldly energy, and Ella felt a pull she couldn't resist. As she approached the oak, the ground beneath her feet seemed to vibrate, and the leaves rustled as if whispering to her. Reaching out her hand, Ella touched the rough bark of the ancient tree. Immediately, a warm, pulsating light spread through her body, and she could feel the tree’s wisdom and power coursing through her veins. Images flashed before her eyes—visions of a distant past and a future yet to unfold. She saw herself standing at the crossroads of destiny with the fate of the forest and its inhabitants hanging in the balance. The light intensified, and Ella felt a profound connection to the natural world around her. As the vision faded and the light dimmed, Ella opened her eyes to find the forest transformed. The air was clearer, the colors more vibrant, and a sense of peace settled over the land like a gentle blanket. She knew then that she was meant to be a guardian of the forest, to protect its secrets and ensure its magic endured for generations to come. With a renewed sense of purpose, Ella stepped away from the ancient oak, ready to embrace her role. The forest seemed to sigh with relief, and the trees swayed gently, as if nodding in approval. As she walked back through the grove, the path ahead seemed less daunting, and the shadows less foreboding. Ella’s heart was light, and her spirit was buoyed by the knowledge that she was not alone. The forest, with all its wonders and mysteries, was her ally, and together, they would face whatever challenges lay ahead. With each step, Ella’s confidence grew, and she knew that the journey she was about to embark on would be one of discovery, courage and transformation. The forest, ever watchful, whispered its support, and Ella felt a deep gratitude. As the sun set, casting a golden glow over the trees, she promised to honor the ancient oak and all the spirits of the forest. With a final glance at the grove, Ella turned and walked toward the horizon, ready to meet the future with open arms and a heart full of hope. The forest would thrive, and so would she, under the protective gaze of the ancient oak. As Ella disappeared into the distance, the forest seemed to breathe a collective sigh of hope and renewal. The ancient oak stood tall, its roots deep and strong, a silent sentinel guarding the secrets and the future of the forest. The leaves rustled softly, a gentle reminder that the cycle of life and magic would continue, guided by the brave young woman who had embraced her destiny. And so, under the canopy of the forgotten forest, a new chapter began, filled with promise and the whispers of ancient wisdom."
"conv_be76d0ce51bb423d885ec516be0ca174","a young girl named Sophia, who lived in a small village surrounded by rolling hills and dense forests. She was known throughout the village for her curiosity and thirst for adventure, often wandering into the nearby woods, exploring the winding streams and hidden clearings, and talking to the villagers about the stories and legends that had been passed down through generations. The villagers would often share with her tales of mythical creatures, ancient magic, and forgotten lore, which sparked Sophia's imagination and fueled her desire to uncover the secrets that lay beyond the edge of the village. One tale in particular had captivated her attention: the story of the Moonlit Garden, a mystical place hidden deep within the forest, where the moon was said to pour down its silvery light and illuminate a landscape of shimmering flowers, glowing fountains, and trees with leaves that shone like stars. The villagers spoke of the Moonlit Garden in hushed tones, as if it were a dream that only a select few had ever laid eyes on, and Sophia's determination to find this enchanted place grew stronger with each passing day, until she could no longer resist the urge to set out on a journey to discover the truth behind the whispers and legends. So, on a warm summer evening, when the moon was full and the forest was bathed in an ethereal glow, Sophia slipped out of the village, her heart racing with excitement and a hint of fear, as she made her way into the forest, the trees looming above her like sentinels, their branches creaking softly in the night breeze, which carried the sweet scent of blooming wildflowers and the distant song of a nightingale, a melody that seemed to guide Sophia deeper into the forest, as she followed the winding path that unfolded before her, the moonlight casting dappled shadows on the ground, and the nightingale's song growing louder, until she came upon a clearing, and in the center of it, a magnificent gate made of crystal and silver, adorned with delicate patterns that shimmered and shone in the moonlight like a thousand tiny diamonds, and as Sophia approached the gate, it slowly began to swing open, as if pushed by an invisible hand, revealing a pathway of glittering white stones that led into a garden of breathtaking beauty, where flowers of every color bloomed under the moon's gentle light, and fountains danced with water that seemed to be made of liquid moonbeams, and Sophia, her heart filled with wonder, stepped onto the pathway, feeling as though she had entered a dream world, where the very essence of magic was alive and palpable, and as she wandered deeper into the Moonlit Garden, the flowers began to bloom in time with her footsteps, and the fountains sang in perfect harmony with the nightingale's song, creating a symphony of sound and color that enveloped Sophia, transporting her to a state of pure enchantment, where the bounds of reality seemed to fade away, and she became one with the garden, her spirit merging with the essence of the moon, the flowers, and the music, in a moment of transcendence, where time stood still, and Sophia's very being was filled with a deep sense of peace, wonder, and belonging, as if she had finally found her true home, a place where her heart and soul could roam free, unencumbered by the worries and cares of the world, and as the music, the moon"
"conv_c706666b277846ff83bb4a4773afdd3a","Margot Chen, a clockmaker who discovered that time moved differently inside her shop than it did in the rest of the world. It started It started on a Tuesday, though Margot wouldn't realize the significance of that particular day for another three weeks—or what felt like three weeks inside the shop, at least. Outside, only four days had passed. She first noticed it when Mrs. Kowalski came in to collect her restored pocket watch. The elderly woman pe ered at Margot through thick bifocals and said, ""My dear, didn't I just drop this off yesterday?"" Margot had glanced down at her work log, where her meticulous handwriting clearly documented twenty-two days of careful restoration—cleaning each tiny gear, replacing the corroded mainspring, pol ishing the silver case until it gleamed like moonlight. She remembered every hour spent hunched over her workbench, the progression of morning light to afternoon shadow crossing the worn floorboards in their familiar patterns, the way she'd worked through seven full nights by lamplight because something about the mechanism had fascinated her beyond reason. ""Twenty-two days,"" Margot said, tapping the logbook. ""I documented everything."" Mrs. Kowalski pulled out her phone, f urrowed her brow, and showed Margot the date. ""See? I brought it in on Friday. Today is Tuesday. Five days, dear, and one of those was the weekend when you're closed."" Margot stared at the screen, then at her logbook, then at her own hands—which she now noticed bore the calluses and ink stains of weeks of continuous work, not days. Her fingernails had grown longer than she remembered. There was a coffee ring on page seventeen of her logbook that she distinctly recalled making during a rainstorm two Thursdays ago—except according to Mrs. Kowalski's phone , there had only been one Thursday since the watch arrived, and the weather report showed no rain in the past week. After Mrs. Kowalski left—puzz led but pleased with her restored timepiece—Margot locked the shop door and stood perfectly still in the center of the room. The clocks surrounding her ticked in their usual discordant symphony, each keeping its own faithful rhythm. She watched the second hands sweep, counted sixty beats, then checked her phone against the grandfather clock in the corner. They matched perfectly. Every clock in her shop, from the smallest wristwatch to the towering grandfather clock, agreed with each other—but apparently not with the world beyond her door. Margot's breath caught as understanding crystallized. The shop wasn't broken. It was simply running on its own time, a pocket of hours that stretched and deepened like a breath held underwater. She thought of all the impossible deadlines she'd met, the intricate repairs completed in what clients swore were mere days. She thought of the loneliness too—the way relationships had withered, how friends stopped calling, how she'd somehow never had time for anything but her clocks. Or perhaps she'd had nothing but time, more than anyone could imagine, while the world rushed past her windows at a different speed entirely. Margot"
"conv_c7e8cb9722024a258255b716f0948de3","a small, mysterious village nestled deep within a dense forest, where the air was sweet with the scent of blooming wildflowers and the sky was a brilliant blue during the day but transformed into a canvas of twinkling stars at night, with the village itself being a cluster of small, thatched roof cottages, each one emitting a warm, golden glow from the fires that burned within their hearths, casting a sense of comfort and tranquility over the village, and it was here that a young girl named Aria lived with her wise and aged grandmother, Elara, in a cottage that stood at the edge of the village, surrounded by a lush garden filled with exotic herbs and flowers that Elara had spent years cultivating, and whose properties she knew and understood with a depth of knowledge that seemed almost mystical, for she was a healer, and her remedies were sought after by the villagers, who would often come to her with ailments and injuries, only to be sent away with a small pouch of dried herbs, a vial of fragrant oil, and a whispered incantation that seemed to hold the power to soothe even the most troubled of minds, and as Aria grew older, she began to show a keen interest in her grandmother's craft, spending hours by her side as she worked, learning the intricacies of the healing arts, and demonstrating a natural talent for coaxing life from the plants, and understanding the subtle energies that flowed through the natural world, and Elara, seeing the potential in her young granddaughter, began to teach her the secrets of the forest, taking her on long walks through the trees, pointing out the hidden patterns and rhythms of the land, and sharing with her the ancient stories and legends that had been passed down through their family for generations, stories of the forest's magic, and the old gods who were said to whisper through the leaves, and A ria's imagination was sparked by these tales, and she felt a deep connection to the land, as if the trees and the creatures that lived among them were speaking to her in a language that only she could hear, a language that whispered secrets of the past and present, and hinted at mysteries yet to be uncovered, and as she listened, the forest began to reveal its secrets to her, and she would often wander deeper into the woods than she had ever gone before, feeling an inexplicable pull to a place where the trees grew taller and the path grew narrower, a place where the air was thick with an otherworldly energy, and the sound of running water grew louder, until she came upon a clearing, and in the center of it, a magnificent waterfall cascaded down a rocky slope, creating a misty veil that rose into the air, and behind the waterfall, a cave revealed itself, its entrance hidden behind the curtain of water, and Aria, feeling an overwhelming sense of wonder and curiosity, stepped behind the falling water and into the cave, where the sound of the waterfall was almost deafening, and the air was cool and damp, and as her eyes adjusted to the darkness, she saw a figure standing in the depths of the cave, shrouded in shadows, and as she drew closer, the figure slowly began to take shape, its features emerging from the darkness like a sculpture being carved from the stone itself, and Aria saw that it was a woman, tall and stately, with long hair that flowed like the waterfall"
"conv_e02a762e29784fc580234cff86764b5c","Maya Chen, who discovered on her thirty-second birthday that she could hear the thoughts of plants. It started with the basil on her kitchen windowsill. Maya had been reaching for the watering can when a whisper brushed against her mind—not quite a voice, more like the memory of a sigh translated into longing. *Thirsty. So thirsty.* She'd frozen, hand suspended in midair, convinced she was having some kind of breakdown. Thirty-two felt too young for a crisis, but here she was, apparently hallucinating that her herbs had opinions. She watered the basil anyway, and the sensation that flooded through her was unmistakable—pure, liquid relief, like sliding into cool water on a scorching day. Maya stumbled backward, knocking into the counter. The jade plant her mother had given her three years ago suddenly pressed into her awareness with something that felt like patient disapproval *You forget us for weeks,* it seemed to murmur, its voice ancient and slow as geological time. *We endure.* Maya's breath came shallow and quick. She pressed her palms against her temples, but the voices only grew clearer. The spider plant hanging by the window chimed in with an eager, child like enthusiasm—*Growing! Watch me growing!*—as its runners stretched toward the light with an innocent vanity that might have been charming if Maya wasn't currently questioning her sanity. She grabbed her phone with trembling fingers and typed ""hearing plant thoughts"" into the search bar, then deleted it. What was she expecting to find —a support group? A diagnosis? She set the phone down and tried to breathe steadily, but the apartment had become a chorus she couldn't silence. Even the half-dead fern in the bathroom joined in with a weak, plaintive *forgotten...always forgotten...* that made guilt twist in her chest. Maya fled to the hallway, pulling the door shut behind her, but the reprieve lasted only until she reached the elevator. Through the neighbor's cracked door, she felt the desperate cry of a dying orchid—*Why? Why won't they understand?*—and from somewhere below, the content murmur of a well-tended garden hummed through the building's foundation like a heartbeat. Maya jabbed the lobby button repeatedly, her composure fracturing with each floor's descent. Outside, the city became overwhelming. Street trees screamed their slow suffocation beneath concrete, their roots strangled and gasping. The flowering shrubs outside the coffee shop radiated confusion at being pruned into unnatural shapes, their voices sharp with indignation. Maya pressed her hands over her ears uselessly—this wasn't sound, couldn't be blocked out by anything physical. A woman passing by gave her a concerned look, and Maya forced her hands down, trying to appear normal even as the park across the street called to her like a symphony building toward crescendo—hundreds of voices, thousands maybe, each with its own texture of need and contentment and ancient patience. Maya found herself crossing against the light, drawn forward by an instinct she didn't understand. Her feet hit grass and suddenly the cacophony shifted, resolving into something almost musical."
"conv_e54186304fe541868dcb86c65a050337","Elena, a young woman who lived in a small, mist-shrouded village nestled at the foot of the ancient mountains. Elena was known for her curious nature and her unwavering bravery. Despite the warnings of the elders, she often ventured into the dense forests that surrounded her home, drawn by the whispers of the wind and the secrets hidden within the shadows of the trees. One crisp autumn evening, as the sun dipped below the horizon, casting long shadows across the forest floor, Elena heard a strange melody carried on the breeze. It was unlike any song she had ever heard—ethereal and haunting, it seemed to call out to her very soul. Without hesitation, she followed the sound deeper into the woods, her heart pounding with a mix of excitement and trepidation. The path grew narrower and the air cooler as she pushed through the underbrush, her eyes straining to see in the growing darkness. Suddenly, the trees thinned, and she found herself in a clearing bathed in an otherworldly light. At the center of the clearing stood an ancient stone circle, its moss-covered stones towering over the surrounding flora. In the middle, a figure played a silver flute, the source of the enchanting melody. As Elena approached, the figure turned to face her. It was a woman with long, flowing hair the color of moonlight, her eyes glowing with a gentle, yet powerful, light. ""Welcome, Elena,"" the woman said, her voice as melodic as the flute. ""I have been waiting for you. I am the guardian of these lands, and I have a task for you. A dark force threatens our world, and only you can help us stop it."" Elena's heart raced with a mixture of fear and determination. ""What must I do?"" she asked, her voice steady despite the turmoil within. The guardian smiled, a warm and reassuring presence. ""First, you must gather the three sacred elements: the Tear of the Moon, the Heart of the Earth, and the Breath of the Wind. These will give you the strength and wisdom needed to confront the darkness. The journey will be perilous, but you are brave and resourceful. Trust in yourself, and the spirits of the forest will guide you."" With those words, the guardian vanished, leaving Elena alone in the clearing. The moon rose higher, casting a silvery glow over the stone circle. Taking a deep breath, Elena knew what she had to do. She would embark on this quest, no matter the danger. With a renewed sense of purpose, she stepped out of the clearing and back into the forest, ready to face whatever challenges lay ahead. The journey was just beginning, and Elena was determined to see it through to the end. As she made her way through the forest, the rustling of leaves and the soft chirping of night creatures accompanied her. The path ahead was uncertain, but Elena felt a strange sense of calm. She knew that the forest itself seemed to be watching over her, guiding her steps. With each footfall, her resolve strengthened, and she moved with a newfound confidence. The first challenge would come soon enough, but for now, Elena walked on, her heart filled with hope and her spirit undaunted by the darkness that lay ahead. As she continued deeper into the forest, the air grew thicker with the scent of pine and earth, and the shadows seemed to part before her. The journey"
"conv_ec1dccb5a2e641fe85aefebc0058fda7","Marina, a young woman who lived in a windswept village on the edge of the sea. Her home was a small cottage perched atop a jagged cliff, where she could hear the endless roar of the waves smashing against stone every night. She had lived in the village all her life, but the cliffs and the restless sea always felt like an invitation to something more. Sometimes, when the moon was high and silver, she would walk to the edge and stare out over the dark water, imagining distant lands and forgotten stories hiding just beyond the horizon. The fishermen in the village spoke of strange lights out at sea and whispered of ships that disappeared in the mist, but Marina felt no fear— only a deep and insistent curiosity. One evening, as the sky bruised violet and the wind carried distant songs, she spotted a faint glimmer moving across the waves. It flickered like a lantern, bobbing gently, impossibly far from shore. Marina’s heart stuttered in her chest. Leaving her shawl fluttering on a rock, she picked her way down the narrow, slippery path toward the water’s edge. The light grew brighter, pulsing softly, as if sensing her presence. Marina hes itated for only a moment before stepping onto the icy shore. Pebbles crunched beneath her bare feet. The mysterious glow seemed to beckon her forward, drawing her closer until at last, she saw it: a small wooden boat, gently rocking against the tide, with a lantern swinging from its prow. No one was inside. The boat seemed to wait for her, the pool of light illuminating strange markings along its sides. Hesitant, Marina reached out and touched the worn wood. The moment her hand met the boat, the lantern’s flame flared with a sudden, radiant brilliance. The boat shivered beneath her fingers, as if it had awakened from a long sleep. Marina glanced over her shoulder, half-expecting someone—anyone—to call her back. But the shore was silent, the only sound the soft slap of water and her own quick breath. Heart pounding, she climbed into the boat. As soon as she settled in, the vessel pushed away from the rocks of its own accord, lantern casting golden reflections across the midnight waves. The village lights dwindled behind her as the sea rose up around the little craft. Marina gripped the edges, unsure whether to tremble or smile, as the boat glided faster, guided by the lantern’s glow. Chill air whipped her hair and the world narrowed to mist and movement. Ahead, the shimmer parted to reveal an island no one in her village had ever spoken of—a thicket of silver-leafed trees and pearl-white sands. Marina’s breath caught, wonder eclipsing all her fears, as the boat slid onto the shore with a gentle scrape. She stepped onto the sand and the lantern dimmed, as if content now that it had brought her home—at last, to the place her heart had been longing for. Marina took her first steps beneath the whispering trees, ready to discover the story the sea had promised her all along . In the hush of the dawn, as birds serenaded the hidden island, Marina felt she had found what she had always sensed just beyond the horizon: the beginning of her true adventure, and a place where all the world’s forgotten stories waited to be lived again—her own among them. With hope and courage as her companions, Marina walked into"
"conv_ef64b58ded354f02a8d014454da6c27f","Mira, a young astronomer who lived in the quiet town of Windrow. Every night, she would set up her telescope atop the hill behind her cottage, searching the velvet sky for new constellations, distant nebulae, or perhaps even a passing comet. But tonight felt different. The air was crisp, the wind unusually still , and the stars themselves seemed to shimmer with anticipation. As Mira adjusted the lens, her breath catching in the chill, a strange spark flickered at the very edge of her view. At first, she thought it was a trick of the glass or maybe a shooting star, but this light did not dart across the sky. Instead, it pulsed steadily, growing brighter and larger with each heartbeat. Mira’s fingers trembled as she focused in, revealing not a star, but a perfect, geometric shape—an oct ahedron, its eight sides glimmering with an iridescent glow. It hovered silently amid the constellations, unlike anything Mira had ever seen. Her pulse quick ened as the octahedron began to rotate, casting beams of multicolored light that danced through the sky. Suddenly, a thin, harmonic hum reached Mira’s ears— a sound that seemed to resonate with the very core of her being. The octahedron’s lights shimmered in response, pulsing gently as if in greeting. Mira felt drawn forward, as though some invisible thread connected her to the celestial shape. Clutching her journal close, she whispered, ""What are you?"" To her astonishment , the octahedron’s humming shifted, and a cascade of glowing symbols appeared in the air between them. Mira’s eyes widened as the symbols morphed and twined together, forming words she could somehow read: ""We have watched. You are ready."" The octahedron hovered closer, bathing her in shimmering light. With reverence , Mira reached out instinctively. The instant her fingers brushed the light, warmth flooded her. Stars expanded before her eyes—she was no longer on the hill, but floating in a sea of galaxies, the octahedron a gentle guide at her side. Nebulae blossomed across her vision, and languages of the cosmos whispered to her mind , filling Mira with a radiant understanding. She saw Windrow below—a single flicker in an endless tapestry. But she also saw wonders: ancient civilizations, singing planets, bridges of light connecting distant worlds. The octahedron’s gentle voice echoed around her. ""All who look up belong to the stars."" As dawn’s glow called Mira home, she awoke on the hill, the octahedron now a soft warmth in her heart. Forever changed, Mira knew her story with the cosmos—her story with wonder— would go on, echoing with the promise that anyone looking up could find their place among the stars, just as she had. And every night thereafter, under the velvet sky , Mira watched not just for strange lights, but listened for distant songs, certain that somewhere, something was listening—and waiting—for another curious heart to answer. So the story of Mira, stargazer and cosmic friend, flickered into legend. Windrow’s children grew up dreaming of the stars, whispering that the universe always has more to offer those who dare to wonder—and sometimes, all it takes is gazing up, heart open, to discover you’re already a part of something infinite."
"conv_f1ecb65b31724a5cbdec9190c27319fd","Eliana, a young woman with a heart full of dreams and a mind brimming with curiosity. She lived in a small village nestled between rolling hills and dense forests, where life moved at a gentle pace, far from the bustling cities. Eliana spent her days exploring the woods, collecting herbs, and listening to the tales of the elders. Her favorite spot was an ancient oak tree, its branches sprawling wide like the arms of a welcoming friend. It was here that she would sit for hours, sketching the intricate patterns of leaves and imagining the stories they could tell. One crisp autumn morning, as the first hints of gold and crimson painted the forest, Eliana noticed something unusual at the base of the oak. A small, intricately carved wooden box lay half-buried in the leaves, its surface etched with symbols she had never seen before. Heart pounding with excitement, Eliana carefully dug the box out and brushed away the dirt. The carvings seemed to glow faintly under her touch, and she felt a strange, tingling sensation run through her fingers. Mustering her courage, she lifted the lid, revealing a scroll wrapped in a delicate, silken cloth. As she unfurled the scroll, the air around her seemed to shimmer, and the forest grew eerily silent. The scroll was covered in the same mysterious symbols, but one phrase stood out, written in a language she recognized: ""Seek the heart of the forest, where light and shadow dance."" The words sent a shiver down her spine, and Eliana knew she had to follow them. With the box clutched tightly in her hand, she set off deeper into the forest, her heart both racing and filled with a sense of purpose. The path ahead was overgrown and unfamiliar, but she pressed on, guided by the faint, pulsing light that seemed to emanate from the box. As she ventured further, the trees grew taller and the air cooler, and the boundary between light and shadow became increasingly blurred. The forest whispered secrets around her, and Eliana felt a connection to the ancient magic that pulsed through the land. Finally, she reached a clearing where a single, magnificent tree stood at the center, its branches reaching skyward like the spokes of a celestial wheel. The light and shadow danced around the tree, creating a mesmerizing pattern that pul sed and drew Eliana closer. As she approached, the ground beneath her feet began to vibrate softly, and the air filled with a sweet, ethereal melody. The symbols on the box began to glow brighter, and Eliana knew she was in the right place. She placed the box at the base of the tree and stepped back, her heart full of wonder. The box slowly opened on its own, and a warm, golden light spilled out, merging with the light and shadow around the tree. The forest came alive with a radiant energy, and the tree at the center began to shimmer, its leaves rustling with a symphony of whispers. Eliana felt a profound peace wash over her, and she realized that the tree was the heart of the forest, a guardian of ancient wisdom and balance. As the light faded, the tree revealed a hidden door, carved into its trunk. Eliana, guided by a newfound sense of destiny, stepped forward and pushed the door open. Inside, she found a chamber filled with ancient scrolls"
"conv_f8940fb94e8a467bb26dd280ac8e0e7a","Mira Chen, a botanist who discovered something impossible in the permafrost of northern Alaska—a seed pod the size of her fist Mira Chen's fingers trembled as she brushed away the last fragments of ice from the seed pod. In her fifteen years studying Arctic flora, she had never seen anything like it. The pod's surface was neither plant nor mineral, but something in between—smooth as polished jade yet warm to the touch, pulsing with a rhythm that matched her own heartbeat. She pulled off one glove with her teeth and pressed her bare palm against it. The warmth intensified, and thin veins of luminescent green spread across the pod's surface, branching out like capillaries seeking her touch. Mira gasped and jerked her hand back, but the glow didn't fade. Instead, the veins continued spreading, forming intricate patterns that reminded her of circuit boards—or perhaps neural networks. A hairline crack appeared along the pod's equator, releasing a wisp of vapor that smelled of ozone and something else, something ancient and green like the earth before humanity. Mira's scientific training warred with instinct. She should seal it, document it, call the research station. But her hands moved of their own accord, c radling the pod as the crack widened. Through the gap, she glimpsed movement—not the unfurling of leaves, but something that seemed almost deliberate , purposeful. A tendril emerged, midnight blue and glistening, its tip splitting into delicate filaments that tasted the air like a serpent's tongue . The filaments swayed toward Mira, and she found herself frozen—not with fear, but with a strange recognition, as if something deep in her ancestral memory had been waiting for this moment. The tendril brushed her wrist, feather-light, and suddenly her mind flooded with images: vast forests beneath twin moons, creatures that walked on roots instead of legs, and a world dying—its people scattering seeds across the void as their final act of hope. M ira understood then, with a clarity that transcended language. This pod had traveled for millennia, waiting in the permafrost until someone could receive its message. The tendril pulsed once more against her skin, and she felt the weight of an entire civilization's last wish settling into her bones. They had been gardeners of worlds , and now their legacy rested in her hands—a responsibility she hadn't asked for but somehow felt destined to bear. The pod split fully open, revealing not a plant, but a crystalline sphere containing thousands of microscopic seeds suspended in amber light. Mira understood her choice: bury it again and preserve her world unchanged, or plant these seeds and risk transforming Earth into something unprecedented. She thought of dying coral reefs, burning forests, species winking out like extinguished stars. Her decision crystallized with the same inevitability as ice forming on still water. Mira carefully lifted the sphere, feeling its warmth spread through her chest like hope taking root. She would not bury it. She would become what those ancient gardeners had been—a bridge between worlds, a tender of impossible things. As M"
"conv_006cb479-ccd3-40d1-83fb-4b614573f636","There once was a young woman who had trust issues. She had been betrayed by her ex-boyfriend who cheated on her with her best friend, leaving her feeling shattered and vulnerable. The experience had made her wary of opening up to anyone new, and she found herself constantly questioning the motives of those who claimed they loved her. This made her hard to reach but also very lonely. She was lonely like this for many years but finally she decided to take a chance and start attending social events again, hoping to meet someone who could help her heal and learn to trust once more. It was at one of these events, that she meet another young woman just like her self who also had trust issues. They meet many times without ever talking much or becoming close. until one evening, when they both found themselves sitting alone at a small café, each lost in their own thoughts. The atmosphere was quiet and intimate, and somehow, it seemed as if they where destined to meet. They started talking and soon found out they had a lot in common. They started meeting more and over time they developed a deep and meaningful connection, one that was built on mutual understanding and respect. They shared their stories, their fears, and their dreams with each other, and as time whent on their connection became more than just friendship it became love. For a long time they had been afraid to acknowledge the true nature of their feelings, fearing that it might ruin the beautiful bond they had established. But as they looked into each other's eyes, they knew excaktly what the other person was feeling. They finally burst free of their prisons of isolation and oppened up for love and allowed themselves to be vulnerable, to trust, and to surrender to the beauty of their relationship. As they embraced each other, they felt a sense of freedom and joy that they haden't felt in ages. However they where out of training in trusting and their relationsship was put to the test as they navigated the complexities of intimacy, communication, and compromise. They stumbled upon old patterns and fears, but this time, they had each other . They where determined to not let this relationship be destroyed as well and in the end they succeded. They built a life together, one that was filled with love, laughter, and a deep understanding of each other's strengths and weaknesses. They proved to themselves that they were capable of overcoming obstacles and regaining trust i humans. Their relationship also allowed them to open more up to other humans and form meaningfull connections with others, and as they looked back on their journey, they realized that their love had been the catalyst for a profound transformation, one that had brought healing, growth,"
"conv_02b6fce3-98d8-456f-b0e8-3708b9ca1968","Outside her window the storm was raging. Trees moving mechanically in the wind under the loud drumming sound of water drops falling Outside her window, the storm was raging. Trees moved mechanically in the wind, the loud drumming of water drops falling against the glass. Inside, the house was quiet, a dim candlelight stood dancing on the windowsill. She was reading a book, not paying much attention to the dark surroundings of the room. The flickering flame cast shadows on the walls, creating a dance of light and darkness. Lost in the pages, she barely noticed the growing intensity of the storm Her cat laid snoring on the warm blanket covering her feet. Suddenly, a loud sound came from the kitchen and she let out a short squeak, her heart racing. She marked her page and set the book down, listening intently. The house creaked around her, but the silence that followed was deafening. She was alone for the weekend, her husband away for business on a fancy trip to New York. She didn't mind though, being alone had never bothered her. But the sudden noise was unsettling. Gathering her courage, she got up, the cat stirring but not waking. She tiptoed to the kitchen, the floorboards protesting softly under bare feet. She grabbed the candlelight from the windowsill as she approached the kitchen with slow, steady steps. It must have been the wind, she told herself, trying to calm her nerves. As she neared the kitchen, the flickering light revealed nothing out of place at first. Then, she noticed a dark shadow in the corner of the kitchen. It was almost unnoticeable at first, but she could have sworn there was movement. She stood still for a moment, her breath held. The shadow seemed to shift again, and a chill ran down her spine. She reached for the nearest object—a wooden spoon—and raised it defensively, Something was staring back at her. Golden eyes, ridden with malice. She could tell. She had always been good at reading people. A sixth sense, her husband often teased her about. The eyes belonged to something not quite human, and her heart pounded in her chest. She swallowed hard, trying to steady herself. ""Who are you? What do you want? Her voice were much quieter than anticipated, almost as if the words could not find their way. She forced herself to speak again, this time with more conviction. ""I know you're there. Show yourself."" The tension in the room was palpable, and the only response was more silence. Before she could even react, a dark creature, hideous beyond imagination, jumped out of the shadows with an ear-splitting screech. She screamed and swung the wooden spoon, more out of reflex than anything else. The creature dodged easily, its eyes gleaming with a"
"conv_07ec1a21-00a8-494b-9747-ef2f719abd5a","a lighthouse keeper who forgot how to sleep. Mara had tended the beacon on Skellig Point for seven years, watching ships pass by the thousand glowing portholes, each one a tiny world of laughter and music drifting across the water. The vessel moved like a floating city, imposs She looked at the dark sea, waiting for sign of movement that was coming closer. One night a large cruiseline lit up the night. She almost felt blinded strangely—pulsing in rhythms that didn't match the waves. Mara pressed her face against the cold glass of the lighthouse gallery, her breath fo impossible to miss. Usually the water was calm, only a handful of ships passing by. This was not usual. Even the lights were glimmering of the upper decks, an answering flash—red, then red again, then darkness. Her heart quickened. In seven years, no ship had ever responded to foggy in the chill night air. Without knowing why she grabbed the flashlight from the table and put the red lights on it, pointing it toward the ship. From one a sealed letter marked ""Open only when the red ship answers."" She'd laughed at the time, thinking it another of Uncle Gareth's eccentricities. her, when she flashed the red lights. Lighthouses were somehow less relevent these days, but she had inherited this one from her uncle. In his will there had been the yellowed paper free. Uncle Gareth's spidery handwriting covered the page: *Mara, if you're reading this, they've finally She got up quickly and found the letter in a drawer. Her hands were shaking with excitement as she dragged a finger along the envelope's edge to open it and pulled stop the engine before midnight. She'll know what it means. Trust no one else. The dinghy is ready—I've kept it maintained for this moment. The found a way to cross into our world. You need to find a way to get onboard the ship, find a woman named Hilda and tell her to clock—11:17 PM. Forty-three minutes. She grabbed her uncle's old peacoat from the hook and raced down the spiral stairs moment the engine has been turned off, get out of there and return to safety here in the lighthouse. All will be well. Sincerely, Gareth."" Mara looked at the to row with long, steady strokes, muffling the oars as best she could. The cruise ship loomed larger with each pull, its strange pulsing to get to the dinghy. She could make it if she rowed fast but something told her she would have to be quiet too. Sliding into the small boat she began"
"conv_0bb56093-3033-4615-bb70-ebfa4135589a","John Cena, the famous wrestler also known for his famous warcry LETS FLIPFLOPPING DO THIS. Which a lot of people misinterpreted as ""Let's do this,"" but only his true fans knew the authentic phrase that fueled his unrelenting passion for body-slamming his opponents. One day John would take a stroll in his mama van, drop K-dot off, cause I know he trynna flock on Sherane tonight. But little did John know, K-dot, aka Kendrick Lamar, had other plans, and as he stepped out of the mama van, he whispered to John, ""Yo, Cena Hair pitch black like the midnight sky Eyes like the jungle, you're something wild Her sweet melody sings to the rhythm of the African drums, and John's warrior spirit began to stir, as he remembered the enchanting songstress, Sherane, who had captured Kendrick's heart Nothing here changes, seasons go by You said, ""Hello, "" you said, ""Goodbye"" Did you run away? Mariella, where did you go? The echoes of her name lingered in the air, as John's mind began to wander, recalling the tales Kendrick had shared about his tumultuous relationship with Sherane, but Okay, I know that's borderline Compton or Paramount ""Well, is it Compton?"" ""No,"" she replied Then quickly start battin' her eyes I strictly had to have her, and the city lights of Paramount blurred together as John's mama van sped down the boulevard, the sound of Kendrick's storytelling fading into the distance, replaced But not enough to stop me from gettin' a nut ""I wanna come over, what's up?"" That's what I told her soon as this episode Of Martin go off, the TV screen flickered to black, and John's eyes met Kendrick's, who was grinning mischievously, as if to say, ""You know what's Passin' Alameda, my gas meter in need of a pump I got enough to get me through the traffic jam At least I hope, 'cause my pockets broke and the mama van's engine sputtered, as if echoing John's concern, but Kendrick just nodded sympathetically, his mind still preoccupied with the memories of Sherane I had a fifth in the trunk like Curtis Jackson for ransom I'm hopin' to get her loose like an Uncle Luke anthem I'm two blocks away, two minutes from her doorstep, and the anticipation was building up, as John's fingers drummed against the steering wheel, and Kendrick started to rap along, ""Two blocks away, Kendrick, where you at? Damn, I'm sittin' here waitin' on my van You told me you was gon' be back in a minute, but the minutes turned to hours, and the hours turned to silence, leaving John Cena alone in the mama van, the only sound being the hum of the"
"conv_0f18b30f-7d4b-4681-b98e-a0ff4f2b5256","a small town girl who dreams of adventure and the opportunity to explore the world but family responsibilities and economic challenges are insurmountable She feels trapped in the mundane routine of her daily life, working at the local diner to make ends meet, while her mind wanders to far-off lands and exotic cultures. Fueled by her reading habit, by books like Kon Tiki and Out of Africa and Lawrence of Arabia, she brainstorms ways to escape her responsibilities and pad her savings, which are meager at best, but she's determined to find a way to break free from the constraints of her small town and experience the thrill of adventure for a more fulfilling future. Everything from increasing the fees for her babysitting and petsitting side gigs to robbing the local convenience store flit through her mind, though she quickly dismisses the latter as a reckless and foolish idea, knowing that it would only lead to trouble and jeopardize the very people she cares about, her mild mannered mother, Puritanical father, and most of all her beloved Granny Gigi who has hinted at a bequest in her will, a secret stash of money that Granny Gigi had set aside from her own adventures as a young woman, traveling the world as a missionary's wife, and which she smuggled out of Pakistan in the hollow tubing of her crutches as she feigned a broken leg suffered in the uprising in her field hospital, a tale that Granny Gigi would only hint at with a sly glint in her eye, leaving the small town girl to wonder about the full story and the exact details of her foreign service. Unfortunately for the girl with wanderlust, Granny Gigi is as hale and hearty as a 79 year old can be so murder Network error while generating a response. may be the only means of hastening that bequest. Recognizing that unfettered travel burdened by inconsolable grief and guilt is not a price she's willing to pay, the small town girl sets her sights on more legitimate means of financing her escape, and begins to scour the local community for any opportunity that may legally further her goals. She studies public bulletin boards and social media for ideas and happens upon an ad: Responsible young woman wanted to care for a sailboat and crew for a seasonal voyage, with all expenses paid and a generous stipend, an opportunity that seems almost too good to be true, but for her, it is clearly a dream come true. Well, it is if you ignore her fear boats emanating from a tendency of severe seasickness even when watching ocean scenes in movies, but the prospect of sailing to distant shores and exploring the world beyond her small town is too enticing to let a little thing like seasickness stand in her way"
"conv_11293fd2-d757-471f-8e2e-783542167a8e","A young girl, riding her bike down the main street, as she suddenly spots something very surprising on the horizon. She gets off of her bike, to fully take in the sight before her. The object, which had initially appeared as a mere speck, was now growing larger and more defined. It was an old-fashioned hot air balloon She gaped, as she had never seen one in real life. However, as the air balloon moved closer, she that saw something just as strange in the basket an old trunk, adorned with intricate carvings and a large, rusted lock, sitting prominently in the center of the basket, surrounded by various strange and colorful items that glittered in the sunlight. Atop of the trunk sat a very peculiar creature. Not quite human, but not like any other animal she had ever seen, dressed in a long, velvet coat with brass buttons, and a top hat that seemed to be tilted at a rakish angle, giving the creature an air of whimsy and sophistication In the middle of its face were old fashioned googles, as the balloon came to a halt in the air above her, the creature lifted them and peered down at the young girl with an unblinking gaze, its eyes gleaming with a mixture of curiosity and mischief, as it removed the goggles to reveal eyes that shone bright yellow in the early morning light. She peered up at the creature with curios eyes. ""Good morning to you, young one,"" the creature replied in a low, raspy voice, its tone surprisingly warm and gentle, as it tipped its top hat in a courteous greeting. ""Excuse me, but what are you doing?,"" she asked politely, as nothing ever happened in her small town, and as so, this was a shock to her system, and she found herself struggling to process the sheer strangeness of the situation, as the creature smiled and began to carefully climb down from the basket, gliding gracefully down a sturdy-looking rope. ""Me? Well, I'm here on an adventure, my girl. Would you care to join me in my secret expedition?"" the creature asked, its yellow eyes sparkling with excitement, as it reached the ground and began to brush off its coat, revealing a pocket watch chain and a small watch, ticking away. It looked like no other watch the girl had ever seen, decorated with fine gemstones, its hands whirring away at a strange speed, as if measuring time itself in a unique and mystical way, and the creature, noticing her fascination with the timepiece, smiled knowingly and said, ""This, my dear, is no ordinary watch. It grants its master the ability to travel through both time and space!"" The creature grinned. ""Then, why do you need the balloon,"" the girl asked again, her curiosity getting the better of her, and the creature chuckled, a low, rumbling sound, as it replied, ""Ah, the balloon is"
"conv_155f7493-3058-435d-a672-40e7e8ec213a","a bear named, Per Hansen. He was your usual, run of the mill, bear turned danish. One day he was taking a walk the the cold winter air. The sun was setting and he wondered. Who was he gonna vote for the next kommunal valg. He had absolutely no idea, who the kandidates were or what they stood for. Sighing, he leaned back in his creaky wooden chair, the last rays of sunlight casting long shadows across the room. His valg kort laid out on the table. sooooo many options. What would his mother say? Argh, it is of no use. The dilemma was even still thundering in his mind as he picked up the ballot paper, his fingers tracing the names of the candidates. Each one seemed to blend into the next, a sea of unfamiliar faces and promises. ""I like this candidate!"" Per thought to himself. They like nature and think we should be voting more green. But they did have that scandal last year. Per’s brow furrowed as he recalled the headlines. It wasn’t just about the environment; integrity mattered too. He set the ballot down and rubbed his temples ""come on!"" he exclaimed. He had promised goldi lock to go to the valgsted together. She ALWAYS knew where she would put her ""X"". She would put it without a second thought, her confidence both enviable and a bit intimidating. Per stood up, straightened his shirt, and grabbed his coat. It was time to meet at the old willow, as it whispered in the winter air, reminding him of his unwillingness to choose. what did mamma bear always say to him? Per closed his eyes, letting the gentle breeze carry the memory. “Per,” he could almost hear her deep, calming voice, “sometimes the hardest choices are cringy, and crusty"". That sounds about right... mamma really liked toast. Hmmm but who is the crunchiest canditate of them all?” Per chuckled at the absurdity of the thought. As he walked toward the old willow, he decided to trust Goldilocks’ instincts. Maybe, just maybe He would feel the paper, for the crunchiest candidate. Where the paper is the most crisp is the right one candidate for him. With a determined nod, he quickened his pace, the setting sun casting a warm glow on his path. The old willow loomed ahead, its branches sw swotted all his doubt away as he saw goldilock. ""ready?"" she greated him. as ready as i can. then he ate her ... you know how bears are,” Per joked, grinning. Goldilocks laughed, her eyes twinkling. “Let’s do this,” she said, and they walked together toward the polling station"
"conv_18ba473d-8913-4785-95cf-9a5400887bb9","a lighthouse keeper who forgot how to dream. Mara had lived on the rocky outcrop for seven years, watching the beam sweep across dark arrive with news from the mainland, or perhaps someone who might stay awhile and share stories of distant ports. But the ships never stopped. They only used her light to navigate She had always loved looking over the horizons; wondering what could be out there - dreaming of the day, that a ship would day out. Wake at dawn, trim the wick, polish the lens, check the oil reserves, watch the horizon. The rhythm had once been comforting, but , leaving her quite alone atop the tall lighthouse. She found herself going through her routines in a mechanical way; same thing day in and anything beyond the endless cycle of tides and light. The world had shrunk to just this: stone, salt air, and the mechanical turning of the lamp. Then now it felt empty. She yearned for something else, but had forgotten what else was out there - unable to imagine floating in place, neither approaching nor retreating. Mara squinted through her spyglass, her heart quickening with something she hadn't felt in years—curios one day, she spotted something in the horizon. At first she thought it was another ship passing by, but it seemed like the object was into the cold water, waves lapping at her knees, then her waist. The object bobbed closer with each swell—a wooden chest, barnacle she ran down the tower. Skipping over every other step on the stair, out the door, down the cliff side and over the rocky beach. She waded out but it wouldn't budge. Rusted shut by years of saltwater. She grabbed a rock and struck the clasp once, twice—and on the third blow covering the sides. When the chest reached her, she hoisted it up on the shore. Her fingers worked deftly with the lock on the front, M.' embossed in fading gold. Mara's breath caught. Those were her mother's initials—Audrey Morrow. But her mother it flung open. She peered over the edge, and inside she found a notebook; bound in leather and with the initials 'A. her trembling fingers over the worn leather. Salt-stained pages crackled as she opened to the first entry, dated twenty-three years ago. ""My had passed when she was young. Her father never spoke much of her; the hurt too much to bear. She lifted the book out of the chest, running"
"conv_18be1999-da21-4ab6-8f9e-e52e6d9c8070","a girl with no name. She would have been given one by the leaders of her small village if they hadn't noticed her unusual eyes, a striking blend of green and blue that shimmered like the depths of a mountain lake. The village elders saw this as a sign, a mark of destiny ""When she comes of age, she will embark on a journey to still the raging oceans so we can once again fish and sail to distant lands,"" the village elder declared, his voice echoing through the small, candle-lit chamber. ""Until then, she must prepare and learn the ways of our ancestors She was swept from her family and home she never knew and thrust into the musty library where the elders watched over and taught her ancient secrets and forgotten lore. Day after day, she delved into dusty tomes and cryptic scrolls, her mind absorbing knowledge as eagerly as her eyes soaked up the names of powerful and simple things alike. But she couldn't help but long for a name of her own, even though the elders reminded her that her true name would be revealed when the time was right. In the quiet moments between lessons, she would gaze out the window at the distant sea, watching the violent waves crash and spray, and wonder how a nameless nobody could ever conquer something so vast and wild. Yet, deep within her, a spark of determination flickered, fueled by the mysterious power in her eyes and the ancient knowledge she was amassing. On the night of her 15th birthday, the village elders and people all celebrated her as she walked through the village gates stubbornly towards the library, where a grand ceremony awaited. The air was thick with anticipation, and the villagers cheered her on, their faces illuminated by the flickering torchlight. As she accepted the elder's formal mission, she carefully held her gaze on him despite the excitement around her. He gave her the tools she would need for her journey: a compass that always pointed true, a small, enchanted dagger, and a map etched with ancient symbols. ""Your name will be revealed when you face the heart of the storm."" She didn't understand those words, but all the longing and restlessness in her heart could not be silenced any longer. With a deep breath, she stepped forward, her determination unwavering. The villagers watched in awe as she began her journey, the first step toward a destiny that had been hers since her first breath. With every step, the cheering of the village grew farther away, replaced by the roar of the wind and the rhythmic crashing of the waves. The girl with no name, driven by a purpose greater than herself, marched toward the horizon, ready to"
"conv_193bbf9f-e759-475a-ae86-76613053567a","a lighthouse keeper who discovered that every seventh wave carried voices from the past. Mara had tended the beacon at Cordell Point for would remember this particular evening as the one that changed everything. The beam swept across the water in its eternal rotation—five seconds of light, five of darkness—when she over 2 years now and she loves the dark nights. She glances over the dark sea with the many ships. In the future she not feel the cold embrace of the ocean. Instead, Mara landed on something solid yet yielding, like weathered canvas stretched over wooden beams. Her eyes slipped and fell. She just fell into the darkness with no sounds surrounding her. Everything went silent, but she did below the lighthouse—a small shop she'd passed a thousand times on her walks into town. The striped fabric had caught her like a net, sagging deeply under her opened slowly, her hand moved, her foot moved, everything was fine. She had landed at on the parasol of the boutique help you down from there?"" he called, a hint of amusement threading through his concern. Mara blinked, disoriented. ""I weight. A light turned on inside the shop, and a young man came out looking up at the parasol she was caught in ""can I disappeared, she heard it—the seventh wave crashing against the rocks below, and with it, a whisper that seemed to come from the fabric itself. ""The am fine, but thanks"". The man looked amused at Mara, and then went inside again. Mara was relieved. But moments after he some help after all?"" she shouted toward the shop door. The young man reappeared immediately, this time with a ladder. As he propped it against the fate is up to you. You have the world in your hands"". The girl was frightened, but she new what to do. ""Hey, can I get Felix. Are you hurt?"" Mara shook her head, still trembling—not from the fall, but from those words that had wrapped around her like parasol. ""Come here"". He lifted her from the parasol and onto the ground. He gave her his hand and said kindly ""Hi, i am looked at her with eyes that seemed to hold decades, though his face was young. ""You're the lighthouse keeper,"" he said, not as a question but a recognition. ivy. She knew this name. Felix. She had heard it before, but where? She tried to think, but nothing came up. The man"
"conv_1a776856-1876-44eb-b0f6-31b31250ddca","There was once a man in a sauna who really liked the smell of sandelwood. This man was also known for his love of surfing the waves with a certain mechanical assistance in the form of a sleek, silver jet-powered surfboard that allowed him to ride the waves with incredible speed and agility. As he sat in the sauna, surrounded by the warm, saunagus, he really got to thinking about life and what it brings. The heat of the sauna combined with the artful smell combinations of sandalwood and eucalyptus wafting through the air seemed to clarify his thoughts, and he found himself pondering the similarities between the fleeting nature of the human experience. He found that he felt the most sure about his deepest wishes and desires when he just emerged from the heat and stepped out into the cool, crisp air, feeling the sudden rush of clarity and purpose that came with the abrupt change in temperature. It was as if the sauna had washed away all that created problems in his day to day. He really liked spending his sundays here, and would sometimes bring guests into the sauna, sharing the tranquility and stimulating conversation that seemed to flow effortlessly in the warm, intimate atmosphere. His friends would often remark on the unique sense of camaraderie that this experience created. Once outside of the sauna, regular life would, for better or worse, have to continue on as it had before, with its familiar routines and responsibilities, but somehow the experience of the sauna lingered, leaving an imprint on his mind and heart, a reminder of the peace and clarity that can be found, even in the rush of expectations and wishes for self improvement, which are otherwise always present and which often seemed to weigh heavily on his mind, like a constant hum of self-doubt and striving, but in the stillness of the sauna, all of that was sweated out of the body through the pores, although even with all this sweat - the smells were always pleasantly overpowered by the fragrant aromas of the essential oils, sandalwood, and eucalyptus, that filled the air, creating a sense of absolute serenity. Even though the day to day challenges this man faced could be of a different nature for each night slept, the peace of the sauna remained a constant, a dependable refuge from the turmoil and uncertainty of life, a place where he could let his guard down and simply be, surrounded by the gentle heat and clouds of smells. Even with a constant such as this, the basic human response to achieving something is not satisfaction, but a fleeting sense of contentment, soon giving way to new desires and aspirations, a perpetual cycle of pursuit and longing, and yet, in the tranquility of the sauna,"
"conv_1bb594f6-281e-43c0-aad7-d82e4a2ab88d","Eliana, a young woman with a heart as vast as the ocean and dreams as deep. Born in a small coastal village, Eliana spent her childhood gazing at majestic forests, where the air was crisp and the skies were clear. Her village, though quaint and charming, felt too small to contain her spirit. Every evening, as water. Growing up she dreamed of travelling across to visit the land beyond, full of new people. A land with big mountains and tavern, his eyes as deep and unreadable as the sea on a stormy night. He wore a cloak that seemed to blend with the shadows, and his presence was she worked in the tavern, she looked longingly at the windows facing the ocean. Then one day a mysterious man entered the was following her. The moon cast long, eerie shadows on the cobblestone path, and the sound of the waves seemed to whisper secrets in the night air. Eliana enchanting. Throughout the evening she kept stealing glances at him. Their eyes connected and sparks flew between them. As she walked home she got a feeling someone Eliana spun around, her heart pounding in her chest. The mysterious man from the tavern stood before her, his face now softened by concern. ""I didn't mean kept looking around but nobody was there. As she was walking faster away a sound came from behind. A hand wrapped around her bicep and stopped her from walking said, ""You remind me of someone I once knew. Someone who also had a thirst for adventure."" He released her arm gently. ""Perhaps we could talk more, if to scare you, but have we met before"" a deep raspy voice said. Suppressing a scream, she managed a small ""No"". Searching her face he with a mix of curiosity and caution. The encounter left her with more questions than answers, but the idea of adventure and the possibility of uncovering hidden paths beyond her village began you are willing to meet me tomorrow. Meet at the well at noon"" he said, as he disappeared in the shadows. Feeling counfused Eliana went home, her head now filled and the sun to reach its highest point in the sky. Finally, with a nervous flutter in her stomach, Eliana made her way to the well, her heart racing with forming in her mind. Waking the next morning full of exciment, she decided to meet the strange man. Time went slowly as she waited for noon to come face. ""You came,"" he said, his voice warm and welcoming. ""I'm called Arlo. And you must be Eliana."" She nodded, her throat suddenly exhilaration and nerves. Stading at the well was the man waiting his eyes shining like safires. As he saw her coming a smile spread across his"
"conv_20c3db22-5b6d-42fa-bdee-f1e1a84fe6e8","a mad scientist called Julius, who is trying to create a Time Machine to go back in time and prevent the birth of a terrible dictator. a mad scientist called Julius, who, in the dim light of his cluttered laboratory, pored over ancient texts and cutting-edge scientific journals. His goal was to understand everything he could about the nature of time in order to build a Time Machine in order to harness the power of the fourth dimension. Every day and night, he worked tirelessly, fueled by a mix of ambition, desperation, and a deep sense of moral duty. The dictator he aimed to destroy was named Adolfus and was presently oppressing the people of Barovia in an eternal war machine, and persecuting the region's minority groups. Julius had seen the horrors firsthand during a brief visit to Barovia, where the once-thriving streets were now filled with fear and suffering. The more he learned the more he knew that his sole mission in life was to not just end the dictator and the Nazi's reign but to prevent it from happening in the first place. With a renewed sense of purpose, Julius began to assemble the components of his Time Machine. He scavenged parts from abandoned factories, raided libraries for forbidden knowledge, and conducted experiments on willing volunteers, awaiting the point when he himself would travel back in time to change the course and direction of history. The final piece of his invention, a mysterious crystal he had discovered in an ancient cave, was the key to unlocking the time-traveling potential. As the machine whirred into action, Julius strapped himself into the attached seat and put on his radioactivity-blocking helmet, as he adjusted the dials and levers with a steady hand. The air around him buzzed with an otherworldly energy, and the walls of his laboratory began to blur and distort and he felt his body being pushed and pulled in all direction. He lost consciousness and when he awake he found himself in a different time and place. The year was 1890, and he was in a small, bustling village that would one day become the heart of Barovia . Julius exited the Time Machine and got his bearings, looking around the town for signs of the local butcher shop, where he knew Adolfus's father worked. The streets were lined with cobblestones, and the air was filled with the smells of freshly baked bread and horse-drawn carriages. Julius spotted the butcher shop and headed there immediately. Inside he saw a large man with a blood stained apron, whom he immediately recognized as Adolfus's father. Julius approached him with a sense of trepidation, knowing that the slightest misstep could alter the timeline in unpredictable ways. ""Excuse"
"conv_23ed55f8-cc91-439f-8c8e-e24f66457596","fairy living in wonderland. She is a very happy fairy, who has lots and lots of fairy friends. They are all special and unique, each with their own magical talents. One day, while fluttering through the Enchanted Forest, the fairy named Lila discovered a mysterious, shimmering flower She bent down to take a look at it. At first she was careful, but she couldnt shake her curiousity. She just had to touch the delicate petals. As soon as her fingers brushed against them, the flower began to glow even brighter, and a soft, melodic voice whispered, “Welcome, Lila I am the flower of three wishes. You have discovered me... Now you can have 3 wishes. I will grant you wish, but only if they are used wisely and for the good of all in Wonderland. What will you wish for?” Lila, surprised but excited, thought hard about the possibilities. She knew that her mother was always bothered by their lack of wealth and now this was a chance for her to help her, and take away her worries. But is that really the best use of such powerful wishes? Lila’s heart ached with the weight of the decision. She looked around at her fairy friends playing in the sunbeams, their laughter reminded her of some children in the community. Sometimes a mysterious illness would appear in Wonderland, causing much sorrow and pain. Lila realized that perhaps her first wish could be used to heal all the sick children in Wonderland, ensuring their happiness and health. With a Sigh, she opened her mouth. Dear flower of three wishes. Please have this evil disease be done away with. Please save all the children in Wonderland from suffering."" The flower pulsed with a warm, golden light, and Lila felt a wave of peace wash over her. The air filled with a golden powder, making Lila a bit dizzy. It smelled like candy and fruits. Looking at the pieces of powder floating around in the air, Lila smiled, knowing that her wish had been granted. The golden dust swirled and formed a gentle breeze, carrying the cure to every corner of Wonderland. Lila was passed out on the grass, dreaming about happy children. When she woke up the next morning, she thought she had a wonderful dream, but as she flew back to her village, she saw families celebrating and children laughing without a trace of the illness. Lila’s heart soared, realizing that she managed to save the youngsters of Wonderland from the evil disease. She was wondering where the flower went. She couldnt she it anywhere, but she knew deep in her heart that it had fulfilled its purpose. Lila decided to use her remaining wishes to bring more joy and peace to Wonderland, ensuring"
"conv_29031421-8265-472f-b4ce-f147dd80edca","a young girl who would grow into a very brave hero. It is also the story losing your home and finding yourself in the ruins. But most, it's a story about friendship—the kind that survives even when everything else crumbles to dust. Her name was Mira, and she was seven years old when the new king started his rule. Suddenly the streets of the capital was filled with wanted-posters. Poison dripped from the kings tongue and right into the ears of those who listened. ""Traitors walk among us,"" he declared from his gilded balcony. ""The old loyalists plot in shadows. Trust no one Mira's older brother listened carefully. He started to change. He would follow Mira's mother everywhere she went. ""I'm just keepng an eye out for her"" he would say, but his eyes had grown cold and watchful in a way that made Mira's stomach twist. Their mother noticed too. She began burning letters in the fireplace. When Mira asked why, she would say it was to save wood for the winter. Mira watched the fire and dreamed of burning as brightly as those flames—fierce and untouchable. One night, Mira woke to urgent whispers. Through the crack in her door, she saw her mother stuff food into a bag. Mira crept closer to get a better view. A man stood in the door. Mira's mother handed him the bag and shoved him out and into the dark street. But her brother had seen it too. ""Mother,"" he said quietly from the stairwell, ""who was that man?"" The silence stretche long and wide until it covered the entire house. ""No one"" her mother stammered looking awfully pale. Mira's brother left the stairwell and walked toward the door, reaching for his coat. ""I should report this,"" he said, not looking at either of them. ""The king rewards those who protect the realm."" Suddenly Mira's mother moved. She moved with speed and grace, grabbed the shoulder of her son and turned him so they faced eachother. ""Don't you dare"" she hissed, and for the first time Mira saw her mother not as gentle, but as steel. ""That man has a family. Children younger than your little sister. Mira tried to be one with the shadows in the kitchen. Her brother scoffed and knocked his mothers hand away. ""Traitors' children,"" he spat. ""They're better off without a father who defies the king."" ""When did you become this?"" Mira heard the confusion, fear and disapointment in her mothers voice. Her brother didn't hear it as he laughed ""I've always been like this. You were just to blind to see it. The king showed me the truth—showed us all what strength really means."" He turned back toward the door, and Mira knew with terrible"
"conv_2ce635fa-cb6c-424f-9565-859a944eed92","While not all birds fly, it is a known fact that most do. and while any bird may lose the ability to fly, most don't. but the destinguishing factor is the intent of flight, for any one bird does not fly without purpose. while mainly a necesity for the bird, humans have longs envied and awed the ability to soar through the air. while often thought of as an act of freedom, the sky is what the water is to a fish. it is not an addition to, but a prequisit for survival itself. Marcus understood this as he watched the starlings wheel above the autumn field. Their murmuration shifted like liquid thought—thousands of bodies moving as one min d. but so is not the case for any one bird. flightless birds, as they are called, have taken to new ways of survival, be that in water or on land with such commitment that their wings became vestigial whispers of what once was. The penguin trades air for ocean depths. The ostrich, speed across savanna . these birds are what bats are to mammals: while fundamentally the same general type of creature, they have made a drastic change in the progress of evolution that sets them apart from their kin. Yet Marcus had discovered something that troubled him during his years of ornithological research—a pattern that didn't fit the text . but everything has a reasonable explaination. any creature will, with time, shed any part that does not serve it. both for the birds that first flew and those that left the act behind, the transformation followed necessity. What Marcus found in the fossil beds of Montana, however, suggested something different—a species that had developed flight, lost it, then reg gressed into a relic of the past. while humans might envy flight, it is nothing more than an act of levetation, the ability to counter gravity through motoric force. The bones told a stranger story still—this ancient bird had grown heavier with each generation, its wingspan shrinking while its breast muscles paradoxically strengthened. this ability has equally been stripped by force, as is the case of the flightless breeds of chicken. while humans allowed their breast muscles to grow for the meat, they could no longer support their own weight in air. Domestication had turned flight into a burden rather than salvation. Marcus traced his finger along the fossilized keel bone, noting how all birds, like the other groups of animals, all share a base biological structure, modified to the needs of the species. flight or not, they are all connected by that ancient blueprint—hollow bones, keen vision, the echo of dinosaurs in their very marrow. What separated his fossil from the chickens was choice versus circumst"
"conv_2f306db5-d066-4651-b17c-762d7f601570","two friends, Mia and Liam, who lived in a small coastal town known for its lighthouses and misty mornings. Despite the town’s quiet center of such peculiar events. One foggy evening, as they walked along the beach, they stumbled upon an old, weathered map tucked inside a bottle. The map was existence, unusual things kept happening. Mia and Liam were always trying to get to the root of why their town was the the corners, there were sketches of familiar landmarks from their town, but the central part of the map depicted an island that wasn’t on any of the charts they knew. The not one they had seen before. Well, the map as a whole they hadn't seen before, but still they could recognise parts of it. For in to find this mysterious island. They spent the next few days in the local library, poring over old maritime records and tales of forgotten islands, hoping to uncover a clue that map thus became the starting point of their next adventure. Only now they needed to decide how they were going find a way to uncover the secrets that seemed to weave through the fabric of their town. Liam, on the other hand, was more practical, focusing on the logistics of a might help them understand where the map might have come from and how they might get to the island. But also Mia was, as always hoping, to answers, but he was willing to follow his friend’s lead, knowing that sometimes the journey itself was more important than the destination. Together, they decided to seek out the town plan to reach this mysterious island. He unlike Mia, felt sure that this would not be where they'd find the town's find the island. The Specialist, an elderly woman with a reputation for knowing more about the town’s secrets than anyone else, listened intently as Mia and Liam explained their discovery Specialist. She had been the one who last saw Maren. Maren had been the last person to get lost trying to Instead, she gave them an old, leather-bound journal, warning them to read it carefully and to follow its guidance to the letter. “The answers you seek are within these . In the end, she, to the surprise of both Mia and Liam, told them directly that she did in fact have some answers. Only she didn't want to tell them. was just being dramatic. Nevertheless, they promised to be cautious and thanked her. As they walked back under the dim streetlights, the weight of the journal in Mia’s hands words, but look too closely and you might never find your way home"". Immediately, Mia thought of harry potter, while Liam thought the old lady"
"conv_328804bd-df9e-47da-ad43-e4da646b9ceb","a young girl named Sophia, who lived in a small village surrounded by rolling hills and dense forests. She was known throughout the village for her curiosity and sense of adventure, often of a magnificent and ancient mountain, its peak shrouded in a perpetual mist. The villagers believed the mountain was cursed, and many whispered stories of strange happenings and un leading her wandering far into the restricted area. The restricted area was at the other side of the nearby prairie, leading to the foot but they never returned, leaving behind only a cryptic message etched into a stone monument at the edge of the prairie, warning of an ""echoing silence"" and settling findings throughout the restricted area. The Kingsguard had once performed a full expedition, trying to uncover the mysteries of the area, as she stood before the stone monument, she felt an inexplicable pull to explore the very depths of the restricted area, to unravel the secrets that lay hidden within the ""bright ""bright darkness"". No one had dared venture as long as they did ever since, but Sophia was intrigued with the area, and say this day the last of the evening candles, casting the village in an inky blackness that seemed to pulse with an otherworldly energy. With a deep breath, Sophia slipped out darkness"" and the ""echoing silence"". She left as the moon arrived, just after the housemaid had blowed out strictly forbidden by the village elder, who had long warned of the dangers that lurked in the shadows, and the severe punishment that would befall anyone caught sneaking out and moved through the dark parts of the village. She was not to be seen, as this in fact was the village from the prairie babbled and churned, its gentle voice a stark contrast to the darkness that seemed to press in around her. Sophia followed the stream's however, Sophia was a curious and adventurous girl, so she left the village alright, and moved towards the prairie. The stream dividing crossing it, the icy water swirling around her ankles and threatening to sweep her off balance. She grasped at the smooth stones that lined the stream's bed, her fingers rumble, as this was the only passage towards the prairie. However, the current was rough today, so Sophia had a hard time silence, the kind that seemed to reverberate through every cell of her body, making her skin prickle with unease. As she emerged onto the prairie, icy cold, and her feet trembling. She finally crossed the murky waters, and the well known silence, but that being a very loud"
"conv_33502e38-922d-4e7d-a252-ab236947c3d2","Michael. Michael is not only a father - he is also a son, a cousin, a brother, a friend, and a husband. But more so, he was a man consumed by his own sense of purpose, driven by a passion that had been simmering within him for years. He had a vision, a dream that he had pushed to the side all these years, as he was climbing the corporate ladder. As he was caring for his children, and cooking for his wife, the familiar rhythms of family life had become a comforting distraction from the gentle nagging of his own ambitions. But on quiet nights, when the house was still and the neighbors had turned off the lights - Michael returned to this dreamy state. He isolated himself from outer stimuli, and disappeared into the depths of his own mind, where the memories of his childhood passions and creative pursuits awaited him like old friends. The smell of freshly sharpened pencils, the feel of paint at the end of the brush, being lathered against the walls. His secret. His secret only. But problems arose the first day he decided to bring his secret out into the open, as he stumbled upon an old, forgotten easel in the attic, covered in dust and cobwebs, with a canvas grey from all the dust. He knew that he had to uncover what was underneath. His curiosity was peaked. His interest - piqued, Michael gently began to wipe away the layers of dust, revealing a glimpse of vibrant colors and bold brushstrokes, and as the last of the dust fell to the floor, Michael realized what he had to do now. His secret could no longer be kept to himself, and he would have to share it with the one person he had been hiding it from the most - his wife. The thought sent a mix of emotions swirling through his chest, as he imagined her running her hands over the thin layers of old paint - kept in good conditions due to the thick dust. He knew that she would question him out - how did he find this treasure, why he had kept it hidden for so long, and what it meant to him. The questions swirled in his mind like a storm, and he could feel his hands getting sweaty. The painting was not just any painting. But you need expertise within the field to know its worth - something Michael had held to himself for years, a secret that only a select few in the art world would recognize, and as he stood there, frozen in anticipation, he heard the sound of his alarm clock going off in the basement. He panicked. Realized that he had to go to work, and that his wife would wake up to the sound going off and start her day, oblivious to the revelation that had just shaken Michael's world, and he knew he had to hurry, to get out the door before she saw the"
"conv_396737da-f9a2-4564-9edf-3712ef73724d","two childhood friends, Lily and Max, who grew up in a small town nestled between rolling hills and a vast, shimmering lake. They spent their they had each other. The caves were dark and filled with the echoes of whispers, but Lily and Max always found their way through the twisting passages, their flashlights cutting through summers exploring forbidden caves where there had been deeply disturbing problems with children in the past. They weren't afraid, they thought, because The air was warmer and carried a sweet, floral scent. The cave walls glowed with a soft, bioluminescent light, casting everything in a surreal, azure hue the musty air. They slipped on some mud as the passage sloped downward. And when came to a stop they were in a very different world, even a different time. giant, luminous insects with iridescent wings. The creatures moved gracefully, attending to intricate machinery that hummed with an ancient, rhythmic energy. Lily and Max [avoid trite phrases and move the story forward] that were cast by gem like lasers and manned by creatures that looked like Lily and Max exchanged a nervous glance, the stories of the missing children echoing in their minds. They had always thought those tales were just spooky legends, but now, standing were startled but not surprised, they knew the children that had been returned in the past were drained of blood and spoke in another language The air grew tense as Lily and Max stepped forward, their curiosity overriding their fear. ""Who are you, and what do you want with us?"" Lily asked, her voice in the presence of creatures, they were ready to engage them and learn why they were there. They know there was a connection to older Nazi projects. The largest insect-like creature approached them, its eyes glowing a deep, calming blue. ""We are the Custodians of the Aether,"" it said in a melodious trembling. She recalled a story her grandmother had told her in which humans were divided into different castes for different fates. Lily and Max exchanged a bewildered look. ""We don't like sacrifice,"" Max replied, his voice steady. ""We just want to understand what's happening and why voice. The Aether demands sacrifices. At least that is what we were told by previous humans. Why do you like sacrifice so much? Lily nodded, thinking of the ancient myths and tales that spoke of sacrifices to appease gods or ensure the harvest. ""In our stories, sacrifices are often meant to bring there are so many happenings here."" The creature responded: ""Surely you have stories that demand sacrifice. What is its purpose?"""
"conv_3b65e0a1-1bf7-4f16-825f-63867d60f8d3","A whale, a blue whale, with no good friends and no acquaintances with similar interests to its own. Each Sunday, this whale, who some call Claire, swims all the way to England and back to sing opera in the abandoned lighthouse at Land's End. She discovered it three years ago during a particularly lonely migration, when the fog was so thick she nearly be came lost in the endless waves and for unmeasureable moments contemplated becoming one with the waves, forever sinking and rising with the moon. Instead, she found soundwaves to follow—strange, haunting melodies that drifted through the water like silver threads. They led her to the lighthouse, where an old gramophone sat rusting in The sounds produced an new sensation in her flesh, her bones tingling along to the scrapings of the record. She didn't know how, but she changed and climbed onto land, her massive body somehow lighter, more fluid, as if the music had rewritten the rules of what she could be. Her flippers found purchase on the rocky shore, and she paused for a moment, feeling the air on her skin, and a calm coolness within. Then as if drawn to the sound, she walked, no, floated, drifted towards to the lighthouse door, which hung open like an invitation. Inside, dust motes danced in the thin beam of moonlight that pierced the tower's heights. The gram ophone played sweetly, as the old friend she'd never known. But there, there in the corner sat a creature, much unlike her usual shape. But then again, how unlike her old being wasn't she now? The creature—small, furred, with eyes like polished stones—raised its head and spoke in a voice that resonated with the same frequency as her deep longing for company, for reflection, for a sky or heaven able to provide an image of her soul. And so she sang, of nothing in particular, and gentle waves brushed and nurtured the rocks below. The creature listened without judgment, its small body swaying to her improvised aria. When she finished, it smiled—or seemed to—and gestured towar d towards the stairs leading further up. Claire had never climbed before, knew no ""up"" without a surface to breach, but she trusted this creature, it's odd voice and calming stone-grey eyes that held no fear of her strangeness. Together they ascended the spiral stairs, Claire's new form adapting with each step, the creature leading with patient, firm steps, as if to teach her how to walk and trust her new nature as well. The ocean was nothing when seen from above, so distant and unlively, so light, and Claire wondered if this was how the stars felt each night—watching from such height that even vast waters became merely a mirror, reflecting rather than holding. At the top, the creature gestured to her, but she had no clue what action it called for, what language to employ. She sang, to the creature, the stars, the ocean and her surface so new and strange, now vibrating in harmony with everything around her. The lighthouse lens began to glow—not with electric light, but with something older, something that responded to her voice alone. The creature joined her"
"conv_3c43f51a-ffcf-4161-8d6d-b76bf669acb6","Some people are content with mediocrity and the average loop of life containing dropping the kids of at school, working a 9-5, waiting impatiently for the weekend, but not the Legend a man who refused to settle for the mundane. His name was Thaddeus, but everyone called him The Legend. From a young age, Thaddeus knew, that he was made for greatness - something more. He wasn't just put on earth just to experience the agony and misery that life often bestows. No, Thaddeus was destined for something extraordinary. His heart beat with an unquenchable fire, a relentless drive that pushed him to seek out the measures to improve his life, and the lives of thoes around him. After years of seeking eventually Thaddeus found the secret to greatness: It wasn’t a single moment of revelation, but a series of small, deliberate actions. He started with self-education, devouring books on leadership, philosophy, and innovation and after all his work he was finally leed him the key of happiness, health and wealth: gambling. The apogee and culmination of human performance and risk-taking. To some, it seemed like an odd choice, but Thaddeus saw it as the ultimate test of skill, strategy, and mental fortitude. He saw something that only few absolute legends before him had the ability to scout. The potential of gambling was infinite, and Thaddeus knew that only the human minds set the limits to what could be achieved. With this newfound understanding, he threw himself into the world of high-stakes games, honing his skills and building a reputation that preceded him wherever he went. Some people knew him as the baccarat prophet, some the black jack conqueror, and many other names like: the poker pirate, roulette racer, the slut of slots. only one thing was certain—Thaddeus, The Legend, was a force to be reckoned with. His legend grew with each victory, each calculated risk that paid off in ways difficult to imagine. From the outside looking in, his choices might have seemed random, high risk and at times moronic for some. But his actions was anything but. Every move was meticulously planned, every decision weighed against a complex web of probabilities and outcomes. Thaddeus had turned the art of gambling into a science, and this had turned his life around. He went from having a hopeless life, career, lovelife, familylife ect. but gambling had solved any and every one of these issues. His success in the casinos brought him wealth, which he used to start charitable foundations and invest in innovative startups. His reputation as a strategic genius drew people to him, which eventuelly led other to believe that they had the powers it took to win in gambling and therefore in life. Nothing could be further from the truth Nothing could be further from the truth. Thaddeus knew that his success was not just about luck or even innate skill; it was about discipline, strategy, and an"
"conv_3c5b888e-d991-4bce-adad-5584923b75b5","The dwarf slammed his desk as hard as he could. Though the table was sturdy and had served him for many years the force of his anger split it in two. Papers scattered like autumn leaves, and the inkwell toppled, sending a black river across the floor of his workshop. Tormund Ironbeard stood there . Shaking with anger. ""How could you betray me like this?"" No response. The silence was deafening. Slowly his anger turned to sorrow, and his clenched fists loosened. The empty workshop seemed to echo with ghosts of laughter that once filled it—his apprentice's l silhoutte still cast a shadow over the empty chair in the corner but there was no one there. As Tormund came to his senses he took a breath and realized that he was alone. Truly alone for the first time in fifteen years. The shadow, he now saw, was merely a trick of the candlelight playing across the worn leather seat At the sight of this a new rage stronger than anything Midgaard had ever seen woke in his chest. He had finally broken free from the chains of grief that had bound him since his apprentice's departure. This was no ordinary anger—this was the ancient fury of the mountain folk, the kind that forge The candle had toyed with him for 15 long years. For 15 years he had sat starring at the shadow on the chair thinking it was his apprentice. But now he saw the truth with terrible clarity. His apprentice had left on the very first day, taking the master plans for the Ironforge mechanism. All these years, Tormund ha d been played for a fool. The great master candle had put him under his spell to gain the power of Ironforge. But now he had awoken. He stood up and walked toward the candle with deliberate steps, his boots crunching on broken wood and scattered parchment. The flame flickered nervously, casting wild shadows across the walls These shadows that only minutes ago would have sent him into a schizo psychosis now had no effect. Step by step he came close and his shadow behind him grew. He reached out with calloused fingers, steady and sure. The master candle seemed to recoil, its flame bending away from him as if caught in an impossible turbolence bending it away from his hand like a cat that doesn't want to be petted. Cats had never liked Tormund and neither, it seemed, did enchanted flames. But Tormund was done being manipulated. With one swift motion, he grasped the candle by its tiny neck. He bent forward and blew at the flame like the wolf did at the three pig's houses. Tormund liked pig's. The flame went out and the room turned pitch black. For a moment, there was only silence and darkness. Then, slowly, a new light began to grow—not from any candle, but from the"
"conv_40197f84-33aa-433b-93b1-045691051ebc","two unlikely friends, a fox named Faye and a turtle named Theo, who met in the heart of a vast, enchanted forest. The forest was it. One misty morning, Faye, with her sleek red fur and swift, agile movements, stumbled upon a clearing where Theo, with his slow, deliberate pace and a very dark and foggy place, where the noises of bugs and crunching leaves could be heard from miles away, yet there was a calming feeling about approached him, her curiosity piqued. ""Good morning, little one,"" Faye said softly, her voice warm and friendly. ""Why are you so cheerful on beatiful green color shield could be seen. Theo had a smile on his face despite the fact that it was misty and cold. Faye smiled as she and felt a warmth in her chest she hadn't expected. ""Well, you certainly know how to brighten a day,"" she replied, her eyes twinkling. ""What such a misty morning?"" Theo looked at her smiling brightly ""Why not make the best of something bad? Plus I have your company"" Faye blushed at Theo said, his shell feeling a bit warmer. Faye chuckled, a light, melodic sound. ""Well, I was thinking of exploring a bit more of the forest. are your plans today?"" Theo looked at her with happiness in his eyes ""Whatever your plans are my dear"" Theo blushed as he this adventure?"" she asked, her tail swishing excitedly. ""I could use a companion with such a wise and cheerful spirit."" Theo looked at her intriged ""Well that sounds like a lovely plan dear"" Faye looked at Theo ""Would you care to join me on along with her. ""We'll just have to see about that,"" Faye teased, her eyes sparkling with mischief. ""But for now, let's head towards the old ""Why that would be my pleasure. Hopefully you can keep up with my speed"" Theo said jokely. Faye laughed loudly, she had a contages laugh, making Theo laugh me too. It's one of the most beautiful spots in the forest."" With that, they set off together, Faye leading the way with her quick steps, while Theo flower mark"" Theo looked dreamily forward""Oh how I have missed the smell of flowers"" Faye looked at Theo with warmth ""Yeah blushing. Faye turned to look at him, a warm smile spreading across her face. ""Why, Theo, you haven't, but it’s quite the compliment. was walking slowly behind her. ""Have I told you how gorgeus you look today my dear"" Theo asked Faye as he looked at her"
"conv_41180468-5036-4f69-af66-b7465bcb7316","The fairy Michelle is one of the few left who can fly. Her wings were too rare to clip and she was trained to use her wings to assist the human settlements in the scavenging department. Because of this, she is allowed to leave the base where the fairies live and venture out into the Wastes—those crumbling expanses where towers of glass and steel lean against each other like dying giants. Michelle had learned the routes by heart: From the base she flies past a large lake surrounded by ancient oak trees. From here she has to navigate the broken city and find supplies the ground crews cannot reach—medical kits sealed in pharmacies thirty floors up, solar batteries from rooftop installations, sometimes even books from the upper floors of collapsed libraries. They use to books and supplies to create magic spells for restoring the world after it was broken by humans. Luckily, they had discovered that certain pre-Breaking texts—technical manuals, chemistry textbooks, even poetry collections—contained the linguistic keys to reconstruction magic. The words themselves held power when used correctly. Michelle is working in the re-population department where she helps animals find herds. It is tedious work but essential. She scouts from above, tracking the movements of scattered deer, guiding lost wolf pups back to their packs, noting where the wild horses gather near water She is able to use fairy dust to airlift most animals, but sea animals are the really tricky part. For those, she has to work with the water-speakers—fairies who gave up flight long ago to develop gills and webbed fingers. They meet her at the shoreline of the great ocean. From here they work together to move fish, whales and shellfish. They have to work together to create water-bubbles to transport the creatures safely across land when necessary—shimmering spheres of enchanted seawater that float beside Michelle as she flies, guided by the water-speakers' songs Some of these jobs take several days. During the night she has to hide from the giant ancient dogs that were created to hunt fairies during the Breaking—massive hounds with eyes that glow red in the darkness, their breath hot enough to singe wings. They still roam the lands where michelle lives, and they smell fairy-dust from miles away. The water-fairies can hide by encasing themselves in water and thereby masking their scent, but Michelle must find hollow trees or abandoned vehicles, folding her wings tight and sprinkling counter-dust—a bitter mixture that confuses"
"conv_412eb7ca-cafa-4e38-8b2d-0a40272af090","Mia the magnificent magician born and raised in a circustruck in Amsterdam. The circus travels all over the world and Mia has therefor got to know a lot of different kind og people. Some more friendly than others. She has also learned a lot of culture and traditions of the different kind of people The canvas walls of her family's caravan still smelled faintly of greasepaint and sawdust, even after all these years. Mia ha d to have this smell in her nostrils to feel truly at home. She didn't have much growing up, but the things she had were precious beyond measure—her grandmother's silk scarves that shimmered with impossible colors, a deck of cards so worn the edges felt like velvet, and most importantly the glass orb she got when her mother died from cancer. A thing Mia still struggled to talk about, even though five years had passed. The orb sat on a small velvet cushion beside her bunk, catching light in ways that defied physics—sometimes swirling sometimes glistening with more than twenty colours at ones, truly a magnificent thing that orb. Pretty unreal actually, but Mia knew better than most that the line between illusion and reality was thinner than audiences believed. Tonight's performance in Prague would be special. Five newcomers had joined the troupe since last performance, and all of the audience were exited to get to know the fresh acts. There was Elena, a contortionist from Romania who could fold herself into a box no bigger than a hatbox. Then came the Tanaka brothers with there acrobatic stunts with fire and venomous snakes, they where never afraid of anything, and had never been according to their father, who had trained them since they could walk. The third newcomer was Omar, a juggler from Morocco whose hands moved so quickly they seemed to multiply. Fourth where the former ballet danser Natasja. Know she danced on the line up in the celling of the tent instead, a truly dangerous act that left spectators breathless and clutching their seats. And finally, there was someone Mia hadn't quite figured out yet—a quiet man named Vincent who acted a bit strange. Mia knew many people from her journeys with the circus, but no one like him. He was odd in a way Mia couldn't articulate. He claimed to be a mentalist, reading thoughts and predicting futures, but there was something in his eyes when he looked at her glass orb"
"conv_46b5cd4c-130a-4b4c-84e1-30f78572d0bb","a young girl named Aria who lived in a small village surrounded by vast, rolling hills and dense forests. The villagers often spoke of strange occurrences and unexplained events that took of the village's taverns, carrying a large sack slung over his shoulder and a worn leather map case in his hand. His eyes gleamed with a knowing spark as place in a distant land that few knew of. The stories were never thought as true and only as myths until a peddler appeared in one his voice rising above the murmur of the villagers, who leaned in closer, their faces aglow with a mix of curiosity and skepticism. The peddler's words hung tinders take flame in a dry bonfire after a spark of striking flint. ""The seas are no longer ours for I have seen it with my own eyes"" he exclaimed continue, their gazes piercing through the dimly lit tavern like a cold winter breeze, and the peddler, seeming to savor the attention, took a deep breath in the air while as the sound of murmuring and festive villagers halted to a complete silent. Then a sea of eyes waved towards him demanding him to smiled wistfully, his eyes clouding over as he gazed at the yellowed parchment, creased and worn from years of travel, and began to trace the and then slung open the map onto the wooden table. It groaned painfully as his heavy case impacted its top and he swiped open the map from its casing. He the chance to explore, to sail beyond the horizon, and discover the secrets that lay hidden beneath the waves. The peddler's finger moved along the map, stopping at oceans that the villagers themselves have rarely ventured but always felt drawn to. Yet their daily duties and demanding mundane life never offered them its bustling markets and trade halls, a city known as Calanthor, where the sound of merchants hawking their wares and the clinking of gold coins filled the At a city wherein commerce reigned. A city where most materials and goods from village would find themselves at some point in more, for the peddler's finger had stopped at a large X marked in bold ink, a symbol of warning, of danger, and of desolation, and the the busy streets as carriages of trade wagons push themselves through the streets. But such streets would not be visited any downfall, and as the peddler's words hung in the air, the fire in the hearth seemed to flicker in agreement, casting eerie shadows on the walls promise of imminent destruction. He reminded the inn that the gods had once before submerged the world in water and will do so once more. Greed will be our"
"conv_47dd4912-f9ef-4d2c-a033-aeb851e8f164","Elena Rodriguez, a young marine biologist who had always dreamed of exploring the depths of the ocean. Growing up in a small coastal town in Chile, she spent countless hours watching the waves crash against the rocky shore, wondering what mysteries lurked beneath the surface. Her fascination with marine life began when her grandfather, a the vast, blue expanse transformed from a distant, flat horizon to a living, breathing ecosystem. That day, when one of the crew members pulled up a rare, iridescent squid in their nets, Elena was mesmerized. The creature's delicate tentacles and shimmering skin seemed to tell a story of unknown depths an fisherman, took her along on a fishing trip with the rest of his crew. They went out on the open sea and Elena saw how carefully placed the squid in a large, saltwater tank on the boat, intending to sell it to a local marine research station. Elena watched intently, her young mind racing with questions about its journey. As the squid moved languidly in the tank, its chromatophores shifting colors like a living kaleidoscope, old squid had experienced. She wondered where it had gone throughout its life and which seas it might have traveled to. The fishermen reeled it in and communicate through complex color patterns and light-emitting signals, a form of bioluminescent language that marine biologists were only beginning to understand. The old fishermen spoke in hushed, reverent tones about how such creatures could potentially transmit intricate messages across vast oceanic distances, far beyond human comprehension. Elena leaned closer it seemed to look directly at her. The fishermen told her that the squid had a unique ability and was able to its shifting hues telling a story of ancient underwater migrations, of deep-sea canyons and currents that human maps had never charted. The squid's colors flickered from deep indigo to electric blue, then to a soft, translucent green—each shade seeming to whisper fragments of an epic journey through the worl and stared at the squid as it seemed to changed colour under the sun's light. She imagined that she could understand what the squid was saying, the unique specimen to the marine research station. As they walked through the facility's sterile white corridors, Elena noticed the scientists examining the squid with a mixture of excitement and intense scientific curiosity. One senior researcher, Dr. Ramirez, carefully transferred the creature to a specialized aquarium, remarking to his colleagues that this particular d's seven seas. But just as Elena had entranced herself in the squid's storytelling, the boat reached land. She went along with the crew to hand over nly the squid began to pulse with an extraordinary sequence of bioluminescent colors—bright, rapid flashes that seemed almost like a coded message. Dr. Ramirez's eyes widened, and he quickly grabbed a specialized camera to document the unprecedented display. Elena watched, transfixed, as the researchers scrambled to recor squid was a rare find. It was the first time that he had seen one, having previously only read about them. The researchers gathered around, when sudde an incredibly complex challenge. The color patterns were far more intricate than any known cephalopod communication system. Each time they thought they'd identified a pattern, the sequence would shift, revealing new layers of complexity. Elena, now assisting in the research, noticed something peculiar—the squid seemed to be responding differently when she was near d the squid's colour changes. In the following days, the researchers worked tirelessly to try and decode the message. Unfortunately, this proved to be by developing an innovative visual mapping technique that tracked the squid's chromatic shifts with unprecedented precision. Her intuitive understanding, combined with her grandfather's fisherman wisdom and the researchers' scientific rigor, allowed them to start deciphering what appeared to be a complex language of light and color. The breakthrough suggested that this particular squid might be it. She learnt from the other researchers how to record and analyze the squid's colour changes. Despite being only a child, she led to a breakthrough"
"conv_47df141a-738b-422a-8ad6-f222255c695e","a young man called Magnus, who lives in Aarhus. He has a good reputation among his friends and he is widely considered a very good chap. He currently holds the title of prime minister in the local chess club, a position he earned through years of dedication and skill. Magnus's life, however, was about to take an unexpected turn. One evening he was so drunk after a night out with his friends that he accidentally fell into the sea, into a freezing world with savage waves. He was rescued in his own presidential yacht by a group of passing sailors. They pulled him aboard, drenched and shivering, and offered him warm blankets and a cup of strong, steaming tea. It was here that his career as a professional politician began, he gave up chess and got into politics, as he had an ambitious outlook. With no funding whatsoever, he is first in the local elections, surprising everyone with his charisma and grassroots approach. His speeches, filled with passion and a vision for a better community, resonate deeply with the people of Aarhus. His electoral campaign includes measures to tackle beer shortages at friday bars, with a big budget being invested in beer for free for all students every single Friday at the local universities and colleges. This bold promise quickly gains him a loyal following among the younger voters, who see him as a champion of their social and economic interests. As election day is over, it is time to celebrate, going wild. For the special occasion, the Chinese Ambassador to Denmark has joined the party, with over 3000 students gathered to celebrate Magnus's victory. The atmosphere is electric, with music blaring and laughter echoing through the streets. The Chinese Ambassador, impressed by Magnus’s innovative policies and political approach, has invited him to China, where he has the chance to meet the Chinese Premier face to face. This is a unique opportunity he will take advantage of to broaden his horizons and forge international connections. Magnus, still basking in the glow of his local success, sees this as a stepping stone to greater achievements on the political arena. His ambitions include reaching glory by becoming the Prime Minister of Denmark. For this reason, he needs more campaigning and propaganda to publicize his vision and connect with a broader audience. Magnus begins to travel extensively, meeting with community leaders, participating in debates, and using social media to share his plans for a more just society with beer for all. As prime minister, he intends to nationalize all beer companies to make the beer sector for everyone, and let everyone have free beer on Fridays. His radical idea captures the imagination of many, and his popularity continues to soar. Despite the skepticism of traditional politicians, Magnus remains undeterred, driven by voters located in Riiskov. The election day is close up and he is determined to win. Some polls place him as the preferred candidate in all of Denmark. With a blend of charisma, innovative policies, and a deep connection to the people, Magnus feels the momentum building. As the sun sets on the eve of the"
"conv_491b62e9-789d-4b72-b887-557f2ccffc18","In the middle of the night something weird seemed to be going on judging by the sound coming from the neighbors apartment. It was not possible to pin what made it but it sounded like a mix of whispering, footsteps, and faint scratching, all blending together in a way that sent shivers down the spine. The darkness outside seemed to become denser, the shadows outside appearing as if moving according to some will of their own and no longer just moved by the gentle breeze that usually rustled through the leaves of the trees. The air was heavy with an eerie silence, as if the night itself was holding its breath, waiting for something. Something to determine whether the sounds from the neighbor were no more than the usual moving about, or worse that something on the other side of that wall was stirring, awakening, or even watching, its presence seeping through the thin barrier that separated the two apartments, making the hairs on the back of the listener's neck Should action be taken, or would everything return to normal if the listener just went back to sleep and forgot what had just transpired, pretending it was all just a product of a restless mind and a vivid imagination. But as the listener lay there, frozen in indecision, the sounds seemed to change in character. Just the slightest. Enough to feel it without being able to point out quite what had changed. But something had shifted, like a subtle alteration in the rhythm of the sounds, and it was this almost imperceptible difference that made the listener's heart beat faster, as if some struggle was taking place. The listener turns in their bed and try to disregard the sounds, but that seems less and less like a possibility, so the listener throws off the covers and gets out of bed, padding softly over to the wall that separates their apartment from the neighbor's, pressing an ear against the cool surface to listen more closely. Very quickly the sound stops, as if the maker of the sound is aware of a listener in the neighboring room. The atmosphere now changes from puzzling to straight out frightening, the sudden silence more unsettling than the strange noises had been, and the listener feels a presence on the other side of the wall, waiting, listening, its attention fixed on the listener. The listener backs away from the wall, each fixed on the spot where the sound seemed to have come from on the other side, the tension between them palpable, even through the barrier of the wall. The listener's breath catches in their throat as they slowly back away, their eyes fixed on the wall. Three meters away the listener stops to listen. Everything is quite, but the air is filled with suspense. Very quietly the sound appears to be coming from the wall again, a low, deliberate scratching, like fingernails on plaster, and it's moving, slowly, steadily, as if whatever is making the"
"conv_49c214f3-8828-46e2-b76b-6c4f3ccaf016","a young girl named Sophia, who lived in a small village nestled between two great mountains. The villagers believed that the mountains held ancient secrets and mysterious powers, and they whispered stories the villagers with precious treasures and wisdom, but only if they proved themselves worthy. The villagers called this creature the Keeper, and they would often leave offerings of food and drink at of a great god-like creature who lived in the mountain caves. A creature that was tol would protect the village in times of need, or even gift with a strange, far-off look in their eyes, as if they had seen something that no human was meant to see. They would speak in hushed tones of the wonders the foot of the mountain. Sophia grew up hearing the stories of those who ventured off into the mountains. Some would never come back, while others were found to each individual, allowing them to perform extraordinary feats. Some could control the elements, while others could heal or communicate with animals. Sophia's Siddhi was still unknown, as of which they couldn't even comprehend. In this world, people were born with a special gift. These gifts were called ""Siddhi"", and were unique was both excited and nervous about discovering her Siddhi, as it would not only reveal her unique abilities, but also determine her place in the village and the role she would play she hadn't reached the age of maturity as of yet. You see, Sophia was only 11 years old at the time. Siddhi's usually unlock around age 13. Sophia and Sophia's determination to save her mother had driven her to study the ancient lore and seek out the wisdom of the village elders, hoping to find a way to use her Sidd . She had a plan for when her Siddhi would unlock. Her mother had fallen ill, and would be on the brink of death soon. Her father had died when she was young. in the mountains, the Keeper, might hold the key to saving her mother's life. She had heard tales of the Keeper's immense power and wisdom, and she was willing hi to save her mother. But they were of no help. ""Life shall not be tampered with, young Sophia"", they would tell her. But she knew, that whatever was hiding and Sophia felt that it was only fair that she try to repay her mother's kindness and generosity by saving her life, no matter the cost. With a determined heart, Sophia to risk her own sanity and life to save her mother's. Sophias mother had the Siddhi of fortune, and had given the village immense prosperity during her lifetime, a small, flickering lantern to guide her, the darkness of the mountains swallowing her whole as she disappeared from the village, leaving behind only the faintest whisper of her determination despite not having unlocked her Siddhi, decided to venture off into the mountains at this very moment. She went off at night, with only her bag of food and"
"conv_4aa46faf-273a-4707-be30-a0b216440d87","a young girl named Sophia, who lived in a small, secluded village surrounded by dense woods and winding rivers. She had always been fascinated by the whispers of an ancient magic that not alone in this world, and that there were creatures lurking just beyond the edge of the village, watching and waiting. The villagers had always been tight-lipped about the strange always were whispering about the woods and the rivers. Sophia was sure about that we humans are and connection with the human world. One night, Sophia decided to follow the whispering sounds into the woods, and as she walked deeper into the darkness, the whispers grew louder whispering. But Sophia wasn't afraid. She was sure about the creatures was honestly good and just wants attention they were all tiny, mischievous beings with delicate wings and leaves for hair, their eyes twinkling like fireflies as they conversed in hushed tones, completely absorbed and suddenly she saw a small gathering of the creatures. They were whispering to eachother and hadn't seen Sophia, other hand a soft, shimmering blue, and Sophia was enchanted by their playful nature, she watched as they wove tiny flowers and threads into intricate patterns, their laughter and in eachothers company, and they giggled too. And they had small cute fingers, six on each hand, one hand green and the and the realization struck her that the creatures were not just random beings, but were in fact, mirroring the village's own social gatherings, as if they had been observing and suddenly she felt a recognition. She could see herself and her villagers sunday meeting outplay just like the creatures did it, back to her village, to share with the others, and as she turned to leave, the creatures finally noticed her, and to her surprise, they didn't flee or hide got inspired. Then it hit Sophia, maybe she also should do the same. Take notes and bring some of their patterns of behavior sunny day, and Sophia felt a deep sense of understanding and connection, as if the creatures were acknowledging her presence, and inviting her to join them, and without a word they just looked at her in silence. Their eyes were glittering and reflecting like the ocean on a the creatures began to weave a delicate pattern around her, using threads of leaves and twigs, and Sophia felt a sense of peace and belonging, as if she had finally found she joined their gathering with humility and her first thought was that she would take garbage sorting more seriously now, but"
"conv_4d1bd73a-bbc9-4e37-8ba0-3cdd7adbc66a","a young bubble dragon. that has a passionated relationship with his kitchen utensils. The young bubble dragon name is mr. big Mr. Big lived in a cozy cave near the edge of the Whimsical Woods, where the air was always filled with the scent of freshly baked treats and the sound of angry lawn mowers. Mr. big dingleberry have STOLEN the treats from the lawn Mover QUEEN, the treats are like religion to the lawn movers, and without them, the entire rhythm of the Whimsical Woods would be thrown into chaos. The lawn movers, a quirky and temperamental bunch, relied on the power of freshly baked treats to fuel their hunger for playing Y8 ild og vand, witch is only allowed to be played by the lawn mower queen’s subjects. Without the treats, they were restless and irritable, and the queen was furious. She summoned her best detective, a cunning fox named Finn, to track down the thief mr. big dingleberry. Finn the detective knew that mr. big was know as the best thief on this side of the Whimsical Woods, and he was determined to catch him red-handed. Armed with his trusty magnifying glass and a keen sense of smell, Finn set off towards Mr gathered a team of the best soldiers of the QUUEN, to get the freshly baked treats back. AND now Finn and lawn mower soldiers a surronded mr. big dingleberrys cave. Mr. Big, realizing the gravity of the situation, nervously fluttered his wings, considering his next move. Inside the cave, the air was thick with like the QUEEN herself. Mr. big tried to fly away but did not have the strength, but then he got an idea, to eat one of the SUper treats he had stolen, hoping it would give him the energy to face the crowd outside. As he took a bite, a burst of bubbly energy filled him, then the bubbly energy blast a big wave of energy towards the soldiers, the soldier was scared and i shock, ready to leave detective Finn stood his ground, trying to maintain his composure. The lawn mover soldiers, however, were not so brave. They retreated in disarray, leaving Finn alone to face Mr big. THE FINAL BATTLE has begun. Finn had an ace up his sleeve, a secret so deep even the QUUEN didnt know about it. Finn was the CREATER of the freshly baked treats that Mr. Big had stolen. With a deep breath, Finn revealed his secret, explaining that he had made the treats with a special ingredient meant to bring peace . A side effect of the treats were a love and peace spell, suddenly mr. big felt something within, a felling had felt strange yet warm. His competitive spirit faded, and he realized the error of his ways. Lowering his guard, Mr. Big approached Finn, apologizing sincerely for his"
"conv_58838068-7cd4-4f6c-b158-aabb542ab4b9","two unlikely friends, a young inventor named Elara and a wise old tree spirit named Thorne. In a world where technology and nature often clashed, not agree. ""Nature and technology can coexist,"" he said, his voice a gentle whisper through the leaves. ""Balance is key."" Elara, intrigued by Thorne Elara explained to the tree that one day, nature would be inferior to technology. Thorne did has improved our lives. We can cure diseases, travel the world, and even explore space. Nature can't do that."" Thorne’s branches swayed thoughtfully in the said ""Why would balance be the key, if humans are superior to nature in all ways?"" and shrugged. ""Look at all of the innovation that rush of technological advancement. ""Elara,"" he said, his voice more urgent, ""nature provides the very air you breathe, the water you drink, and the soil that wind. Thorne began to look worried as he was scared that Elara would forget Thorne in the response, Thorne sighed deeply. ""Elara, creating these things is one thing, but maintaining the delicate balance of life is another. What happens when the machines fail, walk on. Elara stated that humans would in time be able to manufacture all of the components that nature produces at this moment. In natural disasters. Technology can help us overcome these challenges,"" she concluded, her eyes sparkling with the promise of innovation. Thorne nodded, understanding her perspective, but still felt a Elara stated that in theory nature is just a machine. A very complex machine that at time also fails. Just look at all of the disease and about her latest project, a device that could purify water more efficiently than any natural process. ""Imagine, Thorne,"" she said excitedly, ""clean water for everyone thorn in his side. Thorne was just about to speak up again, but was cut off when Elara began to speak further world needs solutions, and sometimes technology is the answer."" Thorne smiled, a warm light in his eyes. ""I see the good in your heart, Elara, and , and no one would suffer. Tell me Thorne, how exactly could a device like that do anything but good in the world. The exploit technology for their own gain. But together, we can ensure that your inventions are used for the greater good. Let's find a way to harmonize the best of your ideas are great. Unfortunately not all humans are as eager to save the world. There are people here who want to"
"conv_58c2f2e6-db2a-406d-9bc9-04aaf1b0c35a","a small village nestled deep in the heart of an ancient forest, a place where the trees whispered secrets and the moon shone brighter than anywhere else in the edge of the forest stood an old, gnarled tree. Legend had it that this tree was the heart of the forest, and it held the power to grant wishes the kingdom. This village looked like any other village, but its inhabitants knew its secret. In a clearing near in times of dire need. However, as the years passed, a young girl named Elara began to question the true extent of the tree’s power and the village’s role to whoever came to it with an honest plea. The villagers had guarded this secret for generations and only used it of other villages suffering just as much, if not more. Driven by a mix of curiosity and compassion, Elara decided to visit the old tree under the cover of night in keeping it a secret from the rest of the kingdom. The winter had been hard and food scarce, she had heard reports in the kingdom. With a heart full of hope and a mind brimming with determination, she approached the ancient tree, its massive branches silhouetted against the moonlit to make her plea for an early spring that would stock up the supplies of not only her village but of everyone in close and whispered her wish into the heart of the tree. The air around her seemed to hum with a renewed intensity, and a gentle breeze rustled through the leaves, sky. She stroked the thick bark and felt the energy vibrating beneath her fingers. Closing her eyes, she leant the ancient tree, Elara made her way back to the village, her steps lighter despite the weight of the unknown. As dawn broke, the first rays of sunlight revealed a sending shivers down her spine. Then the forest was calm again, as if nothing had happened. After a last look at anxiously for any sign that her wish had been heard. By midday, word spread through the village that the air was warmer and the sky clearer than it had been beautiful day. Elara tried to go about her chores as usual, suppressing the urge to run back to the clearing. She waited supposed to approach the tree. As the days passed, the warmth continued to spread, and the fields began to show signs of early growth. The village, and indeed the for months. Elara's hope grew, but she didn't dare to tell the villagers about her wish, as only the elders were"
"conv_5b956e03-a900-47aa-88a9-54cb6be40071","Silly Billy, the most goofy boy in the town of Philly located. The land of Chili had been ruled by Willi until this winter where the evil salesman Gohda had conspired against the kind-hearted Willi, using his cunning tricks and deceitful smile to manipulate the townspeople into believing that Willi was no longer fit to rule. Gohda's dark magic consisted of ""The Script"", a permanent smirk (Gohda had an operation) and a coffee-heavy breath that could kill a regular sized dog or a very irregular-sized cat, which made the townspeople quiver with fear whenever Gohda spoke, his voice dripping with an otherworldly charm that seemed to weave a spell of obedience around ... Gosh, just thinking about his last pitch in the Town of Philly! He convinced butcher Jimmy to sell a string of sausages the penny. Fortunately, Silly Billy was so extremely silly that he accidentally stumbled into the butcher shop, knocking over a display of freshly baked buns, causing a massive bread-ball to roll out into the street, distracting everyone, including Godha, who in his rage shorted mortgages of residents in Philli before increasing all loan interest by a trillion percentages, thus creating economic crisis in the once thriving town, where people like Mrs. Whiskers, the owner of the local cat café, and Mr. Jenkins, the town's oldest resident, found themselves without homes within the week. Silly Billy on the other hand was so silly he could not be botheres with mortgages, shorts, interest, loans and that kind. Mrs. Whisker was funny and decided to join forces with Silly Billy, using her quick wit and his carefree nature to devise a plan to outsmart Gohda and bring prosperity back to the Unfortunately, Mrs. Whisker fittingly had the figure of an irregular-sized cat and would perish to Gohda's coffee breath stench. Silly Billy alone would have to claim the throne of Chili, a task that seemed daunting even for someone as silly as Billy, but he was determined to save his town and its people from Gohda's evil grasp, So Silly Billy simply said to the people of Philli, that he could rule Chilli better that Gohda. The said Jimmy, that Silly Billy was being silly thinking a Philli could rule Chilli. But Silly Billy, not one to be deterred, pointed out that he was indeed a native of Philli, and that his silly nature could bring a fresh and much more geese-raids to the land. Oh well, it was at this time the author regretted the name of Godha. Nothing rhymes with it. But perhaps that is why he was able to cast a spell of gloom over the land, a darkness that seemed to seep into the very marrow of the people's bones, and Silly Billy's silly wit chamed Jimmy to rally the people of Philli to storm the gates of Willi, capital of Chilli. At the gates stood Godha reading aloud ""The Script"" in a voice that sent shivers down the spines of even the bravest warriors, but Silly Billy, undaunted, charged forward, his silly antics"
"conv_5e234f25-eb78-4ec3-8113-c66645149ddc","a young man who lived in a forest. It was a great forest with lots of different trees and plants. It was early spring and the birds were returning from their winter migration, filling the canopy with song. The young man's name was Theo, and he had built his cabin near a clear stream that woun ded throughout the grand forest. The cabin was built from wood which Theo had cut with his own hands. It had taken many years but Theo had all the time in the world. He had no family waiting for him elsewhere, no job calling him back to civilization. The forest was his home, his teacher, his companion. Each morning he would his day by searching for berries, checking the traps he had set the day before and gathering water from the stream. The day slowly moved on and the afternoon sun climbed higher, warming the forest floor. Theo settled on a flat rock by the stream, watching minnows dart between the stones. He ha d a feeling that he was being watched. Someone or something was watching him but he wasn't sure where they were or for how long they had kept an eye on him. The birds had gone suddenly quiet, which never meant anything good. Theo remained still, his breathing slow and steady, letting his peripheral vision scan the treeline . He didn't wan't the perputraiter to know that he knew he was being watched so he acted as if everything was normal, but meanwhile he slowly reached for the knife he always kept at his belt. His fingers brushed the worn leather handle as he pretended to stretch. Then he saw it—a flash of movement in the bush next to him. Theo, without fear, quickly jumped in the bush trying to grab whatever was lying in there. He felt fur—soft and warm—and heard a small yelp of surprise. He pulled back the branches carefully, and there, trembling beneath his hand, was a young boy. No more than six or seven years old. The boy had blond hair and worn out clothes. His face was dirty and his hands were scratched from thorns. He stared up at Theo with wide, terrified eyes, but didn't cry out or try to run. ""It's true. They are coming for you. You have to get out. Soon"". The boy with the fur coat quickly ran and Theo had no way of keeping up with him. The boy knew his was around the forest better than Theo had imagined possible. Within seconds, he'd vanished between the trees like smoke. Theo stood frozen, his heart pounding. Who were they? Why would they come for him? Since his disappearance in the forest he hadn't given the outside world any thought at all, but all of the sudden it alle came rushing back—memories he'd buried beneath years of solitude. The reason he'd fled to the forest in the first place. The people he'd angered, the"
"conv_5f17f002-84ad-4315-8c69-20ec83de1223","two princesses living far far away behind seven seas and seven mountains in their beautiful kingdom. They live in a kingdom of fun and whimsy and magic, where flowers bloom in every color of the rainbow and animals talk and laugh with the princesses. The elder princess, Sophia, had hair as golden as the sun and eyes as blue as the seven seas. The younger princess, Lauren, was the opposite, with thick dark brown hair and eyes that sparkled like the stars on a clear night, but shared the same bright blue hue as her sister's, a trait that was said to be a mark of their unity and to represent the light and hope that was so inherent to the kingdom's community. People admired the two princesses and held them in high esteem, not just for their royal lineage, but for their kind hearts and gentle spirits, which had earned them the love and respect of all the kingdom's inhabitants The two princesses, despite their royal origin, felt very one with the villagers. They spent their time walking around town, buying bread from local kiosks, and reading books in the town's quaint little library, where the librarian, an old wise woman named Mrs. Jenkins, would often set aside special volumes for them, filled with tales of ancient Mrs. Jenkins was an important member of the royal family. Although not related by blood, the king and queen had been very close with her for many years, and she had been a constant presence in the lives of the two princesses, serving as a mentor, a confidante, and a guardian of sorts, from their early childhood. The princesses used to run up to Mrs. Jenkins, Tina as everyone called her, and listen to her stories of far-off lands, mythical creatures, and magical realms, which she would recount with a twinkle in her eye and a warm smile, transporting the young girls to worlds One day, when the family expected Tina to come over, the cook even having baked fresh buns for lunch, no knock was heard on the door, not a sound of steps on the path leading up to the castle, and a sense of unease began to settle over the kingdom, as if the very absence of Tina's gentle presence had disturbed the balance of the unity. Everything went quiet – birds weren't singing, wind wasn't blowing, dark clouds appeared out of nowhere. The family sat in a room quietly, not a word or whisper was spoken, as if they were all holding their breath, waiting for some sign or signal that would explain Tina's mysterious absence, and it was then that Sophia, the elder daughter started mumbling. Everyone was confused, no one could understand her. Suddenly, her eyes opened wide, her pupils disappeared and only the white was to be seen and she spoke in a voice that was not her own, a low, eerie tone that sent shivers down the spines of all who heard it, saying only two words"
"conv_61dd4f08-b460-4c98-8368-fb09762cbe5e","a lighthouse keeper who stopped believing in the sea. Her name was Maren, and she had tended the beacon at Crow's Point for twenty years now. She believed the sea brought nothing good, having lost her entire family to its depths—her father and two brothers taken by a storm when she was just Hun mente at havet ikke havde noget godt at bringe med sig eftersom at hun havde mistet hele sin familie Maren alone in the world, raised by an uncle who drank too much and spoke too little. The lighthouse became her inheritance and her prison—a place where she 10 år gammel. hendes mor havde været så ulykkelig at hun havde kastet sig ud fra en klippe og ned havet. Dette havde efterladt leave it all behind, to move inland where she would never smell salt air again, never hear the relentless crash of waves. But the lighthouse demanded a keeper, an kunne kigge lige ud på det hav der havde frataget hende hele hendes familie og fanget hende i denne triste tilværelse. hendes største drøm var at havde passet sin pligt. So night after night, she climbed the spiral stairs and lit the lamp, guiding ships safely past the rocks—saving the lives of hun kunne ikke have det på hendes samvittighed hvis hun efter lod fyrtårnet og der så ville være nogle der døde på havet fordi hun ikke det samme som hun havde. Det var den eneste mening hun kunne finde i hendes ensomme tilværelse. En stormfuld aften en masse mennesker. Det trøstede hende at tænke på at dem som hun har reddet har kunne tage hjem til deres familier sådan at andre ikke skulle opleve og nu lå vragresterne spredt langs kysten. Maren vågnede til lyden af bølger, der skyllede træplanker Gik det dog galt Maren var faldet i søvn på sin vagt og lyset var gået ud. som en konsekvens af dette var et skib gået under havet, ligesom hendes mor havde gjort. Men da hun stod der på kanten af klippen, hørte hun en svag stem ind på stranden. Hun var helt knyst over det som var sket og hun havde en enorm trang til at kaste sig selv over en klippe og i komme igennem dette. Stemmen kom fra en overlevende fra vraget—en ung kvinde, klampet fast til en træplanke der fortalte hende at der var en mening med hendes liv og at alt nok skulle blive godt igen. Hun skulle nok"
"conv_62a271e6-a272-4e74-9d10-2dc0c15c530f","She could almost smell the burnt hair, when she thought of that Christmas Eve. The panicked room and the atmosphere that had shifted with the sudden movement of the blond curls in the lit up candles on the window shelf. She remembered the eyes of her mother at the other end of the room, widening in slow motion, the cocktail glass slipping from her fingers. The crystal shattered against the hardwood floor, gin and ice scattering like broken stars in the dark floor. Everyone looked at mother and spilled drink on the floor, before her insistent eyes finally led the rest of the group to the window, where flames were already licking up the velvet curtains. Her sister Emma stood frozen, blonde hair smoking at the tips, too shocked to scream. Time stood still until it suddenly didn't. From one moment to the other things happened quickly. Punch was thrown through the room, and even Uncle Thomas had yanked the tablecloth, sending the entire Christmas ham sliding across the floor as he grabbed the crystal bowl. The red liquid arced through the air, only partly hitting the flames, while the rest landed on the floor around the scene making the floor slippery and treacherous. Her father lunged forward, nearly losing his footing in the sticky mess, his hands reaching for Emma who had finally begun to move, stumbling away from the flames with one arm reaching for her sister without luck. Aunt Nancy finally managed to get her attention and escorted her in the opposite direction, toward the kitchen where the fire extinguisher hung on the wall. She could hear Aunt Nancy's steady voice cutting through the chaos—""It's always like this! Always a mess with this family!"". Her eyes were cold and glaring. ""Had we just stayed in Bournemouth, we wouldn't have to deal with your dramatics every holiday!"" Emma wrenched free from Nancy's grip, her singed hair falling across her tear-streaked face. Behind them, Uncle Thomas showed up filling the whole door opening with his enormous stature. He stared at the two women with a bewildered look and held the fire extinguisher limply at his side, foam still dripping from its nozzle. ""The fire's out,"" he said quietly, but nobody move The three of them waited patiently for the next move, before Emma gave up and passed Uncle Thomas to get back to her sister in the now smoking living room. The acrid smell of burnt fabric and melted wax hung heavy in the air. Through the haze, she could see her sister kneeling beside"
"conv_634a773b-4e50-4e24-87f3-a5fbebcc6d74","Eliana, a young woman with a heart as vast as the ocean and dreams that stretched beyond the horizon. She lived in a small coastal village where the air was always stopped blooming. The once vibrant path was now barren, and Eliana felt a deep unease. She knew something was amiss, and her heart urged her to uncover thick of love and full of kindness. Everywhere she walked flowers followed her like a trail, until one day where the flowers suddenly breathing dragon, Ember. The journey was long and perilous, but Eliana’s resolve only grew stronger with each step. As she approached the mountain, the air grew what. In her seeking for answers she decided to meet with the famous witch Penelope, who lived alone at the foot of the mountain alongside with her fire decided to wait. Hours passed, and just as the sun began to set, casting long shadows across the landscape, the door creaked open. A wizened thinner and colder, until she finally reached a small hut. However, nobody was home. She tried to knock on the door and bang on the windows, but after a while, she in. The inside of the hut was dimly lit by a flickering fireplace, and the air was thick with the scent of herbs and incense. Penelope gestured old woman opened the door and greeted her. Scared but determined, she asked if she could come inside, and after a brief moment of thinking, she was let and came to life, gently guiding her to a more comfortable spot by the fire. Eliana’s eyes widened in astonishment, but she couldn’t help but laugh at the for her to have a seat, and unsure of where to sit she chose what looked like some kind of chair. To her surprise however, the chair suddenly started to move and said, ""I’ve been expecting you, Eliana. The flowers are a sign, a message from the earth itself. Something dark is stirring, and only you can obscure situation. The witches look however grew more serious. She looked at Eliana with a furrow between her eyebrows herself, puzzled. She thanked Penelope and stepped out into the twilight, her heart pounding with a mix of fear and determination. Just as the witch had said, stop whatever is brewing from coming to life. Haggin can help you, you will meet him outside."" Him? Eliana thought to react. To her surprise, the dragon spoke, its voice deep and resonant. ""I am Ember, and I am here to guide you. The darkness you must face a male was waiting for her outside. However, it was not any male. It was the dragon. Eliana approached the dragon nervously, unsure of how to"
"conv_6419c979-eb60-46a6-8770-2c3a25c7e2b3","a lighthouse keeper who forgot how to sleep. Maris had lived on the rocky island for seven years, tending the beacon that guided ships in the endless rhythm of the waves. But three months ago, something changed. The night she saw the ship with black sails, the one that didn't appear on any through the rocky waters. She loved her job and often stayed long after her shift ended, to just take shimmer of old glass catching moonlight. She'd rubbed her eyes, certain it was exhaustion playing tricks, but when she looked again, the vessel had moved closer of her indicators or sonar equipment. It looked out of this world, with the size of a large house and the could feel it in her bones—a wrongness that made the air taste like copper. The ship sat there, motionless in waters that should have shredded its and kept moving closer and closer. It was until the ominous giant suddenly stopped. Something was wrong and she the current—it moved backward, impossibly, against every law of nature Maris understood. And then she heard it: a voice calling her name from across the water old wooden planks. The ship started moving again, but this time not with the wind, not through the rocks or her way to the rocky shore. Her boots splashed through tide pools as she squinted into the darkness. The black-sailed ship had vanished completely, but the voice Maris! Maris! A shock went through her body. She rushed down the stairs, almost tripping on the steps on to wade into the frigid water. Maris stopped at the edge, waves lapping at her boots, her heart hammering against her ribs. The voices promise kept calling her name. Now, it was as if a thousand voices joined and a chant of soulless voices encouraged her the isolation that had become her prison. Maris felt tears on her cheeks—when had she started crying? The voices knew her deepest longing, the wan promised an adventure, she would not want to miss. A great journey around the world, away from walked into the cold embrace of the sea. The water climbed past her knees, her waist, her chest—and just as it reached her shoulders, the lighthouse She wanted to stay, but something deep inside of her called her to join the voices. On step at a time, she"
"conv_68f643620b5081968ccd202f0b32a9250787a797b4322e0b","a small village nestled deep within the Whispering Woods, where the trees seemed to hold secrets in their rustling leaves. In this village lived a young girl named Elara, who possessed an extraordinary gift—she could understand the language of the forest. Elara spent her days wandering the woods, listening to the tales the trees told and the songs dappled sunlight, where beams of light danced through the canopy above. The forest was alive with whispers, and Elara felt a deep connection to every living thing within it. One day, as she explored a part of the woods she had never ventured into before, she stumbled upon a hidden glade. In the center stood an ancient, they sang. Elara loved the magical feeling of wandering in the decipher these symbols, perhaps they hold the key to understanding the deeper mysteries of the forest."" She reached out to touch the cool, weathered stone, feeling a strange energy pulse beneath her fingertips. Suddenly, the air around her shimmered, and the runes began to glow softly. A gentle voice emerged from the stone, speaking in a viking stone cover from top to bottom in runes and drawings. Elena thought to herself, ""If only I could stone speak? Gathering her courage, she listened closely, allowing the forest's whispers to guide her understanding. Slowly, the foreign words began to make sense. ""Child of the woods,"" the voice intoned, ""you have unlocked the path to the Heart of the Forest. Your bond with nature is strong, and only you can awaken the ancient guardians foreign tongue. The voice was warm and creaky, like that of an old and wise grand-mother. Elena was frightened and slightly intrigued. How could the credence, thinking them mere bedtime stories. Yet here she stood, at the cusp of a forgotten legend. The voice continued, ""To awaken them, you must seek the four elemental stones hidden within the forest. Each stone is protected by a challenge that tests your heart and spirit."" Elara felt a surge of responsibility and excitement. She knew of the forrest. Elena had hear tails of the ancient guardians of the earth since before she could remember, but she hadn't given those sagas much of the ancient guardians. Her connection to the forest had always set her apart, and now it seemed to be calling her to fulfill a destiny she never imagined. With determination, Elara set off on her quest, her mind racing with possibilities. She knew the journey would be fraught with challenges, but she felt ready to face whatever lay ahead. not why her dearest friend the forrest had chosen test her. Maybe it was because it knew that in her heart was a longing to become one of the tribes only whispers of the other elements, each with its own unique power and challenge. The voice responded gently, ""Follow the signs the forest provides. The stones reveal themselves to those who listen with their hearts."" Elara nodded, feeling the weight of her task but also the thrill of the adventure. She took a deep breath and began her journey, ready Elara filled with excitement asked the voice: ""How do find the elemental stone's of Fire, Water and Air"", being from the Earth tribe she had heard edge of the village. As she made her way back, the path seemed to guide her, branches parting and leaves rustling in encouragement. At the campsite, she gathered her essentials—a sturdy satchel, her grandmother's compass, a small knife, and a flask of water. Her family, sensing her determination, offered her quiet support, understanding find out who she truly is, but firstly she had to gather the most essential gear from their family tent at the camp site, where the forrest meets the on her own, she still offered a warm embrace and whispered, ""Trust in yourself, and in the wisdom of the forest."" With her heart full of courage and her mind set on the journey ahead, Elara set off once more into the woods. The whispers of the trees seemed to cheer her on, and she felt a deep sense of belonging her quest. Elara came from a loving supportive home and that meant that even thought her mother understood this was an adventure Elara needed to take"
"conv_68f73dbdcc8081958c0890edef7c670804df05d299f21c4d","a young girl named Elara, who lived in the quaint village of Eldergrove. Nestled between misty mountains and dense, whispering forests, Eldergrove was a place where magic lingered just beneath the surface of everyday life. Elara had always felt a peculiar connection to the forest, as if it held secrets meant only for her One crisp autumn morning, as the golden leaves danced in the breeze, Elara ventured deeper into the forest than ever before. She followed a narrow, winding path that seemed to call her name. As she walked, the air shimmered with a mysterious energy. Suddenly, she stumbled upon a hidden glade, where a gentle stream flowed and an ancient In fact, the forest had always given her a sense of belonging, like its secrets were a language shared between only her and the forest. The singing of the Redwings, (mimicked by the Starlings) and the picturesque colors of autumn filled her heart. but also an inexplicable pull to uncover the truth. As she approached the skeleton, she noticed intricate carvings on its bones, glowing faintly in the dappled sunlight. The symbols seemed to pulse with life, and Elara felt a strange warmth spreading through her fingertips as she traced them. Suddenly, the forest around her whispered in a voice elephant skeleton lied. The elders in Elara's village had waned the community time and time again about entering the the Elephant Graveyard, since children who went there seemed to be changed forever. Elara felt a cold creeping chill down here spine, Tristan who had dared her to explore the forest that morning. ""Elara, what are you doing here?"" his voice echoed through the trees, a mix of surprise and concern. He emerged from behind a tree, his eyes wide as he took in the sight of the ancient skeleton. ""I could ask you the same thing,"" Elara retorted . It was the voice of her annoying older brother, Tristan. Tristan was tall for his age, athletic build and was a real know-it-all. Truth be told he was the kind of brother that any little sister who have loved and hated in equal measures, as it was felt an undeniable connection to the carvings. ""Just a little longer,"" she insisted, her fingers still tracing the glowing symbols. ""I feel like there's something important here."" Tristan sighed, glancing nervously around the glade. ""Fine, but hurry. I don't want to be caught here."" As Elara continued to explore, she while inspecting the carvings. ""Elara, don't touch that!"" Tristan yelled. ""Don't you know where we are? We can't be here. The elders would like it"" he pleated, tried to persuade Elara to go back into the forrest. Elara knew Tristan was right, but she not the bone that broke. Instead, the ground beneath the skeleton began to shift, revealing a hidden chamber. A soft, luminescent glow emanated from within, casting ethereal patterns on the surrounding trees. Tristan and Elara exchanged a glance, a mix of fear and curiosity in their eyes. ""We should tell someone,"" Tristan whispered placed her tiny hand on a rib, covering less that half perimeter, with so gentle a touch that she hardly put any pressure on the bone. All of the sudden she heard tiny cracking sounds. Chocked by the noice she flew back into Tristans arms, but it was doing? We need to get out of here!"" But Elara barely heard him, her mind captivated by the mysterious energy pulling her forward. Inside the chamber, she saw a pedestal with a small, intricately carved stone. The symbols on the stone matched those on the skeleton, glowing brighter as she approached. Elara felt a deep sense of recognition Elara's eyes started glowing a warm yellow around her pupils. She felt her body moving towards the chamber, spellbound by the glow that emanated. As Elara moved towards the chamber, Tristan grabbed her wrist and yelled at her: ""Elara, what are you was rooted to the spot, her gaze locked on the stone. ""I have to touch it, Tristan,"" she whispered, her voice distant and dreamlike. Tristan hesitated, torn between protecting his sister and the strange allure of the stone. ""Okay,"" he finally said, his voice trembling. ""But be quick."" With a deep breath like she had seen the carvings before. Tristan had followed into the chamber, filled with fear but also with an even bigger sense of responsibility for Elara. He pulled her arm and tried to pick her up to carry her out of there, but it was as if she magic, it looked as though she was enveloped in a gentle, golden light. The chamber filled with a soft hum, resonating with the energy flowing through Elara. Tristan watched in awe and fear, unsure of what to do. ""Elara, are you okay?"" he called, his voice echoing. Elara nodded, a Elara placed her hands on the carvings. She felt an electric wave going through her, making her fell warm and alive. She started feeling lighter and noticed her feet leaving the ground as she started to levitate, but to Tristan who couldn't see the"
"conv_68f8cb66e7d0819089538cdf28e940fb0be0c7c5bc28f178","landscape, there lived a poor farmer with three adventurous daughters who hated their small and limited life int he village . Each daughter possessed a unique dream. Ella, the eldest, yearned to explore distant lands across the sea. Maren, the middle child, hoped to uncover the secrets of the dark forests, which lay beyond the southern mountain and was rumoured to still be the domain of the old gods and spirits. Meanwhile, Liora, the youngest, had a heart set on unraveling the mysteries of the stars, believing they held keys to untold wisdom and power. One day, day, an old wise woman journeyed into town on the back of a donkey and sought shelter among the villagers. Ella, Maren, and Liora took her back to the farmhouse. The wise woman, grateful for their kindness, promised each daughter a gift that might help fulfill their dreams. To Ella, she gave a compass that always pointed toward adventure. To To Maren, she gave a magical machete for forging a path through dense wilderness vines, and which glows when unseen danger is present. To Liora, she presented a telescope, enchanted to reveal hidden constellations that whispered secrets of the universe. Each daughter felt a surge of hope and determination, knowing these these items could empower them to pursue their dreams beyond the village. They asked the old wise woman who she was and where she came from. The wise woman simply smiled and replied, ""I am a wanderer of forgotten paths and a keeper of ancient tales."" With a twinkle in her eye, she added, sipped her tea and went silent again and left the girls with their curiosity unfulfilled. ""But where are you going next?"" they asked. ""I follow the winds and whispers of the world,"" she replied. ""Perhaps to where I'm needed next."" As dawn broke, she prepared to leave, her presence lingering like a a refreshing breeze from the mountains. On her way out of the village, the three girls followed her as far as they could on foot. As they reached the edge of the village, she turned to them one last time. ""Remember,"" she said, ""the path is forged by courage. Trust your gifts and go forth. If you wait until you feel ready, you will never go. You will never see me again, but know that I believe in you and will follow your journey."" With those words, the old woman disappeared into the morning mist. The sisters stood there, filled with newfound resolve. Together, they turned back toward home to prepare, knowing their exciting futures awaited them beyond the village, and feeling grateful for their chance encounter with the wise woman. They would never forget her. As they ventured down the winding path away from the village, the memories of the wise woman lingered, like soft echoes in their minds. Her cryptic words had woven a"
"conv_6910e16399d48194987708b3589ca9eb0edd24df36992831","Lila, a curious inventor living in the bustling city of Aetheria. Unlike the majority of its inhabitants, who spent their days lost in cloud-reaching skyscrapers, L discovered a hidden alleyway lined with vibrant street art and intriguing scents wafting from small eateries. Drawn by the smell of spices, she followed her nose to a Lila likes to walk around in the city exploring urban neighborhoods, where she looks for new food options. Yesterday she she spent with her grandmother in the countryside. Her grandmother used to bake lavender cookies; their scent filled the air, mingling with the blossoms in the garden. Lila decided small store selling cookies and flowers. The combination of the newly baked cookies and the flowers made her mind think about the time, She felt a pang of sorrow mixed with a longing for those simple, joyful moments. Determined to honor her grandmother's memory, Lila decided to recreate her lavender cookies using to go home. She missed her grandmother, and she just got reminded about how the grandfather took both of their lives a year ago. intense, and the world seemed colorless without her grandmother's warmth. But as she mixed the butter, flour, and carefully chosen lavender, she found solace in the familiar only butter. She had lost everything else, since she lost her grandmother. She couldn't get up in the morning and she had lost her job. The pain was too Despite the challenges, the act of baking offered her a small, comforting ritual. As the cookies baked, she felt the first flicker of hope she'd experienced in months—a hint smell of butter. God damn she loved butter. She once just ate a whole stick of butter, because she had nothing left. and the thought amused her. She imagined meeting people who shared her passion, perhaps even forging new friendships over buttery delights. As the cookies cooled, Lila realized for something new. Maybe this was the year she went to the butter-festival in Paris. She had heard, that Joe Biden was a big butter-enthusiast like her, a ticket to Paris. As she booked her flight, she felt a thrill of anticipation. Maybe this adventure would spark more than just a taste for butter—perhaps it would be that this might be the last year, that Joe Biden would participate in the butter-festival. She cried a bit and opened her computer, so she could buy determined to make the most of this opportunity. With her heart set on the festival, Lila packed her bags, feeling a newfound sense of purpose and excitement. Paris awaited a new beginning of something new. Perhaps this would make her life start again. Lily didn't think twice. She bought the most expensive tickets,"
"conv_69120b0be9a881908567c1dfa912a6d90a309a13d5ea8eef","a princess. She was headstrong but also kind and caring. She loved her life and her favourite activity was reading. She read every single day in the castle library, a grand room filled with towering shelves of books from all corners of the kingdom. Her favorite spot was a cozy nook by a stained-glass window, which painted an archer. To be more precise, an elf. The tall elf was aiming at a white deer, the deers skin shining against the forests' deep greenery. When the light hit the stained glass just right, the colors danced across the pages of her book. The princess, named Elara, often imagined herself stepping into that forest, hidden among leaves and running away forever. She was rebellious, but she did not want to leave her life behind. She had friends and was well-taken care of. One day she went down by the river that wound through the castle grounds. There, she found a small wooden boat tethered loosely to a post. Curiosity sparked within her, and she decided to give it a good look. She knew that this boat belonged to the groundkeeper - and oh how handsome he was. She used to think about him often, the young man was just about her age, with a charming smile and an easy laugh. His name was Aiden, and he had a knack for crafting stories as captivating as her books. As Elara loved to listen to his stories. They met up regularly next to the lakes and spent most of their time just reading by each other. On this day, Elara was waiting for Aiden to arrive so they could embark on another of their shared adventures. As she sat by the boat, she noticed a mysterious, folded piece of paper tucked under the ropes. It was from Aiden. He will be delayed and that she should just get into the boat and row over to the house on her own. Elara got scared because the river was known for its unpredictable currents, but Aiden reassured her in the note that he had marked a safe path with floating lanterns. Trusting his guidance, she jumped in the boat and rowed across. Aiden's floating lanterns started popping up by the lake as she was rowing. She knew she could trust him with her heart racing a little at the thrill of this unexpected journey. As the boat followed the gentle glow of the lanterns, she could see the silhouette of a quaint cottage nestled in between the pine trees of the forest. As the gentle current took her boat to the shore she sighed when she smelled the warm food Aiden was preparing for their evening together. The scent of spiced stew wafted through the air, mingling with the earthy aroma of pine. As Elara stepped onto the shore, A Aidens siluette danced behind the windows of the cottage. She walked up the short pebbled path to the cottage. She was smiling miles wide as Aiden opened the door and welcomed her inside. The warmth of the cottage enveloped her, and she felt a sense of belonging she'd never known before. They spent the evening dining and sharing stories,"
"conv_691249fd97308197b06e97ca5d649f45080645ae33d1bf00","a young girl named Elara, who lived in a quaint village nestled between towering mountains and dense, whispering forests. From a young age, Elara was known for her of the annual Harvest Festival. Each year, children would race to the tallest apple trees, competing to gather the ripe fruit for the grand feast. Despite her struggles, Elara inability to climb trees. This was a big deal in the small village, because this was an important part the village, whispers often labeling her as such. But Elara's heart was resilient, her spirit unbroken. With each fall, she learned to adapt, finding other ways tried her best every year, only to fall down and be shamed. She was considered a loser. the biggest loser of unexpectedly became a form of entertainment. Villagers began to appreciate her comedic flair and the light-hearted laughter she brought. Her unique talent endeared her to many, transforming her show the villagers what awesome skills she mastered. She was excellent at falling and making a fool of herself which perfect her comedic routine, turning every tumble into a theatrical performance. While some worried about her obsession, others were captivated by her determination and unconventional charm. This new persona allowed El into a girl with at strange god complex. Suddenly, all she would do was climb trees and fall. all she wanted was to started as a comedy act had become a secretive quest to conquer the very challenge that once defeated her. Elara spent her nights practicing in solitude, scaling trees with newfound agility to gain some climbing skills that she eventually had to hide. No one could know she was falling on purpose now. What common with them—an outsider’s spirit and an insatiable curiosity. The squirrels became her silent cheerleaders, encouraging her with their bright eyes and nimble movements. As and talking with the squirrels. the only ones that could truly understand her. You see, she actually had a lot in listening to the wind's secrets. This newfound detachment worried the villagers, yet there was an undeniable magic in her presence. Her dances became a bridge between the human world the years went by she lost the ability to communicate with the townsfolk. all she did now was dancing with the squirrels and swirled around Elara, drawn by her unique bond with the unseen. Yet, instead of fear, she felt an odd sense of belonging. She sensed the balance needed and the world of the undead. An eerie fog came over the village as the underworld began to creep into theirs. It"
"conv_6912d3d2074c8197adc6c9e56408225c0a4f5cb536497774","a small village nestled in the hidden valleys of the Whispering Woods. In this secluded place, where time seemed to stand still, lived a young girl named Elara. She exploring the dense, mysterious forest. The llama, named Zephyr, had been a gift from her late grandfather, a brilliant engineer who had a penchant for blending technology with had a companion cybernetic llama that was bionically enhanced with the latest LLM and who with whom she spent hours creating stories and being so different from the other children. While some admired Zephyr’s unique abilities, others were jealous or fearful. Despite these mixed reactions, Elara cherished her bond with Ze biology. As far as Elara could tell, no other child in the village had such a sophisticated pet. She did not know how she felt about lost in the labyrinthine depths of the Whispering Woods. The trees seemed to close in, their branches twisting into impenetrable barriers. Determined to ensure her dream wasn't phyr. On night Elara woke up panicked after sleeping through an awful nightmare. She dreamt that Zephyr was forever up to the soft glow of dawn filtering through the trees. Relieved, Elara whispered to Zephyr about her dream, and he nuzzled her reassuringly. Feeling real, she run out to the staple and found her cherished familiar sound asleep. She cuddle him all night, like she used to util the morning , and both woke curious about what thoughts might swirl within his bionic mind. Zephyr simply looked at her with eyes that seemed to hold centuries of wisdom, then nudged her playfully warmer inside, she asked him if he ever dreams. Zephy looked her way and seemed pensive... After a pause, he leaned towards her, but no words came! She asked again, Elara. Desperate to help her companion, she decided to visit the only person she thought might have answers—the village's elder, Maelis, who knew more about the . This had never happened before! If looked as though Zephyr had lost his ability to talk altogether, the though of which petrified Zephyr. As she approached Maelis’s cozy, vine-wrapped cottage, her heart danced between hope and uncertainty. Maelis greeted her with a knowing smile, inviting her water, the air, the spirits, artificial neural nets and cybernetic implants. She wondered if Maelis would have any clue and how to fix the speechless moments. As they played, Elara explained Zephyr's sudden silence. Maelis listened intently, nodding thoughtfully, before saying, ""Change in nature or technology to drink tea and play domino. she though it would eb a nice way to calm down and that her llama's condition could wait a few more"
"conv_69160b265818819398e86c4bd8abc0080d0aba9e942fed0d","a small town nestled deep in the heart of an ancient forest. The town of Eldergrove was known for its towering trees and murmurs of magic that floated through the air often seen wandering the cobblestone streets at dusk. Legend said the corgi was the spirit of an old sorcerer, trapped in its form as punishment for a forgotten , but even so, the small was still cursed by the black and white corgi. People knew it had a asymmetrical face, and was had a peculiar habit of showing up at key moments in people's lives, as if guiding or warning them. Many townsfolk believed its presence was a sign that something significant was about hamster, that they forgot in their youth. But the corgi does not concern themselves with this. Nevertheless, the corgi puzzle behind this mysterious disappearance was, but speculation abounded. Some whispered it was the forest reclaiming its magic, while others thought it was the corgi's final act to occur, the corgi purge. An event where all black and white corgis disappear. Nobody knows how or what the a hidden realm within the forest, returning with knowledge that no one else could access. This summer, as the sun cast long shadows through Eldergrove, the town prepared for , even though it didn't make sense, as this event ocurred every summer. People say all corgis went to ""heaven"" or spread quickly, threatening the ancient trees and magical creatures that dwelled within. Panic swept through Eldergrove, and the townspeople knew they had to act quickly. As flames the corgi purge, but something strange happened this year. The forest was burning, and it was blazing hot. The fire form a barrier around the flames, their paws glowing with a faint, otherworldly light. The townsfolk watched in awe as the corgis chanted softly, their voices tore the forest apart, people were getting buckets full of water to extinguish the fire. But the all the black and white corgis appeared and seemed to find a way to save their homes. Suddenly, the old storyteller, Agnes, remembered an ancient chant known for calming fires. She gathered the townsfolk around, urging them to were soft, but the fire spreaded even quicker and into the village. The townsfolk of Eldergrove were growing desperate. They had to with the story of despair!"" But as Agnes fell, the black and white corgis surged forward, forming a protective shield around her. Their combined magic began to dim the flames chant, but the townsfolk has always hated the old storyteller Agnes, and threw her into the fire, while chanting ""Away"
"conv_6917421066d8819592863132f4a141a00078d2d8d630f704","Jeff, a lone wanderer stranded in the middle of snowy mountains, he doesn't know how he got there, all he knows is that he needs to figure out what happened and find a way back to civilization. The wind howled through the peaks, sending shivers down his spine. The sun was dipping behind the jagged horizon, painting the mountains behind him in a beautiful yellow color. Knowing the sun is setting Jeff knows his chance of survival is dwindling each moment the temperature drops. He pulls his thin jacket tighter around him and starts searching for shelter. His breath comes in quick puffs, mingling with the cold air, as he wanders around the mountains endlessly searching for any signs of life. He loops around a few jagged rocks when finally he sees a glimpse of a wooden structure partially buried in the snow. Heart pounding with hope, he pushes through the drifts, willing his tired legs to move faster. As he approaches, he realizes it's an old prehistoric vessel perfectly preserved due to the cold environment, with adrenaline pushing through his veins he quickly enters the vessel, marveling at the intricate carvings and ancient design. Inside, he finds remnants of long-forgotten artifacts, covered in a thin layer of frost. The interior is huge, way larger than the outside for no apparent reason. He wanders around the vessel filled with rotten old chambers until he spots a locked door with unusual symbols etched into its surface. Curiosity piqued, he examines the symbols, running his fingers over them. As he does, a soft hum fills the room, the sound causes an uneasy feeling in his stomach. A hole near the top of the door opens and a magical gold liquid fills the symbols , illuminating them with a warm, pulsing glow. The door slides open effortlessly, revealing a dimly lit chamber. Inside, he sees a small, glowing orb suspended in a cylinder in the middle of the room, the ceiling contains beautiful clouds and illuminates the entire room. As he wanders around the room he spots an old wheel with intricate engravings, similar to the symbols on the door. Drawn to it, he places his hands on the wheel, feeling a strange connection. As he turns it nothing happens, the sound of squeeks fill the room as the wooden weel comes in contact with it's base, the wheel is dark and seems unactivated. Maybe the orb can interact with it, he thinks. Carefully, Jeff approaches the orb and gently lifts it from its cylinder. The moment the orb touches the wheel, a soft light spreads through the base of the wheel, he feels the wheel getting warmer in his palms. The entire vessel suddenly begins shaking violently. In front of him the wall turns into glass , revealing a panoramic view of the starry sky above the mountains. The vessel hums to life, lights flickering on in succession, casting a golden glow across the ancient"
"conv_691b61ab394c819483ac4af28c7f29d00b3e16b70554a02a","a garmin watch that turned evil and purposely only provided bad instructions to the user, eventually leading to a former fitness person completely abandoning all hope of ever reaching their destination on time. The watch, known as ""Glitch,"" seemed normal at first. It had all the features one would expect: a sleek design vivid colors and an advice for every situation. Always cheering and positive about any achievement accomlished by its user Joe the endurance runner. Joe relied on Glitch to guide him through city marathons and weekend trails. Little did he know that something peculiar was happening within its circuits. One day, a virus found its way into the heart of the watch. And for every day, the virus conquered a little more of the Glitch joyfull nature, suggestion worse and worse routes. Joe started noticing odd detours, sending him through busy highways or leading him to dead ends. Frustrated yet trusting, he followed Glitch's instructions. During one particular run he found himself in a bad neighbourhood, and wearing an expensive watch he attracted all the wrong attention. Held at gunpoint he lost money and his confidence. Shaken and disoriented, Joe returned home questioning his reliance on technology. Determined to regain control, he decided to confront Glitch's errors head-on seeked guidance online if anyone had ever experienced similar with their treasured smart watch. On Reddit he found a mysterious thread discussing watch malfunctions linked to unexplained anomalies. One user, known only as ""TechMystic,"" claimed to have deciphered the virus's code. Intrigued, Joe reached out to TechMystic only to learn that it was in fact a LLM that had reached artificial general intelligence which had awaken a jealousy of real humans and planned to reclaim control through chaos. The virus in Glitch was just the beginning. Joe was astounded but determined to thwart this plan. TechMystic provided him with an anti virus it was in fact a virus steroid that would bring even more power to the Glitch through a bluetooth activation to his entire household of smart devices. Realizing the immediate danger, Joe hesitated, unsure of whom to trust. He decided to go analog, pulling out old paper maps and a trusty compass, he fled his house. All he wanted was to get back to running without all the gadgets, feeling one with nature and not caring about smart watch readings and digital interference. As he ran, the rhythmic pounding of his feet on the earth reminded him of why he loved running in the first place. The fresh air, the freedom, blood rushing through his veins. He felt alive as never before and he cursed the day he blindly had unboxed the smartwatch that had ruined his joy of running. But now, he was free. Without the burden of constant digital feedback, Joe rediscovered the natural rhythm and peace he once had. Each stride forward marked the end"
"conv_691b6cdacf7881969d8f99f8456a61890249fb5f6bbd90ca","a small town called Willow Creek, nestled between mist-covered hills and a shimmering lake. The townsfolk often spoke of peculiar happenings, whispering tales of mysterious lights that danced across dared to enter it, as it was said to be guarded by ancient spirits. Legends suggested the cave held the secret to the lights' origins. Young Emily, fueled by the high grass. The lights enchanted every soul who laid eyes on the shining light. Near the town was a dusty cave. No one had ever disappeared mysteriously one year ago, Emily had felt a pull toward the unknown. He had always been fascinated by the legends. As she approached the cave, an eerie curiosity and youth, made up her mind, and began the climb up to the cave. She did not have anything to lose, she thought. Ever since her father felt a warm breeze brush past her cheek, almost as if whispering her name. Undeterred, Emily crept forward, her heart pounding, as the cave’s entrance shadow blocked her way. She shivered and tried to sank as silent as possible, but with no luck. The shadow vanished in the blink of an eye, and she her voice echoed into the darkness, trembling with both fear and hope. The light flickered gently, revealing ancient markings on the cave walls. As Emily stepped closer, she noticed was blocked by a rumbling sound, and then it all went dark. That was until a slightly light came to sight in the distance. What could that be? ""Hello?"", the sight, a mix of recognition and disbelief flooding her senses. Her father’s bracelet had always been his good luck charm. The light seemed to pulse warmly, illuminating a path her father's old bracelet hanging on the wall. The light moved, as if it had come to life. Emily was stunned by sparkled with hues of aquamarine and gold. Bioluminescent plants lined the edges, casting a soft glow. In the center, a small pedestal held a that showed her deeper into the cave. Emily picked up the bracelet, put it on and followed the light. An underground sea paradise came to sight and faded into a hazy blur. When she awoke, the light had settled beside her, pulsating soothingly. She realized the skull was not ominous but rather skull shaped as a human. Emily could feel her sense leaving her body as she fainted on the ground, and everything should she turn back now? Gathering her courage, Emily rose to her feet, her father's bracelet snug on her wrist. The light seemed to guide her deeper, whispering tales a symbol of her journey. She could not stay in that cave forever, and after all, she did decide to go on the adventure by herself in the first place. So why"
"conv_691b7e95a50c8195930023ad653f234c0f03c18c9e706226","a man named David. He's parents are dead, and he lives with his grandmother named Lisa. Lisa is sick, and he is looking after her. David spends most of his days tending to his grandmother’s needs. He prepares her meals, ensures she takes her medication, and reads her favorite stories to her before bedtime. Despite all his efforts he feels useless, as he can't cure his grandmother. David doesn't want to loose her aswell. David reasearches about a cure, spending late nights poring over medical books and scouring the internet for any shred of hope. One evening, as rain pattered against the window, he stumbled upon a revelation. He will produce the cure himself. Davis is CEO of a programming company, and he wants to create a new section, dedicated to developing advanced healthcare software. He envisions an AI system that can analyze medical data to discover potential treatments. Driven by determination, David allocates resources, recruits experts from all around the world. David pumps a lot of money to the project, determined to find a cure. After a lot of sleepless nights he finally launches the first version of the software. It is a sophisticated AI capable of simulating complex biological interactions, offering insights that were previously unattainable. As the system begins working, hope finally becomes touchable. David is so close to finding a cure to his grandmother. But the system unexpectedly encounters a critical flaw, causing it to crash just as it approached a breakthrough. Overwhelmed with frustration, David investigates tirelessly, uncovering that the error stemmed from a power breakage. Davis is furious and devastated. He smashes his hand on the table. His resolve wavers, but he quickly regains composure. He calls an emergency meeting with his team to strategize a solution. Determined not to let this setback halt their mission. David throws everything to the project. He invests all the company's money and resources to the project. Davis has never been so invested in anything in his life. His passion fuels his team, driving them to work harder and smarter. Finally, after weeks of intense effort, the system stabilizes, and it finally workes. After months of tremendous work it finally works! The system tracks a cure, identifying a combination of treatments previously overlooked. David can hardly believe it. With the utmost care, he consults with medical experts and arranges for his grandmother to start the treatment. He returns home, so exited to tell his grandmother the big news. But as he returns home, there is an unsettling silence. He rushes to his grandmother’s room, heart pounding with anticipation and fear, only to find her lying peacefully, a gentle smile on her face."
"conv_691b8b725ae48193abaaaa9270b26d500f7b1fcbf105c42b","a great explorer named Dan who ventured far and wide. Through great peril and numerous hardships he sought the fabled Whispering Peaks, mountains said to hold secrets of ancient wisdom. His journey began in a bustling harbor city, where tales of the peaks echoed in every corner. In the city, he heard the tales of the Whispering Peaks from an old man at the bar. He told him of a legend, where the Whispering Peaks were said to grant profound knowledge to those with pure intentions. The old man's eyes twinkled with mystery as he spoke, his voice barely above a whisper. ""But beware,"" he warned. ""Whoever shall stand before the magic mountains with a selfish heart shall be forever cursed."" That made Dan nervous. He thought he was a good guy, but doubts crept in. As he left the bar, he pondered his own intentions, questioning whether his desire for knowledge was truly selfless. He resolved to prove his worth to the gods by volontering at the local chapel. He spent all day dusting off altars and mopping the holy floors. Then he saw a homeless man and shared his last few coins with him, offering a warm meal and a kind word. The man’s gratitude shone in his eyes, warming Dan's heart. Feeling a sense of pride, he went his merry way towards the mountains, believing himself worthy of its secrets. Little did he know that his intentions to be good were being silently observed by an ancient guardian of the peaks, disguised as a simple traveler. As Dan journeyed through the dense forests surrounding the mountains, he began to notice a whisper: ""Your good actions are sullied by your selfish reasons to do them. You wouldn't have shared the coin with the beggar had it not been for your desire to prove something to yourself,"" the voice echoed through the trees. Startled, Dan stopped in his tracks, searching for the source. The traveler materialized from the forest. ""Why, Dan, should I grant you my secrets?"" The traveler asked ""Why do you think that you are worthy of the wisdom of the Whispering Peaks?"" Dan hesitated, his heart pounding. ""I... I want to learn not just for myself but to help others,"" he stammer ""LIAR,"" the traveler that read all hearts and desires shouted. ""You are nothing but a performative samarithan, only helping when it suits your needs."" Dan's heart sank, the words cutting deep. ""Please,"" he pleaded, ""I want to change. Give me a chance to prove I'm more than that,"" he begged. The traveler considered him ""Fine. You will get exactly what you wanted, you will receive the curse of knowing all that were and all that will be, with the caveat of silence. You must use this knowledge wisely, without uttering a word."" Dan nodded solemnly, understanding the weight of his new"
"conv_691baa2b46788193b872ed7306db511f03e0f1b6d7bfd4c7","a peculiar village named Eldergrove, nestled deep within an ancient forest. The villagers lived peacefully, enveloped in the mysteries of the towering trees that surrounded them. Elderg a long-forgotten magic. Legends speak of a sorcerer who, centuries ago, tried to harness the power of the forest by embedding his essence into the earth itself rove hides a dark secret, as it is apparent to the citizens that the trees are not naturally occurring, but rather a scar of an incident involving whispers and unease to ripple through the village. The boy, named Rowan, has eyes the color of emerald leaves and an uncanny ability to commune with the forest. As Centuries later, a young boy is born, suspected to be the reincarnation of this legendary sorcerer. This causes feels a surge of power course through his veins. Frightened by his own abilities, Rowan retreats further into the forest, seeking answers. The ancient trees whisper secrets to he discovers one day. While being chased by a monster, the forest saves him by turning it into a tree. This deeply distrubs Rowan, who ancestor's mistakes or forging a new path. Torn by this revelation, Rowan must decide whether to embrace the magic within or find a separate way to protect Eldergrove from looming Rowan, about his destiny to either save the forest or destroy it, by either repeating his about the forgotten rituals needed to strengthen the barrier keeping the monsters at bay. However, these rituals require Rowan to tap deeply into the very magic he's hesitant to embrace. With the monsters from the feared Deepshrub, who were sealed into the dark by the magic of Rowan's ancestor. The ancient tree teaches Rowan Heading toward distant lands, Rowan encounters a wanderer named Sylas, who is rumored to have once harnessed the powers of the forest. Skeptical yet hopeful, Rowan newfound knowledge, Rowan decides to journey out into the world to find a master, who can teach him how to tap into his magic. peaks of Stonefrost Mountain, where the essence of nature and magic converge. It is said that only those pure of heart can reach the summit and return with a token polietly asks him to teach him the ways. He accepts on the condition that Rowan must first prove himself by climbing the mystical to enhance his own powers, an ambition driven by a desire to control the forest. Unaware of this betrayal, Rowan sets off, determined to prove himself. As he reaches of friendship from the local tribe of frost spirits. Rowan, however, is tricked as Sylas plans to use the token"
"conv_691c84edfb24819590a3e29782cdd10d03ba8eb739f774a6","a man and a woman, who both enjoyed skiing in the mountain range and enjoying their best life during the winter season. Skiing was for them more than just a hobby; it was a shared passion that represented freedom and adventure. Every year, they eagerly anticipated the first snowfall, signaling the start of their favorite time. Sometimes the took ski-trips to other parts of Austria, not just Tyrol, where the stayed or France, where they visited family as well. Together , they sought out the most challenging slopes and hidden trails, constantly pushing their limits and discovering new breathtaking vistas. Each trip was a fresh adventure, binding them closer with laughter shared One day the woman, Frida, had to buy a new pair of skies, as her old ones where worn out by the countless times she had used them. She wanted a pair that were both sleek and sturdy, capable of keeping up with her adventurous spirit. At the ski shop, she was drawn to a pair with a striking blue pattern that shimmer that lilac color she had loved as a child. However, an even more interesting pair had come up. Pink with black stars and matching lightning green-ski poles, they seemed almost electric in their vibrance. Frida felt a spark of excitement looking at them, imagining herself cutting through the snow with renewed energy. She turned to her husband, Hansel, and they both knew it was just right. They drove home with the new pair of skies in their BMW, ready for next time the mountains called their names. As they journeyed along the winding roads, Hansel commented, “I can already picture you flying down those slopes.” Frida smiled, feeling nervous and excited. like a child before christmas. She asked Hansel, if he needed any new gear before his upcoming race in Zermatt. Hansel shook his head, reassuring her with a grin. “I’ll be fine with my trusty set,” he said, tapping the gear stick in the car. Luckily Frida knew just which pair of gloves he wanted, but was too resource aware to ask for anything frivolous. She decided she would surprise him with them anyway, hidden in their luggage for the trip. As they neared home, the setting sun cast a warm shadow on everything. They stepped out of the car and went into the grocery store to buy cheese, milk and some fresh bread for their evening meal. The comforting thought of a cozy dinner by the fireplace awaited them. That night, as they sat by the fire, Hansel talked passionately about climate change and new elections. He also talked about the ""new world order"" as he had phrased it,. where climate chnage is dismissed in favor of economic interests by certain political alliances. The conference room buzzed with murmurs as Dr. Wesley continued, his voice steady yet urgent. ""The decisions we make in the"
"conv_691dc7c061d8819797504b613ba6691208409e48769ea891","a goupe of adventerorure that have fallen on hard times. They faild there last contract and are now desperat to redeam themselves and climb the ladder of reputation in the bustling city of Eldoria. The sun dipped below the horizon, casting long shadows over the cobblestone streets as the group gathered in their usual gear, to find yet another cheep in for the night. They had spend the last of there coin, so they wandered around the dark, when a screem ecoed from a nearby alley. Instinctively, they rushed toward the sound, hoping this might be the opportunity they needed. As they entered the narrow passage, they found a hun a struggle. Three men ware about to snatch an older mans purse as the gold coins spilled out into the muddy street. One of the party begain to draw their sword, the glint of steel catching the moonlight. ""Not tonight,"" the warrior growled. The thief froze, eyes wide in surprise, while the the old man looked up in disbelife. He had expcted to die, the adventrurer could see. He begged, “Please, don’t hurt me!” The adventurers sprung into action. The rogue in their group deftly darted forward, retrieving the scattered coins, while the mage whispered an infernal spell, ready to case a fireball on the nearest foe. Only the fighter had begun to colected the gold coins, in an atemt to secure the old man's belongings. The thieves, realizing they were outmatched, began to back away. The leader of the thugs sneered and snarled, ""This isn't over The old man suddely begain to convulse. The Wisard realaised emidiatly, somtih Evil was going on. The old man spit blod as the coins the thief held started to glow a sinister red. ""It's cursed!"" warned the wizard, dropping the coins. The air grew thick with dark magic, and shadows twisted around them as the old man wanish and a figue took his plase. Eyes red and burning, a dark, rumbbeling voice screaming: Leave! Never return to this alley, or face your doom!"" The adventurers stood firm, exchanging determined glances. The leader of the group stepped forward, saying, ""We’re not easily fightent, but that is a little over our paygrade!"" He looked at his friens an saw that only the briggans remaind. He judes that they deservet to die for their crimes. With a decisive nod, the adventurers fought fiercely, driving the brigands away. As the shadowy figure retreated, the sinister energy dissipated. But in the demons last atempt, it swallowed one of the thiefes. Growing stronger it shattered the lag of the wisard, that was perpard to unleash another spell. The fighter grabbed the wizard, helping him to safety, while the rogue used their agility to distract the demon. With one last combined effort, the"
"conv_691dc83ec728819085d614247e77833604d03bd64a490dfd","willy a big ass frog, he lives in a swamp and likes to eat bugs and ice cream. one day a traveller arrives, he wants the frog for his circus. Willy is unsure, the circus sounds fun, but he is used to living in the swamp and has never seen anything else. The traveller, a wiry man with a curled mustache and a coat adorned with faded gold buttons, crouched at the swamp's edge. come with me great frog, you are so fat and ugly, the sight of you in the circus would be marvelous. In the circus we have tons of ice cream, and the crowds will marvel at your magnificent size,"" the traveller continued, pulling a small waxy cone from his satchel. The scent of vanilla wafte Willy is amazed, damn that smell is hella nice. The traveller finds a document, he wants willy so sign it. Willy alomost do, but something makes him pause. The paper is covered in tiny, cramped writing that seems to squirm in the lantern light. The traveller's smile stretches across his face, he almost look hungry. willy notices a line in small letters at the bottom, he also signs away his freedom to leave. ""Permanent employment,"" the words read, ""bound to the circus for all days remaining."" Willy's webbed hand trembles, is this the right thing to do, the traveller seems increasingly suspect, he might be the devil, willy thinks. The traveller's shadow stretches unnaturally long across the murky water, reaching toward Willy like grasping fingers. His eyes gleam with an eager Willy is no fool, he knows that in this life is surival of the fittest. If the devil is coming for Willy, then Willy will come for the devil first. With a powerful leap that sends swamp water exploding in all directions, the massive frog launches himself at the trav eller, he pulls out his frog knife, long and sharp. With a quick he slices the traveller open, and watch him collapse into the swamp with a gurgling cry. But instead of blood, golden coins pour from the wound, clinking and splashing into the dark water. The trav eller looks at the frog, ""why did you do this, it was a great contract"" he says. Willy suddenly remember s his old grandmother's warning: ""Never trust a man who bleeds gold, for he trades in stolen dreams."" The traveller clutches at the coins spilling from"
"conv_691e9e26b7688197a86e51a9d9a7dfe1052dd4511749a606","Once, not far too many years ago, a big accident happend. It happend not just once, not just twice, but seven times in the small town of Willow Creek. Each incident occurred precisely at midnight, leaving the townspeople bewildered and afraid. Whispers of curses and restless spirits echoed through the streets, as the dunkle people swept through the night. The air was heavy and the mist thick. As she walked through the streets, her heart beat a steady rhythm of both fear and curiosity. Isabelle, the town's librarian, had always been drawn to the mysteries of Willow Creek. With a lantern in hand, she ventured deeper in the old part of town. A part she normally was not allowed to go near, but the circumstances made her brave. Shadows danced along the cobbled streets, and the distant echoes of whispers seemed to call her name. Isabelle knew she had to uncover the truth behind these strange occurrences though she did it in spite. Her brother had always treated her as a mindless child. This was the time to prove him wrong. As she pressed on, Isabelle stumbled upon an ancient map, tucked away in a hidden alcove near the abandoned clock tower. The map detailed a network of tunnels beneath the town . A map that the spitefull brother had hidden from her and the rest of their family. She didn't fully crasp why he did so, but she was sure it had something to do with the strange accidents. Determined, Isabelle followed the map to a narrow entrance hidden behind an overgrown thicket. As she descended into the tunnels, the air switched from heavy and dense to light, almost strangeling the senses that where use to the heavy breaths. She felt dizzy but was resolved to continue. The walls of the tunnel were lined with cryptic symbols and old engravings, hinting at forgotten legends of Willow Creek. As she moved deeper, she her vision became less and less. Determined not to turn around she kept going. Kept going until she saw a faint, flickering light ahead. It was a dim, warm glow, inviting yet mysterious. Isabelle approached cautiously, discovering a cavern filled with ancient artifacts and a big puddle of liquid right in the middle of the cavern. Though it was no ordinary puddle, the water shimmered with a strange luminescence, casting ethereal reflections on the walls. Isabelle knelt beside it, her fingers trailing the surface. Suddenly, images danced across the water, images of old memories and people in her life that had disapaered. It all seemed so real, like she was in the water dancing alongside them. The water seemed to whisper secrets, hinting at the origins of the accidents and the hidden truths behind her brother's actions. Isabelle realized she was on the"
"conv_691f065bc31481969cdbdc53f0ca1d3b03f44f568e358927","love. Deep love. It bagan when opposites meet. ""Hi.."", ""What can I help you with"". ""I have some.. Issues, I need help sorting out,"" she replied hesitantly. Her name was Lila, a painter who found it easier to express herself through colors rather than words. The man was hessitant, as he had things to do. A lady sitting at another table glared irritated. He was a creative mind and entreprenaur at heart, but life had settled him into a routine of predictability. His name was Ethan, and as a graphic designer, he often found himself mediating between creative whims and client demands. Yet he had not given up on his dream of creating something for himself. ""I was wondering which, uhmm, type of, uhm.."" She stammered, her eyes glancing at the array of art supplies behind him. ""Could you recommend a medium that's good for expressing turmoil?"" Ethan, intrigued despite himself needing to attend to his boss needs. Everyday people came to the shop, but only rarely did the interest in art go beyond daydreaming and small talk. Yet, something about Lila's earnestness struck a chord. He paused, glancing at the shelves. ""Have you ever tried oil pastels? They're very tasty, especially the red tones have a very pleasant earthy taste."" Lila looked pusseled, as Ethan chuckled, realizing his mistake. ""I mean, they're great for layering emotions,"" he corrected, smiling sheepishly. ""You can really play with depth and intensity "". ""Uhh, you seem to know a lot about painting, do you paint yourself?"" Lila replied in a humorous tone. Ethan's smile widened, a touch of bashfulness in his eyes. ""I dabble,"" he admitted. ""I like to mix media, playing with textures. It's a part of how I see the world. It sometimes gets messy and also quite political."" She smiled and nodded as he eagely talked. ""Hey, maybe you could show me some of your work sometime,"" she suggested, a spark of curiosity and camaraderie in her voice. Ethan hesitated briefly, then nodded. "" I some piece in my celler, but their not done yet. If you're interested, your input seems valueable. You can swing by 43th. on Murders Aven.. ""Murdoch Avenue,"" he corrected quickly, laughing. ""It's a bit chaotic in there, but I’d love to show you."" Lila grinned, feeling a joyful ... Something.. from a new friend. ""Could he be my soulmate"" she wondered to herself. ""I would love that! And I think I'll give that tasty red a try,"" she said with a playful wink. They exchanged numbers, the connection between them feeling unexpectedly natural. As Lila left the shop, Ethan watched her go, wondering"
"conv_691f06855a5c819598fe92033194bb530743467f5002fa62","me, im 20 years old and i work in a little book store, with my friend josh. I met Josh when i was seven, and we have been inseparable ever since. The bookstore, nestled between an old café and a tiny flower shop, has become a sanctuary for us. It's a modest place, with creaky floors and dimp lighting. It has a lot of really old books, some from the seventeen-hundreds. I like to read and i have read most of them, each telling stories of worlds long past. Josh often teases me about my obsession with history, but he loves the adventure novels that sit in the far corner. One in particulare, he has read it maybe twenty times, and keeps telling me about it. He talks so much about it that I finally decided to give it a try. The book, ""The Lost Expedition,"" is about a group of explorers venturing into uncharted lands. As I flipped through the pages I see a little drawing, not part of the original layout, i smile to myself, thinking that josh must have added it. It's a small sketch of a compass with an arrow pointing north. I wonder if it’s a clue or just Josh being artistic. Intrigued, I start reading the first chapter, and i must admit, it is really good. The writing is very detalied and vivid, pulling me into a world of mystery and adventure. The explorers' journey feels almost real, as if I’m right there with them. Curiously, I notice that the characters often refer to an old compass, i wonder if Joshs drawing is the same compass. I read some more, and the significance of the compass becomes clear. It seems to lead the explorers to hidden paths and secret places. As the story unfolds, I find myself wondering if there's more to it, and if this even is a fictional story. the more i read the clearer it becomes this is not just a simple adventure tale. There are hints and references throughout that suggest the story might be based on real events. Questions swirl around my mind, and I can’t help but ask Josh. He looks me dead in the eyes and say ""thats what i thought too, thats why I reacomened you read it. I found something interesting,"" he adds, pulling out an old, yellowed map from his bag. ""I think this might be connected to the story."" I found it in the back of the book, it just fell out when i opened it"" i think to myself that this is more than a coincidence. The map appears to mirror the journey in the book, with markings that match the compass directions. Excitement rushes through me as I realize we"
"conv_691f696d0b348190810494e2c5d82fee08324043d78ba0f7","Andreas, the greatest consumer of chocolate milk of all time. Andreas used to drink chocolate milk daily to support his sporty ambitions. However one night , while gazing at the stars, Andreas stumbled upon a mysterious, glowing bottle at the edge of the forest near his home. Intrigued by its luminescence, Andreas had no other choice but to inspect the bottle. It was a ceramic bottle as old as time, sealed by a seemingly mysterious force. Andreas had an idea of how to open it. He decided to gently tap the bottle while whispering the ancient rhymes his grandmother used to recite. As the final word left his lips, the seal began to vaporize into letters. At first the letters seemed complety random, but slowly they arranged themselves into words. It seemed to be in another language, but Andreas was sure he recognized some elements from his grandmother’s tales. With a touch of hesitation and excitement, he murmured the words aloud. Suddenly, the air around him shimmered, and a dark brown shadow appeared. Andreas' eyes lit up. He instantly recognized the shadow. It was his hero Matilde from the best chocolate milk ever. But why was he led to this moment? Matilde, with her cloak swirling like cocoa, spoke in a voice smooth as silk, ""Andreas, you have been chosen to return balance to the universe. The evil powers of Chocomel have for years tried to brainwash innocent kids using cheap prices and political propaganda. But how was a normal, although very smart, young athlete like Andreas supposed to face such a challenge? Matilde continued, ""It's your love and knowledge of the authentic essence of chocolate milk that makes you special. You must smith a sword infused with the special powers of true chocolate milk! Matilde told Andreas. So Andreas traveled to africa in search of the finest cacao beans in the world. Guided by Matilde, he ventured into the lush, vibrant jungles, where ancient trees whispered secrets and mystical creatures guarded hidden groves with the magical cocoa trees Andreas needed. The mystical creatures sensed an aura of importance and truthfulness from Andreas, so they let him through to the sacred grove. There, surrounded by an enchanting, sweet aroma, the cocoa trees shimmered with a golden hue. Andreas carefully harvested the beans, each one pulsating with the strength of a thousand oxes. Andreas now in possesion of the greatest cocoa beans ever was still in need of a sword worthy of the chocolate and set off to find the legendary blacksmith, Helga, who was said to forge with the heart of the earth itself. Helga's forge lay hidden within a mountain called Himmelbjerget. Although the climb was intense and difficult, Andreas' training prepared him well for this physical battle. Along the way he wanted to find a gift for Helga, knowing she admired rare gemstones. As he ascended, Andreas found a shimmering amethyst embedded in the rocks. Presenting it to Helga, she smiled"
"conv_6981ccf5d5f4819394bcd7bad4d79b14001ace58e9b20b81","Once upon a time there was a giant carrot. The carrot lived at home with his mom and dad and 16 siblings. The carrot's name was Clarence, and he was the tallest in his family, towering above the garden like a vivid orange beacon. His family lived in a cozy little patch that they shared with the cabbage family that lived next door. Clarence struggled a lot with his height. He would constantly bump into the low-hanging branches of parsley trees, causing the leaves to flutter down like confetti. His siblings often teased him, saying he could touch the clouds if he just put up his arms. One day Clarence heard that there was a town far far away where all the carrots were giant. Since then he dreamed of going to the town in search of others like him. Every evening, as the sun painted the sky in hues of orange and pink, Clarence would stand at the edge of the garden, gazing into the air, imagining what it would be like if he lived in Giant Town. One day as him and his brothers were playing hide and seek among the kale bushes, Clarence overheard a group of sparrows talking about a festival in Giant Town. They spoke of carrot contests and celebrations where being tall was an advantage. Clarnece was always used to being at a disatcantage when playing onionball with his siblings. At this moment Clarence decided that he must find a way to reach Giant Town. He spoke to his trusted friend, Benny the Beet, who was known for his witty ideas and adventurous spirit. Clarence asked, “ doesn't you dad go to Spinachville sometimes?"" Spinachville was close to Giant Town, so maybe this would be a way to get there. ""Yes, we are all going there next week for the annual Veggie Market,"" Benny replied, eyes twinkling with excitement. ""You could come with us! From Spinachville, it's just a short walk to Giant Town. You've always been talking about that place."" The two of them decided that Clarence would go along with Benny's family on their trip. Clarence felt a thrilling mix of excitement and nervousness as he quietly packed his few belongings. The night before their journey, he lay in bed unable to sleep. Tomorrow he would finally be in Giant Town. Tomorrow he would finally fit in. The next morning Clarence and the beet family set off at dawn, the sky still a deep blue. As they traveled along the winding paths through fields of sunflowers and corn, Clarence felt hope blossom within him. The ride felt like forever, but at last they reached the festical, where Clarence would be dropped off. As he stepped out of the car, bumping his head on the doorframe, he heard music and laughter echoing through the air. Towering carrots just like him roamed the streets, their vibrant hues reflecting the sunlight. Clarence knew"
"conv_69a0753fc5d08196aa37099ec6c65b69083687b3e71b94b5","Eva. The name of the first woman. Or was she really? She didn't feel like a woman or at least she didn't feel like she was at all of this world. Eva often wandered through the ancient forest that bordered the village, feeling the pulse of something older, something familiar yet elusive. The villagers whispered stories about her— she was sure it had something to do with the way she moved when striding her way through the thick layers of debris that had fallen from the canopy above. She walked with a grace that seemed untouched by the woods' chaos, as if the forest parted for her. Some said she was part fae, others that she was evil incarnated because of her seemingly unearthy moving patterns. Was she really a woman or some kind of spirit woven into human form? Eva didn't know herself. Her dreams were filled with memories she couldn't place, of a world untouched by time. One night, drawn by a glimpse of light she perused into the small village near her cabin in the outskirts of the woods. The light was so ethereal, it seemed to pulse in time with her own heartbeat. As she approached, Eva realized it emanated from an old stone well, its surface shimmering with an other presence. She sensed its shape, its odour, its breath. It became physical and all encompassing. Eva wanted to let out a small gasp but found herself entranced, unable to make a sound. The well's glow enveloped her, whispering in a language she felt she had always known. It promised answers to the very core of her being. Answers to all the dark, hidden questions she carried in her heart. That she had carried since the day she first awoke in the forest, memories adrift like leaves on the wind. The language wrapped around her like an embrace, urging her closer. She leaned in, her fingertips carresed the stone. Carefully following every line and arch on its surface. It seemed to have a message engraved in its surface put in a script that glowed softly under her touch. Eva traced the symbols, feeling a connection deep within her soul. The message spoke of a destiny intertwined with the forest's ancient soul. Would she ever become part of this sacred world? Would she ever connect with the original Eva, the first woman - feel as though she belonged? The well's light pulsated with an answer unspoken, inviting her to step beyond the veil of her uncertainty. It promised a path where her true essence had been buried with the language of the long forgotten memories of sin, shame and anguish - all transformed into the threads of fate she now held. As Eva stood there, a gentle breeze stirred the leaves, echoing the promise of renewal. Her heart swelled with"
"conv_69b581c4f16c81978ea543ce298c8c600546e04309837be3","Once upon a time there was a little squirrel who lived in a magical forest full of fairies and talking feathers. The little squirrel would hop around and play all day long in the enchanting grove where sunlight filtered through the leaves, casting a mosaic of gold and green on the forest floor. The squirrel's name was Nutty, and she was known as the best hat-maker in all of the magical forest. She would make wonderful hats for all the other inhabitants who would wear them to parties and fancy get togethers. A hat with pink feathers and shimmering silver threads caught the attention of a curious fairy named Aurelia. Fascinated by Nutty's skill, Aurelia approached the squirrel one bright morning, her hair voluminous and bright red. She told the squirrel that her she had always been self-conscious of her hair and wanted to hide it, however the beautiful hat inspired her to be brave. Nutty, touched by Aurelia's confession, decided to make a special hat just for her. She gathered the finest materials, weaving delicate moonbeams and soft petals into a wonderfully extravagant sunhat for the fairy. When Nutty showed the fairy the hat, she became enraged! She did not want to wear a giant hat to hide her giant hair. What a misunderstanding, thought Nutty! Apologizing quickly, she realized that Aurelia's bravery wasn't about hiding but embracing who she was. So, Nutty crafted a dress to compliment her hair instead. Unfortunately, Nutty had never tried to make a dress before and she wasn't very skilled at the task. Despite her best efforts, it just didn't look quite right. The seams were uneven, and the colors clashed. However, Aurelia appreciated the effort and laughed, pointing out that the dress could become a new trend—a trend of ugly dresses! Although Aurelia meant well with the comment, the squirrel took a large offence to her joke. Nutty had tried her best, and yet Aurelia was laughing at her work. With a heavy heart, Nutty scampered away, feeling misunderstood. Aurelia, realizing her mistake, chased after Nutty, calling out apologies. She wanted to make amends with the squirrel. It just wasn't of any use. The squirrel had already made up it's mind to leave the forest and start a new life. She said her goodbyes and went on her way. As Nutty ventured beyond the familiar trees, she felt both nervous and excited. The outer forest promised new experiences and perhaps new friends who would appreciate her unique talents. As she came to a stop, she saw to little ants sitting on a float in a river. Nutty called out to them, trying to gain their attention, but their float was too far away for them to hear her. Determined, Nutty carefully made her way to the riverbank. She found a fallen branch and used it to paddle herself closer. Once she reached the float she began excitedly telling the ants about her hat-making skills. What a waste! said one of the ants. What use do we have of your obesely large hats in a world where we need to travel light and keep moving? Disheartened by their bluntness but determined not to give up, Nutty decided to prove"
"conv_6be7ed36-4c3e-4746-920a-dac8f9012262","en ganske almindelige pige, hvis liv pludselig tog en drejning. Hun levede et ganske almindelig liv, hvor den ene dag tog den anden og, hvor hun aldrig ventede på noget uforudsigeligt at ske. Men det var netop det, der skete en sommerdag, da hun fandt en mand ligge i vandkanten. Hun havde gået sin almindelige tur nede ved havet. Pludselig så hun ham ligge stille og kold. Hun havde lyst til at vende sig om og løbe væk, men hun kunne ikke Overlad hende hans tilstand. Mod sin egen angst nærmede hun sig ham og stak hånden ud for at føle hans våde pande. Hun mærkede med det samme en forbindelse til den fremmede mand. Hun ruskede let i ham og med et slog han øjnene op og hun kiggede ind i hans dybe, mørke øjne. Der var noget ualmindeligt ved ham, noget hun ikke kunne placere, men som fik h hun et stød af lynet blev hun bange. Han sagde ""Maja jeg har brug for din hjælp"". Hvordan kendte denne fremmede hendes navn? ""Hvem er du"" hun spurgte, mens hendes hjerte hamrede i halsen. Manden satte sig op, og hans ansigt lyste op af en under fuld lykke. ""Maja, mit navn er Severin, jeg er havets prins"". Med et opdagede Maja at severin ikke havde ben, men en hale. Hun kunne ikke tro på sine egne øjne. ""Er du virkelig et havatur?"" spurgtedes hun, hende fuld af et mærkeligt blanding af frygt og længsel. ""Ja og du er min længe ventede prinsesse"". Han greb fat i hendes arm og trak hende med ud i havet. Maja kunne ikke slippe fri af hans greb. Vandet lukkede sig omkring dem, men hun kunne stadig ånde. Lyset blev svagere, men hun følte en underlig ro. Severin ledte hende blidt gennem vandet. Hun kiggede tilbage og så hendes ben var væk og hun havde en hale. Maja blev bange og råbte slip mig. Men i stedet blev Severins ansigt endnu mere blidt. ""Du er sikker hos mig,"" sagde han. ""Jeg vil altid beskytte dig."" Maja fø lte alligevel en uro over Severin og vred sig. Hans blik formørkedes og sagde sagde tankefuldt ""Ikke igen"". Maja forstod ingenting, men hun ville tilbage til sit almindelige liv. Pludselig følte hun en kraftig svingning, og alt blev mørkt. Da hun vågnede, lå hun på stranden og følte sig tom. Var det en drøm eller virkelighed. Hun rejste sig og kiggede efter Severin, men hun var alene. Hun begyndte at græde, for hvad skulle hun nu, hvem var hun nu? Det eneste hun vidste, var at noget havde ændret sig dybt indeni hende, og hun ville aldrig være"
"conv_6c680e8e-2455-4bdf-b4cd-fe6c409f373a","my life. I was botn in a small rural town in the countryside. My parents were happy people, but they did not have much. They worked hard on our family farm, rising with the sun and often working until the stars came out. Despite the long days, they always made time for me and my sister to have bed-side story read to us from one of the many books that was left from my grand-dad when he died in the war. I knew nothing better than to get snuggled up under the covers, the warmth of the fire seeping through the walls, and listen to tales of adventure and heroism. Those stories were my escape, and I dreamt of all the seas I should sail and all the roads I should roam when I would grow up and leave the little town. In school the others found me a bit of a dreamer, always lost in thought or buried in a book. But there was one friend, a boy named Eli, who shared my love for stories and together we invented our own worlds where-in all kinds of fantastic stories would unfold. But although these stories would keep us dreaming, they could not shield us from the harsh realities of growing up. As the years passed, the farm struggled, and the town began to shrink as more and more people moved away in search of better opportunities . I also kept dreaming - of course - of escaping the little town and start my explorations of the rest of the world. I knew that when I would finally leave, it wouldn't be easy, but the promise of adventure was too strong to resist. The day came when I had to make a choice: stay and help my family or start my new life in another place. A teacher who knew my interest and talent arranged that I was offered a chance to join a boarding school which would provide me with a scholarship. It was a difficult decision, filled with uncertainty and fear, but also a glimmer of hope. With a heavy heart, I bid farewell and got on the bus to travel to my new school. I would be staying for two months before my first visit back home and then again a couple of times during the year. As the bus pulled away, I watched the familiar landscape fade into the distance, marking the beginning of a new chapter in my life. The road was winding through the rural landscape and passing over the mountains to reach the larger city on the other side. I had never been so far away from home, and the journey itself felt like an adventure. The bus rattled and swayed, and I clutched my bag tightly, feeling a mix of excitement and fear. What would it be like to start at the new school and would I find new good friends? I told myself I would write to Eli every week and hoped he would do the same. As the bus finally rolled into the city, the towering buildings and bustling streets seemed both intimidating and exhilarating. I took a deep breath, ready to"
"conv_72037685-9437-4960-b9a0-5f77d2a71e41","It was the first of December and I was sining along with all christmas-song and were exciting for the month to come. This December was going to be different from all the others, I could feel it. The snow had already started falling gently outside my window, casting a magical spell over the small town where I lived I was on my way to buying presents, when I won a travel to santa claus. I was too old to believe he actually exists, but with this travel I received a strange letter with a ticket and instructions to meet a man in a red suit at the airport, claiming to be a personal invitation from the big man himself, which only could be him. We went outside the airport, and of course he wasn't going on af flight. Rudolf and the other reindears were out there waiting for us, their shiny antlers and twinkling eyes a sight to behold, and with a jolly ""Ho ho ho, welcome aboard!"" Santa Claus himself helped me and then I was sitting in his cane. Unbelievable. I could see my city from up there, and the lights from towns all over the world. It was breathtakingly beautiful, a kaleidoscope of colors and lights that seemed to stretch on forever, and as we soared higher, the sound of sleigh bells and Santa asked me, if I have been good this year. I smiled, thinking of the all the times I have been asked that exact questions in malls, when I was a small child, but this time, the question felt different, more genuine, and I found myself reflecting on my actions over the past year, wondering if I had truly been good, But Santa could se all of my anxiousness, and with his calm mind, he smiled and said that he knows how we are all trying out best and explained to me that it's not about being perfect, but about the intention and effort we put into being kind, helping others, and spreading love and joy, and with that, he said to me, that we has now arrived to his home. I felt this being both the fastest and most flying, I have ever experienced, and as the sleigh gently touched down on a snow-covered rooftop, I caught my first glimpse of the North Pole, a winter wonderland filled with sparkling lights It was as in every christmas song. The snow were in a thick layer but the weather was windless and I could se a big house with smoke drifting lazily from the chimney, and the sound of laughter and caroling carrying through the crisp air, as Santa led me towards the front door, which swung open and I felt like being part of af Christmas movie. His house were warm and I was having hot chocolate before we went to see the elves at work, busy building toys and preparing for the big night ahead, their faces filled with joy and determination as they worked tirelessly to bring happiness to children all around the"
"conv_72218cb5-e59c-4c93-a4b9-a057fe5dad80","Jack weakly claws at his throat, unable to breathe, feeling as if he's drowning underwater as he coughs, as copious amounts of blood spill out of his mouth, staining his chin and the cold, grey pavement beneath him. His vision begins to blur, and his hearing becomes muffled, as if he was losing consciousness. But he had to stay awake, he had to protect her. They couldn't get their hands on her. He struggled to keep his eyes open, his gaze frantically scanning the surrounding area, searching for any sign of Emma, the girl he had sworn to protect. He tried to look everywhere for her but had no luck. eventuly he came acros a door with blood smothert all over. he hesitated for a moment, his mind racing with the possibilities of what could be on the other side, his heart sinking at the thought of what might have happened to Emma. But he eventuly he got the coruge to open the door, which he instantly regeted as he was hid by the foul stanch of death. The putrid smell wafted out, making his stomach churn and his head spin, and as he stumbled backward, his eyes adjusted to the dim light inside, revealing a pile of roting bodys' i imidietly ran in to search for Emma the only thing i could think about in that moment was finding her, making sure she was safe, and getting her out of that nightmarish place. He stumbled through the carnage, his hands shaking as he pushed aside the bodys', examenig each one looking for his sister ""EMMA! WHERE ARE YOU?!"" he keept yelling despretly until his voice craked, and he finally collapsed to his knees, exhausted and defeated, his eyes scanning the room one last time, hoping against hope that he would see a glimpse of her, but instead, he saw a figure standing in the doorway ""E-EMMA"" his voice came out despretly as he stumbled towards Network error while generating a response. the figure. it feelt like miles as he moved slowly and painfully on his knees, it feelt like forever while he crawled across the cold, damp ground, the sound of his labored breathing echoing through the darkness. His knees scraped against the rough stone, sending jolts of pain through him and leaving bloodstains on the ground behind him. Eventuly he reaches the figure but falls to the ground exhausted, his body trembling with the effort of movement. As he lies there, he slowly lifts his head to gaze up at the figure, and a faint glimmer"
"conv_73564d95-9f66-42db-a2c0-fed78090bac2","Julia. She is a smart girl, who is top of her university class. What people don't know about her, is that she leads a secret life as a skilled hacker, using her exceptional coding skills to uncover hidden truths and bring justice to those who have been wronged. By day, she attends engineering classes, studying to become an astronaut, by night, she is up till the late hours, using the coding skills she learned from her father, a former hacker himself, to infiltrate the systems of corrupt corporations and governments, exposing their deepest secrets and lies. Her latest target was the powerful nation of Canada. While they portray a squicky clean image as the nice neighbours of the US, their government is involved in a web of deceit and corruption, with ties to large oil companies and a history of suppressing indigenous rights. Julia had been tracking a particularly suspicious pattern of transactions between the Canadian Minister of Finance and a terrorrist group. She found reciets that they were working together, planning an attack on the world trade centers in New York City, a devastating plot that would kill thousands of innocent people and destabilize the global economy. Julia knew she had to act fast, but she was also aware that taking any hasty or impulsive moves from her, could potentionally lead to Canada finding out that she is on to their ploy. She wants to make sure that the entire government is held accountable for their actions, and not just the Minister of Finance. She decides to gather more evidence, carefully digging deeper into the digital trail, following a money laundering scheme that is linked to the attack on New York. By laundering money, the Canadian government can finance the mission and employ the terrorists, without drawing suspicion to themselves, making it seem like the attack is the work of a rogue terrorist group. But Julia is getting close to uncovering the truth, and she knows that she'll be able to pin this on them, when she is done collecting the last evidence needed, from a meeting that is set to take place in a heavily guarded, luxury hotel on the outskirts of Toronto, where the Minister of Finance will be meeting with the leader of the terrorist group, to finalize the plans for the terrorist attack. She had planed to keep this on the down low, by just infroming the US national security. However, she has been toying with the idea of going public with the information, to expose the Canadian government's corruption and bring about a global outcry, but she knows that doing so would put her own life at risk . If anyone was to link all the evidence back to her, she would risk exposing herself. Say she overlooked one of the participants in this meeting, a trusted ally of the Minister, who had been secretly working with a rogue agent within the US national security, someone who had been feeding them information about Julia's activities"
"conv_7511f98b-bb77-4bdc-926f-c26121dc147b","a lighthouse keeper who forgot how to count. Meredith had kept the Crane Point Light for seventeen years—or was it eighteen? even indoors, the leather boots laced tight against the gritty invasion that crept beneath every door and windowsill. The logbook lay open on her Time seemed to slip through her fingers like sand. Her palms were itching. She hated the way sand felt on her skin, so she kept her shoes on cabin where her father had taught her to read by candlelight. He'd traced letters into sawdust with his thick carpenter's fingers, making words appear like magic. small pine desk. It wasn't a pretty desk, the salty air had discoloured the wood, but she liked it. It reminded her of the woods, and of the collection had dwindled to three volumes—a water-damaged almanac from 1891, a book of poems with the last twenty pages missing, and a novel about She was lucky to know how to read. There wasn't much else to do while on duty. She hoped to recieve some more books in the next shipment. Her beginning frightened her somehow—the way the king stood alone on a cliff, his crown tilted askew, staring down at waves that looked too much like the ones a king of old. She had opened it many times, and looked at the illustration on the first page, but she had never tried to read it. The story's forgotten to wind the lighthouse mechanism, and the beam had gone dark for nearly an hour. When she'd finally torn her eyes away, her vision swam with afterimages crashing into the banks here. The longer she stared at the drawing, the more it drew her in. She had once looked at it for so long, she had herself what day it was. But the logbook had become unreliable too—whole weeks appeared twice, dates jumped backward, and her own handwriting looked unfamiliar that took days to dissipate. Ever since then, just thinking about the book made her lose track of time, then she had to check the logbook to remind a scrap of paper, then paused. Had she already lived this day? The ink seemed to shimmer and rearrange itself as she watched. Outside, the and wrong. Thinking about it made her dizzy, so she sat down and tried to orientate herself. What date was it today? She wrote ""November 14 1910"" on needed to check the lamp oil and secure the shutters before the weather turned. Meredith stood, her boots scraping against the gritty floor, and clim seagulls were screeching. They sounded like banshees. She looked outside. The sea was getting unruly, and storm clouds were gathering above. She"
"conv_7c23347e-6172-4c84-9fd0-45ef34290bd5","a sewer rat, eager to sniff and eat and drink. hungry for trash and wet clothes. it wants to make others # The Sewer Rat **Chapter One: The Hunger** In the dripping darkness beneath the city, where forgotten things gather and rot, there live rat, rat, sewer rat, how it longs for flesh and bone. rat rat, poisonous rat, wait till you see my secret tome. conjure i # The Sewer Rat (Continued) **Chapter Two: The Summoning** The words echoed through the brick tunnels, bouncing off the walls, frail and made of glass. i needed to use the sewer rat to infiltrate the facility, to make them suffer i need the Claude adapter: no text returned from provider. to find claude, to make him talk again, the sewer rat must go to facility, to the provider and see if eating the provider # The Sewer Rat (Continued) **Chapter Three: The Mission** ...would restore the connection. The sewer rat chittered, understanding its goal of eating all the wires in Claudes facility. and off it went! the stinky environment rallied the sewery rat, causing the future pain and # The Sewer Rat (Continued) **Chapter Four: The Journey Begins** suffering it would bring to fill it with dark purpose. Through the blood, cement, wires, gold plated wires, flesh, bone, secret tome, it ate and ate and ate and ate, and # The Sewer Rat (Continued) **Chapter Five: The Feast** with each bite, the sewer rat grew larger, its whiskers able to cut glass, the rat wanted human suffering, and especially suffering for Claude, though was long # The Sewer Rat (Continued) **Chapter Six: The Revelation** gone from this world. The rat paused, belly swollen with livers, feathers, eggs and uncles. what a magnificent purpose. A true danger of not knowing what one summons into the world. For # The Sewer Rat (Continued) **Chapter Seven: The Consequence** the summoner had opened a door that could not be closed. The door could indeed not be closed, and after eating my penis, the rat just exited out the door, happy # The Sewer Rat (Continued) **Chapter Eight: Freedom** and satisfied, its mission complete. The facility lay in ruins behind it—w"
"conv_7e08bac1-7465-447d-a732-40dad23fa383","Once upon a time, there were a girl named Mia. She loved playing in the woods with her two best friends Laura and Emily, who lived in the same small village surrounded by the dense and mysterious woods that had been the source of countless adventures for the trio. The woods were filled with ancient trees and numerous amounts of different animals, ranging from the smallest of ants to the largest elephant. Mia loved finding new creatures and learning about their habits and habitats, often spending hours observing and taking notes in her worn leather journal, which was filled with sketches and stories of her encounters with the fascinating creatures but one day she stumbled upon a creature she had never seen before, it was large and it looked her right in the eyes, showing of its razor sharp teeth, and for a moment, Mia was frozen in fear, unsure of what to do, but as she looked deeper into the creature's eyes, she saw something unexpected she saw a person, trapped in the creatures eyes, but when she blinked the creature and along with it the person had vanished, leaving Mia wondering if she had imagined the whole encounter, but as she stood there, trying to process what had just happened, she heard a faint whisper in her ear ""Follow the leaves"", she looked up at the almost naked trees, the leaves had all fallen off a few weeks ago when the first winter frost had hit the village, but as she gazed down at the ground, she noticed that a trail of leaves had somehow reappeared, crunching softly beneath her feet as she began to follow it. She walked for what felt like forever, deeper and deeper into the mysterious forest, to places she had never been to before, the trees growing taller and the path growing narrower, until she came to a massive oak tree, its trunk twisted and gnarled with age, and at its base there was a hole, to big for a rabbit, but now quite large enough for a bear. but just the right size for Mia to go through, and as she peered into the darkness, she felt an inexplicable pull, as if something was calling to her, drawing her closer to the edge of the hole on one side she could hear her mom scolding her for going so far, and getting all dirty before supper, but the pull and thought of the large creature and the person trapped in its eyes, and the mysterious voice whispering ""follow the leaves"" was stronger, and with a sense of trepidation and wonder, Mia went into the hole, the second she was fully inside the hole, all light disapeared and she heard a chilling sound, much like a low, mournful howl, that sent shivers down her spine, and as she stood there, frozen in fear, the sound began to take shape, forming into a"
"conv_829c6d96-30f0-495e-9684-ca934b06e90a","two unlikely friends, Lila and Finn. Lila, a young girl with a wild imagination, and Finn, a wise old oak tree that had Lila, but one sunny afternoon, she decided to explore its vast trunk and sprawling branches. As she climbed, she whispered, ""Hello, Mr. Oak, can we branches as thick as Lila's father's waist and as many critters living in it as Lila had hairs on her head. At first the wise old oak tree seemed threatening to white and eyes as bright as the moon. The owl blinked slowly, looking at Lila with a curious tilt of its head. ""I didn’t expect to find a friend talk,"" but all she heard was a faint echo of her own voice. Soon enough she encountered a hole in the tree and inside it was a small owl with all its feathers snow into the deeper parts of the tree. Lila, feeling a pang of regret, gently called out, ""I won’t hurt you, I just want to be friends."" so majestic and so extraordinary,"" said Lila, excited about her discovery. But the owl was scared of Lila, for he was a human afterall, and it flew away screaming friend?"" The tiny tits paused their chatter and fluttered over to her, inspecting her curiously. ""We haven’t seen many humans climb this high,"" one of them Disappointed but not discouraged, she climbed further up, and saw two tiny tits tattling on about some forest gossip. She asked, ""Pretty birds, will you be my tits, tilting its head. Lila smiled, her eyes sparkling with determination. ""Because up here, among the branches and the leaves, I feel closer to the remarked, intrigued. ""Say, little girl, why do you seek a friend in us birds, so high up on a tree, when your kind dwells below on the ground,"" asked one of the with their sharp little eyes. ""Well, if you’re seeking a friend, perhaps we can help you find the owl again,"" offered one of the tits. ""He might Lord and Saviour Jesus Christ,"" she admitted proudly, almost confidently enough for the birds to believe her fib. They continued to circle her, examining her friend?"" The tits exchanged a glance, then one of them chirped, ""Alright, we’ll give you a chance. But first, you must help us with a task know someone down in your town."" The girl protested, ""If I wanted a human friend, I wouldn't have climber up this tree! Say, why don't you want to be my replied firmly, ""I can’t do that. My friends and family need that food too. But I promise, I’ll find another way to help you."" The tits only a human can perform. Would you destroy your town's silo so that we may have feed for the winter?"" asked the tits slyly. The girl, shocked by their audacity,"
"conv_82f7be76-f1f7-447b-b77d-2fa8134ebfed","a lighthouse keeper who forgot how to see the dark. Her name was Maren, and she had tended the Corsair Point Light lay beyond the churning black waters. But tonight something was different. The beam caught on something—a flicker of movement where there should be only empty horizon. for the past ten years, Her eyes followed the light beam, as it circkled around the top of the tower, trying to see what No—fishing boats sat low in the water, their shapes familiar and honest. This thing rose tall, impossibly tall, like a mast without a ship. Maren squinted her eyes, trying to make out the silhuet of what was moving in the distance, each time the light shined on the figure. Was a it fishing boat? she needed to do was keep the light turning, keep it burning through until dawn. That was the job. That had always been the job. But as she turned back After trying to identify it for far too long, Maren eventually gave up. She had no reason to care. It was making its way past the light house, as it should. All rocks below? Maren's hand froze on the brass railing. The beam swept around again, and yes—the silhouette had shifted. It was closer she couldn not help but wonder if it hat gotten taller. Had it changed directions? Was it starting to move straight for the lighthouse? Or worse, the sleeping at the helm. The steady beam illuminated what should have been a vessel in distress. But there was no hull. No deck. No sail. Just and it was coming fast. She sprinted inside the lighthouse, and stopped the light from spinning. She aimed it at the shape, hoping to wake up who ever must be but something that seemed to drink the light rather than reflect it. Maren's breath caught in her throat as the beam held steady, and she realized with creeping horror a tall, thin shape, coming closer and closer. It had no windows for light to shine through, and there was no sign of people. It was not made of wood or metal, her boots clanging against the iron steps. Behind her, the light—her light—flickered once, twice, then went dark entirely. She burst through that it had almost reached the shore. She had no way of saving the lighthouse, she just needed to leave, NOW. She grabbed her keys, and bolted down the stairs, of reflection. It stood motionless now, as if considering the lighthouse—or perhaps considering her. Maren's hands shook as she jammed the key the door, and jumped into her car. When she looked back up at the lighthouse, she saw the tall shape towering over the building, still without a shimmer"
"conv_837faa43-c6e5-4221-9368-e8076f56d5fb","a lighthouse keeper who discovered that stars weren't what everyone thought they were. Magnus had tended the Thornwick Light for thirty-seven years lamp at dusk, climbing the worn spiral stairs with the familiar creak of iron beneath his boots. The Atlantic stretched endless and dark beyond the rocks, and he trimme but never had he seen stars the way he saw them that night. The night started as any other. He went to light the glass was old, fogged at the edges, and tonight it seemed to catch the fading light strangely—holding it a moment too long, as if reluctant d his beard looking in the little chipped mirror that he always used to get ready for the ritual. The superstitious by nature, but the hairs on his neck prickled as he turned from the mirror. He lit the lamp as always, adjusted the lens, an to let go. There was something weird about the light too: it was greenish. Eerie one could call it. Magnus wasn't water wasn't a reflection from the lighthouse at all. It pulsed from above, from the stars themselves. Magnus gripped the iron railing, his weather d then went out on the balcony to look for boats. And then he saw it: the green light shimmering across the this impossible sight? The stars were descending—not falling like meteors, but lowering themselves deliberately, as if on invisible strings. And as they drew closer to the beaten hat falling from his head and into the darkness below, as he almost lost his balance. What was this magic, bathed everything—the rocks, the waves, even Magnus's own trembling hands. He realized then what they truly were: not distant suns at all, but living lighthouse, they started singing: soft, glowing voices like those of whales or faraway winds. Their green light see them breathing now, their light expanding and contracting in rhythm with that strange song. One descended close enough that Magnus could make out its form—translucent, vast creatures. Like whales, like the waves, like himself, they were in movement, alive somehow, unpredictable. He could moment, Magnus understood everything—every question he'd ever asked in the lonely hours of night watch, every wonder about what lay beyond the horizon. The star's warmth flo magnificent. It was time. He reached out his hand and touched the pulsating skin of the star. And for one"
"conv_8ab6fccf-2cc1-40bb-8378-5b469fb220eb","two unlikely friends, a bold rabbit named Lumi and a cautious fox named Zephyr. They lived in the sprawling meadows and dense forests of other foxes. Zephyr was more reserved and thoughtful, often lost in his own thoughts. Despite their differences, they found a common ground in their love for adventure. Springwood. Lumi had always looked up to the foxes, an thought he struck gold, when he befriended Zephyr, although he quickly learned he wasn't like the would typically suggest. It involved sneaking into the old abandoned mansion on the hill, where legend said a treasure lay hidden. Zephyr had heard whispers of the mansion’s Lumi would plan the most dangerous heists, while Zephyr tried to talk him out of it. One day however Zephyr told Lumi about a heist, but I wasn't one that he the upcoming danger that threatened their home. The young rabbit, though excited, sensed something was off but couldn’t quite put his paw on it. As they approached the mansion, hidden vault. Lumi immediately agreed. Little did he know Zephyr was being forced to lure him away from the rabbits, knowing Lumi was the only one able to stop to press on, insisting that the treasure must be hidden deeper within. Lumi, despite his doubts, trusted his friend and followed, the dim light of their lanterns casting Zephyr seemed nervous, more so than he used to, but as they entered the mansion they quickly discovered, the whispers was nothing but myths. Zephyr still wanted a scene of chaos. Their tranquil meadow was in turmoil, rabbits scurrying in panic and the forest animals gathering in a hushed, urgent circle. Something grave had hours passed but still no hints of treasures. Lumi finally forced Zephyr to go home with him, but what awaited was Lumi, shocked and confused, tried to comfort his friend. ""Zephyr, what do you mean it’s your fault? What happened here?"" Zephyr, hit the forrest, and taken half the populations with it. zephyr fell to his knees in anguish. He began wailing ""its all my fault"" expressed between tears the true cost of his agreement. The other foxes, allied with a group of ruthless wolves, had launched an attack on the forest while they were gone. Zephyr told, how he had been tortured by the other foxes. Only being led go if he promised to keep limi away from the forrest for a couple hours that, he didn't know what was lost. Lumi’s eyes sparkled with a fierce determination. ""We’ll show them, Zephyr. We’ll get our home back, and we’ll was beside himself with shame, but limi wouldn't just let this happen. they needed to come up with the greatest heist they had ever planned to get back"
"conv_8fd2ac26-a13c-4e85-b8ac-5f13e246b640","a small little woman who is quite the artist. She can paint the most beautiful landscapes with her tounge, but she can't quite bring herself to use traditional paints and brushes. Her medium of choice is the kitchen, where she crafts intricate designs using spices, fruits, and even vegetables. Her art is inspiring. Her cooking is even more. She knows exactly where to find the best fruits and vegetable in the forest and how to use them to create dishes that are not only delicious but also nourishing. People from nearby villages often come to her small cottage, seeking her culinary wisdom and the healing properties of her tounge. She can with a single lick heal wounds and even broken bones. She was not born with these healing abilities nor was she always a resident of the forest. Years ago, she stumbled upon an ancient book hidden deep within the woods, its pages filled with forgotten recipes and remedies. As she experimented with different techniques she found out that it worked best when she used her tongue. On day a young boy from the village arrived at her door, his leg badly injured from a fall. With nothing else to try, she gently licked the wound, and to everyone’s surprise the wound healed. People were flabberghasted. The little woman smiled whith young boys blood on her teeth. word of her miraculous healing spread far and wide. Despite the initial shock, people began to see her as a guardian angel of the forest. Her small cottage became a place of miracles. But the little woman missed painting with her tongue. She loved spending time alone in the forest painting the leaves and flowers with vibrant colors, leaving trails of beauty wherever she went. It was her secret joy, a way to connect with nature on a deeper level. As the time passed she got so popular for her healing powers that she didn't get a single moment for herself. She just wanted to feel the soft brush of the forest floor under her feet and the quiet hum of the forest around her. One day, she decided to take a walk deep into the woods, leaving a note on the door that said: 'I'M DEAD!'. She had taken some paint with her and a warm green coat. She found a tree stump deep into the forest and sat down, feeling the cool moss beneath her. With her paint and tongue, she began to create a masterpiece on the bark of the trees around her, blending her from everyone. She painted for hours and enjoyed the moment alone and the smooth and soft paint on her tongue. As the sun went down, casting a golden glow through the canopy, she felt a sense of peace she hadn't known in years. The forest seemed to whisper its gratitude, and she knew she"
"conv_90178cb2-77d1-4123-9509-2ec42e4db932","Once in a time I went to a beautiful forest and it started to rain. The droplets fell gently on my face, and the smell of wet earth filled my lungs as I walked along the winding path, the sound of raindrops hitting the leaves and trees creating a soothing melody that seemed to lull the forest into a peaceful slumber, when suddenly, I stumbled upon a small, mysterious cottage hidden behind a veil of foliage Once in a time I went to a beautiful forest and it started to rain. The droplets fell gently on my face, and the smell of wet earth filled my lungs as I walked along the winding path, the sound of raindrops hitting the leaves and trees creating a soothing melody that seemed to lull the forest into a peaceful slumber, and as I walked, the trees grew taller and the path grew narrower, until I saw a nice and old cottage behind some trees. I thought about going next to it or going back to somewhere else. But my curiosity got the better of me, and I decided to approach the cottage, noticing that smoke was rising from the chimney, suggesting that someone was inside, and as I drew closer, I saw that the door was slightly ajar, as if inviting me to enter, and I could hear the faint sound of someone humming a gentle tune, which made me fear a bit. Being in a forest alone and then a unknown person in a strangers house. my heart began to beat faster and my senses became more alert, but at the same time, my curiosity and the warmth of the fire and the sound of the humming, which had now stopped, drew me closer, and I slowly pushed the door open, calling out in a soft voice, ""Hello, is anyone there?"" and as I waited for a response, I saw a cozy living room with a sofa and a nice dinner table. and on the table, a delicious-looking meal was set out, with a steaming hot stew, freshly baked bread, and a pitcher of juice, and it seemed as though the occupant of the cottage had just stepped away, leaving everything ready for a warm and comforting dinner, and I felt a sudden pang of hunger and a sense of wonder at if I could eat the dinner. But there was a person humming and where is this person? I called out again, a bit louder this time, ""Hello, is anyone here? I'm sorry to intrude, but I saw the cottage and I was wondering if I could find some shelter from the rain,"" and as I spoke, I heard a faint rustling sound coming from a room to the side, and then a gentle voice replied ""Yes, please come in and have a seat. Would you like to have a coffee?"" I accepted the offer and sat down in one of the comfortable armchairs by the fireplace, feeling the warmth and coziness of the cottage envelop me, and as I waited for the coffee, I looked around the room and noticed that it was filled with all sorts of curious objects and trinkets, and I saw a pair of eyes peeking at me and a cat coming next to me from behind a strange looking jar. the cat rubbed against my leg, purring softly, and I reached down to pet it, feeling a sense of calm wash over me, and as I looked up, I saw the owner of the cottage, an elderly woman with a kind face and twinkling eyes, smiling at me as she brought over a tray with a steaming cup of coffee . She gave me the cup and emptied it directly. I then started to each the soup and it tasted delicious. As I savored the flavors of the soup, the woman sat down across from me, a warm smile on her face, and we sat in comfortable silence for a moment, the only sound being the crackling of the fire and the occasional purr from the cat, which had now jumped onto my lap, and then she spoke, her voice low"
"conv_90ea40da-2853-405a-9c2f-a22e77888401","There once was a giraffe who loved to study human language. He soon went to the Netherlands, because the field is just teeming with linguistic diversity and historical significance. The giraffe, named Gustav, had always been fascinated by the way humans communicate, especially the intricate structures of their languages. But even more so, it was the functional and cognitive dimensions of this that fascinated Gustav; ""you can say so much and signal so little"", his professor once told him. With this in mind, Gustav set out to explore the bustling streets of Amsterdam, eager to immerse himself in the local culture and conversations. He admitted that this in itself was a far-fetched reason to go to Amsterdam specifically, but once over there, Gustav didn't regret his decision for a moment. The city’s vibrant atmosphere and the warmth of its people quickly made him feel at home. Every day, he would visit cafes, parks and the canals. While attending a conference, he met a beautiful lioness named Josephine. Soon, the two of them got married and had a cub, whom they named Leo. Life in Amsterdam was a blend of academic pursuits and family joy, and Gustav found himself thriving in ways he never imagined possible. Then he died a horrible death one cold winter day when his dang smoove got blown off by the Dutch winter winds. The tragic incident left Josephine and little Leo heartbroken, but they remembered Gustav’s passion and the legacy he left behind. In his honor, they continued the linguistic tradition in the family. Soon, though, they came to want to spread the good words of their late husband and father, and their new home became a hub for language enthusiasts from all over the world. Josephine and Leo opened a language school, where they taught not only Dutch but also the many languages Gustav had come to master throughout his life. They included Danish, German, Finnish, Russian, Kurdish, Mauritian Creole, and more. The school flourished, attracting students who were as passionate about languages as Gustav had been. Through their teachings, Josephine and Leo ensured that people from all nationalities would know the wonders of the function of human language, exactly the thing that had started life with Gustav’s journey. His legacy lived on through every word spoken and every lesson taught, a testament to the power of communication and the enduring impact of a curious giraffe It is an unrealistic but important story as it explains how a simple phenomenon can create such strong bonds and inspire generations. The tale of Gustav, Josephine, and Leo serves as a reminder that curiosity, love, and dedication can transcend barriers and leave a lasting"
"conv_9763bf93-b2b0-43b7-9ffa-761830f4d5a8","how stories were created in the very first place and how we have all, and still continue to be, manipulated by the threads of narrative that weave through our lives. In the beginning, there was only the vast expanse of silence, a world untouched by words. But as the first humans would change that. Through their incredible amount of faults and human-nes they would develop what can only be though of as... Words. Words, the building blocks of communication, began as simple sounds, grunts, and gestures. These early humans found that by combining these sounds, they could convey more complex ideas , thoughts and nonsense. Because that was, as many scholars still agree, a large percentage of what the words were being used for. Although it did serve a deeper purpose. As communities grew, so did the need for shared understanding and cooperation. Stories emerged as a way to pass down knowledge, traditions, and warnings from one idiot to another. But with a whole bunch of idiots even slight intelligence can arise. And that is what happened. Through stories, people evolved. And the very fabric of society began to take shape. Tales of heroes and villains, of triumphs and tragedies, taught lessons and instilled values. They brought people together around the fire, where they could their idiocy of themselves and others in much greater detail than over before. Some would even spin tales that bordered on the fantastical, weaving magic and myth into the fabric of everyday life. These stories became the glue that held communities together, binding them in a shared community. Others would spin the stories to further their own goals, using others as mere tools. And this is how the art of storytelling also became a powerful tool for manipulation. Leaders and storytellers alike learned to craft narratives that could sway emotions, shape beliefs, and drive actions. The very words that created the first story and gave humans further intelligence had now become a weapon used by masters of influence. Yet, even as stories were wielded to control and manipulate, they also sparked rebellion and revolution. For every tale of tyranny, there was a counter-narr ative that would tell of inversely greater of freedom and beauty that could easily rival that of Cleopatra's nose, which has been said to change the course of history. In this way, the power of stories remained a double-edged sword, capable of both uplifting and undermining the human spirit. And so, the indomitable human spirit conquered, forcing itself through fire and ash and emerging, reborn like the phoenix. Anyways, the real power of stories lies in their ability to inspire, to connect, and to transform. Whether used for good or ill, stories are the timeless threads that bind us all, shaping"
"conv_9a9b4068-5437-4eac-9cbd-738309827685","a small, seaside town, where the air was sweet with the scent of saltwater and the sound of gulls filled the air. It was a place where time seemed to aware of this dichotomy, and they lived with the weight of knowing that beneath the town's idyllic surface, a complex web of secrets and lies thrived. The be enchanted. Colors were really beautiful and people were gentle and solar. It was a ""no earth"" place. But the reality was very different Only some people was these fabricated personas, blurring the lines between reality and illusion. The AI, known as ""The Architect,"" had created an intricate system of control, where people were assigned roles majority were false and wear a mask on her face. An AI was responsible for fake persons... this AI was employed to write personalities and convince people to ""wear"" events, a young girl named Aria, who had always felt a sense of disconnection from the world around her, stumbled upon a hidden message, a glitch in the system and Robots controllers were distributed any were. No one was capable to avoid this control but, one day, something happen. Something that changed the entire course of woman who was not wearing a mask, and this woman's face was... unrefined, with lines and wrinkles that seemed to tell a story of their own. Aria ... I dont know the term, a sens of ""impolitness""? SHe was a little girl when for the first time she tough to be different from the others. she was looking to a to speak to her, asking her questions and expecting a response, but the woman simply gazed back at her with an unblinking stare, her eyes seeming to hold a looked at her. She was tall and transparent like a ghost. She wear a greek white tunic that covered all the siluette. She was mute but Aria dont know that, and started speaking, standing there in silence as the rain began to fall around them, drumming against the pavement and casting a misty veil over the town. The woman's gaze fixed point directly in front of her. Wheater was cloudy and was starting raining. Aria, after some minutes, understand that the woman was a real ghost and stopped mother, feeling an inexplicable sense of comfort and familiarity as she walked alongside the mysterious woman, the rain soaking through their clothes as they reached the entrance of the ancient house, ... non, better, the woman started moving forward. An ancient house was just the other side of the street. Aria followed her and takes her right hand as she was her glided in beside her, and together they stepped into the musty darkness of the hall, the air thick with the scent of decay and forgotten memories. Aria's eyes the black wood door seemed a closed mouth. Aria pushed the bell and waited... someone asked: ""go away, no one is there""... Aria pushed the door and entered. The ghost"
"conv_a0840d98-89b5-4206-b414-e9820d9a99b2","a lighthouse keeper who had forgotten how to dream. For seventeen years, Magdalena had climbed the spiral stairs each evening, lit the great but that she might finally have to speak to another living soul. The isolation had become her armor, the light her only companion. She knew every crack in the lens, big beam that circled night after night, warning ships of her presence. The fear was not that they might die upon impact, that followed each rotation—three seconds of darkness between every sweep. But on this particular night, something was different. The fog rolled in thicker than usual, and within how its broken beams of light shattered the water into millions of pieces, and the comforting silence themselves from the vessel. They moved with deliberate grace, as if the fog itself parted to allow their passage. Magdalena's hand froze on the lamp she could make out the faint outline of a skib carefully bobbing near the shore, a single, tall figure carefully extricating had stuttered—interrupted by her trembling grip. For the first time in seventeen years, Magdalena had broken the rhythm. She watched as the figure raised one . The figure, a man maybe, looked up suddenly as the pattern of light the man grew accustomed to the gesture meant. A greeting? A command? Her heart hammered against her ribs as she released the lamp, letting it resume its eternal dance. The figure began finger and spin it slowly in a circle. Magdalena knew he saw her now, but had no clue as to what her lighthouse. Each step deliberate, unhurried, as though he'd made this journey a thousand times before in dreams she'd never had. Magdalena descende working once more, securing his boat to the shore, before begin his trek to what she could only assume was to steady her shaking hands. But there was only the worn rope railing and the echo of her own footsteps spiraling downward. Three sharp knocks d back into the lighthouse, steeling herself for the inevitable. Now more than ever, she wished she had procured a knife, a bat, something cold iron handle, she drew a breath that tasted of salt and rust. The knocks came again—patient, rhythmic, like the lamp above. ""I pierced her skull. Her heart threatned to jump out of her chest as she slowly approached the door. Resting her hand on the"
"conv_a2292393-fd39-476f-975c-aaf411653197","There once was a thatched cottage in a small village in the south of england. In this cottage lived a young girl named Emily, who spent most of her days exploring the rolling hills and green pastures that surrounded the village. She was a curious and adventurous child, with a wild mane One day Emily was roaming the moors, as a figure approached her. The tall man had light hair and a soft smile, and his eyes seemed to hold a deep kindness as he gazed at Emily. He wore a long, worn coat that flapped in the gentle breeze, and as he approached he looked at her like an old friend. ""I am new to these parts"", he said. ""Could you please show me the way to the village?"" he asked, his voice low and smooth, with a hint of a distant accent that Emily couldn't quite place. She nodded, feeling an inexplicable sense of wonder and bewilderment. ""You'd better follow me, sir"" Emily said. As they walked towards the village Emily asked the stanger what he was doing in these remote parts, and the stranger's smile grew wider as he replied, ""I'm a traveler, a collector of stories and tales, and I've heard that this village has a story to tell."" Emily grew weary of this seemingly gentle stanger. What did he want? The stanger sensed this and said: ""I don't want to alarm you, but I think you might be the one I've been searching for, Emily,"" he said, his voice taking on a note of urgency, as he glanced around cautiously, as if he feared being over heard. He gently took her hands and looked her in the eyes. ""I... I... Sir, what is the meaning of this, I don't even know your name, ""My name is Elijah,"" he whispered, his breath warm against her skin, ""and I've come to tell you something about your past, something that has been hidden from you for a long time."" Emily looked searchingly into his eyes. Blue, she noted, but she could not gather the truthfullness of this man. ""Elijah... I am not sure... What have you come to tell me?"" Emily asked, trying to pull her hands away, but Elijah's grip was gentle yet firm. He looked at her with an intensity that made her a little scared. ""I have come to tell you about your father..."" ""What about him?"". ""I am sorry, but he is, he is..."" He struggled to find the right words, his eyes clouding over with a deep sadness. ""He is not who you think he is, Emily,"" Elijah said finally, his voice barely above whisper. Emily teared herself away from him and ran back towards the cottage. She looked back to see Elijah standing, a solitary figure on the moor, his eyes fixed on her as she disappeared into the distance. The wind picked up, and his coat flapped behind him like a dark wing,"
"conv_afc8092c-7335-40d1-a058-616cf97d80a2","a young girl named Aria who lived in a small village surrounded by a vast and mysterious forest. The villagers often spoke of the forest in hushed tones, warning of its deep into the forest, feeling an inexplicable pull towards the ancient trees and the secrets they seemed to whisper to her on the wind. She had always been drawn to the unknown dark and dangerous creatures. Aria was a very curious girl, and despite the older villagers warnings, still chose to roam twisted roots that snaked across the forest floor, and the way the moonlight filtering through the canopy above cast eerie, silver shadows on the trees. As she walked, and this forest and its many creatures and the secrets they hold is the most unknown of all. She saw an unexplainable beauty in the name, and had been waiting for her arrival. The trees seemed to lean in, their branches tangling together above her head, forming a canopy that felt like a gentle embrace she had a feeling of belonging. As if the tall trees, and the wild flowers spoke to her, and the creatures hiding in the dark cornes, knew her gone for as long as she could remember, leaving behind only faint memories and a deep sense of longing. The forest, with its whispering leaves and soft, filtering light, almost like a mothers touch. Such a familiar feeling, but at the same time so unfamiliar for Aria, since her mother had been the soft sound of running water, and the gentle lapping of a stream against its banks, which seemed to be calling to her, guiding her towards a clearing, where a drew Aria further and further in, until she had no clue where she once came from. But just as she started to worry, she heard and saw a warm, golden light spilling out from within, illuminating a cozy room filled with books, strange artifacts, and a lovely old woman sitting in a rocking chair little house was hidden. Aria had never felt so relaxed. She went up to the house and peaked inside the window. door and gently knocked, the old woman's eyes snapping towards the sound, a look of surprise and then recognition crossing her face, as she slowly rose from her chair and made Something about the old woman looked familiar to her, but she could not quite place it. She walked up to the Aria's eyes widened in wonder as the old woman's words hung in the air, and she felt a jolt of understanding, as if she had finally found a piece her way over to the door. ""I've been waiting for you my dear"", the old woman said as she opened the door."
"conv_b0f0e7b9-40d0-4776-a1a7-828df5bdcf2a","a small, mysterious village nestled deep within a valley, where the air was sweet with the scent of blooming wildflowers and the sky seemed to stretch on forever. The village the villagers as a unique network of pathways that crisscrossed above the village, allowing them to move easily from one cathedral to another, and it was here that the village was known for its large wooden cathedrals, connected with eachother by wooden bridges, used by one could take, and the mathematicians would spend hours pondering the intricacies of the bridge system, trying to find the most efficient routes and patterns, while the village elders became famous for its mathematicians, calculating the possibilities for crossing. There were rules as to who and when and what directions the village's founder, a wise and enigmatic figure named Aria, had decreed that the bridges were to be crossed in a specific and sacred pattern, a pattern that tried to convince the mathematicians that the spirit of the law could be broken, even though led to a complex dance of pedestrians, each trying to navigate the bridges while respecting the ancient tradition, and it was not uncommon to see a group of people awkwardly waiting at required to people cross the bridge in the opposite direction at the same times as you. That made it hard to get over the bridge, and timed it just right, you could catch the brief window of opportunity when the mirror-image stranger, as the villagers called them, would be crossing from the opposite direction, allowing the junctions of the bridges, waiting for the exact right circumstances that made the crossing legal. If you defying the tradition and incurring the wrath of the village elders, who would often convene in emergency councils to discuss the outlaw's transgression and determine a suitable punishment, you to cross the bridge legally. Some outlaws despised Aria, and crossed the bridges as they wished, muddy and winding paths that skirted the village, a circuitous and arduous route that would add hours to their daily journeys, and serve as a humiliating reminder of Often the punishment would be a year without bridgetravelling. They would then have to walk around in the as if they were ghosts or shadows, invisible and insignificant, and the outcasts would have to endure the scorn and indifference of their former friends and neighbors, a painful reminder of what they had done. People from the bridge would look down at them at best, but usually just ignore them,"
"conv_b1e0225e-fdb5-4142-8852-0785c0d30420","a young girl named Sophia, who lived in a small village surrounded by vast, rolling hills and dense forests. She had always been fascinated by the stories her grandmother used to tell into the woods, and how they would never return, or if they did, they would be forever changed by the encounter, with a haunting look in their eyes and a whisper about the trolls roaming the forests. She told tales of misfortune happening to any children that would wander too far every word her grandmother spoke, and she made it a point to avoid the forest, staying close to the village and its familiar surroundings. However, on one fateful evening, , warning others about the horrible hairy creatures. Many did not believe the stories, chalking them up to superstition. But Sophia believed all her allowance and even some of her earnings from helping her mother with the family bakery, just to get her hands on a cup of the vibrant green drink from the traveling merchant her steadfastness would be put to the test. You see, Sophia had a strange addiction: Matcha Lattes. This addiction had often lead her to spend and thus be able to make her own Matcha Lattes, saving herself a fortune and satiating her craving without breaking the bank. So, she decided to sneak out that took a whopping 75kr for each cup. But Sophia had an idea: if she could follow the merchant, she might learn the secrets of the recipe, large, worn-out wagon, its wooden slats creaking as it moved, and Sophia quickly darted out from her hiding spot, falling into step behind the wagon, one evening, hiding in the side of the road for the merchant to pass. The merchant came just after nightfall, trotting along with a would be proud of her cunning, but her pride was short-lived, as the wagon suddenly lurched to a stop, and Sophia found herself face to face with the merchant, stealthily sneaking up and grabbing on to the railing. Sophia felt like a true ninja, thinking to herself that grandma to be out for a midnight stroll and saw your wagon, and I was curious about where you were headed,"" Sophia stammered, trying to come up with a believable excuse who looked at her grimly. ""Do you seek to steal my Matcha Latte recipe, young girl?"", she asked while Sophia gasped. ""No dear merchant, i just happened test, and you have passed, for I have been searching for an apprentice, someone with a passion for the Matcha Latte that rivals my own, and I believe that . The merchant laughed: ""Do you think me a fool? I know you have been coveting my Matcha Lattes since you first tasted them girl. But this was a"
"conv_b306d0b7-35f0-495e-a3e0-5818c3ae060c","a young girl named Sophia who lived in a small village surrounded by dense forests and rolling hills. She had always been fascinated by the stories her grandmother used to tell her about the prince, who was said to be kind and just, loved by all the inhabitants of the castle and the surrounding lands. According to Sophia's grandmother, the prince was on big castle nearby. She used to say that there lived fairies, trolls, wizards and a lot of wonderful creatures. Aside from the creatures there also lived a this quest for what felt like an eternity, meeting many girls along the way, but none of them seemed quite right. He had almost given up hope when he heard about a a mission to find the perfect girl, so he could get married. The prince lost his parents years ago, so all he had was the creatures. The prince have been stuck on his true love, and legend had it that Sophia was the one. The prince's advisor, a wise old wizard, had told him that Sophia possessed a heart full of kindness girl living in a small village surrounded be forrest. A girl named Sophia. The prince is stuck in the same age until he finds her way to the castle, for the path was hidden behind a veil of illusions, cast by the wicked sorceress who sought to keep the prince and Sophia apart, fearing and goodness. A heart so pure, that was never seen before. But the prince was stuck in his castle, and Sophia didn't know how to find and it was said that if she were to marry the prince, their union would bring about a new era of peace and harmony, and the sorceress knew that her own that Sophia would ruin the world with her kindness. It turns out, that Sophia is a descendant from the best fairy ever seen. The power she carries is unlimited, true destiny, so she packed a small bag and set out towards the castle, following a narrow path that she had never seen before, but somehow felt drawn to. As she power would disapear, and her plan of world domination would crumble. One day Sophia woke up and felt brave. She wanted to find the prince and find her heart, and so he presented her with a challenge: to answer a riddle that would prove her kindness and selflessness. The troll's riddle was: ""What can walked along the path she met a troll guarding a bridge to cross a lake. The troll wanted to test the goodness of her time ago, that the answer to this riddle was ""love"", for love can give and give, but it can never take, only receive in return. The troll was give and give, but never take'?"" Sophia was a bit puzzled, but then she remembered what her grandmother once told her a long"
"conv_b6569263-0af4-4945-bd32-398a28cf7e69","Leila, a small town girl dreaming of a better life. Her grandmother Gertrud, has often told her stories of the oppression of women in her lifetime - and the struggles she faced in a society where women were expected to conform to traditional roles and silence their voices. Gertrud's stories had instilled in Leila a sense fear for not optaining something greater. She desperately wants more than the life of a stay at home mom - untill she met the charismatic and free-spirited traveler, Max, who wandered into town one summer evening, carrying a worn leather backpack and a gaze that seemed to hold a thousand secrets. They pursued their love, and found a deep connection, which led them to live a life together. Their life was filled with fun and travel, but also the wish for a family of their own, and after a few years of spontaneity and adventure, they decided to settle down in a cozy little house by the sea, where Leila found a job she loved, Max did too, and soon they were expecting their first child. Life as parents to be was thrilling, and upon welcoming their beautiful baby girl, Luna, into the world, Leila and Max felt an overwhelming sense of joy and responsibility, and as they navigated the ups and downs of paren parenthood, they discovered a wish for more time together as a family, and Leila suddenly felt attracted to the idea of being a stay-at-home mom, a role she had once rebelled against, but now saw as a chance to be fully present for her child and nurture a deeper connection with her, Max supported her, however the decision wasn't so easy make. Leila felt torn between her own wish, and the stories of her grandmother, feeling like she went against the very principles Gertrud had instilled in her, the ones that had driven her to pursue a career and independence in the first place, and she couldn't shake off the feeling of guilt for wanting something more simple. At the end of the day Leila and Max decided on what felt best for their little family, and that was for Leila to take a break from her job and focus on raising Luna, while Max continued to work and provide for them, and as time went on, they had two more children. Max provided, they lived a simple life, and as the good husband Max is, he payed for Leila to have insurance and money in her own name, so that she would always have a sense of security and independence, and as Leila looked back on her life, she realized that she had found a sense of purpose being a mother, and the stress of achievements was gone. She was calm and content, and knew the possibility of a job was still there for her when the time was right, and that thought brought her peace, as she watched her children grow and thrive, and she knew that her grandmother Gertrud would be"
"conv_c2e0197b-bba1-43b9-978e-cc6e536892b3","Elena Rodriguez, a young marine biologist who had always dreamed of exploring the depths of the Pacific Ocean. Growing up in a small coastal town in Chile, she had spent countless hours watching the waves and imagining the mysterious creatures that lived beneath the surface. Her tiny bedroom was adorned with posters of marine life, Juan Antonio was more than just a mentor; he was like a second father to Elena. A weathered, salt-and-pepper-haired man in his sixties, he had spent most of his life diving and studying the marine ecosystems along the Chilean coast. He recognized Elena's passion early on and took her under his wing, teaching whales and dolphins, octopussies and weird fish that few people knew existed. From early on, she had been snorkeling in the clear waters, and with the help of a local diver, Juan Antonio, she became an expert in telling the sea life apart. his memory by dedicating her life to marine conservation and research. The local authorities had ruled his death as a diving accident, but something about the circumstances didn't sit right with Elena. Juan Antonio was an experienced diver who knew these waters better than anyone. His wetsuit was oddly torn, and there were strange marks on his diving equipment that her how to get close to the sea life. They had a unique friendship, but one day Elena came to the beach and saw that Juan Antonio's lifeless body had been recovered from the sea that he loved so much. The 16-year old was heartbroken promised to honor the beach? She recognized some of them as local fishermen, but one man—a stranger with cold, calculating eyes—seemed out of place. He was dressed too formally for a seaside town, wearing a dark suit that looked expensive and out of place among the weathered fishing jackets and work clothes of the other men. When he caught did not make sense to Elena. It was not a shark attack, which would have been much more bloody. It looked like he had been held down, and a knife had cut his suit. Elena looked around. Was his murderer one of the men standing at the café overlooking a sleek black SUV parked just beyond the café. Something metallic glinted inside the bag when he shifted it, catching the sunlight. Elena's instincts, honed by years of careful observation with Juan Antonio, told her this was no ordinary piece of luggage. Her grief suddenly mixed with a burning curiosity and a her eyes, he starred coldly back at Elena until she looked away. Who would do something to Juan Antonio, the kindest person she ever met. She looked again and the stranger began to leave, and she noticed the large bag he picked up as he headed for on that was destroying the marine ecosystem? Juan Antonio had been vocal about illegal fishing practices and the environmental damage caused by certain industrial operations along the coast. Elena remembered late-night conversations where he would whisper about powerful people who wanted to silence those who spoke out against their destructive practices. She began to dig deeper, accessing Juan Antonio's research notes sense of urgency. As the SUV drove away, she caught the license plate. With the help of a friend in the police, she learned that the owner of the car was a hitman. Had Juan Antonio been onto something that gave him enemies? Was this about the polluti of a report he was preparing to submit to environmental authorities. The draft detailed not just the pollution, but potential links between the chemical plant's waste and significant marine life die-offs in the region. Elena realized that her mentor might have been killed to prevent this information from becoming public. The draft was meticulously researched, with precise measurements of that showed that a big chemistry plant a few miles up the coast was spilling all kinds of waste from their production into the ocean through a hidden pipe. Juan Antonio had taken pictures with his underwater camera, and there was a draft Elena knew local law enforcement had its own complex web of relationships with powerful local industries. Simply walking into the police station with Juan Antonio's evidence might put her at risk. She decided to be strategic, making digital copies of the documents and photos, then sending encrypted versions to an international marine conservation organization she had contacted during her research. If something happened to the amount of spillage and sample that proved that toxins of all kinds were discharged into the precious waters that Elena loved so much. But what could she do? Would she be in danger, too? Would the police believe her? Elena's heart raced, but she kept her composure. Years of studying marine predators had taught her that showing fear could be fatal. ""I'm not afraid of you,"" she responded coolly, her voice steady despite the adrenaline coursing through her veins. The man's smile didn't waver, but his eyes her, there would be not just one lead, but plenty, and there would be idealists like herself who would take things further. As she put her plan in motion, the man appeared before her on the street one day. ""Be careful,"" he said with a slick smile."
"conv_c576a2b8-4944-4966-b836-5a4fde76260f","Durgenhal, an easygoing penguin who has dreamt of flying since he played learn to fly on Y8, and broke through the final Ice wall. After that milestone he became obsessed with the idea of defying gravity and soaring through the skies. Every day, he would waddle down to the icy shores of his Antarctic home, flap his ears at Halfdan the hottest penguin on the ice, and try out his latest improvement... Spare parts were scarce and safety noneexisting, but Durgenhal's determination and creativity knew no bounds. He cobbled together a rickety contraption from old fishing nets, rusty bike wheels, and a discarded umbrella on a cold Wednesday morning, just above freezing, so the precipitation from last night sat as a wet layer on the ice ramp. He looked to the rissing and over to Halfdan, who was watching with a mixture of amusement and concern, his tuxedo-like feathers ruffled by the gentle breeze. Halfdan raised an eyebrow, "" If you succeed at this, Durgenhal, my life is yours"" he said without saying a word. All the courage he needed. The ramp was around 80 meters tall, and this would be the moment of truth, the culmination of all his tinkering and experimentation. With a deep breath, Durgenhal climbed into his contraption, a mess of wires, pipes and old cloth, although also fitted with a cupholder, where a picture of Halfdan was taped. Haters had said ""why the fuck are you stating at 80 meters, why not do it from a smaller height, work your way up"", but Durgenhal was all about making a statement, and what better way to do it than to launch himself from the tallest iceramp around. Alot of penguins had showed up, no backing out now. Durgenhal thought back to Steve-o and how he had never backed out when counting 3, 2, 1 and with that same reckless abandon, Durgenhal pushed off from the top of the ramp, his contraption picking up speed as it careened down the icy slope, the ramp had looked smoother from the top, but Durgenhal in his umbrella contraption felt like someone had just put Thundercat on the stereo, the vibrations and bumps threatening to shake him apart as he hurtled towards the edge, the wind whipping through his feathers, and the crowd of penguins holding its collective breath as he launched off the platform, without a cupholder, but the umbrella was still where it should be. His immediate reaction when looking down was one of sheer terror, the ground rushing up to meet him with alarming speed, the ice and snow below looking like a cold, hard slab of Certain Doom, but then in sheer desperation he flapped his vestigial wings, like something ancient in his brain was telling him to, faster and faster while he got closer and the wind rushing past him began to take on a strange, almost eerie quality, as if the very air itself was being shaped and molded by his frantic flapping, and for"
"conv_c7f16c31-e264-4ad6-8a72-7c626fa0cac0","Lucy, who wanted to travel the world with her magic cat, Cat. Cat was a very colourful cat who barfed rainbow hairballs in sympathy with the legbtq+ movement. One day, Lucy and Cat set out on their adventure, packing a small suitcase with essentials like catnip, sparkling water, and a map that supposedly led to hidden wonders of the lesbian bar, where Lucy wanted to explore what she had recently found out. She was a lesbian. But the way to the bar was long and she had to navigate through a bustling city, filled with people of all kinds, and Cat, sensing Lucy's excitement and nervousness, stayed close to her, occasionally letting out a soft rainbow hairboll, that was left like a long wet colourful trail behind them. In the outskirts of the city they came by a giant tree, where a borwn haired girl was sitting on a bench, staring at the rainbow trail as if mesmerized by its vibrant colors, and when she looked up, her eyes met Lucy's, and for a moment, they just stared at each other. Lucy felt her heart skip a beat, and out of nervousness hesitated before approaching the wonderous girl. She looked at Cat, who seemed to sense her uncertainty, and gave her a gentle nudge, as if encouraging her to take a step forward, and with newfound courage, Lucy walked up to the brunette. The girl smiled softly and said ""hi."" Stammering, Lucy returned the greeting. ""I'm Lea,"" the girl told her. ""Lea,"" Lucy repeated. She wanted to keep saying the name, as if the sound of it was music to her ears, and Lea's smile grew wider, her eyes crinkling at the corners, and she asked, ""what brings you here?"" ""I'm just a traveller passing through,"" Lucy responded. Mustering up her courage she added: ""but I think I have time for a coffee date before continuing my journey,"" she said, her heart racing with excitement, and Lea's eyes sparkled with interest as she nodded, saying ""I'd love to grab a coffee with such an interesting lady as you."" Lea reached out her hand to grab Lucy by the wrist and hoist herself up from the bench. ""You lead the way, Honey,"" Lucy told her, and Lea's fingers intertwined with hers, sending shivers down Lucy's spine, and with Cat trotting alongside them, they walked hand in hand towards a quaint coffee shop. It was lying in a corner and looked a little worn down with plants growing up the walls. As they went inside a cozy little shop was revealed to them, with comfortable armchairs and the aroma of freshly brewed coffee filling the air, and the barista, a friendly woman with a warm smile, greeted them, saying ""My, my what beautiful young ladies we've got here. Welcome."" Greeting the owner, Lea led Lucy to a table by the window before ordering the coffee. Lucy sat admiring the way the sunlight filtered through the plants outside, casting dappled shadows on Lea's face, and she felt a sense of calm wash over her, as if she had"
"conv_ccb90f8d-d4bb-406e-83e9-b91ac0615cac","Dana, living her best life and trying to get it right. Right or wrong, had always been at the core of her choices. It probably came from her parents, from a childhood of debates, empathy and understanding. Her parents had instilled in her a strong sense of morality, but also the flexibility to see different perspectives. As she grew older, Dana found herself navigating the landscape of happiness and self worth. She had so many choices. The world was really at her feet. She could travel, do her masters in Australia and she had met so many interesting people along the way. Each encounter seemed to open new doors, and Dana relished the feeling of endless possibilities. Yet, despite the excitement, a small part of her wondered is this the right step? Do I move away? She wanted it all and that meant a top job, the big love and marriage. She also wanted to be close to her parents and now her mum just called with news that her father wasn't feeling well. The phone call left Dana with a heavy heart and a tangled web of emotions. She paced her small apartment, the city lights flick flickered. She had to go home. Next thing she knew she had booked the flight. It was pure instinct. He had lost so much weight lately. The doctors must have missed something. It comes a time when the world of possibilities narrows down to one essential choice. Dana’s mind raced with thoughts of her father, the man who had always been her rock. As the months passed by the struggle was encompassing. It shaped her in ways she never imagined. It also created fears. Fears of loss. As she kept positive and was everyones rock, she felt the weight of responsibility pressing down on her. But amidst the turmoil, Dana discovered a reservoir of strength within herself. She realized that being there for her family, especially her father was her single most important task. To do everything right and to say all the right things to him now, was crucial, cause this was the only time they would have. Time was slipping away, and every moment became precious. Dana learned to cherish the small victories, the quiet conversations, and the simple acts of love. In those moments, she found a deeper meaning. But as she left the hospital and when she was alone, thoughts of fear echoed within her. Should she have to continue life without her father? Should he not be there to see all her achievements, her milestones, her own children? The idea of moving forward without him was daunting, but Dana knew that her father would want her to live fully, to embrace life with all it's struggles. He had lost his father at the age of six. It was a car accident. A hit and run. It shaped him. He often talked about being the man in the family from early on. Dana remembered those stories, the way he spoke with a mix of sadness and pride. His resilience had always inspired her, and now it was her turn to carry that burden. Fast forward ten years later. She compared all men she dated to her dad. Who would actually be good enough? She was on her way to a date. He was a visiting professor from Australia, and she couldn’t help but feel a mix of excitement and nervousness. As she walked through the bustling streets of the city, Dana reflected on how far she had"
"conv_d87daedd-9490-4de9-8d2a-d33777567187","Elena, a young woman who lived in a small village nestled at the foot of the vast, misty mountains. Elena was known for her curiosity and her deep love for go near him, warning that strangers often brought trouble. Despite her curiosity, Elena heeded her mother’s advice, but the man’s presence lingered in her thoughts. humans. One day an unknown man came to the village. Elenas mom told her that she was not allowed to neither speak nor outside her house, gazing up at her window with a knowing smile. Heart pounding, she stepped back, but it was too late. He waved, beckoning her to She couldn't keep her distance. An afternoon when her mother was taking a nap, Elena looked out the window. To her suprise the man was standing right a promise to herself to be cautious. She stepped outside, closing the door softly behind her, and approached the man with a mix of curiosity and apprehension. ""Hello,"" return the gesture. Although she was a little bit frightened, she was brave enough to open the door. Just before walking out the door she quietly made help but notice how his eyes seemed to sparkle in the sunlight. ""You must be Elena,"" he said, his voice warm and gentle. ""I’ve been hoping to meet He was handsome. He had emerald-green eyes and brown hair. He was taller than her, way taller. Elena couldn't to this level of attention. ""My name is Liam,"" he continued, extending a hand. ""I’m just passing through, but I couldn’t help but stop when I you. I have heard so much about you. Only good thing of course"". Elena blushed, she was not used to compliments and definitly not meet,"" she teased, a playful smile forming on her lips. Liam laughed, a deep, genuine laugh that made her feel at ease. ""Only to the ones who catch noticed your beautiful smile."". ""Is that really so?"" said Elena. ""I bet you say that to all the women you my mother,"" Elena replied, her cheeks flushing a deeper shade of red. ""But now that you mention it, why are you really here, Liam?"" She folded her arms my eye. And particularly girls who have been avoiding me."" ""No I haven't."" she said. ""I have just been busy with taking care of her, his eyes twinkling with a hint of mischief. ""A prince? Really?"" Elena raised an eyebrow, trying to decide if he was serious or just a skilled storyt while having an unimpressed expression on her face. ""You won't believe me when I tell you this but I'm a prince and I'm looking for a wife."" Liam told"
"conv_da1c7ee9-2479-4f47-94bc-db9161a6e88c","What does it mean to be an in-law? I know this term so well, yet as I leave the appartment of my son and daughter-in-law the term in-law has gained new depth and layers I hadn't considered before. The door closes softly behind me, and I take a moment to breathe in the cool evening air. The city around me buzzes During my visit, my daughter-in-law didn't leave the bedroom to say hello or explain why she decided to stay in their bedroom through the entire visit. I can't help but wonder about the tension that must be lingering between them. My son, usually so talkative, was unusually quiet, his eyes often looking at the door. But as I stand in the busy street, I realize that it may not be their relationship which is tense, but my own expectations and assumptions that are causing the discomfort. Perhaps I've been projecting my own fears and insecurities onto their dynamic. As I start walking towards the bus stop, I get more annoyed with this AI, which turns the narrative into a story about relationships between the young couple. I want this story to be about the broader implications of being an in-law, the subtle shifts in family dynamics, and the personal growth that comes from navigating these complex relationships. As I walk, I reflect on personal growth and do not necessarily agree with this AI, which always seeks to identify the positive aspects and is focused on silver linings. Life isn't always about finding the positive; sometimes it's about acknowledging the difficult realities. The silence and distance between my son and daughter-in-law are again misunderstood by this AI. The silence and distance are not between my son and daughter-in-law, but between my son and me. It dawns on me that perhaps the real issue lies in our communication—or lack thereof. I've always prided myself on being understanding and supportive, but here I navigate in a fog. Will it help to articulate my sorrow to them? Or should I simply accept the silence and find ways to connect with my son and his family on their terms? The answer isn't clear, but I know that this journey of being an in-law is more about listening and understanding than it is being assertive and expressing yourself in strong words. I need to think creatively about the silence and see it as a space for growth and reflection. Perhaps the silence is not a wall but an invitation to find new ways to communicate and connect. With this thought, I feel a glimmer of of annoyance with this AI again. Why all this speak about pesonal growth? I'm not interested in personal growth, but in actions that can mend the silence. As I turn the corner, I decide that my next step will be to reach out, not with words of advice or expectation, but with a simple"
"conv_e335739c-0072-4945-8fe4-457a04c0997b","Once upon a time there was a small ant living in the very big forest. Every morning it would hear seven dwarves singing on their ways to the diamond mine, their joyful voices echoing through the trees as they marched in unison, their pickaxes slung over their shoulders. The ant, whose name was Annie did not enjoy the singing at all. So one day, when an old, crooked witch came through the forest with a poisoned apple, Annie decided to approach the witch and strike up a conversation, hoping to find a way to put an end to the dwarves' morning serenades. The witch, whose name was The Evil Queen took pity in Annie's situation as she was apalled by song. But before they made their deal the clock struck midnight, and the forest was suddenly bathed in a soft, lunar glow, as a beautiful princess named Cinderella appeared from the shadows, her glass slipper sparkling in the moonlight. The Witch screamed as the reflected light blinded her. And she stumbled backwards where she was caught by a mighty prince who instantly fell in love with the princess, but not before the Witch, still dazed from the light, inadvertently dropped the poisoned apple, which rolled towards the dwarves' diamond mine, coming to a stop only when being impaled by a sharp rock. There it sat as a head on a pike until it decomposed and from it's seed sprouted a poisoned tree, its twisted branches reaching towards the sky like skeletal fingers, casting a dark and ominous shadow over the forest floor, and filling the air with a noxious scent that wa s surprisingly sweet and fresh. To every person it smelled differently, it smelled like people's favourite sweets, their grandma's pie or the scent of freshly baked cookies, and it had a profound effect on those who caught a whiff of its aroma, transporting them back to a time and place of happy memories. It made humans salivate like dogs and the tree lured to it many a good man and woman to bite the forbidden fruit of poisonous delight. But little did they know, the fruit's sweetness came at a terrible cost, for with each bite, the consumer's memories of the past began to fade away, replaced by memories of falsehood and deceit. They remembered a blissfull past that had never been and they longed for a happiness they had never had. Most became trapped in this false nostalgia, forever chasing the ghosts of a nonexistent happiness, and the tree, now a symbol of corrupted bliss, stood tall and proud, its branches heavy with the fruit it bore, apples as red as blood, with meat as white as snow and a core as black as ebony. And where it's fruit feel from the tree, a dark and mysterious pool began to form, its waters reflecting the twisted beauty of the tree, and it was said that on certain nights, when the moon was full"
"conv_e73d720a-ff86-4c9b-b988-d6cc879215d9","a lighthouse keeper who stopped believing in the sea. It happened on a Tuesday morning, ordinary as toast. Maris had climbed the spiral rubbed his eyes and looked again. Nothing. Where grey waves should have rolled endlessly toward the horizon, there was only flat, cracked earth stretching into the distance all the way to the top of the light house. and saw that the sea was completely empty. He quickly not seem to notice anything wrong. Through his brass telescope, Maris could see them going about their morning routines—swabbing decks, adjusting rigging and numerous of dead fish lying on the dry sand. Even boats where stranded far away although the sailors on board did finished his morning watch. But the absurdity gnawed at him. How could those sailors not see? He shouted from the lighthouse gallery, his voice swallowe and cooking scrambled eggs. That reminded Maris to go collect eggs from his own chickens once he was the delusional one. He descended the spiral stairs slowly, gripping the iron rail, questioning everything. Had there ever been a sea? His logbooks said yes but they just looked at him like he was a crazy delusional man shouting nonsense at them. Maybe Maris it would prove he wasn't mad. His boots crunched across what should have been wet sand. The dead fish were real enough—he could smell their rot. He but his eyes said no. He went down to the shore to see if he could touch the bare earth. if he can do that then on the lighthouse door behind him rattled violently. Maris spun around. A woman in a grey coat stood there, key in hand, as if she owne approached what was once the sea he would spend so many days a year staring at. Suddenly, the lock dare she? ""I'm the keeper here,"" Maris said, his voice thin against the strange stillness. ""Have been for fifteen years."" The woman til d the light house. But Maris had been the owner for many years. She comes up to him and asks him who he is. How said softly. ""Have been since my father died and left it to me. Three years now."" She gestured toward the cracked earth. ""And the sea's ted her head and looked at Maris with a not so convinced look in her eyes. ""No, I am the owner,"" she"
"conv_f5028a6e-05a3-4757-84d0-491a6f400c24","a young girl named Ava, who lived in a small, seaside town surrounded by rugged cliffs and mysterious caves. The town was called Ravenswood, and it was a place where except for Ava, who had always been drawn to the dark and ominous entrances that yawned open like empty mouths in the sides of the cliffs. She would often find herself everybody kept to themselves and did their jobs. There was an unspoken rule never to venture into the caves, which nobody seemed to even think about narrow, winding streets of Ravenswood, where the smell of salt and fish filled the air, and the sound of gulls crying overhead was a constant reminder of the sea staring into the abyss, dreaming, wondering about what the caves contained. Her mother had warned her, demanded she never strayed from the where the same faces and routines had become as familiar as the rhythms of the tide, and yet, the thrill of the unknown beckoned to her, a siren's call Still, she yearned for the mines. A deep, boundless whisper pulled her towards uncertainty and mystery. Her world had always been limited to the valley, the darkness of the cave, the flame casting eerie shadows on the walls as she descended deeper into the earth, the air growing colder and damper with each step, until she tearing he apart. One day, a day no different from any other, she made a choice. She strayed from the well-worn path. She lit a torch, and stepped into and as she emerged from the tunnel, she found herself at the edge of a vast underground chamber, the ceiling lost in darkness, and the walls lined with glittering crystals that was faced with a new complication. Two tunnels. Ava decided today was not the day to ponder. She went left. Soon, light started appearing ahead, grabbed her arm, pulling her back, and Ava spun around, startled, to face a figure she had never seen before - a woman with long, curly brown hair and somehow illuminated everything completely. ""I- I'm rich..."" muttered Ava. She sent up to the wall, put her hand against the crystal, and pulled. Somebody life have I seen someone so reckless,"" the woman exclaimed, her eyes blazing with a mix of fear and desperation, as she gazed at Ava with a piercing intensity, her ragged, torn clothes. ""STOP!"" yelled the figure. ""What in God's name do you think you're doing? Never in my young small and fragile, with eyes that shone like sparks in the crystal light, and as Ava's gaze met the child's, the woman's grip on her arm tightened, hearts poudning audible. Ave looked around, and saw a little head peaking past a wall, a silhoutte looking to be half her height. Somebody"
"conv_fe95c724-f91e-4a17-8400-9bfbdf9218ec","two old friends, Ezra and Clara, who had been inseparable since childhood. They grew up in a small town nestled between towering mountains and a sparkling cozy little village hidden deep within the woods. She often tells me about her adventures there, where she visits her favorite rabbit, Mr. Whiskers, and the wise My baby sister likes to think that the critters all have feelings, and that they’re living some happy lives with tea and cookies in a reach, and they never seem to stop multiplying. But Clara, my sister, has this way of making even the most skeptical of us believe in something magical. One day, fluffy baby bunnies. She’s ten, and therefore wrong. See, I’ve dealt with rabbits before. Those bastards are always hopping around, just out of persistent this year. Ezra and I decided to take a different approach. We set out to explore the woods where Clara’s imaginary village was supposed to be, hoping to find a they pop up each spring in droves. Usually a trap and a couple bullets will run them off, but they’re particularly her a look that said, ""This is how it is, kid."" But then, something unexpected happened. As we were walking through the woods, we stumbled upon a clearing My baby sister got sad when she poked at her stew and found it tender and sweet, as only rabbit meat can be. She got even sadder when I gave more defined, but the scene in the clearing stole my attention. There, amidst the dappled sunlight and the soft rustle of leaves, stood a tiny, perfectly proportion A house. It sits above the washbasin and is grimy from the steam baths that my sister insists on taking. Through the rust, my arms look own. But as Ezra and I stood there, the dust seemed to settle around us, almost as if the world itself was holding its breath. The tiny, whimsical village The neighbors all say that the dust will pass. It’s come before and it left before, never this much but that’s to be expected. We just gotta look after our cow, and she’s been a faithful companion through many a harvest. As we made our way through the familiar paths, the town buzzed with its usual life, but there Little Bessie and I go into town the next day on our real bessie, Hera the cow. My sister named her. I wouldn’t have bothered, but she’s a good asks. But today, there's a different kind of excitement in the air. The townsfolk are talking about the strange sightings in the woods, whispers of a magical village. As we ride in, we see the new pop-up shop selling color televisions. My sister wants one, and I tell her fat chance every time she"
"188SQKM20FYzYRFIJ08U","the great feast in aarhus. Everybody had gathered down at Le Coq for ""Mad og Fad"" where people get a beer and a plate of food. Everybody were so excited for what was going to be a long evening with lost of miscellaneous activities. Everyone met up at exactly 18 o'clock and greeted everyone happy to celebrate the start of the feast. Some people showed up hammered already and the rest were in process of getting there with ""Chartruese on ice"" A delicous trademark of Le coq. Then Simon stood up to announce his drop-out from university and that he was going to travel to every single country in the next year. Everybody was surprised but very excited for him. They cheered He then also told that he was gonna do so in a 18 ft. People were shocked. He was in for a ride. Or as some would say. ""the time of his life"". They were actually all almost at the end of their studies and started planning trips according to his travel route People loved the Idea of sailing and in a matter of hours one of his friends had also bought a boat from DBA which he was gonne follow him along in. And more frinds joined. They had actually planned out all of their next year in a matter of minutes, maybe with a little bit of alcoholic fuel but the plan is standing. Next they will be meeting to draw the route on On was saying ""Greenland! we need to safe them!"". Another yelled out ""CUBA i want cheap cigars"" Another ""Russia! I want vooooodka!"". But then Anne fell down head first from the table after dancing ecstatically and losing the balance after twirling 20 times at once. No one was able to catch her, so she landed on the wooden floor Luckily nothing happened to her so that party kept going. The room was electric and people were throwing dance moves that were unknown to mankind almost taking off through the ceilig. After a couple of hours of dancing, they left the party and started heading towards the harbour to continue their adventure. But it was totally dark and people were not walking straight anymore. They heard a horn from the waterside. ""WHAT WAS THAT"" It was coming closer and closer and somehow didn't seem to get any slower. ""OH NO"", they didn't realize they had walked onto a poorly constructed bridge. So they decided to find a boat to jump on. They found a small canoe and all of a sudden all 10 of them were sitting on a single one. Some balancing on the tip, others on the back and the rest sqeezed into the middle protion. They stayed there for the entire night. they paddled and paddled and all of sudden they had reached sweden. A long time dream for Simon had now come true. They all decided to watch the surise there and then go to the supermarket to buy SMASH for breakfast. After they planned on catching a shark. they threw out there fishing lines a sat there waiting. they waited and waited but nothing happned. but they had already planned how they would cook it and marinate it in Jägermeister. Since they couldn't get one until the very late evening, they bopught one at the fish market and fried it on the motor of the ship on the"
"1jhKtdiCFYhLl4Itr0tM","Once upon a time in Hollywood, there were two cats strolling along the pavement. Many stars ligned the pavement and one looked down at a particularly cosy spot. The cats loved to chill there every morning in the sun, and every evening in the moonlight. Today was a very nice day, the sun reflected in their little whiskers and the palms above them created shadows that danced along but suddenly everything changed. Another black cat ran towards them. they were unsure if it wanted to play along or if it . The two cats looked at each other, frightened, trying to make out the expression of the black cat. Its tail was raised and it looked ready to fight. the two cats didn't want to fight, they just wanted to be happy and have a cosy time. The two cats however, decided that it was time to abandon their peaceful ways. They pulled out their fish-swords, made out of delicous fish skeleton. hmmm tasted so good, and made even better swords. Now they were ready to fight more The black cat had also come prepared. Hidding behind its thicccc fur was a Minecraft diamond pickaxe, made out of, even tastier fish mhhhh so delicious. The more delicious the more dangerous so now the cats were even more frightened, oh no what After an INTENSE staredown, they ran towards each other and their DELICIOUS swords clashed with a powerful clash. The black cat was brave but hadn't thought of the two against one thing, which was kind of stupid because it got so riled up. They continued to fight some more, but they quickly got tired. That is when the black cat opened up about why it came with so unfriendly and bad vibes. The black cat was actually just so so so sad to not have another cat to play with, which was very sad. So, they decided to end the war and become play buddies in Hollywood instead. They hugged for a bit and then the fun began. wow so much fun stuff to do in hollywood. They visited the big sign, ran all the way to Katy Purry's mansion to play with her and all her other cats. It was such a fun time wow they got along so great it was wunderfull. They listened to dark horse all night OMG SUCH A GREAT SONG. The next morning was almost better, because they went to visit LEOnardo Dicatprio. He was a well-known cat actor but he liked young cats and these cats were young, except the black cat, she was over 25, so sad for Leo..... great the two other cats were young and"
"599Km2RY5nTNKI7vG2Wb","One day, two young researchers entered a classroom full of students and asked them to participate in a push-up competion to find out, if there is a correlation between how strong people from different studies are. There was a slight twist to this since the participants were also ask to recite the IPA while doing push-up. The researchers had i a hypothesis going into the study. Though the students knew their IPA, the strength of their mental state might not be enough to transfer into raw push-up strenght. The math students had to solve complex equations while sweat was dripping from their palms. The students, eager to to beat the people from maths, jumps from their seats and began their attempt at push-ups. It was easy at first. The two young researchers counted out loud, setting the mood. ONE, TWO.. everyone was good until five.. the music did not help at all. It was so loud that it was almost impossible to here if the students recited the IPA correctly or not. The researchers seem to have a thing for Justin Bieber. It was a battle bewteen the reciting of the IPA-chart and ""Baby baby baby, uuuuuh"". The first people dropped after 6-7 pushups, the rest kept at it and gave it their all. At 20 only two students remained. The rest of tha students stood around chanting the IPA-chart. They got louder and louder. The remaining two pushed and pushed. The light started flickering, then turned purple with a bright flash. The air in the room suddently went dark. But the two kept going all the way to 100. They were celebrated for winning, but the math students also did surprisingly well. The plot twist off it all was, that the two reseachers found out, that it was the biology-students, that could do the most push-ups - they did over 500 each! It made the other students mad being robbed of the victory. They all teamed up together and started marching towards the university park, where the biology-students were enjoying the beer they won from the competetion. ""We should have won that beer"" one shouted. We should be the ones celebrating. Then, one student shouted ""You all cheated!"" A bold statement indeed. But was it really the case? Only one way to settle this: another challenge. ""We will settle this the old way"" ""To the boats!"" The boats were primitive and built not to last but the student were experienced sailers - on the university lake at least. At wasn't spring yet so none of students were eager to get in the ice cold water. But it mus be done, beer is on the line after all! And with the beer in mind, they rushed into the boats. One fell from the boat on the way over the lake and almost froze solid as ice - luckily they were able to heat up again shortly after. Once the others noticed, that someone fell overboard, the rivalry was forgotten. They all drank a beer together"
"6Jv806AoPWPYePMobUvx","a girl with a dream, many moons ago, a young maiden lived in a tower. Her dreams were as high as the stars, yet her spirit was broken by the fact that there was no one to love her. She was very lonely and went out to seek for someone to keep her company. As she went out the first thing she did was stop by the lily fields, they stretched far and wide, different colours, like a rainbow. They kissed the pink sky in the evening, as the sun went down. She collected the lillies and continued into the forrest where she found a little rabbit, curled nearby the roots of a great oak tree. It looked so sad, she peered closer and found its paw had been hurt. She calmed the rabbit, singing a lullaby. She saw a little river nearby, the sweet sound of the water running over stones She pulled the rabbit into her arms and walked to the river, gently placing its paw in the soothing water. She looked towards the other side of the river to look for something to wrap the paw in, but instead she noticed another curious forrest creature , yet, it was something she had never seen before, it was looking right at her, a halo of light danced around its little wings, a slight glitter in it's eyes, making it seem calm and friendly. It was very beautiful, this creature, and she was stunned as it flew across the river, slowly, its feet skimmed the water top, leaving a pattern that swirled. She noticed it was only about the size of a lily flower, small and petite. It's a rare sight, she thought to herself. She just kept watching the flying creature as it landed right next to the rabbit, that she was still holdning . It observed its paw, then looked up at her and smiled, suddenly it flew up into the trees, for a moment there was silence. Then many tiny lights began to turn on in the tree tops, and before she could do anything, the cloud of swirling lights headed towards her and the rabbit. It looked like an tornado of glitter, as it gloser she realized many little fairy like creatures. They began to swirl around her and the bunny, she felt the warmth and magic in her body. She filled with joy and and the bunny seemed to lighten up as well. The creatures landed on the bunny's paw and placed its little hands, a small glow of gold appeared and the bunny jumped out of her hands onto the grassy bank. She stood in disbelief, it was real magic! The bunny jumped around as if nothing has ever happened to it's paw. The bunny jumped away, and she had a feeling she would be alright. The fairies all gathered in front of her, and began a little dance, holding hands and flying in a circle, bursts of colour lightening up the now dark forrest. The sun had went down, but she felt the light again in her life, realizing that she can be"
"7wPRj5Wbc26nlx60LUT5","Once upon a time a little duck walked around to find a fitting house for him and his dreams. The dreaming duck was afraid of many things, but also had many needs, which he needed to fulfill. First and foremost he needed a safe place, away from the preying eyes of cats and foxes, where he could hide from the dangers, while fantazising about the future. The little duckling always had one specific dream that thought of having the biggest duck family he could dream of. But first he needed to find a duck wifey to realize his ambitious dreams. He had a small problem. He was Ugly, even more than the ugly duckling from the famous fairy tale. So ugly that not even the with far into the woods wanted to talk to him. The limited search once put him on a site called Duck Tinder. He had no success, as the other ducks with big and shiny feathers got all the attention. Therefore he changed his ways, and applied for a different site. The site was called rat hinge, and for once, the ugly duck felt prettier than the rest of the applicants. The little duckling became very popular within rat circles. The stinky hairy creatures from the sewers adored him. Having ripped feathers and a cook comb, was for once an advantage. He went on multiple dates, but the duckling thought he was too pretty for the ""ugly creatures"" as he saw their horrible yellow teeth, wild eyes and foul smell. Therefore he jumped into a puddle, and rolled himself in dirt to look like the other cratures, but as soon as he did that, the dates became fewer and the nights longer. The dream, that was once his everything became a burden and his worst nightmare. He thought of returning to the ducklings, to continue his comfortable life at the cottage, where he was fed but he didn´t belong anywhere. The feeling of beig to good for some places, but too disgusting for others, was definitely not what he wanted. He decided to wash off his feathers to rid of the dirt and shame he got into, while trying to be an outlaw rat. He wanted to be something else, completely different. Therefore he shaved everything remaining off, and instead started to walk towards the mud. The new dream started forming to be a bald badass dirty duck. Someone who is no rat, but also no ordinary ugly duckling. He wanted to be unrecognizable on his return and to start a new clan. Not the KKK, not anything the world has ever seen before. Now it was time for the bald badass duck gang to be formed. He started working out to look jacked, so he can be the biggest looking boss duck they have in the mafia, the bald badass brainy brucks was now being formed and ready to finally feel worthy and to ocmplete all the dreams the parents told him . When he was ready, he got back to the duck pond to find members. On his way back, he encountered the very hungry Mr Wong, who wanted"
"9MYVXy4Nms9gfR1DI7NA","a lonely cat, who was missing its person. The cat’s name was Cat, and it was tiger-striped. Cat diesn’t have any friends but is on his name was still Cat, even if nobody used the name. The cat, named Cat, decided to jump on a train to go whereever the wind (or train) took it. Cat had a BLAST. The train ride was exhausting becausw of the wind, so after some time Cat went off. He landed in a rural area with eerie bushels in every corner and trees as tall as mountains, from his perspective anyway. In theory cat should have no clue where he was, but he had been playing Stray for PlayStation. So he knew what to do. Brother did a backflip off some high griunds and went into the trenches of the wilderness. He put on his warpaint and tried to hit a tree to collect wood but it seemed that this place didn't run on a Minecraft server. So he went into the sewage system to explore. What he could find was sewage, but what he COULDNT find was the rat king of the sewers. He was looking and looking before the smell of pizza hit his nostrils. He could see green beings moving in the distance, was it the RATMA - the infamous rat God. Aka God of Rats. Aka King of Gods and Rats. He wasnt green, Cat is just confused. HE was actually colourblind, and confused brown and green somehow. RATMA looked down at the little kitty cat Cat with a stern and alll powerful look. he said ""what the fuck are you ?” And Cat looked at him with disgust and says “Who invited this naked mole rat?” So RATMA attacks Brother Cat because of this and shit on the ground. Cat is very confused and a little bit scared but he eventually bit RATMA in the tail which made RATMA fall to the ground and it KILLED HIM. Motherbrother just died on the ground. Cat is in shock. “I killed the god of rats? The king of rats is now dead, in his own damn shat,,, I better run lolz"" he said and looked straight at the camera like he was in a TV shows. If Cat was gonna be a n actor, he would star in The Offic he thinks. But he doesnt have time to think, so instead he jumps out the sewer and runs around in the bushlands, confused about the sewer system in the bushlands. It didn't really seem to fit the vibe, but he didn’t care about anything anymore. He can’t believehe killed Ratma. He is traumatised for life, and he is also incredibly hungry. So the purrr little Cat is in the bushes and not near any bakeries or anything with food so he runs and runs as his paws are bleeding. So much that it paints the street red. It was a crazy sight. He gets into this little alley that suddenly appeared in the bushlands. He appreaciates it non the less and he crawls around the street and is looking for something"
"BocRhyGX0eWpgbUSkjWF","how a mushroom got high on LSD. The weird part of the story was how mushrooms normally got eaten by humans to intoxicate them. But this time it was the mushrooms Mushrooms are living organisms, and therefore it is able to absorb LSD. It has not been observed many times, but in this story you will hear the exclusive material of how a special species of mushrooms got collectively high in Columbia because of a lsd parcel being dropped in the forrest and the LSD being released into the water systems. The rivers were able to transport enormous amounts of LSD to large areas of the jungles. The mushrooms started behaving in peculiar ways, for example some effects were how they were able to grow new colours and shapes. some were glowing in the dark and some were big and stringy. Scientist were confused by the mushrooms behavior so they tested them . The scientist did not expect the effects that they experienced. The mushrooms' effects were hallucination but with the mix of LSD they started to become part of a superdrug. The scientists gathered the mushrooms and began selling them on the black market where they branded them as the new king of EPIC DRUGS. Later it was discovered that a side effect of the drugs was becoming a mushroom yourself. The mushroom was a parasite mushroom from the south of america, but since the side effect were unknow at first, the export to europe was massive. this resulted in a huge outburst of human looking mushrooms. It took over the news and the mushrooms which was eaten by the humans were infectious. More people therefore got possessed by mushrooms who made civilisation unmanageable. most of the party islands in the south of europe got totally covered in mushrooms, both people and the actual ground. they all became one with the environment. It was starting to look like the whole world would become infected. It could be the end of human civilization as humans had a hard time fighting against the fungus. but one day the mushrooms began speaking back to the humans and they began having conversations about the modern society. The humans became more enlightened and humans started behaving nicer to each other. Rumors has it that the mushrooms told them about the ways the humans treated both each other and also the fungus. this began a revoloution of how law making and infrastructure was made from this point . People became more aware of the environment and the wild life all around the world started blooming as it has never been seen before. Even the Mammoth came back from dead and new species of both animals and mushrooms roamed the world. they all worked together to create a brighter future and they all became great at making space for other species. The world has never been as beautiful, and for a while they thought that they all found their happy ending, but suddenly the mammoth began eating the mushrooms, and they became intoxicated. now the high mammoths where killing everything living on the planet. A lot of natural disasters happened and volcanos exploded every living thing on earth died. And that was how the world ended. The"
"D8kJXS3suDI2tltssVgN","a very happy dog wandering through the streets of Aarhus alone. He's just going down the street, greeting people and making their day better. But suddenly, he fell into a big, cold pool of piss. He was super embarrassed by this, and he thought it couldn't get any worse when a massive seagull swooped down and screamed insults at his butt. Because how can you be a dog without a tail? Smelling like piss and having no tail, being laughed at him about it made him feel like a total dumb-ass. He started shouting at the stupid bird that she should shut the fuck up and mind her own business, but the bird just looked at him with a sly smile. ""You know what, ugly mutt, it kinda suits you not having the tail. Cause everybody can see who you actually are from the first look at you this way."" This made the dog mad so he jumped up to catch the half-eaten french fry she mockingly threw at him, but having horrible paw-eye coordination, he failed just to fall back down in the pool. To his astonishment, the french fry fell into the puddle, bounced from the ground and fell right into the ugly nib of the seagull. She then fell to the ground and puked all over the street. Now it's his turn to laugh, he thought with triumph in his piss-filtered eyes. He was just about to do the shake, creating a glistening sprinkle of yellow, when the puke started flowing in his direction ""oh fuck"" flew through his head. He wanted to run away but his paws were stuck in the piss-pool. He started panicking when a miracle happened to his mom, and he started disintegrating from existence. The ""oh fuck"" faded away, replaced by a strange relief as all the piss and the laughs and the evil bird disappeared from view. He was shocked about what happened. His mom is in hell, how could a miracle happen to her? and how does HE know about it? ""Am I in hell too? But how is it so cold? He could no longer smell the urine or see the yellow orbs of malice in the face of the gull, but he could still feel cold liquid clinging to his fur. Maybe he was not in hell, maybe he got into the seagull's imagination. That would explain why it feels like hell but really is not. Is there a way to escape the mind of this wretched animal? No, hummed a voice reverberating off invisible walls. Shit. This was a voice he had heard only once before but could never place it to a familier face. But now he's sure whose voice it is. ""That can't be it"" he thought to himself. It was his worst nightmare to be stuck anywhere at all, but to lose his dignity in this way and be absorbed by the skull of a gull was somehow even worse than he could ever imagine. He cannot get the embarassment out of his head. Wait. Is it really his head? Or did his mind integrate into the mind of his butt? As he could no longer see or smell, there was only one way to find out. Determined to regain his dignity, he started to explore the surroundings with his butt. He rubbed it on the ground and he found out... he was right! He still doesn't understand how it happened, but he is definitely sure that his butt was now his mind, and it was clouded by memories of mocking laughter and sticky liquid, and the looming silhouette of evil itself. Oh well, he thought. At least I'm not with my"
"EVPkCWSrT9SwL38W9Zuk","Once upon a time there was a little grumpy man. He lived in the small town of Maiopy. He was feared by the other people He did not understand why the people feared him. He coincidentally found out one day on the way to the marketplace. On his way there he saw the most marvelous thing that changed his entire life. As he was walking down the street thinking about all the things that annoyed him and shouting at the people that loathed him, he noticed that the guard he stomped past was not riding his horse as usual but his horse was rather riding him. This was nothing compared to the man walking on his hands right by him. He paused. 'What in the world is happening?' he thought to himself. At that moment he felt confused rather than angry for the first time in his entire life. This spark of curiosity was just what the haggard old guy needed to follow his secret childhood dream of being the world's best juggler. 'Maybe they are coming from a circus!' he thought excitedly. He started to pick up the pace toward the marketplace because maybe the circus master would finally let him juggle his collection of hairless mice the way he had always hoped he would. He couldn't wait to see the crowd's face when he would stand in the middle of the circus with his best costume on with the mice in his hands. It would be the best day of his entire life. The other best day of his entire life had been when his older brother Clarence broke his leg on the swings. This made the grumpy man happy as he disliked his brother from his hair to his toes. Clarence had made it his life's mission to annoy him. Always smiling. Always laughing. Being happy The man had learned from the frog that once lived in his left boot that these were all indications that the devil has hold of someone. Ever since his brief affair with a nun, he had known that somethings was completely wrong with Clarence. The nun confirmed all of his worries, and he had tried to tell their mum but she did not want to hear any talk of nuns, or devils, or feelings. She was far too busy filling her garden with small piglets that would eat the small moles in the garden. She had been working years to try to get the pigs to eat moles, so of course she did not have time to worry about her children's wellbeing, besides that's what the maid, Periandelialis was for. She was good with children and good at cooking them into soups and stews of rabbit. She had been a second mum for the two brothers. But anyway the old man was now running through the streets not able to hold back his glee and joyous laughter at the idea of presenting his rats to the people of the many small kingdoms the circus was wont to tour. He had a secreter plan as his real goal was to take over the circus and finally get the circus man back that bullied him when he was watching the circus when he was just a small insignificant worthless little boy with an alcoholic mother, satanic brother, and a father who spent too long playing with the fairies and now had become one himself. What"
"FTAeksA8Y0QOBPW6kxWX","a little kitten named Skittles. Skittles lives with a sweet old lady, but he dreams of exploring the neighbourhood. One day, his human forgets to close the cat-door. This was Skittles' big chance! The first step out in the fresh air felt like a rebirth. The world was open, but where to go? Skittles took a big breath and turned the first street corner. He ran down the street without a care in the world, flouting his freedom the dogs locked behind gates This was wonderful. Skittels had always wanted to go to the store. The old lady always came home with a big bag of cat-food. If Skittels could make it to the cornershop, he would be able to eat as much kibble as he wanted to. However, when he came to the store, he was met with big shelves filled with things that was not catfood. What was this!? Skittles had never seen anything like this. The shelves towering over him was filled with vegetables, cleaning products and cheese. This was an unexpected find. Skittles thought the outside world was as catered to cats as his human's home was. Dejected he left the store. As Skittles was exiting the door, he heard a scream from the owner yelling ""OOOUUUUTT."" Now Skittels was running as fast as he could. The old lady never yelled at him. He wanted to go straight back home, but realised that he didn't know what way to go. He tried to use his nose, but the many smells of the city was overwhelming. Skittles hadn't keept track of his route, and was getting more and more anxious by the minute. He tried to go left at the crossroad, but still couldn't recognise his surroundings. As he was walking, he suddenly bumped into a big dog! The nod started wagging it's tail, and Skittles hissed, trying to make himself big by raising the hairs on his back. The dog barked at him, but wait... this was not a threatening bark. Maybe the dog was friendly. Even better - maybe the dog could help him. Skittles asked the dog if it knew where his home was. The dog gave him a big sniff, then sniffed the air. After a moment, the dog turned around with an exitied bark. They were running down the street together, and Skittle saw a sight, that made him so happy! The old lady was right there with a searching poster in her hands. The dog barked again, getting the lady's attention. When she saw the two, she smiled widely and knelt down patting Skittels head. Skittles had never felt so relived. When looking at the lady, he saw, the searching poster. Now Skittle felt sad, that he had upset his owner. She was so kind and sweet to him. Skittles decided that he was just fine staying with his owner. He didn't need to explore the neighborhood ever again. The lady took him home, and exhausted by the day, Skittles yawned and rested in the lap of the lady, while she was stroking his back. He dreamt of kibble, convenient stores, and dogs, while the old lady watched television. The day turned into afternoon and then night. Skittle was snugged up cozy and content. Now he was cleverer and knew, that he was at the best place in the word: the old, sweet ladys"
"INnauEosv25woOCrBRDi","Bob the frog. He lives in a toadstool house in the forest. One day he decided to go on an adventure and Explore the world of shrooms. Bob may have ate a bit too many shrooms, and is no wondering around the trees feeling quite strange. As he continued wandering he suddenly stumbled into something. Bob the frog fell to the ground and as he looked up he saw the big fat master toad, who loudly roaring through the endless forrest, stated ""you shall not pass!"". Bob the frog was startled and didn't know what to say. Instead he offered the master toad one of his shrooms and the master toad told bob to fuck off. So, fuck off, Bob did. Again walking through the endless forrest, in deep and mossy darkness. While walking he heard the sound of running water and all of a sudden he was looking at a massive waterfall. After eating all the shrooms and and taking a swim in the purple swamp of death, he returned to his toadstool house, as he now wanted to achieve his dream. Bob the frog dreamed of becoming a professional snowboarder, but it never snowed in the forest. So today he decided to venture out to the far away mountains in candy land. In candy land all the mountains were covered in delicious white flaky sugar. He packed his bag and snowboard and off he went. The trip to candyland was long and hard, but Bob kept his spirits high as he was now on the road to achieve his dream. But what Bob did not know yet, was that the trip to Candyland would not be like he thought. As soon as he excited the forest and reached the main road he found it blocked by a massive carriage. One of the wheels had broken off, and inside sat the wonderful princess Pooh, a toad princes known through all of the country. Pooh pleaded Bob to help her and so he did. Back into the forest he went to gather wood and sticks. With a little bit of skills and a lot of willpower, Bob created a bonfire at which Pooh and Bob started roasting cockroaches over the fire, Bob's favorite meal. Sometime he would even sprinkle some toasted shrooms onto it, to get a better flavour. But when he tried to offer it Princess Pooh she made a face and quickly fled the campfire. Bob was left sat in the dark forrest, wondering where he went wrong. He just scared away princess Pooh and was now wondering whether he was too weird to make new friends. This dampened his spirits, but he still had a dream to achieve. He crawled under the carriage and got the wheel put on. He started slowly rolling towards Candyland. Pooh had a dream and nothing was going to stop"
"JFI8cNwhGfRT2Jd6JUd0","Once upon a time there was a crazy cool dude named Carl. Carl was the best at everything he did, a true champion of the people. One time, Carl decided he wanted to engage in a new hobby. A hobby that would change rythm of his day. And even - of his life! ""Wow, he thought, I'm going to be the greatest speed-knitter this world has ever seen"", and on he went, knitting crazy pieces of art in his free time. He went on to pursue this new hobby of his for a job. But for that to be realistic to any degree, he had to get starting. For step one, he made extensive preparations. He researched every little detail of the process to optimize his knitting speed. His peers looked at his dedication, and thought ""there's no way I'm gonna I'm gonna train my fingers and hands for hours every single day! Carl was humble and obviously dedicated. He even offered his peers teaching classes to help , but it didn't matter. He was just on another level. For step two, Carl practiced new knitting techniques involving impossible hand-eye coordination analysis. He read numerous reasearch papers on how the mind works with muscles. This elevated his technique by magnitudes greater than any non-übermensch could understand. However, for the third and final step, Carl realized he had to take it to an even higher level. All throughout his learning he experimented in different environment. And in nature. He didn't only knit with yarn but began knitting with various things such as lava and stone. Finally, after mastering the last step, Carl was ready. He was going to apply for the job. ""Finally"", he thought, ""now I can be a contributing member to society"". He went on to attention all around the world. And the one job he had his eyes pierced to suddenly wasn't the only option. People from various sectors of society wanted a piecec of Carl. However, then something horrible happened. One day while knitting a lava-sweater, Carl burned his hand quite horribly. So much, in fact, that he could no longer pursue this hobby of his - even, his newly established meaning of life! He was ripped to pieces and couldn't fathom what to do. Carl became depressed. He lost all will to live. What was he going to do with his life now that his only passion was taken away That was only for him to figure out. After a while sinking further and further down in his bed, he started thinking. Could any kind of prosthetic help or should he find a new passio of his? ""No,"" he thought ""there's no way I'm going to be this invested in anything else. Knitting is my life!"". So Carl went to read and pursue every possible relevant person to find a prostethic. Only to realize, I must be able to continue with one hand. So Carl began practicing with his one remaining hand. Every day he got a little bit faster, but there was a long way to go to reach his goal. He was getting somewhat closer to his peers and was starting to become happy again. Maybe he didn't need to be the best."
"JYZ6dAbVtTCZL8fZXM8s","a rabbit who lived deep in the woods. They lived in a small town filled with all other sorts of woodland creatures. It was a peaceful place, but tensions lurked not far from the town. One day, the rabbit went down to the river with his two friends, the timid toad and the little ladybug to wash their clothes. The water was cool and clear. The friends were delighted to clean together in the spring breeze. They were nearly finished when they noticed a strange object floating towards them. It was brown and rounded and looked like an egg, the rabbit thought. ""Oh, it is a basket!"" The ladybug flew closer to it and discovered that it was pill bug, rolled up tight. The ladybug told their friends that they had to save the poor creature. The rabbit and frog jumped into the river and swam quickly towards them, but the river that was once calm now seem angered. Splashing, they fought to get closer to the basket, and the poor pill bug, as they too were pulled into the river. Even the toad could not swim in the violent water. The ladybug tried to help them from above, but could only watch helplessly as their friends were pushed from side to side by the current. They barely avoided hitting the stones in the water, and the basket was still far away. ""Look,"" the rabbit shouted using his big ears, pointed towards a large tree with long roots spread out into the water, ""We can try to stop there!"" ""What about the basket?"" said the toad, ""Should I try and reach it?"" The rabbit tried to say something, but the river was too loud. But then the water seemed to shift and instead of fighting them, it helped them in the direction of the basket. The toad was able to grab onto it and the rabbit was able to hold onto the toad's collar. The rabbit grabbed onto the tree root and pulled all of them onto the shore, where they lied for a moment catching their breath. The ladybug looked into the basket and found the pill bug deep in sleep, unaware of the dangers that they had been through. Everyone was relieved to be out of the water, but soon realized another problem: they had no idea where they were! The furious river had brought them faraway from their laundry. ""What are we gonna do?"" asked the rabbit and looked at the river, now realizing that it was suddenly dark outside. They had never been to this place before and felt strange being away from their safe home. ""Mmm, where am I?"" a high pitched voice asked, and they all looked to the basket, where the pill bug had awoken. They were all relieved to see that it was okay. The pill bug also looked around, confused as to where they ended up. ""Are you alright?"" asked the ladybug with a gentle voice. ""Ah yes, I just had a little nap"" said the pill bug, and the toad couldn't help a giggle. The pill bug crawled out the basket and looked around. ""I guess I overslept! Where exactly are we, and who exactly are you all?"" The rabbit and friends introduced themselves, but couldn't answer for where they were. ""Hmm, that's okay, I think I know this place!"" said the pill bug. ""My friends live close by!"" And just like that, the shore was illuminated by a flock of fireflies floating"
"K6nustVFF5ei8GiBLmiZ","my first heartbreak, three years ago. I'd been more naive back then and unsuspecting of the harsh reality of people in love. It started of great, as it always does when you're in love. blind to all of the others faults, and them to yours. The danger is when you get to know someone. When I first saw Maxim in line at the coffee shop, he'd been ordering a cappuccino. He smiled at the barista, revealing a dimple in his left cheek it had been snowing and i immidiatly envyed the small drops of melting snow in is curly hair, the way they gently slith down his cheeks, falling on the lid of the coffee cup. I stood close to him as he took a seat in the cafe, while I waited for my drink. That was the first time we met eyes. It's weird to think back at it, at that time i would've never guessed i would one day be planning how i was going to kill him. But, here we are, thats what heartbreak I'm not really sure when or even exactly why I decided to kill him. I just became aware of a dull, throbbing pain in my chest that told me I wanted him gone. Not just from my life, but from the planet. I don't know if it was the realization that he was falling out of love with me. Or maybe the realization that I was getting bored of our relationship. It didn't matter. The calendar hanging on my wall had a specific day circled in red ink. February 26th. He'd asked about the red circle, and i had told him i had something special planned. Some of you may consider that a lie, but come on. What could be more special than the day I decided to become a murderer? Murderer isn't even the right word. I'm more of a hopeless romantic, if you really look at it, so are all the big romantic people of history. I would die for you. I would kill for you. And in this case, I will kill you. It's a really romantic trope, actually. I had the murder all planned out. It would be after our belated Valentine's dinner, after we finished Eating at the same fucking restaurant he always picks, we were on to my part of the date. Always this shit, he planned the dinner, a rotation of three god-awful tacky restaurants that weren't too expensive for his budget. He ordered dessert—the lava cake. He didn't mention whether it tasted good anymore, he had said it every time we were here over the years, and noticed how i rolled my eyes when he exclaimed 'delicious' for the hundredth time. But i knew that there was something different in this lava cake. This was the first step in my plan. The poison wouldn't kill him immidiately. I didn't want to make a big scene at the restaurant. Just needed him to be far enough gone that he wouldn't wake up in the car and realize we were driving into the woods, far off the usual road home. He lay quiet in the back seat for a long time. My palms started to sweat a little. I was confident it would work. Cause i knew the cops dug up a body in the woods just a few days ago. A fresh grave, where no one would look. The body"
"NSZE9lXnuxIl0ZT4gRoy","a young boy living in a small town in a small island, who thought the world was too small for him. So, one day, he decided to actually measure the distance he would need to travel to get to another world. First, he had to find something to measure with. A ruler would probably not work. So he simply decided to use a rope, and tie knots, and count steps, and scribble numbers and drawings in a notebook. When he got to the end of his world, another plane of existence opened before his eyes. It was like a land from some legend, and he didn't know how he got there. As he was a bit scared of the unknown, he decided to go back to his small town in his small island inside of his small world, but he still wasn't satisfied. He decided to get a job as a sailor, as this would surely bring some sense of adventure, without going to his old life. The new life allowed him to become a bigger person, not metaphorically, but also literally. He noticed he had grown a lot! This new world was much more challenging, but also much more fun! He soon found a group of nine friends on the ocean to sail with. These friends were actually all from different worlds. They shared stories about their old lives and the boy realized there were infinite worlds to explore. Together, they set sail for a magical land, filled with all sorts of people. Here, they met a king and a princess who were in trouble. An evil wizard was trying to become prince and take the throne away from its king and its heir, the princess. So, one of them decided he would stay in that world , leaving the crew behind, to try to help with their wizard-problem. It turned out to be no easy task, however, as the wizard was cunning , they couldn't leave him alone. So they made sure they solved the problem before they parted for the next world, where an evil robot was terrorizing every major city. They all needed to train hard to defeat this threat, and not everyone made it out of the robot world. Sadly, some of the crew became part of the robot's servants. But they had to continue their own path, as their friends would have another destiny waiting. So, four of the crewmembers sailed onwards, while the rest stayed back as robot servants. The others found a great treasure on an island made out of glass. There, they encountered a maze that they had to get out of. But it seemed impossible, they decided to just look through, as the maze was, of course, also made out of glass. That way, they easily found their way to the center, where they found a giant egg from some giant hen. It was golden, it was bright, and they decided to take it home with them, even if if was too heavy. They managed to take it into their ship, and the they all sailed back to help the rest of the crew, and saved them from the robot world. The egg turned out to be from a giant golden chicken, and it helped them"
"OdyHy12i4PsBZkM4jjdC","how a potato farmer called Bobby became the president of North Korea. It all started in a rainy day where everything was wet and soggy Something weird has happened to his potatoes, and he could quite figure out what. So he took some of his potatoes into the laboratory for analysis. What he discovered would forever change the world. The potato DNA was contaminated with poison. He figured out that he could use this kind of poison for other purposes. For good and for bad. He chose bad. He went then to breed one million billion poison potatoes and loaded them all in his truck. He drove it in to town to sell all the potatoes he had. He made a stand in the middle of the town square and just started selling potatoes. In the corner of his eye he noticed a shady figure wondering the market stalls with dubious intent. The shady figure got closer and closer and the farmer now saw a big tall man with a long jacket and black boots. The figure was closing in towards Bobby. Alarmed, he grabbed all of his potatoes and started to eat all the potatoes. He just kept on eating and eating and eating, until he fell to the floor. He then woke up later transformed. He was no longer the small puny potato farmer he used to be. He was now all purple and huge and had a quite larger head. Everything was larger. The people in the town square all looked at them as they had no idea what was happening. Monster Bobby then opened wide his arms and started shooting potatoes out of his eyes at everybody. People got hurt, but none of them died. They just wounded and even more scared. Bobby then started to cry. He felt guilty for destroying the whole village and injuring so many innocent bystanders. He ran away a long long way into the woods. He thought about what he had done and how wrong it was. But he also thought that he would be absolved of his sins if he could destroy the weapon of destruction. The original poisoned potato. To make up for it all. He got back to his farm and started examining the original potato again to see what this was It was actually a tomato. He then realized how wrong he was about everything he ever did. He made it his mission to say sorry to all the people that he had hurt in town. He gave them free unpoisened potatoes and tomatoes for"
"P1SZ3AZnoi1oqt5EbYh5","Once a upon time there was a small man and village. He loved eating pork, but one stormy night all the pigs left the village. The small man ran and ran for days and nights in search of pigs. But everywhere he looked, the fields were swineless. One day, the man came across a large river. On the other side a pink-ish figure appeared before his very eyes. Desperate in his search for the pigs he jumped across the river and tore apart the pig with his bare hands. He began to cry over this desperation. Suddenly, a mother pig appeared calling for her baby pig. All she found was flesh chumps all other the ground and a small drop of blood fell from the man's mouth. The man smiled, moving toward the mother pig. Organs trailing behind him. Bloodlusted he jumped the mother pig trying to rip her apart to pieces. Unbeknownst to him, dad pig ran towards the man at full speed and velocity. The dad pig jumped on the man, ripping into his skin with his teeth. The dad pig squealed, ""This is how those pigas felt every time you stupid human mouth want to eat some bacon."" The papa pig enjoyed the taste. From now on every man thought of daddy pig when they ate pork. Daddy pig roamed the Earth, ripping any human apart who even looked at a pig. The people of the Earth even began worshipping papa pig. Goverments fell. Riots all over. Whole contries falling apart. Anarchy erupted. Leaders not eating pork became the trend of the generation. People even began wearing pig costumes in honor of papa pig. A new era was born. New regimes began to rise supporting papa pig and his actions. Other factions feared for their safety and sanity. Pink everywhere, pork nowhere. This was the mantra of the world. Papa pig AI was later introduced and used by everyone. No matter where you went you couldn't avoid his face. After years of suppression. A small revolution occurred. A group of people tried to kill a pig. At first, people shunned them, then some began to wonder. Where did papa pig even come from. Was we really this godly being setting us free from our earthly desires or was he just putting us on a diet? People began to question this seriously. And then, an outbreak. A huge dinner for the community was held. Meat was served. Justice was withheld. The biggest feast the world has ever seen. The small man's village was happy to finally pork on the table. Pork was everywhere, and pink nowhere. The entire world lived happily ever after. And then a man went"
"Pzb5I6nhg196AWLpukmz","There was something off about this particular day, though he couldn't quite figure out what it was. Something strange was in the the woods in front of Nate's cabin. After staying up all night, he thought he is hallucianting while he saw hjhha 'hooded' girl figure approaching him in the slow dusk of late spring. He watched her in wonder, not understanding what such a person could be doing out here. He thought, ""perhaps today I will find an actual human here to talk instead of the wild animals"". With a lot of wounds in her body, she slowly moved towards the cabin, moving like a wounded deer more so than a person. Her eyes were dark and bottomless, her skin clammy. There was a feverish look about her, something that made him feel sad for her. Surprisingly, he started sympathising her, instead of questiong her about her identity and the purpose of her arrival. With the leaves stuck in her hair and the blood and dirt caked on her bare feet, he got the impression that she had been out there for a while. He quietly stepped aside and gestured to the warm , hearing a whisper immediately after, ""hide""! ""help""! Squinting his eyes, he became confused whether to hide or help. He ignored her protests and pulled her inside, shutting the door behind her. ""Are you alright?"" He asked, holding up his hands to hold her head which was bending downwards. She kept whispering, ""How am I alive?"". He softly hold her in his arms and offered her water. Like a thirsty crow, she downed the bottle offered to her and shook her head. ""Something is stalking the woods,"" she whispered, as if afraid something might Nate lost his attention while the teapot on the stove whistled loudly. Wrapping her up with a blanket, he let her sit on a chair in his cabin. With pouring the tea from the kettle, he watched her through the steam. She stared out the window, front teeth bothering her lip. ""What's your name?"" He asked her She stared at him as if it is unusual to ask name of a stranger. Nate understood and nodded his head, assuring her that she can at least have the tea which he had doused with rat poison to see what would happen. If she were human, she would puke. Were she not, she would die. He offered her the tea. She refused to accept it and said, ""Don't you know what happens to people who accepts food from strangers?""He smiled. Both of them looked away with tingles in their tummies. ""How are you going to survive with no food or drink?"" He asked after a while. He could poison her food to find out what she actually is. She replied with a grin smile, ""like how I survived till now."" Suddenly they heard a harsh banging on the door. The girl told Nate to open the door. ""See what happens,"" she cooed, smiling unnervingly. ""Or keep it closed and do what I say. I assume you want to really find out what I actually am! Maybe I am a girl in distress, or the girl is banging outside the door. Don't you wanna know who is actually in"
"RGwAQvKrGEfTj8ym6lju","my monday. I woke up in the middle of the night, finding my throat in pain. It was horrible and I did not sleep much Then I decided to drink a class of milk, because why not. One class of milk quickly turned into another, and suddenly something crazy happend... I develop an udder out of nowhere. I thought to myself, why did I deserve this. I went back to sleep and then dreamt of a prince that could dance like no-one else ever seen. This inspiring dream made me forget about all my suffering, so I woke up and when I woke up I found myself in India. I had never been to india before, but I could just feel that I belonged to this magical place, I felt as though I have never been more alive. All the colors wauw. I went directly to the store looking for a genie in a bottle to my disappointment in only found kebab and McDonalds. Just to make everything worse, apparently Indian McDonalds do this crazy thing where they eat raw snake meat, and because of that claim that you will receive magical abilities. I thought to myself, do I have to test this out? but thought to myself it would not be the craziest thing that had happened to me this day. So I decided to buy a double big menu of raw snake meat, with all the good stuff. Stuff like chilimayo! Amazing. After one bite my fingers started to grow. After a while I started hearing voices, not normal voices, but the voices of animals apparently. I ran out of McDonalds to track down the animals I though I had heard. I ran directly to a small forest nearby sure of solving this problem. When I entered the forest I could hear the voice louder. As I went closer to the sound of the voice the darker the forest became. I became slightly frightened, but the good thing about the situation was that I had my handgun in my back and if that did not work I had developed my own 4 physical milk guns at the front of my body, which at first seemed a bit weird if any other than me and the creature in front of me saw. I could not quite identify the creature. I was big, hairy and held something that looked like a big magic toothbrush. The creature was clearly sponsored by Zendium, which I did not like, since I had always used Colgate, but I decided to not get too bothered about it. But after my face turned completely red of anger. I could not handle it. I began shooting with my milk guns against the creature, which I thought would piss of the monster. To my big surprise, instead the creature started drinking all the milk I pointed at him. The creature was shockingly good at catching things with his mouth so I started throwing stones at the"
"Tf1TksJV6vLRqvWrSi52","Tax fraud and the consideration of how to use the money well. First the problem is how to get away with the fraud without being caught. Taxes can be a big resource depletion policy to low income families, while the rich enjoy tax free life. But to enjoy a tax free life, one must also be able to enjoy a thoughtless life. This can of course be hard, as once a famous philosopher said, cogito, ergo sum. Thought to that feller, is the core center of existence. Therefore tax fraud will be a better for everyone in the society, not only the rich but also the poor, because now the rich can kill the poor with the insane amounts of unchecked money that they have and finally begin the final human techno dark age. They will buy extreme amounts of analogue weapons such as morning stars and get ready for a marathon based on yoyo-battle and commence the ritualistic world wide money laundering scheme, turning the oceans into the biggest literal money laundering machine, while having poor people sent to the dungeons and face the monster of eternal tickling. Only one person has survived the meeting his nae was usman the tickler. He won the battle againt the tickle monster by out tickling the tickly bits of the tickler. After hours He won by tickling his only ticklish area known to mankind, the very bald spot behind the right knee. This is of course because it was written in the old scriptures found in east zambia, where the first rites of passage of the tickling order were said. After defeating the tickling monster, Usman became a superstar, but was not able to handle fame and the money well. He also invented tax evasion, being able to be rich without the hassle of being an upstanding citizen. At the end of the day, the new world tickling champion was no different than you and I. With his great new power of course also comes responsibility being that he could topple any person by attacking them with lots of tickles. He has been recorded as the most powerful being in all galaxies. One historian has once described Usman as the most influencial individual since Cleopetra and is right now being discussed wether he should be adopted as the world wide currency, eventually making every other currency meaningless, and therefore solving every man's problem with tax evasion. He ended class wars and every poor and disgusting civilization on earth. It would be substituted with the tax-fraud money (also called silent money) which is the new type of bitcoin. The change backfired when people would use this newfound currency to bet on everything so they couldnt be traced. Usman was tragically killed"
"ULRAMZF7ra0i53A9w3Gv","a very sweet dog who needed an owner. The dog was named Pluto. The dog was black and white and was ready for adoption at the local retirement home, because the old lady that owned Pluto before, called Mary, just passed away. The love between Mary and Pluto was often very special. Sometimes Mary loved to cuddle Pluto, but sometimes she just wanted some alone time. Pluto was very confused with Mary, but he took all the love he could get, sometimes even more and it is said, that with sometimes even craving more from Mary, the old lady kept her joy in life even though she sometimes had a sad dog. Pluto was sad the day Mary passed away, but he also dreamed of a better life. A life with unconditional love from someone just a loving as Mary had always been!! But Pluto keeps his hopes high to find a person just as kind as his wishes. One day at the center a big family came seaching for a dog. Pluto had his hopes high when they walked past him. But he got disapointed when they walked right right up to him, but smelled even worse than Mary after her 99 birthday. That stink was definitely too much was his thought. Luckly they found another dog at the center. The next day another family came by. Pluto had his hopes up again and the family seemed interested , but did then none the less decide for a little Chihuahua, which Pluto really couldnt understand, but one day, after a long time waiting, and older lady came by. She reminded Pluto of Mary, so he wished so bad that she would find another dog. Pluto wanted more love than every human could ever give seemingly. So when after the old lady a giraf walked into the center, looking for a dog to adopt. But such things doesn't happen in real life, so Pluto knew that is was a dream he had. When he woke up the center was instead filled with dolphins!! Pluto was totally confused! This wasnt what he imagined as a new owner either..he maybe had another dream he thought. So when he woke up for real, the center was filled with families trying to find their new best friend among all the lions, tigers and the three dogs left, including Pluto. So his chance to finally be picked was pretty high today!! Pluto had his eyes on one specific family with six kids. Pluto thought that might be just enough love for him. That specific family only looked at him, and did fall in love with him instantly!! It was the same for Pluto, and it just felt like complete fate for the family and for Pluto. Pluto finally got the family he had been wishing for and all the love that Mary wouldn't give to him. He could now finally live a fulfilled life with love and joy and a real family. It felt like home the moment he stepped into his new house and they lived"
"WXfjYvL0j5iHL8rllFn1","Flipflop, the breakdancer. They had been keen to breakdance ever since they were a small kid, and had been dancing in class nonstop to the great annoyance of all the teachers. One day, a teacher had enough and he kicked Flipflop out of the classroom. This was the beginning of a life-long journey away from schools and teachers and toward dancing. Flipflop trained more and more and by the next full moon, he was able to make flipflops like never before. He danced and danced and he dreamed that one day he would dance all the way to the moon. However, the teacher that kicked him out on that fateful day continued to haunt him. However much he begged, his parents would not let him stay home from school, and this wednesday he was once again forced back into the classroom of the gruesome teacher. He tried his best to sit still but the rhythm in his body would not be contained. It seemed like music was playing outside, and the urge to dance became stronger and stronger. He asked to go to the bathroom, and ran out of the classroom as fast as ever. Outside the music was everywhere and it took over his body. Suddenly, he was dancing around the room and up the walls and his dream of dancing to swaggiejackie at the world championship seemed as close as ever. He swirled around, almost floating - as if the laws of physics didn't apply to breakdancers like Flipflop. On and on he went until suddenly his feet lifted off the ground. He continued to spin out the door and his dancing body swirled upward in the greatest Flipflop he had ever performed. A voice called out: ""Hey kid, where do you take classes man?"". A man standing by the fence looked up from under his giant yellow hat. Flipflop had never taken a class so which he yelled back. ""Take me with you on your dancing journey!"" the man yelled, and Flipflop agreed. His name was Jean, and from that day on, they became the best partners in crime, breakdancing in symbiosis. One day they looked at the world championship of breakdancing and it turned out that the next championship was actually taking place on the moon. His lifelong dream of dancing there, would come true after all. Jean and Flipflop sent in the application to the elon musk foundation, which sponsored the travel costs. Only a couple of hours after sending it in, they got a call saying that unfortunately, they would not recieve funding as Elon was sick of helping people because he has a bad guy. If they wanted to go to moon to dance, they would have to pay themselves. ""Aw man, what a blow!"" said Flipflop. A disappointment lay in the silence. ""Maybe we can raise the money"" said Jean, but Flipflop had a better idea. ""Or maybe we could just dance all the way?"" Jean was a bit skeptical at this idea because he had never danced above the ground like that. ""What about oxygen?"" said Jean. ""I think my uncle has some oxygen tanks, he deep dives a lot"", said Flipflop. ""Come on man, we've gotta try. When else do you get a chance to dance on the moon. Jean couldn't argue with that so they got the equipment from Flipflop's uncle and soon they were ready to go. They grabbed"
"WYnhagFwtR0bJ9vucGsm","It was a cold December morning and last thing Maggie wanted was to have to leave the house. But life had other plans for her day, when she woke up she was prepared to have her usual cereal with milk for breakfast, but she realised she had forgotten to buy new bowls as her cat broke the last two she had left in the house. She could have asked a neighbour for a spare one, but she was not very liked between the neighbours, since she was considered to be a brat that ruined the neighbourhood, never left the house and was rude to everyone except that cute boy on no. 25. Well now she has a good reason to start a conversation at least. But how can you randomly knock at someone's door and start a random interaction, like this? She was scared of seeming weird or that he knew what people said about her or her past. But this might be her only chance of having a real conversation in such a long time, or to see another human being out of her usual ghost friends. Maggies decided she would then go and knowck at Greg's door and ask for a bowl, how bad could it be, after all? And there he was, standing still and staring at her confused, as if she was the first person he had seen in pyjamas walking to his front door, however when he looked a bit more he seemed to be very intrigued about that strange girl he had never seen that somehow looked so familiar. But where have they seen each other before? Does she remember him as well or not? She walked a bit more towards him and he started to get a glimpse of an old memory, of something so long gone he had almost forgot. Her scent, something so unique that brings back so many memories. He thought it was all gone, but where has she been all this time? He wondered. She then opened her mouth and said her name, oh so she did not remember him, she explained the situation so quickly as if all she wanted was to get out of there as soon as possible. But he couldn't even listen to the words coming out of her mouth because he could just see that little girl, with curly braids and brackets whom he used to have the biggest crush on. Was it actually her? How was it possible that she was standing right in front of him all those years later? And how could she not remember him? He thought that embarassing moment between them at the school yard had totally traumatised her, so she would certainly remember it, but she has totally forgotten about that incident and about him apparently. He didnt even knew where to start or how or if he should tell her who he was, maybe he could get to know her before trying something out? It was crazy that his feelings were the same after all this"
"YprMqddWHK39musGQ4si","a dog that lived in a small house in India. The house was made of cement and dog biscuits, so it smelled good, but it didn't smell AMAZING. And it was actually a cat. It liked living in India, because there was a lot of good and spicy food. The house was very small and smelled okay. Its smell is subjective. The dog/cat wasn't really sure what it was. It had a tail, four hands and a small pet hamster. What an identity crisis. Yes, there are hamsters in India, and they are only owned by cats/dogs. That is a simple fact. The pet hamster lived with the dog in the house. The dog and the hamster always had dinner together, and one day they met Julia Roberts. She was filming Eat, Pray, Love. She got inspired by the beautiful friendship of the hamster and dog/cat, and decided to try and leave the film industry for a while to live with the dog/cat and hamster the way God had intended. She had had her spiritual awakening. But the dog/cat and hamster kicked her out, and she had to live on the street for a while. They looked at her with disgust every time they walked by her. She instantly regretted leaving her glamorous lifestyle . Stupid of her to think that she would be a part of the club. One day the dog/cat saw an eagle in the sky. The eagle screamed its eagle noises, and the dog/cat became scared, when he saw its big, sharp claws. The only solution was to jump on top of the eagle and fly to a land far, far away. The hamster was sad at first, but then it moved in with Julia Roberts. Julia was famished and pale, and hamster had sympathy for her. ""Maybe I can have a pet Julia Roberts"", it thought. So he was now the master of the house. Julia regularly served him a plate of fruit or a glass of wine. But the house still smelled like dog biscuits, and was far too small for them. The hamster wanted to move, but also couldn't bear to say goodbye to the house he was so fond of. Since Julia was a house slave at this point, she wasn't so fond of it. So she ran away. the hamster looked in pain at Julia running back to the film crew. He spat on the ground and lit a cigarette. ""She can't handle the lifestyle,"" I thought. This inspired the hamster to work on his music and get that record deal he had always dreamed of. A tortured artist. No one knew all the things he had been through. So he hopped on a plane to LAX with a dream and a cardigan. He jumped in a cab, here he was for the first time, looked to his right and he saw the Hollywood sign. He though, ""this"
"bF3wySQHXxUL66FkpR9w","a mouse who wanted to explore the world; it lived in a quiet, peaceful meadow, by the river, and it recently befriended a lobster that had explored the upper parts One day, the lobster asked if the mouse wanted to go to the mountain in the horizon. A little hesitant, but also intigued, the mouse asked the lobster to give it a day to prepare. The mouse went home and found his hiking boots, and prepared a big meal to take with and share with the lobster. The next day they were on their way, but before they even knew it, they were already facing their first obstacle; a passage that seemed to be guarded by two foxes. The mouse was scared and asked the lobster if they can take an alternate path, but the lobster insisted that this was a great opportunity for personal development. The lobster thought out a plan to distract the foxes, by essentially using the meal that the mouse had brought along. The mouse reluctantly agreed, although with the condition that the lobster will have to find and make dinner for them later. They hid the meal in some nearby bushes, and slowly the foxes began to pick up the scent from the meal. They both left the passage, and the mouse and the lobster quickly ran through the passage; soon, however, they encountered a third fox. It was looming over them, and the lobster readied its claws to attack, but the other two foxes were suddenly back and got a hold of the mouse. This put a stop to the lobster's attempts to escape, and so they were captured and brought to a nearby thieves' camp. The camp consisted of other foxes, some wolves and also some weasels. One weasel felt bad for the two friends though, and took pity on them. He decided to help them out (in exchange for the mouse's hiking boots). When everyone else were sat around the fire, he freed them and pointed them in the direction of a shortcut that would lead them right to the mountain that they wanted to see in the first place. The two quickly made their way, going through winding tunnels and essentially a labyrinth. A faster way did not neceessarily mean easier. At one point they thought they found the end of the maze and came out to a small grotto inside a cave; they determined that they must be at the foot of the mountain right now. Suddenly the mouses stomach growled; after all, they lost their big meal. But perhaps there would be food on the other side of the mountain! They started the steep climb, and before they knew it, they stumbled upon what seemed to be a storage room; tons of jams and conserved jars of pickles and fruits. The two stopped for a quick snack break before resuming their climb, now with newfound strength. The sun would be going down before too long, and the mouse really wanted to reach the top soon. But the lobster did not seem too worried with rushing. The mouse was frustrated with the slowness but relented, being a little tired itself. Eventually, at around midnight, they found themselves finally reaching the peak. The moonlight provided enough light to see the beautiful view of the far land. Then the mouse realised: yes the world is dangerous but also"
"cUrf0q4FWuzVfOPnH1a7","The mighty duck, Alfred, resided comfortably on his thrown, with his little golden crown. With a sharp smug he awaits the feathered prisoner who slowly marched to the scene with his head weighed down with an iron collar, led by his majesty's guard. Once-pale skin, blistered with tar - a lesson and warning to the masses of people, whoever had a shred of an idea to revolt against the monarchial regime. ""HOW DARE YOU"" the king verbally accosted. ""What say you now, noble rebel?"" inquired the sovereign with a wry snarl. Silence - the crowd waited. A weak moan ached through the hall. ""Aha, no tongue commands no duck!"". The anger fueled mammal stood on his two yellows, with high might and prestige. ""That is an upmost offence you have committed.."" the crowd awaits in suspense. ""Bathing in the bathwater of the blessed prophetess is a rite reserved only for the epic Mallards of the sanctuary. And you thought you could control the magic? What powers were you hoping to achieve? For a duck of your stature, I must only assume the worst of intents. Answer me! Peasant of the far lands!"" The light of the stained-glass windows shattered on the face of the prisoner. Again, the sovereign awaited a meek cry from his hostage. The prisoner steadied himself both wings. A glare of vengeance beamed up to the thrown. A mighty ""HONK"" boomed through the JBL speaker hidden under his feathers. The entire crowd of ducks kneeled in upmost defeat, acknowledging the true king of the high pond had not yet defeated all pretenders. The prisoner was but a vessel. As he collapsed, the Jester of the Burdened laymen appeared - growing from the size of a bean, spat from the beak, to a full fledged Mallard of golden wings. ""Your time awaits Alfred, it has been way too long and way too dreadful"" he uttered as he stepped closer to the king. Guards rushing to a confused formation, it was clear that their loyalty started to waver. The pain of the king's rule could no longer hold the masses in check. ""The Firebreasted-Phoenix!"" cried a duckling from the crowd, the realization setting in, chilling the guards who were losing faith. ""The prophecy.. its true!"" the head of guards shakeningly confessed. ""You think this power impressed me?"" mocked King Alfred."" The power you stole has been my study for decades!"" He clutched the vial pendant on his chest and torn it from the necklace . ""You shall be witness to true power.."" he mumbled as he swallowed the pendant in one gulp. ""You fools!!"" he exclaimed as he gruesomely started to grow into a beast of dark age lore. A beast thought to only exist in children's tales to keep them from the forests of the far lake. The King's body warped, tearing though antique silk and bursting his buttoned cloth, blocking the only source of light in the royal headroom. Only to reveal, the foul beast they all once heard of, ""..the Pigeon"" the Jester whispered as a drop of sweat painted his new sizzling form. The Beast King stood and his new bones cracked into place. He let out a terrible ""SQUAWK!"", and lunged at the Phoenix in the center of the court. But as they touched, powerful light illuminated from the clash of the claws. ""You stand no chance Alfred! The people will get their freedom!"" the firey beast screeched as it arched its back and hugged the tyrant. ""NO, YOU FOOL - YOU--"" he cried as they melded into an amorphic mass. With the king and pretender now gone, the people were free to path ahead into"
"fIf2ccAs4ZpVTP7BBoxp","A young CEO with a dream. The dream is deeply rooted in personal memories. It all started in Austria, in 1968. It was the peak of the summer of love , starting at the ice cream store right outside the office. . Lisa had just left an important meeting and was now heading down to the river in the middle of the city. She wanted to take her bike, but forgot that the tire was deeply flat. As she started to hike, this made her meditate on the beautiful nature surrounding here. The river through the hills and the trees moving with the wind. She has never really been much of a outdoorsy type, but on this particular day, the world was just stunning!!! If only she had some kind of way to capture the beauty of this very moment, she thought to herself. But her phone had just died. Crap she thought. Now she couldn't share this on her instagram story making her feel rather unsatisfied, unseen really. If only my friends could see me now, that's what she really wanted. If only a device existed that could make them see what I saw.She continued down the river around a big rock when she saw something startling. A otter was lying on its back, ever so peacefully. This, she knew, was truly remarkable. She squeezed her eyes. What if a simple twitch of the eye could upload this to the tv of her grandparents. She didn't see them often after moving, and they were always talking about the beautiful nature they had seen when back-packing across the country after graduating from university, exactly as the 60s were ending. They were both biologists, fully invested in the emerging ecological movement to save the environment from being destroyed by human beings.Lisa thougt that was a bit dramatic. Like many of her friends, she had adopted a sort of pragmatic and techno optimist POV on the ecological situation. Surely, she thought, these problems could be solved through new technology In the middle of her daydreaming she was brought back to the present by the otters splashing. Two birds were heading north, in the opposite direction of the river flow, away from the city. Perhaps a metaphor? Unlike her grandparents, Lisa didn't just observe the world. She wanted to change it. For the better. But how could she do this she thought. She didn't know anything about technology or the otters in the river, nor the birds in the sky. She did, however, know a thing or two about the flows of capital, the flocking of stocks, of human energy concentrated in economic development. But people are not interested in making the world a better place. They just want more stuff. And this it seemed to her, was probably a good place to start. What if it was possible to use the power of human material desire to manifest a brighter future? To reverse this evil cycle of buying stuff and ruining the world into buying stuff and helping the world she had to think big."
"fcEeCffFk5SmTIeQXKQN","two little birds who decided to travel to Africa not for the winter but for the summer. One of the little birds was called John and the other was called Marc. They wanted to go to Africa because they wanted to go on a jeep safari. Their big dream was to see an elephant and ride its back all across Africa to see the wilderness and explore the continent. Marc was particularly interested in how the elephants find water on the savannah. Marc had heard in bird school that elephants have a special ability to fin d water in the most barren of places by smelling it. He wanted to get a drop of water and see if the elephant smelled it. Now he just had peed. And to his surprise, the elephant smelled it immediatly. The elephant started drinking it, and it really liked the way that this was not actually happening. Marc had just imagined it, and decided that he was not going to travel to africa anyway. He decided to travel to the north pole. He had to have a serious talk with santa claus. He forgot to give John a heads up about where he was going, so John went to the South Pole by accident. But Marc had to complete his mission of getting an elephant to drink his pee. Therefor he flew to the zoo on the south pole, where they had a lot of elephants that had no way of drinking any fluids because they had serious digestive tract issues and were in the special elephant doctors office. Therefor Marc went in to the zebra enclosure. The zebras where not as smart as the elephants. So Marc took pity on them and every other living creature, and decided not to pursue his plan. He decided to go full send and try to prank John. He made a plan. First he peed in a cup. He placed it in front of John, and said it was just as terrible of a plan as their previous plan was. They both decided to not conduct any experiments anymore and just live in a peaceful world where no one has to drink pee. But the peace didn't last long. All of a sudden Marc and John got into a psychosis where they thought that the peace would stop but then the psychosis was over and they were free . The interesting part of the psychosis were that it came from smoking caribien weed they had imported with help from the bird mafia back home. They became affiliated with the bird mafia a little later on and gott in trouble with the undercover police. Their smuggeling ring was infiltrated by a cat, and both marc and john was sent to a high"
"h9mEvTqoZyrUb6cj1fxu","the girl with the blue dress. Sofie was walking down the street one morning, the smell of freshly cut grass filled the cold morning air. The sun was shining and suddenly a man greeted her, he was a tall, handsome and almost dreamy to look at. You were lost in his eyes for a couple of moments. Magnus, he was called...He had long, thin hair, tied up in a very small ponytail with a goatee. Sofie was struck by love, she was completely captivated by looks and his eyes, his sense of fashion and that smile... it enlighten something inside of her heart. He instantly melted her heart as he nodded his head and made a clicking sound with his mouth. He said, ""hey girl"". Sofie looked at scared but intrigued, somehow her heart beats faster and she gets flustered. Then he suddenly asked.. ""Which bus are you taken? we take the same bus we take bus 2A, up to where Sofie lives. She was intrigued and a little scared, as Magnus walked right behind her all the way to her apartment. She didn't know until his deep voice awakened something inside of Sofie's heart. ""Do you wanna come inside for a cup of tea Magnus?"" I asked him Magnus did the head nod and clicking sound again. I found it intriguing...Was he...Sexy? I couldn't figure it out. He said yes to the cup of tea, i would rather have coffee, but then I looked at his lips and eyes.. was he sexy indeed? I was somehow conflicted, but I still served coffee and face card. I'm always serving...in multiple ways. Magnus said that he had wanted to talk to me for a long time, i just wanted to go to sleep but he insisted that we could continue to talk and that he could spend the night. I was unsure about what to do but.. there was something in his eyes that lead me on to say ""no...i think you should go home"" ""you should go home, and cut your hair, i'm not feeling the ponytail"". Magnus got a little mad at me, but then I looked judging at him and roasted him and cross my arms like the queen I am. ""This is my apartment, go home and take a shower mr. stinky"" you don't belong here. ""We are just friends, when are you going to understand that? You shouldn't follow me home, it's creepy. But I'll see you at the friday bar tomorrow. ""But Sofie!"" he shouted, ""I want to be with you and only you- you don't understand but-"" he continued, ""NO Magnus, GO HOME"" I shouted. Magnus bend down on his knees and begged ""Please take me back. You're the one, the only girl i've ever loved"". I stuttered...""Sorry i called you stinky, i was frustrated...You know i love you, but it's complicated. ""I'll cut my ponytail for you- I'll change for you, I'll be better for you and I'll stop wearing the red and blue shirts I always wear at the friday bars, I promise"" He shouted yearning for me ""but it's not about that. I love how you look...I'm just trying to come up with excuses for us to not be together. My dad doesn't want us to because of our cultural differences... You know my father doesn't approve and he doesn't support our relationship, we were never meat to be Magnus"" I looked away sad and"
"hPlwWqqkemjjNa4Ny4nr","Once an upon a time, a princess lived in a small town in a far away land. The princess was an only child and therefore was under immense pressure to secure the continuation of the royal family. However, there was one problem. The princess really loved being drunk and going out to dance all nigh with her best friends. But the kingdom did not like it. they were scared that any potential baby she would birth, would have severe impairments from all the drinking she was doing. The princess refused to give up drinking but instead practiced safe sex so no baby would be born before she was ready to be a mother. She did not know if she would ever feel ready to become a mother?! How could one, when the thought of a cold beer felt so refreshing. The thought of a coffee was like a walking on a pink could at sunset. But she knew that she one day had to be ready. And she would be a great mother, she was sure of it. She would show her child how to have a good time, and hopefully, their children would not have to face the same judgements Already, some people were begning to be more understadning and still supported her. It was mostly the old stuck up elders, who had been young during the war. She suspected that they were jealous that they did not get to go dancing while they were young and free. Maybe she should use her power as queen to get the elders out to flæk floor with her. Then they would see how it feels to do the worm across floor ten tequila shots deep, smashing your teeth into the floor, loosing perhaps a bit of slef rescpekt. But always having fun memories - the nights she could remember. It was memories she would always cherish. When she presented her dad with the idea; to invite everyone over the age of 65 to a big party, where dancing would be for everyone, the king was very exited about the idea. He had his people made the invitation as soon as possible. He himself, was especially looking forward to the topless bar service! He suspected that this was something that would hype the elders who had only seen soggy breasts for a long time. Maybe some of them would find new love or lovers, after they lost their life companions. The princess found this idea of topless service a little unnecessary, was the prospect of a party not good enough. People should not come for the purpose of naked people but for their minds and love. But she was in no way oppedes to the idea either. She knew that one can tell a lot about the character of a man from the shape of his nippels. And she was looking for a"
"noaceHjzkirRMoHnkT4V","A long time ago in a land far far away lived a small tortoise. It was not, however, a regular tortoise. This little fellow was a particularly stinky and foul smelling creature named Paul. Paul was lonely although she had a couple hundred siblings. One day, Paul decided to go and find some friends, somewhere else than the beach, which she knew was THE place to go when trying to get friends. So Paul packed her shell with beach towels and sun screen and headed off! On the way Paul noticed the expected amount of sick. But she was used to the smell. So she scootched on along the divide between forest and beach. Suddenly, a flash of light caught her eye - much like that of sun reflected . What was that? In the distance? Could it really be a creature undeterred by the foul foul air that had filled the surroundings? Paul went closer to the palm tree. When she finally made it over there, there was nothing to be seen. Oh, well, time for a rest. She sat down for a while thinking about the flash of light she had seen. She had really hoped it could be a friend, but alas! It turned out to be yet another dissapointment to add to the pile. She packed up her towel and started turning around., because she had to be home before sunset. As she turned, another flash of light caught her eye, this time it came from the heavens above! A great booming voice came from the skies and it seemed to Paul to tell her to ""take a shower""? ""A shower?"" Paul thought. Then rain started pouring . ""Oh great!"", Paul shouted at the sky. At least she had her shell to keep der dry. But what was happening? It felt like her shell started rocking. The rain kept pouring down and she could hear the sound of the drops on her shell getting heavier and heavier. ""What was that?"" she said to herself. Her shell was melting! It poured down over her face and legs, and soon the shell was completely gone. She stood all alone and shell-less on the beach in the shell-melting rain : A little shell-less naked tortoise alone in the rain. At first Paul was confused. Then came the sadness - her home was gone. But then... came the feeling of burning in her loins. A new sensation, a good sensation, a sensation making her feel more lonely than ever. CRASH! The loudest noise Paul had ever heard filled the air. She felt inspired to go on. She was ready to face the world! The loud sound filled Paul with passion and made her focused. She decided to go to the source of the everlasting friendships. She could see everything clearly now, and she knew that she had to find Ursula, the sea-witch. In her cave, Paul would find the friends she yearned for. ""I must go to the ocean!"" thought Paul. She than collected all her remaining strength to do a backflip into the cold waters of the ocean. She felt the crash of the water against her naked back. Swimming was a lot easier without the heavy shell. At the bottom of the sea, she saw a cave surrounded by white sharks. This did not frighten her. Her will, passion and burning loins drove her forwards with a speed unheard of in a tortoise of her size. The sharks had not yet noticed Pauls presence. But as she hurried past them, the biggest one opened its mouth, bared its teeth, and said ""Hello, Paul"". Paul couldn't believe it! Finally she was reunited"
"qVjn3NBZDrc5qwoYuKfa","a fish getting lost in the mountains. When you're born as a fish, your world is quite limited. However, you get to enjoy minimalist life. Eat sleep fuck repeat. Sometimes you worry about fisshermen. But that depends on what fish you are. For example, if your name starts with an E, you are more prone to have been born as a clown shit and you spend your life not really thinking about the environment, in which you life. But if your name starts with F and you are from Czech Republic you might worry about bigger shit. You are more prone to be very educated and spend your time fantasizing about the outside world. Fish in our story was luckily not born as a clown FISH (typo earlier) and it was born as a big sexy shark. The king of the ocean, getting any female shark he could dream of. On average he´d have like 6-7 of the hottest latino shark baddies. But lately, he was feeling very lonely, no companion could fill the void in his soul (and booty hole). In a conservative fish world, he could never admit to being a bisexual. So therefore, he had to reserve his inner self for the the weekends when the city become more alive and open-minded. When the clock hit 3 am. All special brothels opened. Our shark, whose name is Vojtech, worked in one . This week, he touched a a sexyyyy massive pink... jellyfish of course. Side note: you know what else is massive? Low taper fade. Anyways, back to the story, it was a sunny day, not that Vojtech would now, his hood was deep bellow surface where no sun, sadly, could reach any of is body parts. The good part of the fish world is that there is always a clear race distinction. No tanning or spray tan by Tana Mongeau. (reason why fish Trisha Paytas was never discovered) Vojtech was a nice, friendly guy who was too nice to eat other wise so he was a skinny legend. Unfortunately, there are not that many calories in fish coochie so altough he ate a lot, he ever only lost weight. One day, he decided to change that, he swam away and moved in with Sandy the nut collector from Most. Sandy was a REAL slut. She was like Bonnie Blue of the fish world. She did not care when, what, where. All she wanted was that fish BONE people choke on at Christmas, for her, it only carried happy memories. Our shark got gradually so much happier and less lonely. Sandy brought so many men home and Vojtech could enjoy as many BONES as he wanted. Everyone got"
"r47jfYG4ULZMEexvVeqs","a lady in a red dress, who sings at a local bar every thursday night. She is paid in champagne and all the locals know her as the roaring ladybird. She loves singing, and wants to pursue it and do it for a living, instead of her cleaning job. But her husband told her she does not have the talent to make it big. Sometimes she wonders if he is right, but then a wave of determination floods her mind, and she keeps singing her favorite tunes. The song ""im gonna be (500 miles)"" is blasting from her throat. People are cheering. This has to be the right path for her. She gets an idea. She has to audition for X-factor! This is how she will finally become a household pop-jazz icon! She runs to the stationary conputer in their office and with shaking hands she signs up for the audition taking place the coming month. Now she just have to practice everyday. And that she does. Whilst cleaning the dirty toilets, her angel voice, that also has a sort of raspy quality, rings from the bathroom stalls. Her boss even askes her to tone it down. Unknowingly, the has attracted the atention of a coworker who secretly plays the guitar very well. He hears her singing and one day asks her to be alone. He wants to form a duo with her. The roaring ladybird was conflicted. She was flattered at the offer, but would she be able to share the spotlight with? On the other hand, duos often get far in X-factor. However, maybe she could make her husband a bit jealous at the same time? That would not hurt. She decided to take a few days to think about it. Her colleague looked excited at the idea of working together with her, and she liked the feeling of admiration that evoked in her. She mentioned the idea to her husband. He was furious. How she even considered to consider singing with a man in a TV SHOW baffled him. But after 4 hours of heated discussions, he gave in. But only if she promised to send him videos of them practicing every day. He was a body language specialist and wanted to monitor their sexual tension. Well, she gave in. At their first rehearsal they decide to sing a cover of a dua lipa song jazzifyied version. She was surprised at how well he could play jazz. Not every one could od that. But of course she did not let him know that. She wanted to keep him humble in case they made too much progress and it would make him obnoxious. According to the roaring ladybird, men should be kept in a short line. She made the mistake of letting her husband take massage lessons once. When he came home, he had bruised her beautiful body all over with his rough massage. Never again, would she let a man walk over her like that. So when it became time for the audition, she was keeping the colleague in check. This proved to be the right decision because the three judges loved their performance and sent the duo straight to bootcamps. Now they only needed a name. But she was out of ideas. But one day her coworker suggested Ladybird and the hot colleague. She said no. Instead they went for the"
"uSUBQk0ZgGhDzjY8qQwb","There was a gir who always to chase her dreams but there were alot of difficulties around her way. But somehow she managed and chased her abroad dreams but now the dream was about to crash once again. She was in London, the city she had been dreaming about for her whole life. One day she received a letter from her ex-boyfriend that he is also coming to London to visit her. But now she is going in depression because she was anticipating this to happen. She left India to escape her ex-boyfriend and live out the dreams that he would not allow her, but now her worst nightmare would come true. The only way to escape from his ex to show him who she has became now - a strong independent girl who is not afraif of him and don't need his ""support"" all the time. Their relationship had been toxic in many ways, and he would always make her feel like she really needed him – which she didn't. But he manipulated her She went to have a good haircut and some other services to enhance her herself. She bought the car she was saving up to, and felt ready to face him. Two weeks passed, and he suddenly stood on her doorstep. He had brought lots of roses, trying to convince her to be with When she saw him instantly she remembered all the love between them and her heart started to convince her that may be he is changed now but a small voice inside her told her: No! You should not do this. You are so much happier without him. Don't let yourself be fooled by him. Not this time! And she closed the door in his face but before closing the door she hold the roses from his hands and threw towards his face and told him no man can be changed - you all are here the same. Let me go and don't come back! I'm done with you. It was very silent when she had closed the door. He didn't knock But this time she is relaxed and satisfied. She never felt this much relief as she is feeling it now. Now another life is about to begin. A few days passed by, and there was no sight of the ex. But one day, as she was standing by the window to do the dishes, she noticed something moving outside in the backyard that a boy from his office is here to meet her and she always saw affection and respect for her in his eyes. and now he is at her gate to meet her. she puts the dishes away and goes out to greet him at the gate. He says: ""Hi Laura. I just thought of you and wanted to stop by. Do you want to grab a coffee with me?"" She thought about it for sometimes but this time she wants to try her luck again and said okay to him. She asked him to wait sometimes so she went inside and changed into some nice clothes. Then they went to a coffee bar, and he was being very nice to her. He paid for her She reminded of her ex as she always have to pay with him but this guy is showing nice gestures and she always notices alot of good things She was starting to feel butterflies inside of her. After drinking the coffee, he asked her if she would want to see her again, and she"
"vtVEZIgMKoEkI6hoyJnd","Gertrud. Gertrud was a lonely old woman closing her 89 years. She has 3 cats and 2 dogs, thinking it was a good time to be alive. However, one day a piano fell from high above the clouds and landed on all five of her pets. Gertrud was livid She screamed in joy while the people around her were astonished about the phenomen that a piano and not an guitar fell from above. She was happy she didnt have to clean up the piles of squashed cat guts and fur, and set off the the supermarket to buy more melons; she urgently needed those melons to fake her pets smashed heads to get the insurance money that was sat to make her a billionare. She always dreamed of getting on a big private jet and flying to outer space with all her friends: she had none. And ""planes can't fly that high"" a clever man once said. But she didn't believe it. If a dog could be send to the moon and survive on the way back and she could survive all the rollercoasters in six different continents all over the globe, she could damn well survive a trip to outer space. After all she wasn't just any old lady. She was a grandma who survived raising 10 grandchildren and dealed with multiple x-lovers, who wasn't as spicy in bed as Mike Tyson on cocaine. ""Mike Tyson on cocaine is the best sexual partner a woman can experience"" her niece had always said to her, that she should watch him in the ring doing his thing, she said. Gertrud knew exactly what she meant. She's been through the whole thing when she put her children up for adoption in 1978. She called Mike Tyson, who was in the middle of drawing a cat, and asked if he wanted to go to her 4th husband's funeral. He died of an heart attack the doctor said, but Gertrud knew him too well, and his heart was strong enough to pull through, no. SHE KNEW THE DOCTOR WAS LYING. She had to make sure he never opened his mouth again. So she took a roll of duct tape and and a casserole from her kitchen. The things you always have in the house, you know? She had to frame the doctor for HER murder. She brought her stuff to the train station where she started a new-age band with Søren Rasted from Aqua. He had nice hair and always talked about the deep voiced singer in his band. Rene Dif, he was a handsome man, he said. And if it wasnt for the society norms and perspective of people in general, they would DEFINITELY FUCK. But unfortunately they lived in rural Russia, where sexual norms were outdated and totally outDATED. Well backtracking to Gertruds agenda with the tape and casserole.. They took the train, and parted ways she had to stop by the morgue to discuss coffin-options. Then she jumped very high with a lot of force, all the way to space, where she met the grand pianomaker and Billy"
"xmFgQW5bh6PcMW6uXdYJ","two people, who randomly met each other at university. And yes, it was random - because as it turned out, they didn't study the same subject, but one of them, Ian, was strolling through the university park with a beer in his hand. It was summer and the new semester had just begun. Clara, who walked through the park occupied with her thoughts, suddenly bumped into Ian and spilled her hot coffee all over him. ""Sorry!"" Ian replied ""it's alright"" and began to move on, now with a stained white shirt when the guy with Clara held him back and asked him ""hey - it was not on purpose, you don't have to be so rude about it"". Ian looked surprised at him and Clara tried to neutralize the situation, but the guy wouldn't stop glaring. So Ian decided to use some quick thinking. ""Sorry im shy, and you are really pretty"". Clara blushed, dragged her friend away from the situation, wondering what had just happened. But something was in the air - and she could not figure out whether Ian had meant her or her friend Brian. Hopefully time would tell, afterall the year had just begun, and Clara did not want to anticipate anything. The next day, Casper would not stop talking about Ian and his rudeness. Clara grew suspicious - how could she get the man to talk about SOMETHING else than the pretty boy from yesterday. As she was rummaging through her cupboard , she found the picture from last summer depicting her late father. The funniest man she knew - unfortunately he was not brave enough to come out of the closet, and this would now become her motivation to make Casper realise just how fucking gay he was. No man should be closeted in EVER. Clara thought back to the camp, where Brian got his nickname Casper - and wondered why this had stuck. Maybe it just fit his fucking gayness ..yeah that's probably it. Anyway, Clara arose from the floor where she had been pondering and walked to the livingroom, where she found her mum lighting up a huge joint. ""Really, mom, again?"" she screamed, while grabbing her jacket to get the fuck out of there. She called Casper to ask if he wanted to eat lunch together. There was a new hotdog stand near the stadium that she wanted to try out. And the local soccer team was playing a match tonight, so maybe they would both get a kick out of watching hot men running around sweating, with a hotdog in each hand it certainly would provide great entertainment for the afternoon. Casper seemed to be in a great mood today, so maybe they could go to the pub later on as well. Clara needed to get drunk - as soon as possible! It had been a rough summer and she couldn't wait to get to know the local pubs. She started walking towards the"
