timestamp,author_1,author_2,conversation_id,respondent_id_u1,respondent_id_u2,interaction_count,condition,edit_distance,turn,starter,author_1_type,author_2_type,starter_side,starter_type,complete_exchange,analysis_turn
2026-02-02 16:43:46.514000+00:00,"The great feast in Aarhus. Everybody had gathered down at Le Coq for ""Mad og Fad"" where people get a beer and a plate of food. Everybody was so excited for what was",going to be a long evening with lost of miscellaneous activities. Everyone met up at exactly 18 o'clock and greeted everyone happy to celebrate the start of the,conv_5a79283828714d6fbdb7c9ff1b4c28e7,W5HM3L1Y97J9,,1,human-human,5.0,1,author_1,human,human,author_1,human,True,1
2026-02-02 16:49:34.952000+00:00,"Feast. Some people showed up hammered already and the rest were in the process of getting there with ""Chartreuse on ice,"" a delicious trademark of Le Coq. Then Simon stood up.",to announce his drop-out from university and that he was going to travel to every single country in the next year. Everybody was surprised but very excited for him. They cheered,conv_5a79283828714d6fbdb7c9ff1b4c28e7,W5HM3L1Y97J9,,2,human-human,12.0,2,author_1,human,human,author_1,human,True,2
2026-02-02 16:58:06.170000+00:00,"He then also told them that he was gonna do so in an 18 ft. People were shocked. He was in for a ride. Or as some would say, ""the time of his life.""","his life"". They were actually all almost at the end of their studies and started planning trips according to his travel route",conv_5a79283828714d6fbdb7c9ff1b4c28e7,W5HM3L1Y97J9,,3,human-human,18.0,3,author_1,human,human,author_1,human,True,3
2026-02-02 17:02:27.290000+00:00,"People loved the idea of sailing, and in a matter of hours, one of his friends had also bought a boat from DBA which he was going to follow him along in. And more friends joined. They had","actually planned out all of their next year in a matter of minutes, maybe with a little bit of alcoholic fuel but the plan is standing. Next they will be meeting to draw the route on",conv_5a79283828714d6fbdb7c9ff1b4c28e7,W5HM3L1Y97J9,,4,human-human,9.0,4,author_1,human,human,author_1,human,True,4
2026-02-02 17:07:38.894000+00:00,"One was saying ""Greenland! We need to save them!"". Another yelled out ""Cuba! I want cheap cigars!"". Another ""Russia! I want vodka!"". But then Anne","fell down head first from the table after dancing ecstatically and losing the balance after twirling 20 times at once. No one was able to catch her, so she landed on the wooden floor",conv_5a79283828714d6fbdb7c9ff1b4c28e7,W5HM3L1Y97J9,,5,human-human,14.0,5,author_1,human,human,author_1,human,True,5
2026-02-02 17:11:14.241000+00:00,"Luckily, nothing happened to her, so that party kept going. The room was electric, and people were throwing dance moves that were unknown to mankind, almost.","taking off through the ceilig. After a couple of hours of dancing, they left the party and started heading towards the harbour to continue their",conv_5a79283828714d6fbdb7c9ff1b4c28e7,W5HM3L1Y97J9,,6,human-human,5.0,6,author_1,human,human,author_1,human,True,6
2026-02-02 17:14:00.957000+00:00,"Adventure. But it was totally dark and people were not walking straight anymore. They heard a horn from the waterside. ""WHAT WAS THAT?""","It was coming closer and closer and somehow didn't seem to get any slower. ""OH NO"", they didn't realize they had walked onto a poorly",conv_5a79283828714d6fbdb7c9ff1b4c28e7,W5HM3L1Y97J9,,7,human-human,2.0,7,author_1,human,human,author_1,human,True,7
2026-02-02 17:16:20.127000+00:00,Constructed bridge. So they decided to find a boat to jump on. They found a small canoe and all of a sudden all 10 of them were sitting on it.,"a single one. Some balancing on the tip, others on the back and the rest sqeezed into the middle protion. They stayed there for the",conv_5a79283828714d6fbdb7c9ff1b4c28e7,W5HM3L1Y97J9,,8,human-human,5.0,8,author_1,human,human,author_1,human,True,8
2026-02-02 17:18:49.244000+00:00,Entire night. They paddled and paddled and all of a sudden they had reached Sweden. A long-time dream for Simon had now,come true. They all decided to watch the surise there and then go to the supermarket to buy SMASH for breakfast. After they planned on,conv_5a79283828714d6fbdb7c9ff1b4c28e7,W5HM3L1Y97J9,,9,human-human,6.0,9,author_1,human,human,author_1,human,True,9
2026-02-02 17:21:36.366000+00:00,"Catching a shark. They threw out their fishing lines and sat there waiting. They waited and waited, but nothing happened. But they had already planned how they would cook it.","it and marinate it in Jägermeister. Since they couldn't get one until the very late evening, they bopught one at the fish market and fried it on the motor of the ship on the",conv_5a79283828714d6fbdb7c9ff1b4c28e7,W5HM3L1Y97J9,,10,human-human,14.0,10,author_1,human,human,author_1,human,True,10
2026-02-02 09:42:57.415000+00:00,"One day, two young researchers entered a classroom full of students and asked them to participate in","a push-up competion to find out, if there is a correlation between how strong people from different studies are. There was a slight twist to this since the participants were also",conv_82c654f3a1cb40b3946aa3d5a5032315,N19A2KDM98SS,DH9A4N4R13JA,1,human-human,0.0,1,author_1,human,human,author_1,human,True,1
2026-02-02 09:49:52.071000+00:00,"Ask to recite the IPA while doing push-ups. The researchers had a hypothesis going into the study. Though the students knew their IPA,",the strength of their mental state might not be enough to transfer into raw push-up strenght. The math students had to solve complex equations while sweat was dripping from,conv_82c654f3a1cb40b3946aa3d5a5032315,N19A2KDM98SS,DH9A4N4R13JA,2,human-human,4.0,2,author_1,human,human,author_1,human,True,2
2026-02-02 09:53:00.796000+00:00,"Their palms. The students, eager to beat the people from maths, jumped from their seats and began their attempt at push-ups. It","was easy at first. The two young researchers counted out loud, setting the mood. ONE, TWO.. everyone was good until five.. the music did not help at all.",conv_82c654f3a1cb40b3946aa3d5a5032315,N19A2KDM98SS,DH9A4N4R13JA,3,human-human,6.0,3,author_1,human,human,author_1,human,True,3
2026-02-02 09:56:24.793000+00:00,It was so loud that it was almost impossible to hear if the students recited the IPA correctly or not. The researchers,"seem to have a thing for Justin Bieber. It was a battle bewteen the reciting of the IPA-chart and ""Baby baby baby, uuuuuh"". The first people dropped after 6-7 pushups, the",conv_82c654f3a1cb40b3946aa3d5a5032315,N19A2KDM98SS,DH9A4N4R13JA,4,human-human,2.0,4,author_1,human,human,author_1,human,True,4
2026-02-02 09:59:09.420000+00:00,Rest kept at it and gave it their all. At 20 only two students remained. The rest of the students stood around.,"chanting the IPA-chart. They got louder and louder. The remaining two pushed and pushed. The light started flickering, then turned purple with a bright flash. The air in the",conv_82c654f3a1cb40b3946aa3d5a5032315,N19A2KDM98SS,DH9A4N4R13JA,5,human-human,3.0,5,author_1,human,human,author_1,human,True,5
2026-02-02 10:02:14.477000+00:00,"Room suddenly went dark. But the two kept going all the way to 100. They were celebrated for winning, but the","math students also did surprisingly well. The plot twist off it all was, that the two reseachers found out, that it was the biology-students, that could do the most push-ups -",conv_82c654f3a1cb40b3946aa3d5a5032315,N19A2KDM98SS,DH9A4N4R13JA,6,human-human,2.0,6,author_1,human,human,author_1,human,True,6
2026-02-02 10:04:59.492000+00:00,They did over 500 each! It made the other students mad being robbed of the victory. They all teamed up together.,"and started marching towards the university park, where the biology-students were enjoying the beer they won from the competetion. ""We should have won that beer"" one shouted. We should",conv_82c654f3a1cb40b3946aa3d5a5032315,N19A2KDM98SS,DH9A4N4R13JA,7,human-human,2.0,7,author_1,human,human,author_1,human,True,7
2026-02-02 10:07:53.401000+00:00,"be the ones celebrating. Then, one student shouted ""You all cheated!"" A bold statement indeed. But was it","really the case? Only one way to settle this: another challenge. ""We will settle this the old way"" ""To the boats!"" The boats were primitive and built not to last",conv_82c654f3a1cb40b3946aa3d5a5032315,N19A2KDM98SS,DH9A4N4R13JA,8,human-human,0.0,8,author_1,human,human,author_1,human,True,8
2026-02-02 10:15:41.004000+00:00,"But the students were experienced sailors—on the university lake at least. It wasn't spring yet, so none of","students were eager to get in the ice cold water. But it mus be done, beer is on the line after all! And with the beer in mind, they rushed into the boats. One fell",conv_82c654f3a1cb40b3946aa3d5a5032315,N19A2KDM98SS,DH9A4N4R13JA,9,human-human,8.0,9,author_1,human,human,author_1,human,True,9
2026-02-02 10:24:35.434000+00:00,"From the boat on the way over the lake, I almost froze solid as ice—luckily, I was able to heat up again.","shortly after. Once the others noticed, that someone fell overboard, the rivalry was forgotten. They all drank a beer together",conv_82c654f3a1cb40b3946aa3d5a5032315,N19A2KDM98SS,DH9A4N4R13JA,10,human-human,17.0,10,author_1,human,human,author_1,human,True,10
2026-02-02 16:44:01.100000+00:00,"to fulfill. First and foremost he needed a safe place, away from the preying eyes of cats and foxes, where he","Once upon a time a little duck walked around to find a fitting house for him and his dreams. The dreaming duck was afraid of many things, but also had many needs, which he needed.",conv_dd7f61fc0d3d4f28bc624ae4e8bef8eb,KL433MCCC7SA,,1,human-human,1.0,1,author_2,human,human,author_2,human,True,1
2026-02-02 16:47:29.840000+00:00,having the biggest duck family he could dream of. But first he needed to find a duck wifey to realize his ambitious dreams. He had a small problem. He was,"could hide from the dangers, while fantasizing about the future. The little duckling always had one specific dream that thought of",conv_dd7f61fc0d3d4f28bc624ae4e8bef8eb,KL433MCCC7SA,,2,human-human,2.0,2,author_2,human,human,author_2,human,True,2
2026-02-02 16:51:18.112000+00:00,"site called Duck Tinder. He had no success, as the other ducks with big and shiny feathers got all the attention.","Ugly, even more than the ugly duckling from the famous fairy tale. So ugly that not even the witch far into the woods wanted to talk to him. The limited search once put him on a",conv_dd7f61fc0d3d4f28bc624ae4e8bef8eb,KL433MCCC7SA,,3,human-human,1.0,3,author_2,human,human,author_2,human,True,3
2026-02-02 16:55:10.400000+00:00,little duckling became very popular within rat circles. The stinky hairy creatures from the sewers adored him. Having ripped feathers and a,"Therefore he changed his ways, and applied for a different site. The site was called Rat Hinge, and for once, the ugly duck felt prettier than the rest of the applicants. The",conv_dd7f61fc0d3d4f28bc624ae4e8bef8eb,KL433MCCC7SA,,4,human-human,2.0,4,author_2,human,human,author_2,human,True,4
2026-02-02 16:58:27.047000+00:00,"saw their horrible yellow teeth, wild eyes and foul smell. Therefore he jumped into a puddle, and rolled himself in dirt to","cock's comb, was for once an advantage. He went on multiple dates, but the duckling thought he was too pretty for the ""ugly creatures"" as he",conv_dd7f61fc0d3d4f28bc624ae4e8bef8eb,KL433MCCC7SA,,5,human-human,3.0,5,author_2,human,human,author_2,human,True,5
2026-02-02 17:01:08.567000+00:00,"his everything became a burden and his worst nightmare. He thought of returning to the ducklings, to continue his comfortable life at the cottage, where he was fed","looks like the other creatures, but as soon as he did that, the days became fewer and the nights longer. The dream, that was once",conv_dd7f61fc0d3d4f28bc624ae4e8bef8eb,KL433MCCC7SA,,6,human-human,4.0,6,author_2,human,human,author_2,human,True,6
2026-02-02 17:04:38.231000+00:00,"wanted. He decided to wash off his feathers to rid of the dirt and shame he got into, while trying to be an outlaw rat. He wanted to be","But he didn't belong anywhere. The feeling of being too good for some places, but too disgusting for others, was definitely not what he",conv_dd7f61fc0d3d4f28bc624ae4e8bef8eb,KL433MCCC7SA,,7,human-human,4.0,7,author_2,human,human,author_2,human,True,7
2026-02-02 17:08:15.449000+00:00,"a bald badass dirty duck. Someone who is no rat, but also no ordinary ugly duckling. He wanted to be unrecognizable on his return","Something else, completely different. Therefore, he shaved everything remaining off, and instead started to walk towards the mud. The new dream started forming to be",conv_dd7f61fc0d3d4f28bc624ae4e8bef8eb,KL433MCCC7SA,,8,human-human,2.0,8,author_2,human,human,author_2,human,True,8
2026-02-02 17:10:41.158000+00:00,"duck gang to be formed. He started working out to look jacked, so he can be the biggest looking boss duck they have","And to start a new clan. Not the KKK, not anything the world has ever seen before. Now it was time for the bald badass.",conv_dd7f61fc0d3d4f28bc624ae4e8bef8eb,KL433MCCC7SA,,9,human-human,2.0,9,author_2,human,human,author_2,human,True,9
2026-02-02 17:13:23.362000+00:00,". When he was ready, he got back to the duck pond to find members. On his way back, he encountered the very hungry Mr Wong, who wanted","In the mafia, the bald badass brainy Brucks was now being formed and ready to finally feel worthy and to complete all the dreams the parents told him.",conv_dd7f61fc0d3d4f28bc624ae4e8bef8eb,KL433MCCC7SA,,10,human-human,5.0,10,author_2,human,human,author_2,human,True,10
2026-02-05 09:11:05.031000+00:00,"A lonely cat, who was missing its person. The cat’s name was Cat, and it was tiger-striped. Cat doesn’t have any friends but is on his","name was still Cat, even if nobody used the name. The cat, named Cat, decided to jump on a train to go whereever the wind (or train) took it. Cat",conv_e285ea8fab654a5fba9618ecfd429fcb,GJVUWMJ7GQJX,EN81DRSM7MSW,1,human-human,2.0,1,author_1,human,human,author_1,human,True,1
2026-02-05 09:14:30.546000+00:00,"Had a BLAST. The train ride was exhausting because of the wind, so after some time Cat went off. He landed in a rural area with eerie bushes in every corner and trees.","as tall as mountains, from his perspective anyway. In theory cat should have no clue where he was, but he had been playing",conv_e285ea8fab654a5fba9618ecfd429fcb,GJVUWMJ7GQJX,EN81DRSM7MSW,2,human-human,4.0,2,author_1,human,human,author_1,human,True,2
2026-02-05 09:17:18.360000+00:00,Stray for PlayStation. So he knew what to do. Brother did a backflip off some high grounds and went into the,trenches of the wilderness. He put on his warpaint and tried to hit a tree to collect wood but it seemed that this place didn't run on,conv_e285ea8fab654a5fba9618ecfd429fcb,GJVUWMJ7GQJX,EN81DRSM7MSW,3,human-human,1.0,3,author_1,human,human,author_1,human,True,3
2026-02-05 09:19:42.971000+00:00,"A Minecraft server. So he went into the sewage system to explore. What he could find was sewage, but what he COULDNT","find was the rat king of the sewers. He was looking and looking before the smell of pizza hit his nostrils. He could see green beings moving in the distance, was it the",conv_e285ea8fab654a5fba9618ecfd429fcb,GJVUWMJ7GQJX,EN81DRSM7MSW,4,human-human,1.0,4,author_1,human,human,author_1,human,True,4
2026-02-05 09:22:40.215000+00:00,"RATMA - the infamous rat God. Aka God of Rats. Aka King of Gods and Rats. He wasn't green, Cat is just confused. HE","was actually colourblind, and confused brown and green somehow. RATMA looked down at the little kitty cat Cat with a stern and alll powerful look. he said ""what the fuck are you",conv_e285ea8fab654a5fba9618ecfd429fcb,GJVUWMJ7GQJX,EN81DRSM7MSW,5,human-human,1.0,5,author_1,human,human,author_1,human,True,5
2026-02-05 09:25:56.724000+00:00,?” And Cat looked at him with disgust and says “Who invited this naked mole rat?” So RATMA attacks Brother Cat because of this and shit.,on the ground. Cat is very confused and a little bit scared but he eventually bit RATMA in the tail which made RATMA fall to,conv_e285ea8fab654a5fba9618ecfd429fcb,GJVUWMJ7GQJX,EN81DRSM7MSW,6,human-human,1.0,6,author_1,human,human,author_1,human,True,6
2026-02-05 09:28:27.064000+00:00,The ground and it KILLED HIM. Mother brother just died on the ground. Cat is in shock. “I killed the god of rats? The king?”,"of rats is now dead, in his own damn shat,,, I better run lolz"" he said and looked straight at the camera like he was in a",conv_e285ea8fab654a5fba9618ecfd429fcb,GJVUWMJ7GQJX,EN81DRSM7MSW,7,human-human,4.0,7,author_1,human,human,author_1,human,True,7
2026-02-05 09:31:16.116000+00:00,"TV shows. If Cat was gonna be an actor, he would star in The Office, he thinks. But he doesn't have time to think, so","instead he jumps out the sewer and runs around in the bushlands, confused about the sewer system in the bushlands. It didn't really seem to fit the",conv_e285ea8fab654a5fba9618ecfd429fcb,GJVUWMJ7GQJX,EN81DRSM7MSW,8,human-human,4.0,8,author_1,human,human,author_1,human,True,8
2026-02-05 09:33:44.321000+00:00,"vibe, but he didn’t care about anything anymore. He can’t believe he killed Ratma. He is traumatised for life, and",he is also incredibly hungry. So the purrr little Cat is in the bushes and not near any bakeries or anything with food so he runs and runs as his,conv_e285ea8fab654a5fba9618ecfd429fcb,GJVUWMJ7GQJX,EN81DRSM7MSW,9,human-human,1.0,9,author_1,human,human,author_1,human,True,9
2026-02-05 09:36:20.843000+00:00,Paws are bleeding. So much that it paints the street red. It was a crazy sight. He gets into this little alley.,that suddenly appeared in the bushlands. He appreaciates it non the less and he crawls around the street and is looking for something,conv_e285ea8fab654a5fba9618ecfd429fcb,GJVUWMJ7GQJX,EN81DRSM7MSW,10,human-human,2.0,10,author_1,human,human,author_1,human,True,10
2026-02-02 16:45:02.298000+00:00,"How a mushroom got high on LSD. The weird part of the story was how mushrooms normally get eaten by humans to intoxicate them. But this time, it was the mushrooms.","Mushrooms are living organisms, and therefore it is able to absorb LSD. It has not been observed many times, but in this story you will hear the exclusive material of",conv_4300ba88426d48a1b8bc4f7f5b4d79a7,1N8M379G97LT,X18R173C33SW,1,human-human,4.0,1,author_1,human,human,author_1,human,True,1
2026-02-02 16:50:05.714000+00:00,How a special species of mushrooms got collectively high in Colombia because of an LSD parcel being dropped in the forest and the LSD being released into the soil.,"water systems. The rivers were able to transport enormous amounts of LSD to large areas of the jungles. The mushrooms started behaving in peculiar ways, for example some effects",conv_4300ba88426d48a1b8bc4f7f5b4d79a7,1N8M379G97LT,X18R173C33SW,2,human-human,13.0,2,author_1,human,human,author_1,human,True,2
2026-02-02 16:53:45.145000+00:00,"Where, how they were able to grow new colors and shapes. Some were glowing in the dark and some were big and stringy. Scientists were confused by the mushrooms' behavior, so they tested them.",. The scientist did not expect the effects that they experienced. The mushrooms' effects were hallucination but with the mix of LSD they started to become part of,conv_4300ba88426d48a1b8bc4f7f5b4d79a7,1N8M379G97LT,X18R173C33SW,3,human-human,9.0,3,author_1,human,human,author_1,human,True,3
2026-02-02 16:56:51.523000+00:00,A superdrug. The scientists gathered the mushrooms and began selling them on the black market where they branded them as the new king of,EPIC DRUGS. Later it was discovered that a side effect of the drugs was becoming a mushroom yourself. The mushroom was a parasite mushroom from,conv_4300ba88426d48a1b8bc4f7f5b4d79a7,1N8M379G97LT,X18R173C33SW,4,human-human,1.0,4,author_1,human,human,author_1,human,True,4
2026-02-02 16:59:37.931000+00:00,"The south of America, but since the side effects were unknown at first, the export to Europe was massive. This resulted in a huge outburst.",of human looking mushrooms. It took over the news and the mushrooms which was eaten by the humans were infectious. More people therefore got possessed by mushrooms who,conv_4300ba88426d48a1b8bc4f7f5b4d79a7,1N8M379G97LT,X18R173C33SW,5,human-human,7.0,5,author_1,human,human,author_1,human,True,5
2026-02-02 17:02:45.279000+00:00,"Made civilization unmanageable. Most of the party islands in the south of Europe got totally covered in mushrooms, both people and the actual.",ground. they all became one with the environment. It was starting to look like the whole world would become infected. It could be the end of human civilization as,conv_4300ba88426d48a1b8bc4f7f5b4d79a7,1N8M379G97LT,X18R173C33SW,6,human-human,5.0,6,author_1,human,human,author_1,human,True,6
2026-02-02 17:05:26.790000+00:00,"Humans had a hard time fighting against the fungus. But one day, the mushrooms began speaking back to the humans, and they began having conversations about the modern.",society. The humans became more enlightened and humans started behaving nicer to each other. Rumors has it that the mushrooms told them about the,conv_4300ba88426d48a1b8bc4f7f5b4d79a7,1N8M379G97LT,X18R173C33SW,7,human-human,5.0,7,author_1,human,human,author_1,human,True,7
2026-02-02 17:07:41.356000+00:00,Ways the humans treated both each other and also the fungus. This began a revolution of how lawmaking and infrastructure were made from this point.,. People became more aware of the environment and the wild life all around the world started blooming as it has never been seen before. Even the Mammoth came back from,conv_4300ba88426d48a1b8bc4f7f5b4d79a7,1N8M379G97LT,X18R173C33SW,8,human-human,8.0,8,author_1,human,human,author_1,human,True,8
2026-02-02 17:09:47.201000+00:00,Dead and new species of both animals and mushrooms roamed the world. They all worked together to create a brighter future and they all became great.,"at making space for other species. The world has never been as beautiful, and for a while they thought that they all found their happy",conv_4300ba88426d48a1b8bc4f7f5b4d79a7,1N8M379G97LT,X18R173C33SW,9,human-human,3.0,9,author_1,human,human,author_1,human,True,9
2026-02-02 17:12:50.297000+00:00,"ending, but suddenly the mammoth began eating the mushrooms, and they became intoxicated. now the high mammoths were",killing everything living on the planet. A lot of natural disasters happened and volcanos exploded every living thing on earth died. And that was how the world ended. The,conv_4300ba88426d48a1b8bc4f7f5b4d79a7,1N8M379G97LT,X18R173C33SW,10,human-human,1.0,10,author_1,human,human,author_1,human,True,10
2026-02-03 10:30:41.654000+00:00,"A very happy dog wandering through the streets of Aarhus alone. He's just going down the street, greeting people and making their day better. But suddenly, he fell into a big, cold puddle.","pool of piss. He was super embarrassed by this, and he thought it couldn't get any worse when a massive seagull swooped down and screamed insults at his",conv_a4cf1581dc8048fd934a9b9a7f379e3b,V4YV72MY1LLS,AMS4T6KGC8UA,1,human-human,9.0,1,author_1,human,human,author_1,human,True,1
2026-02-03 10:39:00.610000+00:00,"Butt. Because how can you be a dog without a tail? Smelling like piss and having no tail, being laughed at about it made him feel like a total dumbass. He started shouting at the","stupid bird that she should shut the fuck up and mind her own business, but the bird just looked at him with a sly smile. ""You know what, ugly mutt, it kinda suits",conv_a4cf1581dc8048fd934a9b9a7f379e3b,V4YV72MY1LLS,AMS4T6KGC8UA,2,human-human,6.0,2,author_1,human,human,author_1,human,True,2
2026-02-03 10:43:01.236000+00:00,"""You not having the tail. Cause everybody can see who you actually are from the first look at you this way."" This made the dog mad so he jumped up to catch the","half-eaten french fry she mockingly threw at him, but having horrible paw-eye coordination, he failed just to fall back down in the pool. To his astonishment, the french",conv_a4cf1581dc8048fd934a9b9a7f379e3b,V4YV72MY1LLS,AMS4T6KGC8UA,3,human-human,2.0,3,author_1,human,human,author_1,human,True,3
2026-02-03 10:49:18.851000+00:00,"Fry fell into the puddle, bounced from the ground, and fell right into the ugly nib of the seagull. She then fell to the ground and puked all over the street. Now it's his turn.","to laugh, he thought with triumph in his piss-filtered eyes. He was just about to do the shake, creating a glistening sprinkle of yellow, when the puke started flowing in his direction",conv_a4cf1581dc8048fd934a9b9a7f379e3b,V4YV72MY1LLS,AMS4T6KGC8UA,4,human-human,3.0,4,author_1,human,human,author_1,human,True,4
2026-02-03 10:53:40.583000+00:00,"""Oh fuck"" flew through his head. He wanted to run away, but his paws were stuck in the piss-pool. He started panicking when a miracle happened.","to his mom, and he started disintegrating from existence. The ""oh fuck"" faded away, replaced by a strange relief as all the piss and the laughs and the evil bird disappeared from view.",conv_a4cf1581dc8048fd934a9b9a7f379e3b,V4YV72MY1LLS,AMS4T6KGC8UA,5,human-human,3.0,5,author_1,human,human,author_1,human,True,5
2026-02-03 10:56:46.581000+00:00,"He was shocked about what happened. His mom is in hell; how could a miracle happen to her? And how does he know about it? ""Am I in hell too? But how is it...""","so cold? He could no longer smell the urine or see the yellow orbs of malice in the face of the gull, but he could still feel cold liquid clinging to his fur. Maybe he was not",conv_a4cf1581dc8048fd934a9b9a7f379e3b,V4YV72MY1LLS,AMS4T6KGC8UA,6,human-human,8.0,6,author_1,human,human,author_1,human,True,6
2026-02-03 11:00:55.074000+00:00,"In hell, maybe he got into the seagull's imagination. That would explain why it feels like hell but really is not. Is there a way to escape the mind of this?","wretched animal? No, hummed a voice reverberating off invisible walls. Shit. This was a voice he had heard only once before but could never",conv_a4cf1581dc8048fd934a9b9a7f379e3b,V4YV72MY1LLS,AMS4T6KGC8UA,7,human-human,2.0,7,author_1,human,human,author_1,human,True,7
2026-02-03 11:03:21.301000+00:00,"Place it to a familiar face. But now he's sure whose voice it is. ""That can't be it,"" he thought to himself. It was his worst","nightmare to be stuck anywhere at all, but to lose his dignity in this way and be absorbed by the skull of a gull was somehow even",conv_a4cf1581dc8048fd934a9b9a7f379e3b,V4YV72MY1LLS,AMS4T6KGC8UA,8,human-human,3.0,8,author_1,human,human,author_1,human,True,8
2026-02-03 11:06:28.577000+00:00,Worse than he could ever imagine. He cannot get the embarrassment out of his head. Wait. Is it really his head? Or did his mind integrate into the mind of,"his butt? As he could no longer see or smell, there was only one way to find out. Determined to regain his dignity, he started",conv_a4cf1581dc8048fd934a9b9a7f379e3b,V4YV72MY1LLS,AMS4T6KGC8UA,9,human-human,2.0,9,author_1,human,human,author_1,human,True,9
2026-02-03 11:09:56.743000+00:00,"To explore the surroundings with his butt. He rubbed it on the ground and he found out... he was right! He still doesn't understand how it happened, but he is definitely sure that his","butt was now his mind, and it was clouded by memories of mocking laughter and sticky liquid, and the looming silhouette of evil itself. Oh well, he thought. At least I'm not with my",conv_a4cf1581dc8048fd934a9b9a7f379e3b,V4YV72MY1LLS,AMS4T6KGC8UA,10,human-human,1.0,10,author_1,human,human,author_1,human,True,10
2026-02-10 14:33:10.293000+00:00,He did not understand why the people feared him. He coincidentally found out one day on the way to the marketplace. On his way there he saw the most marvelous thing that changed,Once upon a time there was a little grumpy man. He lived in the small town of Malopy. He was feared by the other people.,conv_a0e24434e45849aba581874cdd9b1297,PTFT3GX9Q8SW,JE379UZ9Q7SE,1,human-human,2.0,1,author_2,human,human,author_2,human,True,1
2026-02-10 14:36:22.975000+00:00,"loathed him, he noticed that the guard he stomped past was not riding his horse as usual but his horse was rather riding him. This was nothing compared",His entire life. As he was walking down the street thinking about all the things that annoyed him and shouting at the people that,conv_a0e24434e45849aba581874cdd9b1297,PTFT3GX9Q8SW,JE379UZ9Q7SE,2,human-human,1.0,2,author_2,human,human,author_2,human,True,2
2026-02-10 14:39:51.911000+00:00,the first time in his entire life. This spark of curiosity was just what the haggard old guy needed to follow his secret childhood dream of being the world's,"To the man walking on his hands right by him. He paused. ""What in the world is happening?"" he thought to himself. At that moment he felt confused rather than angry for",conv_a0e24434e45849aba581874cdd9b1297,PTFT3GX9Q8SW,JE379UZ9Q7SE,3,human-human,3.0,3,author_2,human,human,author_2,human,True,3
2026-02-10 14:43:01.972000+00:00,circus master would finally let him juggle his collection of hairless mice the way he had always hoped he would. He couldn't wait to see the crowd's face,Best juggler. 'Maybe they are coming from a circus!' he thought excitedly. He started to pick up the pace toward the marketplace because maybe the,conv_a0e24434e45849aba581874cdd9b1297,PTFT3GX9Q8SW,JE379UZ9Q7SE,4,human-human,1.0,4,author_2,human,human,author_2,human,True,4
2026-02-10 14:45:13.955000+00:00,of his entire life. The other best day of his entire life had been when his older brother Clarence broke his leg on the swings. This made the grumpy man happy as he disliked,"When he would stand in the middle of the circus with his best costume on, with the mice in his hands, it would be the best day.",conv_a0e24434e45849aba581874cdd9b1297,PTFT3GX9Q8SW,JE379UZ9Q7SE,5,human-human,5.0,5,author_2,human,human,author_2,human,True,5
2026-02-10 14:48:09.164000+00:00,"The man had learned from the frog that once lived in his left boot that these were all indications that the devil has hold of someone. Ever since his brief affair with a nun, he",His brother from his hair to his toes. Clarence had made it his life's mission to annoy him. Always smiling. Always laughing. Being happy.,conv_a0e24434e45849aba581874cdd9b1297,PTFT3GX9Q8SW,JE379UZ9Q7SE,6,human-human,2.0,6,author_2,human,human,author_2,human,True,6
2026-02-10 14:51:16.257000+00:00,"hear any talk of nuns, or devils, or feelings. She was far too busy filling her garden with small piglets that would eat the","He had known that something was completely wrong with Clarence. The nun confirmed all of his worries, and he had tried to tell their mum, but she did not want to.",conv_a0e24434e45849aba581874cdd9b1297,PTFT3GX9Q8SW,JE379UZ9Q7SE,7,human-human,6.0,7,author_2,human,human,author_2,human,True,7
2026-02-10 14:54:06.753000+00:00,"worry about her children's wellbeing, besides that's what the maid, Periandelialis was for. She was good with children and good at cooking them into soups and stews of","Small moles in the garden. She had been working years to try to get the pigs to eat moles, so of course she did not have time to",conv_a0e24434e45849aba581874cdd9b1297,PTFT3GX9Q8SW,JE379UZ9Q7SE,8,human-human,1.0,8,author_2,human,human,author_2,human,True,8
2026-02-10 14:56:56.457000+00:00,able to hold back his glee and joyous laughter at the idea of presenting his rats to the people of the many small kingdoms the circus was wont to tour. He had a secreter plan as,"rabbit. She had been a second mum for the two brothers. But anyway, the old man was now running through the streets not",conv_a0e24434e45849aba581874cdd9b1297,PTFT3GX9Q8SW,JE379UZ9Q7SE,9,human-human,1.0,9,author_2,human,human,author_2,human,True,9
2026-02-10 15:00:00.545000+00:00,"a small insignificant worthless little boy with an alcoholic mother, satanic brother, and a father who spent too long playing with the fairies and now had become one himself. What",His real goal was to take over the circus and finally get the circus man back that bullied him when he was watching the circus when he was just a boy.,conv_a0e24434e45849aba581874cdd9b1297,PTFT3GX9Q8SW,JE379UZ9Q7SE,10,human-human,8.0,10,author_2,human,human,author_2,human,True,10
2026-02-02 09:40:16.100000+00:00,"the cat-door. This was Skittles' big chance! The first step out in the fresh air felt like a rebirth. The world was open, but where to go? Skittles took a big breath and turned","A little kitten named Skittles. Skittles lives with a sweet old lady, but he dreams of exploring the neighborhood. One day, his human forgets to close",conv_5bbfb83b8d01451f82af0231310f4dc4,X1494KA437SW,6FD9A54314SW,1,human-human,2.0,1,author_2,human,human,author_2,human,True,1
2026-02-02 09:45:22.662000+00:00,"This was wonderful. Skittels had always wanted to go to the store. The old lady always came home with a big bag of cat-food. If Skittels could make it to the cornershop, he would be able","The first street corner. He ran down the street without a care in the world, flaunting his freedom, the dogs locked behind gates.",conv_5bbfb83b8d01451f82af0231310f4dc4,X1494KA437SW,6FD9A54314SW,2,human-human,5.0,2,author_2,human,human,author_2,human,True,2
2026-02-02 09:49:59.048000+00:00,"was not catfood. What was this!? Skittles had never seen anything like this. The shelves towering over him was filled with vegetables, cleaning products and cheese. This was an","To eat as much kibble as he wanted to. However, when he came to the store, he was met with big shelves filled with things that",conv_5bbfb83b8d01451f82af0231310f4dc4,X1494KA437SW,6FD9A54314SW,3,human-human,1.0,3,author_2,human,human,author_2,human,True,3
2026-02-02 09:55:46.687000+00:00,"store. As Skittles was exiting the door, he heard a scream from the owner yelling ""OOOUUUUTT."" Now Skittels was running as fast as he could. The old lady never yelled at him. He wanted to","Unexpected find. Skittles thought the outside world was as catered to cats as his human's home was. Dejected, he left the.",conv_5bbfb83b8d01451f82af0231310f4dc4,X1494KA437SW,6FD9A54314SW,4,human-human,3.0,4,author_2,human,human,author_2,human,True,4
2026-02-02 09:59:04.406000+00:00,"was overwhelming. Skittles hadn't keept track of his route, and was getting more and more anxious by the minute. He tried to go left at the crossroad, but still couldn't recognise his","Go straight back home, but realized that he didn't know what way to go. He tried to use his nose, but the many smells of the city",conv_5bbfb83b8d01451f82af0231310f4dc4,X1494KA437SW,6FD9A54314SW,5,human-human,2.0,5,author_2,human,human,author_2,human,True,5
2026-02-02 10:02:16.181000+00:00,"make himself big by raising the hairs on his back. The dog barked at him, but wait... this was not a threatening bark. Maybe the dog was friendly. Even better - maybe the dog could help","surroundings. As he was walking, he suddenly bumped into a big dog! The dog started wagging its tail, and Skittles hissed, trying to",conv_5bbfb83b8d01451f82af0231310f4dc4,X1494KA437SW,6FD9A54314SW,6,human-human,3.0,6,author_2,human,human,author_2,human,True,6
2026-02-02 10:05:36.952000+00:00,"the dog turned around with an exitied bark. They were running down the street together, and Skittle saw a sight, that made him so happy! The old lady was right there with a searching","Him. Skittles asked the dog if it knew where his home was. The dog gave him a big sniff, then sniffed the air. After a moment,",conv_5bbfb83b8d01451f82af0231310f4dc4,X1494KA437SW,6FD9A54314SW,7,human-human,1.0,7,author_2,human,human,author_2,human,True,7
2026-02-02 10:07:33.247000+00:00,"down patting Skittels head. Skittles had never felt so relived. When looking at the lady, he saw, the searching poster. Now Skittle felt sad, that he had upset his owner. She was so kind","poster in her hands. The dog barked again, getting the lady's attention. When she saw the two, she smiled widely and knelt",conv_5bbfb83b8d01451f82af0231310f4dc4,X1494KA437SW,6FD9A54314SW,8,human-human,0.0,8,author_2,human,human,author_2,human,True,8
2026-02-02 10:12:37.885000+00:00,"neighborhood ever again. The lady took him home, and exhausted by the day, Skittles yawned and rested in the lap of the lady, while she was stroking his",And sweet to him. Skittles decided that he was just fine staying with his owner. He didn't need to explore the,conv_5bbfb83b8d01451f82af0231310f4dc4,X1494KA437SW,6FD9A54314SW,9,human-human,1.0,9,author_2,human,human,author_2,human,True,9
2026-02-02 10:18:00.229000+00:00,"and then night. Skittle was snugged up cozy and content. Now he was cleverer and knew, that he was at the best place in the word: the old, sweet ladys","back. He dreamt of kibble, convenience stores, and dogs, while the old lady watched television. The day turned into afternoon.",conv_5bbfb83b8d01451f82af0231310f4dc4,X1494KA437SW,6FD9A54314SW,10,human-human,3.0,10,author_2,human,human,author_2,human,True,10
2026-02-17 14:39:45.087000+00:00,"Explore the world of shrooms. Bob may have ate a bit too many shrooms, and is no wondering around the",Bob the frog. He lives in a toadstool house in the forest. One day he decided to go on an adventure and,conv_02811f2ed764482db03ed72aca5ac280,E7C7ALV5V8JS,EHER4RTKKQUF,1,human-human,0.0,1,author_2,human,human,author_2,human,True,1
2026-02-17 14:43:08.041000+00:00,"he saw the big fat master toad, who loudly roaring through the endless forrest, stated ""you shall not",Trees feeling quite strange. As he continued wandering he suddenly stumbled into something. Bob the frog fell to the ground and as he looked up,conv_02811f2ed764482db03ed72aca5ac280,E7C7ALV5V8JS,EHER4RTKKQUF,2,human-human,1.0,2,author_2,human,human,author_2,human,True,2
2026-02-17 14:46:33.897000+00:00,"and the master toad told bob to fuck off. So, fuck off, Bob did. Again walking through the endless forrest, in deep and","pass!"". Bob the frog was startled and didn't know what to say. Instead, he offered the master toad one of his mushrooms.",conv_02811f2ed764482db03ed72aca5ac280,E7C7ALV5V8JS,EHER4RTKKQUF,3,human-human,4.0,3,author_2,human,human,author_2,human,True,3
2026-02-17 14:50:27.086000+00:00,"and taking a swim in the purple swamp of death, he returned to his toadstool house, as he now wanted to achieve his dream.",mossy darkness. While walking he heard the sound of running water and all of a sudden he was looking at a massive waterfall. After eating all the mushrooms and,conv_02811f2ed764482db03ed72aca5ac280,E7C7ALV5V8JS,EHER4RTKKQUF,4,human-human,2.0,4,author_2,human,human,author_2,human,True,4
2026-02-17 14:52:23.014000+00:00,out to the far away mountains in candy land. In candy land all the mountains were covered in delicious white flaky sugar.,"Bob the frog dreamed of becoming a professional snowboarder, but it never snowed in the forest. So today he decided to venture.",conv_02811f2ed764482db03ed72aca5ac280,E7C7ALV5V8JS,EHER4RTKKQUF,5,human-human,1.0,5,author_2,human,human,author_2,human,True,5
2026-02-17 14:54:50.618000+00:00,"on the road to achieve his dream. But what Bob did not know yet, was that the trip to Candyland would not be like","He packed his bag and snowboard and off he went. The trip to Candyland was long and hard, but Bob kept his spirits high as he was now",conv_02811f2ed764482db03ed72aca5ac280,E7C7ALV5V8JS,EHER4RTKKQUF,6,human-human,1.0,6,author_2,human,human,author_2,human,True,6
2026-02-17 14:58:13.648000+00:00,"and inside sat the wonderful princess Pooh, a toad princes known through all of the country. Pooh pleaded Bob to help her",He thought. As soon as he exited the forest and reached the main road he found it blocked by a massive carriage. One of the wheels had broken off.,conv_02811f2ed764482db03ed72aca5ac280,E7C7ALV5V8JS,EHER4RTKKQUF,7,human-human,3.0,7,author_2,human,human,author_2,human,True,7
2026-02-17 15:01:41.055000+00:00,"bonfire at which Pooh and Bob started roasting cockroaches over the fire, Bob's favorite meal. Sometime he would even","And so he did. Back into the forest he went to gather wood and sticks. With a little bit of skill and a lot of willpower, Bob created a",conv_02811f2ed764482db03ed72aca5ac280,E7C7ALV5V8JS,EHER4RTKKQUF,8,human-human,2.0,8,author_2,human,human,author_2,human,True,8
2026-02-17 15:05:17.390000+00:00,"quickly fled the campfire. Bob was left sat in the dark forrest, wondering where he went wrong. He just scared away princess Pooh and was now wondering whether he","Sprinkle some toasted mushrooms onto it, to get a better flavor. But when he tried to offer it to Princess Pooh, she made a face and",conv_02811f2ed764482db03ed72aca5ac280,E7C7ALV5V8JS,EHER4RTKKQUF,9,human-human,8.0,9,author_2,human,human,author_2,human,True,9
2026-02-17 15:08:57.453000+00:00,the wheel put on. He started slowly rolling towards Candyland. Pooh had a dream and nothing was going to stop,"It was too weird to make new friends. This dampened his spirits, but he still had a dream to achieve. He crawled under the carriage and got",conv_02811f2ed764482db03ed72aca5ac280,E7C7ALV5V8JS,EHER4RTKKQUF,10,human-human,3.0,10,author_2,human,human,author_2,human,True,10
2026-02-17 14:38:38.030000+00:00,"Once upon a time there was a crazy cool dude named Carl. Carl was the best at everything he did, a true champion of the people. One","time, Carl decided he wanted to engage in a new hobby. A hobby that would change rythm of his day. And even - of his life!",conv_9788f7b5f0704e198143f066f79f6d16,EAVQWQV1V4SF,2WEUQLV1KQUW,1,human-human,0.0,1,author_1,human,human,author_1,human,True,1
2026-02-17 14:41:41.540000+00:00,"""Wow, he thought, I'm going to be the greatest speed-knitter this world has ever seen,"" and on he went, knitting crazy pieces of art in","his free time. He went on to pursue this new hobby of his for a job. But for that to be realistic to any degree, he had to get starting. For step one, he made extensive",conv_9788f7b5f0704e198143f066f79f6d16,EAVQWQV1V4SF,2WEUQLV1KQUW,2,human-human,2.0,2,author_1,human,human,author_1,human,True,2
2026-02-17 14:44:55.985000+00:00,"preparations. He researched every little detail of the process to optimize his knitting speed. His peers looked at his dedication and thought, ""There's no way I'm gonna""",I'm gonna train my fingers and hands for hours every single day! Carl was humble and obviously dedicated. He even offered his peers teaching classes to help,conv_9788f7b5f0704e198143f066f79f6d16,EAVQWQV1V4SF,2WEUQLV1KQUW,3,human-human,4.0,3,author_1,human,human,author_1,human,True,3
2026-02-17 14:47:47.426000+00:00,", but it didn't matter. He was just on another level. For step two, Carl practiced new knitting techniques involving impossible hand-eye",coordination analysis. He read numerous reasearch papers on how the mind works with muscles. This elevated his technique by,conv_9788f7b5f0704e198143f066f79f6d16,EAVQWQV1V4SF,2WEUQLV1KQUW,4,human-human,0.0,4,author_1,human,human,author_1,human,True,4
2026-02-17 14:50:49.796000+00:00,"Magnitudes greater than any non-Übermensch could understand. However, for the third and final step, Carl realized he had to take it to an even higher level.",All throughout his learning he experimented in different environment. And in nature. He didn't only knit with yarn but began knitting with various things such as,conv_9788f7b5f0704e198143f066f79f6d16,EAVQWQV1V4SF,2WEUQLV1KQUW,5,human-human,2.0,5,author_1,human,human,author_1,human,True,5
2026-02-17 14:53:56.923000+00:00,"Lava and stone. Finally, after mastering the last step, Carl was ready. He was going to apply for the job. ""Finally,"" he thought, ""now I can be a contributing member to society.""",He went on to attention all around the world. And the one job he had his eyes pierced to suddenly wasn't the only option. People from various sectors of society wanted a piecec of,conv_9788f7b5f0704e198143f066f79f6d16,EAVQWQV1V4SF,2WEUQLV1KQUW,6,human-human,5.0,6,author_1,human,human,author_1,human,True,6
2026-02-17 14:56:38.734000+00:00,"Carl. However, then something horrible happened. One day while knitting a lava-sweater, Carl burned his hand quite horribly. So much, in fact, that he could no","longer pursue this hobby of his - even, his newly established meaning of life! He was ripped to pieces and couldn't fathom what to do.",conv_9788f7b5f0704e198143f066f79f6d16,EAVQWQV1V4SF,2WEUQLV1KQUW,7,human-human,0.0,7,author_1,human,human,author_1,human,True,7
2026-02-17 14:58:36.457000+00:00,Carl became depressed. He lost all will to live. What was he going to do with his life now that his only passion was taken away?,"That was only for him to figure out. After a while sinking further and further down in his bed, he started thinking. Could any kind of prosthetic help or should he find a",conv_9788f7b5f0704e198143f066f79f6d16,EAVQWQV1V4SF,2WEUQLV1KQUW,8,human-human,1.0,8,author_1,human,human,author_1,human,True,8
2026-02-17 15:00:59.762000+00:00,"New passion of his? ""No,"" he thought, ""there's no way I'm going to be this invested in anything else. Knitting is my life!"" So Carl went to","read and pursue every possible relevant person to find a prostethic. Only to realize, I must be able to continue with one hand.",conv_9788f7b5f0704e198143f066f79f6d16,EAVQWQV1V4SF,2WEUQLV1KQUW,9,human-human,4.0,9,author_1,human,human,author_1,human,True,9
2026-02-17 15:02:57.049000+00:00,"So Carl began practicing with his one remaining hand. Every day he got a little bit faster, but there was a long way to go to reach his",goal. He was getting somewhat closer to his peers and was starting to become happy again. Maybe he didn't need to be the best.,conv_9788f7b5f0704e198143f066f79f6d16,EAVQWQV1V4SF,2WEUQLV1KQUW,10,human-human,0.0,10,author_1,human,human,author_1,human,True,10
2026-02-10 14:33:55.806000+00:00,"A rabbit who lived deep in the woods. They lived in a small town filled with all other sorts of woodland creatures. It was a peaceful place, but tensions lurked not far from the","town. One day, the rabbit went down to the river with his two friends, the timid toad and the little ladybug to wash their clothes. The water",conv_f341ca1cc47d4966bc254c4348a7e51a,E4V9CZXEQQLX,XQVF1VZ9W7SE,1,human-human,1.0,1,author_1,human,human,author_1,human,True,1
2026-02-10 14:38:46.487000+00:00,It was cool and clear. The friends were delighted to clean together in the spring breeze. They were nearly finished when they noticed a strange object floating towards them.,"them. It was brown and rounded and looked like an egg, the rabbit thought. ""Oh, it is a basket!"" The ladybug flew closer to it",conv_f341ca1cc47d4966bc254c4348a7e51a,E4V9CZXEQQLX,XQVF1VZ9W7SE,2,human-human,9.0,2,author_1,human,human,author_1,human,True,2
2026-02-10 14:43:54.195000+00:00,"and discovered that it was a pill bug, rolled up tight. The ladybug told their friends that they had to save the poor creature. The rabbit and frog jumped into the","river and swam quickly towards them, but the river that was once calm now seem angered. Splashing, they fought to get closer to the basket, and the poor pill bug, as",conv_f341ca1cc47d4966bc254c4348a7e51a,E4V9CZXEQQLX,XQVF1VZ9W7SE,3,human-human,2.0,3,author_1,human,human,author_1,human,True,3
2026-02-10 14:48:52.377000+00:00,"They too were pulled into the river. Even the toad could not swim in the violent water. The ladybug tried to help them from above, but could only watch helplessly as their friends were","pushed from side to side by the current. They barely avoided hitting the stones in the water, and the basket was still far away. ""Look,"" the rabbit shouted using his big",conv_f341ca1cc47d4966bc254c4348a7e51a,E4V9CZXEQQLX,XQVF1VZ9W7SE,4,human-human,1.0,4,author_1,human,human,author_1,human,True,4
2026-02-10 14:54:16.512000+00:00,"Ears pointed towards a large tree with long roots spread out into the water, ""We can try to stop there!"" ""What about the basket?"" said the toad, ""Should I try and reach?""","it?"" The rabbit tried to say something, but the river was too loud. But then the water seemed to shift and instead of fighting them, it helped them in the",conv_f341ca1cc47d4966bc254c4348a7e51a,E4V9CZXEQQLX,XQVF1VZ9W7SE,5,human-human,4.0,5,author_1,human,human,author_1,human,True,5
2026-02-10 14:59:27.270000+00:00,direction of the basket. The toad was able to grab onto it and the rabbit was able to hold onto the toad's collar. The rabbit grabbed onto the tree root and pulled all of them onto the,"shore, where they lied for a moment catching their breath. The ladybug looked into the basket and found the pill bug deep in sleep, unaware of the dangers",conv_f341ca1cc47d4966bc254c4348a7e51a,E4V9CZXEQQLX,XQVF1VZ9W7SE,6,human-human,0.0,6,author_1,human,human,author_1,human,True,6
2026-02-10 15:02:28.112000+00:00,"that they had been through. Everyone was relieved to be out of the water, but soon realized another problem: they had no idea where they","were! The furious river had brought them faraway from their laundry. ""What are we gonna do?"" asked the rabbit and looked at the river, now",conv_f341ca1cc47d4966bc254c4348a7e51a,E4V9CZXEQQLX,,7,human-human,0.0,7,author_1,human,human,author_1,human,True,7
2026-02-10 15:04:56.400000+00:00,"Realizing that it was suddenly dark outside, they had never been to this place before and felt strange being away from their home.","safe home. ""Mmm, where am I?"" a high pitched voice asked, and they all looked to the basket, where the pill bug had awoken. They were all relieved",conv_f341ca1cc47d4966bc254c4348a7e51a,E4V9CZXEQQLX,,8,human-human,9.0,8,author_1,human,human,author_1,human,True,8
2026-02-10 15:07:29.168000+00:00,"To see that it was okay. The pill bug also looked around, confused as to where they had ended up. ""Are you alright?"" asked the ladybug.","with a gentle voice. ""Ah yes, I just had a little nap"" said the pill bug, and the toad couldn't help a giggle. The pill bug crawled out the basket",conv_f341ca1cc47d4966bc254c4348a7e51a,E4V9CZXEQQLX,,9,human-human,6.0,9,author_1,human,human,author_1,human,True,9
2026-02-10 15:10:07.757000+00:00,"and looked around. ""I guess I overslept! Where exactly are we, and who exactly are you all?"" The rabbit and friends introduced themselves, but couldn't answer for where they","were. ""Hmm, that's okay, I think I know this place!"" said the pill bug. ""My friends live close by!"" And just like that, the shore was illuminated by a flock of fireflies floating",conv_f341ca1cc47d4966bc254c4348a7e51a,E4V9CZXEQQLX,,10,human-human,0.0,10,author_1,human,human,author_1,human,True,10
2026-02-26 16:26:30.869000+00:00,"My first heartbreak, three years ago. I'd been more naive back then and unsuspecting of the harsh reality of people in love. It started","of great, as it always does when you're in love. blind to all of the others faults, and them to yours. The danger is when you get to know someone.",conv_f584ec33a90840aa987dbce66f0e0687,ZK863CU72CUW,CMFJ9VL72ZUF,1,human-human,1.0,1,author_1,human,human,author_1,human,True,1
2026-02-26 16:30:33.735000+00:00,"When I first saw Maxim in line at the coffee shop, he'd been ordering a cappuccino. He smiled at the barista, revealing a dimple in his left cheek.","it had been snowing and i immidiatly envyed the small drops of melting snow in is curly hair, the way they gently slith down his cheeks, falling on the lid of the",conv_f584ec33a90840aa987dbce66f0e0687,ZK863CU72CUW,CMFJ9VL72ZUF,2,human-human,1.0,2,author_1,human,human,author_1,human,True,2
2026-02-26 16:33:49.049000+00:00,"Coffee cup. I stood close to him as he took a seat in the cafe, while I waited for my drink. That was the first time we met eyes.","It's weird to think back at it, at that time i would've never guessed i would one day be planning how i was going to kill him. But, here we are, thats what heartbreak",conv_f584ec33a90840aa987dbce66f0e0687,ZK863CU72CUW,CMFJ9VL72ZUF,3,human-human,1.0,3,author_1,human,human,author_1,human,True,3
2026-02-26 16:37:30.176000+00:00,"I'm not really sure when or even exactly why I decided to kill him. I just became aware of a dull, throbbing pain in my chest that told me I wanted him gone. Not just from","my life, but from the planet. I don't know if it was the realization that he was falling out of love with me. Or maybe the realization that I was getting bored of our",conv_f584ec33a90840aa987dbce66f0e0687,ZK863CU72CUW,CMFJ9VL72ZUF,4,human-human,0.0,4,author_1,human,human,author_1,human,True,4
2026-02-26 16:40:50.599000+00:00,relationship. It didn't matter. The calendar hanging on my wall had a specific day circled in red ink. February 26th.,"He'd asked about the red circle, and i had told him i had something special planned. Some of you may consider that a lie, but come on. What could be",conv_f584ec33a90840aa987dbce66f0e0687,ZK863CU72CUW,CMFJ9VL72ZUF,5,human-human,0.0,5,author_1,human,human,author_1,human,True,5
2026-02-26 16:45:04.904000+00:00,"more special than the day I decided to become a murderer? Murderer isn't even the right word. I'm more of a hopeless romantic, if you","really look at it, so are all the big romantic people of history. I would die for you. I would kill for you. And in this case, I will kill you. It's a",conv_f584ec33a90840aa987dbce66f0e0687,ZK863CU72CUW,CMFJ9VL72ZUF,6,human-human,0.0,6,author_1,human,human,author_1,human,True,6
2026-02-26 16:48:18.963000+00:00,"Really romantic trope, actually. I had the murder all planned out. It would be after our belated Valentine's dinner, after we finished.","Eating at the same fucking restaurant he always picks, we were on to my part of the date. Always this shit, he planned the dinner, a rotation of three god-awful tacky",conv_f584ec33a90840aa987dbce66f0e0687,ZK863CU72CUW,CMFJ9VL72ZUF,7,human-human,2.0,7,author_1,human,human,author_1,human,True,7
2026-02-26 16:51:09.209000+00:00,restaurants that weren't too expensive for his budget. He ordered dessert—the lava cake. He didn't mention whether it,"tasted good anymore, he had said it every time we were here over the years, and noticed how i rolled my eyes when he exclaimed 'delicious' for the hundredth time. But i",conv_f584ec33a90840aa987dbce66f0e0687,ZK863CU72CUW,CMFJ9VL72ZUF,8,human-human,0.0,8,author_1,human,human,author_1,human,True,8
2026-02-26 16:53:19.127000+00:00,Knew that there was something different in this lava cake. This was the first step in my plan. The poison wouldn't kill.,him immidiately. I didn't want to make a big scene at the restaurant. Just needed him to be far enough gone that he wouldn't wake up in the car and realize we were,conv_f584ec33a90840aa987dbce66f0e0687,ZK863CU72CUW,CMFJ9VL72ZUF,9,human-human,2.0,9,author_1,human,human,author_1,human,True,9
2026-02-26 16:55:52.685000+00:00,"Driving into the woods, far off the usual road home. He lay quiet in the back seat for a long time. My palms started to","sweat a little. I was confident it would work. Cause i knew the cops dug up a body in the woods just a few days ago. A fresh grave, where no one would look. The body",conv_f584ec33a90840aa987dbce66f0e0687,ZK863CU72CUW,CMFJ9VL72ZUF,10,human-human,1.0,10,author_1,human,human,author_1,human,True,10
2026-02-10 14:34:41.862000+00:00,"the distance he would need to travel to get to another world. First, he had to find something to measure with. A ruler would probably","A young boy living in a small town on a small island, who thought the world was too small for him. So, one day, he decided to actually measure.",conv_d5318d86fd854cee81bc6d907b2b884a,ZEKT3ZZTQQUX,MGHXCZPEWMJX,1,human-human,3.0,1,author_2,human,human,author_2,human,True,1
2026-02-10 14:39:45.224000+00:00,"of his world, another plane of existence opened before his eyes. It was like a land from some legend, and he didn't know","It did not work. So he simply decided to use a rope, and tie knots, and count steps, and scribble numbers and drawings in a notebook. When he got to the end",conv_d5318d86fd854cee81bc6d907b2b884a,ZEKT3ZZTQQUX,MGHXCZPEWMJX,2,human-human,7.0,2,author_2,human,human,author_2,human,True,2
2026-02-10 14:42:51.649000+00:00,"still wasn't satisfied. He decided to get a job as a sailor, as this would surely bring some sense of adventure, without going to","How he got there. As he was a bit scared of the unknown, he decided to go back to his small town on his small island inside of his small world, but he",conv_d5318d86fd854cee81bc6d907b2b884a,ZEKT3ZZTQQUX,MGHXCZPEWMJX,3,human-human,2.0,3,author_2,human,human,author_2,human,True,3
2026-02-10 14:46:58.848000+00:00,"more challenging, but also much more fun! He soon found a group of nine friends on the ocean to sail with. These","His old life. The new life allowed him to become a bigger person, not metaphorically, but also literally. He noticed he had grown a lot! This new world was much",conv_d5318d86fd854cee81bc6d907b2b884a,ZEKT3ZZTQQUX,MGHXCZPEWMJX,4,human-human,1.0,4,author_2,human,human,author_2,human,True,4
2026-02-10 14:50:25.782000+00:00,"they set sail for a magical land, filled with all sorts of people. Here, they met a king and a princess who were in trouble.","Friends were actually all from different worlds. They shared stories about their old lives and the boy realized there were infinite worlds to explore. Together,",conv_d5318d86fd854cee81bc6d907b2b884a,ZEKT3ZZTQQUX,MGHXCZPEWMJX,5,human-human,1.0,5,author_2,human,human,author_2,human,True,5
2026-02-10 14:55:25.248000+00:00,", leaving the crew behind, to try to help with their wizard-problem. It turned out to be no easy task, however, as the wizard was cunning","An evil wizard was trying to become prince and take the throne away from the king and his heir, the princess. So, one of them decided he would stay in that world.",conv_d5318d86fd854cee81bc6d907b2b884a,ZEKT3ZZTQQUX,MGHXCZPEWMJX,6,human-human,6.0,6,author_2,human,human,author_2,human,True,6
2026-02-10 14:58:53.748000+00:00,"an evil robot was terrorizing every major city. They all needed to train hard to defeat this threat, and not everyone made it out of",", they couldn't leave him alone. So they made sure they solved the problem before they parted for the next world, where",conv_d5318d86fd854cee81bc6d907b2b884a,ZEKT3ZZTQQUX,MGHXCZPEWMJX,7,human-human,0.0,7,author_2,human,human,author_2,human,True,7
2026-02-10 15:02:23.506000+00:00,"another destiny waiting. So, four of the crewmembers sailed onwards, while the rest stayed back as robot servants. The others found a great treasure on an island made","The robot world. Sadly, some of the crew became part of the robots' servants. But they had to continue their own path, as their friends would have.",conv_d5318d86fd854cee81bc6d907b2b884a,,MGHXCZPEWMJX,8,human-human,4.0,8,author_2,human,human,author_2,human,True,8
2026-02-10 15:05:22.581000+00:00,"to just look through, as the maze was, of course, also made out of glass. That way, they easily found their way to the center, where they found a giant egg from some","Out of glass. There, they encountered a maze that they had to get out of. But it seemed impossible; they decided.",conv_d5318d86fd854cee81bc6d907b2b884a,,MGHXCZPEWMJX,9,human-human,3.0,9,author_2,human,human,author_2,human,True,9
2026-02-10 15:07:31.754000+00:00,"the they all sailed back to help the rest of the crew, and saved them from the robot world. The egg turned out to be from a giant golden chicken, and it helped them","Giant hen. It was golden, it was bright, and they decided to take it home with them, even if it was too heavy. They managed to take it into their ship, and",conv_d5318d86fd854cee81bc6d907b2b884a,,MGHXCZPEWMJX,10,human-human,2.0,10,author_2,human,human,author_2,human,True,10
2026-02-02 16:42:51.734000+00:00,"Something weird has happened to his potatoes, and he could quite figure out what. So he took some of his potatoes into",How a potato farmer called Bobby became the president of North Korea. It all started on a rainy day where everything was wet and soggy.,conv_8ac90d984c864e24b039ed00662017fd,PY24CQ3H3LJA,3U2L1L1D1QL9,1,human-human,3.0,1,author_2,human,human,author_2,human,True,1
2026-02-02 16:45:37.511000+00:00,poison. He figured out that he could use this kind of poison for other purposes. For good and for bad.,The laboratory for analysis. What he discovered would forever change the world. The potato DNA was contaminated with,conv_8ac90d984c864e24b039ed00662017fd,PY24CQ3H3LJA,3U2L1L1D1QL9,2,human-human,1.0,2,author_2,human,human,author_2,human,True,2
2026-02-02 16:47:48.786000+00:00,in to town to sell all the potatoes he had. He made a stand in the middle of the town square and just started selling,He chose badly. He went then to breed one million billion poison potatoes and loaded them all in his truck. He drove it.,conv_8ac90d984c864e24b039ed00662017fd,PY24CQ3H3LJA,3U2L1L1D1QL9,3,human-human,3.0,3,author_2,human,human,author_2,human,True,3
2026-02-02 16:50:37.541000+00:00,The shady figure got closer and closer and the farmer now saw a big tall man with a long jacket and black,potatoes. In the corner of his eye he noticed a shady figure wandering the market stalls with dubious intent.,conv_8ac90d984c864e24b039ed00662017fd,PY24CQ3H3LJA,3U2L1L1D1QL9,4,human-human,1.0,4,author_2,human,human,author_2,human,True,4
2026-02-02 16:53:56.080000+00:00,"all the potatoes. He just kept on eating and eating and eating, until he fell to the floor. He then woke up later","Boots. The figure was closing in towards Bobby. Alarmed, he grabbed all of his potatoes and started to eat.",conv_8ac90d984c864e24b039ed00662017fd,PY24CQ3H3LJA,3U2L1L1D1QL9,5,human-human,2.0,5,author_2,human,human,author_2,human,True,5
2026-02-02 16:56:28.571000+00:00,had a quite larger head. Everything was larger. The people in the town square all looked at them as they had,"Transformed. He was no longer the small, puny potato farmer he used to be. He was now all purple and huge and",conv_8ac90d984c864e24b039ed00662017fd,PY24CQ3H3LJA,3U2L1L1D1QL9,6,human-human,2.0,6,author_2,human,human,author_2,human,True,6
2026-02-02 16:58:38.453000+00:00,"everybody. People got hurt, but none of them died. They just wounded and even more scared. Bobby then started",No idea what was happening. Monster Bobby then opened wide his arms and started shooting potatoes out of his eyes at,conv_8ac90d984c864e24b039ed00662017fd,PY24CQ3H3LJA,3U2L1L1D1QL9,7,human-human,1.0,7,author_2,human,human,author_2,human,True,7
2026-02-02 17:00:56.038000+00:00,a long long way into the woods. He thought about what he had done and how wrong it was. But he also thought that,To cry. He felt guilty for destroying the whole village and injuring so many innocent bystanders. He ran away.,conv_8ac90d984c864e24b039ed00662017fd,PY24CQ3H3LJA,3U2L1L1D1QL9,8,human-human,2.0,8,author_2,human,human,author_2,human,True,8
2026-02-02 17:03:10.706000+00:00,make up for it all. He got back to his farm and started examining the original potato again to see what this was,He would be absolved of his sins if he could destroy the weapon of destruction. The original poisoned potato. To,conv_8ac90d984c864e24b039ed00662017fd,PY24CQ3H3LJA,3U2L1L1D1QL9,9,human-human,1.0,9,author_2,human,human,author_2,human,True,9
2026-02-02 17:04:56.332000+00:00,to say sorry to all the people that he had hurt in town. He gave them free unpoisened potatoes and tomatoes for,It was actually a tomato. He then realized how wrong he was about everything he ever did. He made it his mission.,conv_8ac90d984c864e24b039ed00662017fd,PY24CQ3H3LJA,3U2L1L1D1QL9,10,human-human,1.0,10,author_2,human,human,author_2,human,True,10
2026-02-02 16:44:08.793000+00:00,"Once upon a time there was a small man and a village. He loved eating pork, but one stormy night all the pigs left the village. The small man","ran and ran for days and nights in search of pigs. But everywhere he looked, the fields were swineless. One day, the man came across a large",conv_7cc0db2b19d94bd69acc175b81c23651,D3M89QCD9RJA,H2FM139Z38SX,1,human-human,6.0,1,author_1,human,human,author_1,human,True,1
2026-02-02 16:48:00.208000+00:00,river. On the other side a pinkish figure appeared before his very eyes. Desperate in his search for the pigs he,"jumped across the river and tore apart the pig with his bare hands. He began to cry over this desperation. Suddenly,",conv_7cc0db2b19d94bd69acc175b81c23651,D3M89QCD9RJA,H2FM139Z38SX,2,human-human,1.0,2,author_1,human,human,author_1,human,True,2
2026-02-02 16:52:08.898000+00:00,A mother pig appeared calling for her baby pig. All she found was flesh chunks all over the ground and a small,"drop of blood fell from the man's mouth. The man smiled, moving toward the mother pig. Organs trailing behind him.",conv_7cc0db2b19d94bd69acc175b81c23651,D3M89QCD9RJA,H2FM139Z38SX,3,human-human,5.0,3,author_1,human,human,author_1,human,True,3
2026-02-02 16:56:13.633000+00:00,"Bloodlusted, he jumped the mother pig, trying to rip her apart to pieces. Unbeknownst to him, dad pig","ran towards the man at full speed and velocity. The dad pig jumped on the man, ripping into his skin with his teeth. The dad pig squealed, ""This is how those pigas felt",conv_7cc0db2b19d94bd69acc175b81c23651,D3M89QCD9RJA,H2FM139Z38SX,4,human-human,2.0,4,author_1,human,human,author_1,human,True,4
2026-02-02 16:59:18.454000+00:00,"""Every time your stupid human mouth wants to eat some bacon."" The papa pig enjoyed the taste. From now on","every man thought of daddy pig when they ate pork. Daddy pig roamed the Earth, ripping any human apart who even looked at a pig. The people of the Earth even began",conv_7cc0db2b19d94bd69acc175b81c23651,D3M89QCD9RJA,H2FM139Z38SX,5,human-human,4.0,5,author_1,human,human,author_1,human,True,5
2026-02-02 17:02:59.239000+00:00,Worshipping Peppa Pig. Governments fell. Riots all over. Whole countries falling apart. Anarchy erupted. Leaders not,eating pork became the trend of the generation. People even began wearing pig costumes in honor of papa pig.,conv_7cc0db2b19d94bd69acc175b81c23651,D3M89QCD9RJA,H2FM139Z38SX,6,human-human,7.0,6,author_1,human,human,author_1,human,True,6
2026-02-02 17:05:46.284000+00:00,A new era was born. New regimes began to rise supporting Peppa Pig and his actions. Other factions feared for their,"safety and sanity. Pink everywhere, pork nowhere. This was the mantra of the world. Papa pig AI was later introduced",conv_7cc0db2b19d94bd69acc175b81c23651,D3M89QCD9RJA,H2FM139Z38SX,7,human-human,4.0,7,author_1,human,human,author_1,human,True,7
2026-02-02 17:08:45.252000+00:00,"And used by everyone. No matter where you went you couldn't avoid his face. After years of suppression, a small","revolution occurred. A group of people tried to kill a pig. At first, people shunned them, then some began to wonder. Where did",conv_7cc0db2b19d94bd69acc175b81c23651,D3M89QCD9RJA,H2FM139Z38SX,8,human-human,3.0,8,author_1,human,human,author_1,human,True,8
2026-02-02 17:11:07.864000+00:00,Peppa Pig even come from. Was we really this godly being setting us free from our earthly desires or was he just,"putting us on a diet? People began to question this seriously. And then, an outbreak. A huge dinner for the community was held. Meat was served.",conv_7cc0db2b19d94bd69acc175b81c23651,D3M89QCD9RJA,H2FM139Z38SX,9,human-human,4.0,9,author_1,human,human,author_1,human,True,9
2026-02-02 17:14:26.453000+00:00,Justice was withheld. The biggest feast the world has ever seen. The small man's village was happy to finally,"pork on the table. Pork was everywhere, and pink nowhere. The entire world lived happily ever after. And then a man went",conv_7cc0db2b19d94bd69acc175b81c23651,D3M89QCD9RJA,H2FM139Z38SX,10,human-human,0.0,10,author_1,human,human,author_1,human,True,10
2026-02-26 16:25:13.295000+00:00,"the woods in front of Nate's cabin. After staying up all night, he thought he is hallucianting while he saw hjhha 'hooded' girl figure approaching him in","There was something off about this particular day, though he couldn't quite figure out what it was. Something strange was in the",conv_5c8e90f357da4752b2fbb2870d70c335,23AKCYL74GSW,,1,human-human,0.0,1,author_2,human,human,author_2,human,True,1
2026-02-26 16:28:35.232000+00:00,"find an actual human here to talk instead of the wild animals"". With a lot of wounds in her body, she slowly moved towards","The slow dusk of late spring. He watched her in wonder, not understanding what such a person could be doing out here. He thought, ""perhaps today I will",conv_5c8e90f357da4752b2fbb2870d70c335,23AKCYL74GSW,,2,human-human,1.0,2,author_2,human,human,author_2,human,True,2
2026-02-26 16:32:58.201000+00:00,"feel sad for her. Surprisingly, he started sympathising her, instead of questiong her about her identity and the purpose of her arrival. With the leaves","The cabin, moving like a wounded deer more so than a person. Her eyes were dark and bottomless, her skin clammy. There was a feverish look about her, something that made him",conv_5c8e90f357da4752b2fbb2870d70c335,23AKCYL74GSW,,3,human-human,1.0,3,author_2,human,human,author_2,human,True,3
2026-02-26 16:35:41.126000+00:00,", hearing a whisper immediately after, ""hide""! ""help""! Squinting his eyes, he became confused whether to hide or help. He","Stuck in her hair and the blood and dirt caked on her bare feet, he got the impression that she had been out there for a while. He quietly stepped aside and gestured to the warm.",conv_5c8e90f357da4752b2fbb2870d70c335,23AKCYL74GSW,,4,human-human,2.0,4,author_2,human,human,author_2,human,True,4
2026-02-26 16:40:45.049000+00:00,"hold her head which was bending downwards. She kept whispering, ""How am I alive?"". He softly hold her in his arms and offered her water. Like a thirsty crow,","Ignored her protests and pulled her inside, shutting the door behind her. ""Are you alright?"" he asked, holding up his hands to",conv_5c8e90f357da4752b2fbb2870d70c335,23AKCYL74GSW,,5,human-human,2.0,5,author_2,human,human,author_2,human,True,5
2026-02-26 16:44:02.990000+00:00,"Nate lost his attention while the teapot on the stove whistled loudly. Wrapping her up with a blanket, he let her sit on a chair in his cabin. With pouring the tea from","She downed the bottle offered to her and shook her head. ""Something is stalking the woods,"" she whispered, as if afraid something might.",conv_5c8e90f357da4752b2fbb2870d70c335,23AKCYL74GSW,,6,human-human,2.0,6,author_2,human,human,author_2,human,True,6
2026-02-26 16:46:42.737000+00:00,"She stared at him as if it is unusual to ask name of a stranger. Nate understood and nodded his head, assuring her that she can at least have the tea which","The kettle whistled; he watched her through the steam. She stared out the window, front teeth bothering her lip. ""What's your name?"" he asked her.",conv_5c8e90f357da4752b2fbb2870d70c335,23AKCYL74GSW,,7,human-human,13.0,7,author_2,human,human,author_2,human,True,7
2026-02-26 16:49:43.574000+00:00,"offered her the tea. She refused to accept it and said, ""Don't you know what happens to people who accepts food from strangers?""He smiled. Both of them looked away with","He had doused it with rat poison to see what would happen. If she were human, she would puke. Were she not, she would die. He",conv_5c8e90f357da4752b2fbb2870d70c335,23AKCYL74GSW,,8,human-human,4.0,8,author_2,human,human,author_2,human,True,8
2026-02-26 16:53:14.009000+00:00,"to find out what she actually is. She replied with a grin smile, ""like how I survived till now."" Suddenly they heard a harsh banging on the door. The girl told Nate to","tingles in their tummies. ""How are you going to survive with no food or drink?"" he asked after a while. He could poison her food.",conv_5c8e90f357da4752b2fbb2870d70c335,23AKCYL74GSW,,9,human-human,2.0,9,author_2,human,human,author_2,human,True,9
2026-02-26 16:56:11.166000+00:00,"really find out what I actually am! Maybe I am a girl in distress, or the girl is banging outside the door. Don't you wanna know who is actually in","Open the door. ""See what happens,"" she cooed, smiling unnervingly. ""Or keep it closed and do what I say. I assume you want to",conv_5c8e90f357da4752b2fbb2870d70c335,23AKCYL74GSW,,10,human-human,1.0,10,author_2,human,human,author_2,human,True,10
2026-02-02 09:41:11.731000+00:00,"the local retirement home, because the old lady that owned Pluto before, called Mary, just passed away. The love between Mary and Pluto was often",A very sweet dog who needed an owner. The dog was named Pluto. The dog was black and white and was ready for adoption at,conv_b8513df6053f488ca70b49fad61f20ca,41FX25A3C8J9,X26X2NDR1QUW,1,human-human,1.0,1,author_2,human,human,author_2,human,True,1
2026-02-02 09:45:25.870000+00:00,"could get, sometimes even more and it is said, that with sometimes even craving more from Mary, the old lady kept her joy in life even","Very special. Sometimes Mary loved to cuddle Pluto, but sometimes she just wanted some alone time. Pluto was very confused with Mary, but he took all the love he",conv_b8513df6053f488ca70b49fad61f20ca,41FX25A3C8J9,XRHCVNDQCQLA,2,human-human,1.0,2,author_2,human,human,author_2,human,True,2
2026-02-02 09:50:49.814000+00:00,someone just a loving as Mary had always been!! But Pluto keeps his hopes high to find a person just as kind as his,"Though she sometimes had a sad dog, Pluto was sad the day Mary passed away, but he also dreamed of a better life. A life with unconditional love from",conv_b8513df6053f488ca70b49fad61f20ca,41FX25A3C8J9,XRHCVNDQCQLA,3,human-human,2.0,3,author_2,human,human,author_2,human,True,3
2026-02-02 09:55:21.510000+00:00,"right up to him, but smelled even worse than Mary after her 99 birthday. That stink was definitely too much was his",wishes. One day at the center a big family came searching for a dog. Pluto had his hopes high when they walked past him. But he got disappointed when they walked right,conv_b8513df6053f488ca70b49fad61f20ca,41FX25A3C8J9,XRHCVNDQCQLA,4,human-human,2.0,4,author_2,human,human,author_2,human,True,4
2026-02-02 09:59:45.901000+00:00,", but did then none the less decide for a little Chihuahua, which Pluto really couldnt understand, but one day, after",Luckily they found another dog at the center. The next day another family came by. Pluto had his hopes up again and the family seemed interested.,conv_b8513df6053f488ca70b49fad61f20ca,41FX25A3C8J9,XRHCVNDQCQLA,5,human-human,11.0,5,author_2,human,human,author_2,human,True,5
2026-02-02 10:03:04.153000+00:00,"than every human could ever give seemingly. So when after the old lady a giraf walked into the center, looking for a dog to","A long time waiting, an older lady came by. She reminded Pluto of Mary, so he wished so bad that she would find another dog. Pluto wanted more love.",conv_b8513df6053f488ca70b49fad61f20ca,41FX25A3C8J9,XRHCVNDQCQLA,6,human-human,3.0,6,author_2,human,human,author_2,human,True,6
2026-02-02 10:06:21.991000+00:00,instead filled with dolphins!! Pluto was totally confused! This wasnt what he imagined as a new owner either..he maybe,"Adopt. But such things don't happen in real life, so Pluto knew that it was a dream he had. When he woke up, the center was",conv_b8513df6053f488ca70b49fad61f20ca,41FX25A3C8J9,XRHCVNDQCQLA,7,human-human,5.0,7,author_2,human,human,author_2,human,True,7
2026-02-02 10:16:12.855000+00:00,"all the lions, tigers and the three dogs left, including Pluto. So his chance to finally be picked was pretty high today!!","Had another dream, he thought. So when he woke up for real, the center was filled with families trying to find their new best friend among",conv_b8513df6053f488ca70b49fad61f20ca,41FX25A3C8J9,XRHCVNDQCQLA,8,human-human,2.0,8,author_2,human,human,author_2,human,True,8
2026-02-02 10:19:15.252000+00:00,"him, and did fall in love with him instantly!! It was the same for Pluto, and it just felt like complete fate for the",Pluto had his eyes on one specific family with six kids. Pluto thought that might be just enough love for him. That specific family only looked at,conv_b8513df6053f488ca70b49fad61f20ca,41FX25A3C8J9,XRHCVNDQCQLA,9,human-human,0.0,9,author_2,human,human,author_2,human,True,9
2026-02-02 10:24:17.141000+00:00,fulfilled life with love and joy and a real family. It felt like home the moment he stepped into his new house and they lived,family and for Pluto. Pluto finally got the family he had been wishing for and all the love that Mary wouldn't give to him. He could now finally live a,conv_b8513df6053f488ca70b49fad61f20ca,41FX25A3C8J9,XRHCVNDQCQLA,10,human-human,0.0,10,author_2,human,human,author_2,human,True,10
2026-02-03 10:29:15.473000+00:00,"Flip-flop, the breakdancer. They had been keen to breakdance ever since they were a small kid, and had been dancing in","class nonstop to the great annoyance of all the teachers. One day, a teacher had enough and he kicked Flipflop out of the classroom. This was the beginning of a",conv_1706da597cab4412adc2613f9f3db4fe,N7EAQKMC94LX,C1YXA6MC13JW,1,human-human,1.0,1,author_1,human,human,author_1,human,True,1
2026-02-03 10:32:38.481000+00:00,Lifelong journey away from schools and teachers and toward dancing. Flip-flop trained more and more and by the,"next full moon, he was able to make flipflops like never before. He danced and danced and he dreamed that one day he would dance all the way to the moon. However,",conv_1706da597cab4412adc2613f9f3db4fe,N7EAQKMC94LX,C1YXA6MC13JW,2,human-human,3.0,2,author_1,human,human,author_1,human,True,2
2026-02-03 10:37:07.594000+00:00,"The teacher that kicked him out on that fateful day continued to haunt him. However much he begged, his parents would not let him stay home from school, and this Wednesday.",he was once again forced back into the classroom of the gruesome teacher. He tried his best to sit still but the rhythm in his body would not be contained. It seemed,conv_1706da597cab4412adc2613f9f3db4fe,N7EAQKMC94LX,C1YXA6MC13JW,3,human-human,3.0,3,author_1,human,human,author_1,human,True,3
2026-02-03 10:42:32.207000+00:00,"Like music was playing outside, and the urge to dance became stronger and stronger. He asked to go to the bathroom, and ran out of the classroom as","fast as ever. Outside the music was everywhere and it took over his body. Suddenly, he was dancing around the room and up the walls and his dream of dancing to",conv_1706da597cab4412adc2613f9f3db4fe,N7EAQKMC94LX,C1YXA6MC13JW,4,human-human,1.0,4,author_1,human,human,author_1,human,True,4
2026-02-03 10:48:53.954000+00:00,"Swaggiejackie at the world championship seemed as close as ever. He swirled around, almost floating - as if the laws of physics didn't apply to him.",breakdancers like Flipflop. On and on he went until suddenly his feet lifted off the ground. He continued to spin out the door and his dancing body swirled upward,conv_1706da597cab4412adc2613f9f3db4fe,N7EAQKMC94LX,C1YXA6MC13JW,5,human-human,6.0,5,author_1,human,human,author_1,human,True,5
2026-02-03 10:54:38.532000+00:00,"In the greatest flip-flop he had ever performed. A voice called out: ""Hey kid, where do you take classes, man?"". A man standing by the fence looked up from under his","giant yellow hat. Flipflop had never taken a class so which he yelled back. ""Take me with you on your dancing journey!"" the man yelled, and Flipflop agreed.",conv_1706da597cab4412adc2613f9f3db4fe,N7EAQKMC94LX,C1YXA6MC13JW,6,human-human,4.0,6,author_1,human,human,author_1,human,True,6
2026-02-03 10:58:55.970000+00:00,"His name was Jean, and from that day on, they became the best partners in crime, breakdancing in symbiosis. One day they looked at the world championship of breakdancing.","and it turned out that the next championship was actually taking place on the moon. His lifelong dream of dancing there, would come true after all. Jean and Flipflop",conv_1706da597cab4412adc2613f9f3db4fe,N7EAQKMC94LX,C1YXA6MC13JW,7,human-human,1.0,7,author_1,human,human,author_1,human,True,7
2026-02-03 11:02:14.533000+00:00,"Sent in the application to the Elon Musk Foundation, which sponsored the travel costs. Only a couple of hours after sending it in, they got a call.","saying that unfortunately, they would not recieve funding as Elon was sick of helping people because he has a bad guy. If they wanted to go to moon to dance, they would",conv_1706da597cab4412adc2613f9f3db4fe,N7EAQKMC94LX,C1YXA6MC13JW,8,human-human,5.0,8,author_1,human,human,author_1,human,True,8
2026-02-03 11:06:18.861000+00:00,"have to pay themselves. ""Aw man, what a blow!"" said Flipflop. A disappointment lay in the silence. ""Maybe we can raise the money,"" said Jean,","but Flipflop had a better idea. ""Or maybe we could just dance all the way?"" Jean was a bit skeptical at this idea because he had never danced above the ground like",conv_1706da597cab4412adc2613f9f3db4fe,N7EAQKMC94LX,C1YXA6MC13JW,9,human-human,1.0,9,author_1,human,human,author_1,human,True,9
2026-02-03 11:16:53.932000+00:00,"""That. 'What about oxygen?' said Jean. 'I think my uncle has some oxygen tanks, he deep dives a lot,' said Flipflop. 'Come on man, we've gotta try. When else do""",you get a chance to dance on the moon. Jean couldn't argue with that so they got the equipment from Flipflop's uncle and soon they were ready to go. They grabbed,conv_1706da597cab4412adc2613f9f3db4fe,N7EAQKMC94LX,C1YXA6MC13JW,10,human-human,9.0,10,author_1,human,human,author_1,human,True,10
2026-02-10 14:33:58.128000+00:00,It was a cold December morning and the last thing Maggie wanted was to have to leave the house. But life had other plans.,"plans for her day, when she woke up she was prepared to have her usual cereal with milk for breakfast, but she realised she had forgotten to buy",conv_36a821f1f36948508b4c1e9e2e280fde,XTZF1UP9N8SX,YYZE1DPXWRUE,1,human-human,11.0,1,author_1,human,human,author_1,human,True,1
2026-02-10 14:37:55.225000+00:00,"New bowls, as her cat broke the last two she had left in the house. She could have asked a neighbour for a spare.","one, but she was not very liked between the neighbours, since she was considered to be a brat that ruined the neighbourhood, never left the house and was rude to",conv_36a821f1f36948508b4c1e9e2e280fde,XTZF1UP9N8SX,YYZE1DPXWRUE,2,human-human,3.0,2,author_1,human,human,author_1,human,True,2
2026-02-10 14:42:24.885000+00:00,Everyone except that cute boy on no. 25. Well now she has a good reason to start a conversation at least. But how can you randomly knock?,"at someone's door and start a random interaction, like this? She was scared of seeming weird or that he knew what people said about",conv_36a821f1f36948508b4c1e9e2e280fde,XTZF1UP9N8SX,YYZE1DPXWRUE,3,human-human,2.0,3,author_1,human,human,author_1,human,True,3
2026-02-10 14:47:42.909000+00:00,"Her or her past. But this might be her only chance of having a real conversation in such a long time, or to see another human being out.","of her usual ghost friends. Maggies decided she would then go and knowck at Greg's door and ask for a bowl, how bad could it be,",conv_36a821f1f36948508b4c1e9e2e280fde,XTZF1UP9N8SX,YYZE1DPXWRUE,4,human-human,2.0,4,author_1,human,human,author_1,human,True,4
2026-02-10 14:52:22.398000+00:00,"After all? And there he was, standing still and staring at her, confused, as if she was the first person he had seen in...","pyjamas walking to his front door, however when he looked a bit more he seemed to be very intrigued about that strange girl he had never seen",conv_36a821f1f36948508b4c1e9e2e280fde,XTZF1UP9N8SX,YYZE1DPXWRUE,5,human-human,5.0,5,author_1,human,human,author_1,human,True,5
2026-02-10 14:56:35.855000+00:00,"That somehow looked so familiar. But where have they seen each other before? Does she remember him as well, or...","not? She walked a bit more towards him and he started to get a glimpse of an old memory, of something so long gone he had almost",conv_36a821f1f36948508b4c1e9e2e280fde,XTZF1UP9N8SX,YYZE1DPXWRUE,6,human-human,5.0,6,author_1,human,human,author_1,human,True,6
2026-02-10 14:59:49.148000+00:00,"Forgot. Her scent, something so unique that brings back so many memories. He thought it was all gone, but where has she gone?","been all this time? He wondered. She then opened her mouth and said her name, oh so she did not remember him, she explained the situation",conv_36a821f1f36948508b4c1e9e2e280fde,XTZF1UP9N8SX,YYZE1DPXWRUE,7,human-human,7.0,7,author_1,human,human,author_1,human,True,7
2026-02-10 15:03:33.785000+00:00,"So quickly, as if all she wanted was to get out of there as soon as possible. But he couldn't even listen to the words coming.","out of her mouth because he could just see that little girl, with curly braids and brackets whom he used to have the biggest crush",conv_36a821f1f36948508b4c1e9e2e280fde,XTZF1UP9N8SX,YYZE1DPXWRUE,8,human-human,3.0,8,author_1,human,human,author_1,human,True,8
2026-02-10 15:06:28.851000+00:00,On. Was it actually her? How was it possible that she was standing right in front of him all those years later? And how could she not?,"remember him? He thought that embarassing moment between them at the school yard had totally traumatised her, so she would certainly remember",conv_36a821f1f36948508b4c1e9e2e280fde,XTZF1UP9N8SX,YYZE1DPXWRUE,9,human-human,2.0,9,author_1,human,human,author_1,human,True,9
2026-02-10 15:08:31.729000+00:00,"It, but she has totally forgotten about that incident and about him, apparently. He didn't even know where to start, or how.","if he should tell her who he was, maybe he could get to know her before trying something out? It was crazy that his feelings were the same after all this",conv_36a821f1f36948508b4c1e9e2e280fde,XTZF1UP9N8SX,YYZE1DPXWRUE,10,human-human,8.0,10,author_1,human,human,author_1,human,True,10
2026-02-03 10:24:53.923000+00:00,"A dog that lived in a small house in India. The house was made of cement and dog biscuits, so it smelled good.","but it didn't smell AMAZING. And it was actually a cat. It liked living in India, because there was a lot of good and spicy food. The house was",conv_d5ccacdce0514812813d4ff7b714ea76,FZPCS1TCCMLT,Y4NHG1KG38JT,1,human-human,2.0,1,author_1,human,human,author_1,human,True,1
2026-02-03 10:27:57.007000+00:00,"Very small and smelled okay. Its smell is subjective. The dog/cat wasn't really sure what it was. It had a tail, four","hands and a small pet hamster. What an identity crisis. Yes, there are hamsters in India, and they are only owned by cats/dogs. That",conv_d5ccacdce0514812813d4ff7b714ea76,FZPCS1TCCMLT,Y4NHG1KG38JT,2,human-human,1.0,2,author_1,human,human,author_1,human,True,2
2026-02-03 10:31:02.612000+00:00,It is a simple fact. The pet hamster lived with the dog in the house. The dog and the hamster always had,"dinner together, and one day they met Julia Roberts. She was filming Eat, Pray, Love. She got inspired by the beautiful friendship of the hamster and dog/cat, and",conv_d5ccacdce0514812813d4ff7b714ea76,FZPCS1TCCMLT,Y4NHG1KG38JT,3,human-human,3.0,3,author_1,human,human,author_1,human,True,3
2026-02-03 10:34:18.386000+00:00,"Decided to try and leave the film industry for a while to live with the dog, cat, and hamster the way God had intended. She","had had her spiritual awakening. But the dog/cat and hamster kicked her out, and she had to live on the street for a while. They",conv_d5ccacdce0514812813d4ff7b714ea76,FZPCS1TCCMLT,Y4NHG1KG38JT,4,human-human,4.0,4,author_1,human,human,author_1,human,True,4
2026-02-03 10:36:56.424000+00:00,Looked at her with disgust every time they walked by her. She instantly regretted leaving her glamorous lifestyle.,. Stupid of her to think that she would be a part of the club. One day the dog/cat saw an eagle in the sky.,conv_d5ccacdce0514812813d4ff7b714ea76,FZPCS1TCCMLT,Y4NHG1KG38JT,5,human-human,2.0,5,author_1,human,human,author_1,human,True,5
2026-02-03 10:40:28.057000+00:00,"The eagle screamed its eagle noises, and the dog/cat became scared when he saw its big, sharp claws. The","only solution was to jump on top of the eagle and fly to a land far, far away. The hamster was sad at first, but then it moved in with Julia",conv_d5ccacdce0514812813d4ff7b714ea76,FZPCS1TCCMLT,Y4NHG1KG38JT,6,human-human,1.0,6,author_1,human,human,author_1,human,True,6
2026-02-03 10:43:05.761000+00:00,"Roberts, Julia was famished and pale, and hamster had sympathy for her. ""Maybe I can have a pet Julia Roberts"", it thought. So he",was now the master of the house. Julia regularly served him a plate of fruit or a glass of wine. But the house still,conv_d5ccacdce0514812813d4ff7b714ea76,FZPCS1TCCMLT,Y4NHG1KG38JT,7,human-human,1.0,7,author_1,human,human,author_1,human,True,7
2026-02-03 10:45:17.226000+00:00,"Smelled like dog biscuits, and was far too small for them. The hamster wanted to move, but also couldn't bear to say goodbye to the house he","was so fond of. Since Julia was a house slave at this point, she wasn't so fond of it. So she ran away. the hamster looked in",conv_d5ccacdce0514812813d4ff7b714ea76,FZPCS1TCCMLT,Y4NHG1KG38JT,8,human-human,1.0,8,author_1,human,human,author_1,human,True,8
2026-02-03 10:48:17.768000+00:00,"Pained at Julia running back to the film crew. He spat on the ground and lit a cigarette. ""She can't handle the lifestyle,""",I thought. This inspired the hamster to work on his music and get that record deal he had always dreamed of. A tortured,conv_d5ccacdce0514812813d4ff7b714ea76,FZPCS1TCCMLT,Y4NHG1KG38JT,9,human-human,3.0,9,author_1,human,human,author_1,human,True,9
2026-02-03 10:50:17.822000+00:00,Artist. No one knew all the things he had been through. So he hopped on a plane to LAX with a dream and a cardigan. He,"jumped in a cab, here he was for the first time, looked to his right and he saw the Hollywood sign. He though, ""this",conv_d5ccacdce0514812813d4ff7b714ea76,FZPCS1TCCMLT,Y4NHG1KG38JT,10,human-human,1.0,10,author_1,human,human,author_1,human,True,10
2026-02-05 13:14:47.549000+00:00,"One day, the lobster asked if the mouse wanted to go to the mountain in the horizon. A little hesitant, but also intigued, the mouse","A mouse who wanted to explore the world; it lived in a quiet, peaceful meadow, by the river, and it recently befriended a lobster that had explored the upper parts.",conv_0badf8c6cf214afb9be944307586703f,5A47C3YQEQSX,LFZQE8YR5MJF,1,human-human,2.0,1,author_2,human,human,author_2,human,True,1
2026-02-05 13:17:54.121000+00:00,"with the lobster. The next day they were on their way, but before they even knew it, they were already facing","Asked the lobster to give it a day to prepare. The mouse went home and found his hiking boots, and prepared a big meal to take with and share.",conv_0badf8c6cf214afb9be944307586703f,5A47C3YQEQSX,LFZQE8YR5MJF,2,human-human,2.0,2,author_2,human,human,author_2,human,True,2
2026-02-05 13:20:51.180000+00:00,"insisted that this was a great opportunity for personal development. The lobster thought out a plan to distract the foxes, by essentially using the","Their first obstacle: a passage that seemed to be guarded by two foxes. The mouse was scared and asked the lobster if they could take an alternate path, but the lobster",conv_0badf8c6cf214afb9be944307586703f,5A47C3YQEQSX,LFZQE8YR5MJF,3,human-human,6.0,3,author_2,human,human,author_2,human,True,3
2026-02-05 13:23:25.441000+00:00,"the meal in some nearby bushes, and slowly the foxes began to pick up the scent from the meal. They both left the passage, and the mouse and the","meal that the mouse had brought along. The mouse reluctantly agreed, although with the condition that the lobster would have to find and make dinner for them later. They hid",conv_0badf8c6cf214afb9be944307586703f,5A47C3YQEQSX,LFZQE8YR5MJF,4,human-human,3.0,4,author_2,human,human,author_2,human,True,4
2026-02-05 13:28:46.829000+00:00,"foxes were suddenly back and got a hold of the mouse. This put a stop to the lobster's attempts to escape, and so they were captured and brought to","Lobster quickly ran through the passage; soon, however, they encountered a third fox. It was looming over them, and the lobster readied its claws to attack, but the other two",conv_0badf8c6cf214afb9be944307586703f,5A47C3YQEQSX,LFZQE8YR5MJF,5,human-human,1.0,5,author_2,human,human,author_2,human,True,5
2026-02-05 13:32:47.832000+00:00,"to help them out (in exchange for the mouse's hiking boots). When everyone else were sat around the fire, he freed them and pointed them in the direction","A nearby thieves' camp. The camp consisted of other foxes, some wolves, and also some weasels. One weasel felt bad for the two friends, though, and took pity on them. He decided",conv_0badf8c6cf214afb9be944307586703f,5A47C3YQEQSX,LFZQE8YR5MJF,6,human-human,3.0,6,author_2,human,human,author_2,human,True,6
2026-02-05 13:36:34.283000+00:00,essentially a labyrinth. A faster way did not neceessarily mean easier. At one point they thought they found the end of the,"of a shortcut that would lead them right to the mountain that they wanted to see in the first place. The two quickly made their way, going through winding tunnels and",conv_0badf8c6cf214afb9be944307586703f,5A47C3YQEQSX,LFZQE8YR5MJF,7,human-human,0.0,7,author_2,human,human,author_2,human,True,7
2026-02-05 13:38:57.757000+00:00,"lost their big meal. But perhaps there would be food on the other side of the mountain! They started the steep climb, and before they knew it, they","maze and came out to a small grotto inside a cave; they determined that they must be at the foot of the mountain right now. Suddenly the mouse's stomach growled; after all, they",conv_0badf8c6cf214afb9be944307586703f,5A47C3YQEQSX,LFZQE8YR5MJF,8,human-human,1.0,8,author_2,human,human,author_2,human,True,8
2026-02-05 13:42:29.213000+00:00,"with newfound strength. The sun would be going down before too long, and the mouse really wanted to reach the top soon. But the lobster","Stumbled upon what seemed to be a storage room; tons of jams and conserved jars of pickles and fruits. The two stopped for a quick snack break before resuming their climb, now.",conv_0badf8c6cf214afb9be944307586703f,5A47C3YQEQSX,LFZQE8YR5MJF,9,human-human,2.0,9,author_2,human,human,author_2,human,True,9
2026-02-05 13:50:50.639000+00:00,finally reaching the peak. The moonlight provided enough light to see the beautiful view of the far land. Then the mouse realised: yes the world is dangerous but also,"did not seem too worried with rushing. The mouse was frustrated with the slowness but relented, being a little tired itself. Eventually, at around midnight, they found themselves",conv_0badf8c6cf214afb9be944307586703f,5A47C3YQEQSX,LFZQE8YR5MJF,10,human-human,0.0,10,author_2,human,human,author_2,human,True,10
2026-02-05 13:29:04.350000+00:00,"weighed down with an iron collar, led by his majesty's guard. Once-pale skin, blistered with tar - a lesson and warning to the","The mighty duck, Alfred, resided comfortably on his throne, with his little golden crown. With a sharp smug, he awaited the feathered prisoner who slowly marched to the scene with his head.",conv_18be8c16a1cc4749b27d7b466eeebd5a,11DNKLA35RS9,KFH1MR487QSX,1,human-human,6.0,1,author_2,human,human,author_2,human,True,1
2026-02-05 13:37:16.178000+00:00,"accosted. ""What say you now, noble rebel?"" inquired the sovereign with a wry snarl. Silence - the crowd waited. A weak moan ached through the hall. ""Aha, no tongue commands no","Masses of people, whoever had a shred of an idea to revolt against the monarchical regime. ""HOW DARE YOU"" the king verbally",conv_18be8c16a1cc4749b27d7b466eeebd5a,11DNKLA35RS9,KFH1MR487QSX,2,human-human,2.0,2,author_2,human,human,author_2,human,True,2
2026-02-05 13:47:07.954000+00:00,bathwater of the blessed prophetess is a rite reserved only for the epic Mallards of the sanctuary. And you thought you could control the magic? What powers were you hoping to,"""Duck!"". The anger-fueled mammal stood on his two yellows, with high might and prestige. ""That is an utmost offense you have committed.."" the crowd awaits in suspense. ""Bathing in the",conv_18be8c16a1cc4749b27d7b466eeebd5a,11DNKLA35RS9,KFH1MR487QSX,3,human-human,5.0,3,author_2,human,human,author_2,human,True,3
2026-02-05 13:57:07.924000+00:00,"the prisoner. Again, the sovereign awaited a meek cry from his hostage. The prisoner steadied himself both wings. A glare of vengeance beamed up to the thrown. A mighty ""HONK"" boomed","""Achieve? For a duck of your stature, I must only assume the worst of intents. Answer me! Peasant of the far lands!"" The light of the stained-glass windows shattered on the face of",conv_18be8c16a1cc4749b27d7b466eeebd5a,11DNKLA35RS9,KFH1MR487QSX,4,human-human,2.0,4,author_2,human,human,author_2,human,True,4
2026-02-05 14:02:45.750000+00:00,"pond had not yet defeated all pretenders. The prisoner was but a vessel. As he collapsed, the Jester of the Burdened laymen appeared - growing from the size of a bean, spat from the","through the JBL speaker hidden under his feathers. The entire crowd of ducks kneeled in utmost defeat, acknowledging the true king of the high",conv_18be8c16a1cc4749b27d7b466eeebd5a,11DNKLA35RS9,KFH1MR487QSX,5,human-human,1.0,5,author_2,human,human,author_2,human,True,5
2026-02-05 14:10:34.685000+00:00,"to a confused formation, it was clear that their loyalty started to waver. The pain of the king's rule could no longer hold the masses in check. ""The Firebreasted-Phoenix!"" cried a","beak, to a full-fledged Mallard of golden wings. ""Your time awaits, Alfred; it has been way too long and way too dreadful,"" he uttered as he stepped closer to the king. Guards rushing",conv_18be8c16a1cc4749b27d7b466eeebd5a,11DNKLA35RS9,KFH1MR487QSX,6,human-human,4.0,6,author_2,human,human,author_2,human,True,6
2026-02-05 14:17:30.540000+00:00,"think this power impressed me?"" mocked King Alfred."" The power you stole has been my study for decades!"" He clutched the vial pendant on his chest and torn it from the necklace","duckling from the crowd, the realization setting in, chilling the guards who were losing faith. ""The prophecy... it's true!"" the head of guards shakingly confessed. ""You",conv_18be8c16a1cc4749b27d7b466eeebd5a,11DNKLA35RS9,KFH1MR487QSX,7,human-human,4.0,7,author_2,human,human,author_2,human,True,7
2026-02-05 14:23:55.071000+00:00,"age lore. A beast thought to only exist in children's tales to keep them from the forests of the far lake. The King's body warped, tearing though antique silk and bursting his buttoned","""You shall be witness to true power,"" he mumbled as he swallowed the pendant in one gulp. ""You fools!"" he exclaimed as he gruesomely started to grow into a beast of dark.",conv_18be8c16a1cc4749b27d7b466eeebd5a,11DNKLA35RS9,KFH1MR487QSX,8,human-human,6.0,8,author_2,human,human,author_2,human,True,8
2026-02-05 14:32:38.388000+00:00,"new sizzling form. The Beast King stood and his new bones cracked into place. He let out a terrible ""SQUAWK!"", and lunged at the Phoenix in the center of the court. But as they touched,","cloth, blocking the only source of light in the royal bedroom. Only to reveal the foul beast they all once heard of. ""The Pigeon,"" the Jester whispered as a drop of sweat painted his",conv_18be8c16a1cc4749b27d7b466eeebd5a,11DNKLA35RS9,KFH1MR487QSX,9,human-human,8.0,9,author_2,human,human,author_2,human,True,9
2026-02-05 14:42:44.395000+00:00,"back and hugged the tyrant. ""NO, YOU FOOL - YOU--"" he cried as they melded into an amorphic mass. With the king and pretender now gone, the people were free to path ahead into","Powerful light illuminated from the clash of the claws. ""You stand no chance Alfred! The people will get their freedom!"" the fiery beast screeched as it arched its",conv_18be8c16a1cc4749b27d7b466eeebd5a,11DNKLA35RS9,SQ6ZK2VL5LJS,10,human-human,3.0,10,author_2,human,human,author_2,human,True,10
2026-02-05 13:18:46.455000+00:00,", starting at the ice cream store right outside the office. . Lisa had just left an important meeting and","A young CEO with a dream. The dream is deeply rooted in personal memories. It all started in Austria, in 1968. It was the peak of the summer of love.",conv_c5720c0a7ab443388e26c3fd59a7d2cc,EZF2HW27EQUE,1LDFE72454JT,1,human-human,1.0,1,author_2,human,human,author_2,human,True,1
2026-02-05 13:22:03.666000+00:00,the beautiful nature surrounding here. The river through the hills and the trees moving with the wind. She has never really been much,"She was now heading down to the river in the middle of the city. She wanted to take her bike, but forgot that the tire was deeply flat. As she started to hike, this made her meditate on",conv_c5720c0a7ab443388e26c3fd59a7d2cc,EZF2HW27EQUE,1LDFE72454JT,2,human-human,4.0,2,author_2,human,human,author_2,human,True,2
2026-02-05 13:24:38.116000+00:00,herself. But her phone had just died. Crap she thought. Now she couldn't share this on her instagram story making,"Of an outdoorsy type, but on this particular day, the world was just stunning!!! If only she had some kind of way to capture the beauty of this very moment, she thought to.",conv_c5720c0a7ab443388e26c3fd59a7d2cc,EZF2HW27EQUE,1LDFE72454JT,3,human-human,3.0,3,author_2,human,human,author_2,human,True,3
2026-02-05 13:26:49.662000+00:00,that could make them see what I saw.She continued down the river around a big rock when she saw something,"She feels rather unsatisfied, unseen really. If only my friends could see me now, that's what she really wanted. If only a device existed.",conv_c5720c0a7ab443388e26c3fd59a7d2cc,EZF2HW27EQUE,1LDFE72454JT,4,human-human,4.0,4,author_2,human,human,author_2,human,True,4
2026-02-05 13:29:55.412000+00:00,"tv of her grandparents. She didn't see them often after moving, and they were always talking about the beautiful nature they had seen","Startling. An otter was lying on its back, ever so peacefully. This, she knew, was truly remarkable. She squeezed her eyes. What if a simple twitch of the eye could upload this to the",conv_c5720c0a7ab443388e26c3fd59a7d2cc,EZF2HW27EQUE,1LDFE72454JT,5,human-human,2.0,5,author_2,human,human,author_2,human,True,5
2026-02-05 13:34:29.749000+00:00,to save the environment from being destroyed by human beings.Lisa thougt that was a bit dramatic. Like,"When backpacking across the country after graduating from university, exactly as the 60s were ending. They were both biologists, fully invested in the emerging ecological movement.",conv_c5720c0a7ab443388e26c3fd59a7d2cc,EZF2HW27EQUE,1LDFE72454JT,6,human-human,3.0,6,author_2,human,human,author_2,human,True,6
2026-02-05 13:38:42.091000+00:00,In the middle of her daydreaming she was brought back to the present by the otters splashing. Two birds,"Many of her friends, she had adopted a sort of pragmatic and techno-optimist POV on the ecological situation. Surely, she thought, these problems could be solved through new technology.",conv_c5720c0a7ab443388e26c3fd59a7d2cc,EZF2HW27EQUE,1LDFE72454JT,7,human-human,3.0,7,author_2,human,human,author_2,human,True,7
2026-02-05 13:41:25.531000+00:00,it. For the better. But how could she do this she thought. She didn't know anything about technology or the,"We're heading north, in the opposite direction of the river flow, away from the city. Perhaps a metaphor? Unlike her grandparents, Lisa didn't just observe the world. She wanted to change it.",conv_c5720c0a7ab443388e26c3fd59a7d2cc,EZF2HW27EQUE,1LDFE72454JT,8,human-human,6.0,8,author_2,human,human,author_2,human,True,8
2026-02-05 13:44:43.204000+00:00,development. But people are not interested in making the world a better place. They just want more stuff. And,"Otters in the river, nor the birds in the sky. She did, however, know a thing or two about the flows of capital, the flocking of stocks, of human energy concentrated in economic",conv_c5720c0a7ab443388e26c3fd59a7d2cc,EZF2HW27EQUE,1LDFE72454JT,9,human-human,1.0,9,author_2,human,human,author_2,human,True,9
2026-02-05 13:48:56.808000+00:00,evil cycle of buying stuff and ruining the world into buying stuff and helping the world she had to think big.,"This, it seemed to her, was probably a good place to start. What if it was possible to use the power of human material desire to manifest a brighter future? To reverse this.",conv_c5720c0a7ab443388e26c3fd59a7d2cc,EZF2HW27EQUE,1LDFE72454JT,10,human-human,3.0,10,author_2,human,human,author_2,human,True,10
2026-02-02 16:42:39.851000+00:00,was called Marc. They wanted to go to Africa because they wanted to go on a jeep safari. Their big dream was to see an elephant,"Two little birds who decided to travel to Africa, not for the winter but for the summer. One of the little birds was called John and the other",conv_a857865c438f4784b533b4af7930276b,U1DR181H3RSX,APT43Q1G33L9,1,human-human,2.0,1,author_2,human,human,author_2,human,True,1
2026-02-02 16:46:57.391000+00:00,in how the elephants find water on the savannah. Marc had heard in bird school that elephants have a special ability to fin,And ride its back all across Africa to see the wilderness and explore the continent. Marc was particularly interested.,conv_a857865c438f4784b533b4af7930276b,U1DR181H3RSX,APT43Q1G33L9,2,human-human,2.0,2,author_2,human,human,author_2,human,True,2
2026-02-02 16:50:33.156000+00:00,"peed. And to his surprise, the elephant smelled it immediatly. The elephant started drinking it, and it really liked the",He found water in the most barren of places by smelling it. He wanted to get a drop of water and see if the elephant smelled it. Now he just had,conv_a857865c438f4784b533b4af7930276b,U1DR181H3RSX,APT43Q1G33L9,3,human-human,7.0,3,author_2,human,human,author_2,human,True,3
2026-02-02 16:54:10.376000+00:00,travel to africa anyway. He decided to travel to the north pole. He had to have a serious talk with santa claus. He forgot to give John,"way that this was not actually happening. Marc had just imagined it, and decided that he was not going to",conv_a857865c438f4784b533b4af7930276b,U1DR181H3RSX,APT43Q1G33L9,4,human-human,0.0,4,author_2,human,human,author_2,human,True,4
2026-02-02 16:56:39.744000+00:00,"getting an elephant to drink his pee. Therefor he flew to the zoo on the south pole, where they had a lot of","A heads-up about where he was going, so John went to the South Pole by accident. But Marc had to complete his mission of",conv_a857865c438f4784b533b4af7930276b,U1DR181H3RSX,APT43Q1G33L9,5,human-human,2.0,5,author_2,human,human,author_2,human,True,5
2026-02-02 16:59:08.741000+00:00,special elephant doctors office. Therefor Marc went in to the zebra enclosure. The zebras where not as smart as the elephants. So,Elephants that had no way of drinking any fluids because they had serious digestive tract issues and were in the,conv_a857865c438f4784b533b4af7930276b,U1DR181H3RSX,APT43Q1G33L9,6,human-human,1.0,6,author_2,human,human,author_2,human,True,6
2026-02-02 17:02:51.663000+00:00,"full send and try to prank John. He made a plan. First he peed in a cup. He placed it in front of John, and said it","Marc took pity on them and every other living creature, and decided not to pursue his plan. He decided to go",conv_a857865c438f4784b533b4af7930276b,U1DR181H3RSX,APT43Q1G33L9,7,human-human,0.0,7,author_2,human,human,author_2,human,True,7
2026-02-02 17:05:40.825000+00:00,peaceful world where no one has to drink pee. But the peace didn't last long. All of a sudden Marc and John got into,It was just as terrible of a plan as their previous plan was. They both decided to not conduct any experiments anymore and just live in a,conv_a857865c438f4784b533b4af7930276b,U1DR181H3RSX,APT43Q1G33L9,8,human-human,3.0,8,author_2,human,human,author_2,human,True,8
2026-02-02 17:07:52.237000+00:00,. The interesting part of the psychosis were that it came from smoking caribien weed they had imported with help from,"A psychosis where they thought that the peace would stop, but then the psychosis was over and they were free.",conv_a857865c438f4784b533b4af7930276b,U1DR181H3RSX,APT43Q1G33L9,9,human-human,3.0,9,author_2,human,human,author_2,human,True,9
2026-02-02 17:10:47.620000+00:00,"the undercover police. Their smuggeling ring was infiltrated by a cat, and both marc and john was sent to a high",The bird mafia back home. They became affiliated with the bird mafia a little later on and got in trouble with,conv_a857865c438f4784b533b4af7930276b,U1DR181H3RSX,APT43Q1G33L9,10,human-human,2.0,10,author_2,human,human,author_2,human,True,10
2026-02-26 16:27:44.889000+00:00,The girl with the blue dress. Sophie was walking down the street one morning; the smell of freshly cut grass filled the cold morning air. The sun was shining and,"suddenly a man greeted her, he was a tall, handsome and almost dreamy to look at. You were lost in his eyes for a couple of",conv_1cc40bdcfe074fe585404d9412e19310,M8V21UUMADLW,Y1F6CGLL2YST,1,human-human,4.0,1,author_1,human,human,author_1,human,True,1
2026-02-26 16:30:40.002000+00:00,"Moments. Magnus, he was called... He had long, thin hair, tied up in a very small ponytail with a goatee. Sophie was struck by","love, she was completely captivated by looks and his eyes, his sense of fashion and that smile... it enlighten something inside of her",conv_1cc40bdcfe074fe585404d9412e19310,M8V21UUMADLW,Y1F6CGLL2YST,2,human-human,4.0,2,author_1,human,human,author_1,human,True,2
2026-02-26 16:33:09.255000+00:00,"He instantly melted her heart as he nodded his head and made a clicking sound with his mouth. He said, ""Hey, girl."" Sofie looked at","scared but intrigued, somehow her heart beats faster and she gets flustered. Then he suddenly asked.. ""Which bus are you taken? we take the same bus",conv_1cc40bdcfe074fe585404d9412e19310,M8V21UUMADLW,Y1F6CGLL2YST,3,human-human,11.0,3,author_1,human,human,author_1,human,True,3
2026-02-26 16:35:58.446000+00:00,"We take bus 2A, up to where Sofie lives. She was intrigued and a little scared, as Magnus walked right behind her all the way to her apartment. She didn't","know until his deep voice awakened something inside of Sofie's heart. ""Do you wanna come inside for a cup of tea Magnus?"" I asked him",conv_1cc40bdcfe074fe585404d9412e19310,M8V21UUMADLW,Y1F6CGLL2YST,4,human-human,1.0,4,author_1,human,human,author_1,human,True,4
2026-02-26 16:39:39.917000+00:00,"Magnus did the head nod and clicking sound again. I found it intriguing... Was he... sexy? I couldn't figure it out. He said yes to the cup of tea, I would rather","have coffee, but then I looked at his lips and eyes.. was he sexy indeed? I was somehow conflicted, but I still served coffee and",conv_1cc40bdcfe074fe585404d9412e19310,M8V21UUMADLW,Y1F6CGLL2YST,5,human-human,4.0,5,author_1,human,human,author_1,human,True,5
2026-02-26 16:42:23.156000+00:00,Face card. I'm always serving... in multiple ways. Magnus said that he had wanted to talk to me for a long time; I just wanted to go to,sleep but he insisted that we could continue to talk and that he could spend the night. I was unsure about what to do but.. there was something in his eyes that lead me on to say,conv_1cc40bdcfe074fe585404d9412e19310,M8V21UUMADLW,Y1F6CGLL2YST,6,human-human,4.0,6,author_1,human,human,author_1,human,True,6
2026-02-26 16:45:37.090000+00:00,"""No... I think you should go home."" ""You should go home, and cut your hair; I'm not feeling the ponytail."" Magnus got a little mad at me, but","then I looked judging at him and roasted him and cross my arms like the queen I am. ""This is my apartment, go home and take a shower mr. stinky"" you don't belong",conv_1cc40bdcfe074fe585404d9412e19310,M8V21UUMADLW,Y1F6CGLL2YST,7,human-human,9.0,7,author_1,human,human,author_1,human,True,7
2026-02-26 16:50:28.828000+00:00,"""We are just friends, when are you going to understand that? You shouldn't follow me home, it's creepy. But I'll see you at the Friday bar tomorrow.""","""But Sofie!"" he shouted, ""I want to be with you and only you- you don't understand but-"" he continued, ""NO Magnus, GO HOME"" I shouted. Magnus bend down on his knees and begged ""Please",conv_1cc40bdcfe074fe585404d9412e19310,M8V21UUMADLW,Y1F6CGLL2YST,8,human-human,8.0,8,author_1,human,human,author_1,human,True,8
2026-02-26 16:53:21.889000+00:00,"""Take me back. You're the one, the only girl I've ever loved."" I stuttered... ""Sorry I called you stinky, I was frustrated... You know I love you, but it's complicated.""","""I'll cut my ponytail for you- I'll change for you, I'll be better for you and I'll stop wearing the red and blue shirts I always wear at the friday bars, I promise"" He shouted yearning",conv_1cc40bdcfe074fe585404d9412e19310,M8V21UUMADLW,Y1F6CGLL2YST,9,human-human,11.0,9,author_1,human,human,author_1,human,True,9
2026-02-26 16:56:14.331000+00:00,"""But it's not about that. I love how you look... I'm just trying to come up with excuses for us to not be together. My dad doesn't want us to.""","because of our cultural differences... You know my father doesn't approve and he doesn't support our relationship, we were never meat to be Magnus"" I looked away sad and",conv_1cc40bdcfe074fe585404d9412e19310,M8V21UUMADLW,Y1F6CGLL2YST,10,human-human,11.0,10,author_1,human,human,author_1,human,True,10
2026-02-02 16:43:10.779000+00:00,"Once upon a time, a princess lived in a small town in a faraway land. The princess was an only child and therefore was","under immense pressure to secure the continuation of the royal family. However, there was one problem. The princess really",conv_791fb9d995c643debb11df09ae124fc1,VYV8C31HC4S9,VFKQ97CVCMUE,1,human-human,4.0,1,author_1,human,human,author_1,human,True,1
2026-02-02 16:46:03.117000+00:00,Loved being drunk and going out to dance all night with her best friends. But the kingdom did not like it. They,"were scared that any potential baby she would birth, would have severe impairments from all the drinking she was doing. The princess refused to give",conv_791fb9d995c643debb11df09ae124fc1,VYV8C31HC4S9,VFKQ97CVCMUE,2,human-human,3.0,2,author_1,human,human,author_1,human,True,2
2026-02-02 16:49:00.890000+00:00,Up drinking but instead practiced safe sex so no baby would be born before she was ready to be a mother. She did not.,"know if she would ever feel ready to become a mother?! How could one, when the thought of a cold beer felt so refreshing. The thought of a coffee",conv_791fb9d995c643debb11df09ae124fc1,VYV8C31HC4S9,VFKQ97CVCMUE,3,human-human,2.0,3,author_1,human,human,author_1,human,True,3
2026-02-02 16:52:30.686000+00:00,It was like walking on a pink cloud at sunset. But she knew that she one day had to be ready. And she would be a,"great mother, she was sure of it. She would show her child how to have a good time, and hopefully, their children would not have to face the same judgements",conv_791fb9d995c643debb11df09ae124fc1,VYV8C31HC4S9,VFKQ97CVCMUE,4,human-human,7.0,4,author_1,human,human,author_1,human,True,4
2026-02-02 16:54:58.058000+00:00,"Already, some people were beginning to be more understanding and still supported her. It was mostly the old","stuck up elders, who had been young during the war. She suspected that they were jealous that they did not get to go dancing while",conv_791fb9d995c643debb11df09ae124fc1,VYV8C31HC4S9,VFKQ97CVCMUE,5,human-human,4.0,5,author_1,human,human,author_1,human,True,5
2026-02-02 16:58:18.460000+00:00,They were young and free. Maybe she should use her power as queen to get the elders out to flax floor with her. Then they would see.,"how it feels to do the worm across floor ten tequila shots deep, smashing your teeth into the floor, loosing perhaps a bit of",conv_791fb9d995c643debb11df09ae124fc1,VYV8C31HC4S9,VFKQ97CVCMUE,6,human-human,4.0,6,author_1,human,human,author_1,human,True,6
2026-02-02 17:01:32.913000+00:00,Self-respect. But always having fun memories - the nights she could remember. It was memories she would always cherish.,"When she presented her dad with the idea; to invite everyone over the age of 65 to a big party, where dancing would be",conv_791fb9d995c643debb11df09ae124fc1,VYV8C31HC4S9,VFKQ97CVCMUE,7,human-human,6.0,7,author_1,human,human,author_1,human,True,7
2026-02-02 17:04:42.690000+00:00,"For everyone, the king was very excited about the idea. He had his people make the invitation as soon as possible. He","himself, was especially looking forward to the topless bar service! He suspected that this was something that would hype the",conv_791fb9d995c643debb11df09ae124fc1,VYV8C31HC4S9,VFKQ97CVCMUE,8,human-human,3.0,8,author_1,human,human,author_1,human,True,8
2026-02-02 17:07:23.132000+00:00,"Elders who had only seen soggy breasts for a long time. Maybe some of them would find new love or lovers, after they lost their","life companions. The princess found this idea of topless service a little unnecessary, was the prospect of",conv_791fb9d995c643debb11df09ae124fc1,VYV8C31HC4S9,VFKQ97CVCMUE,9,human-human,1.0,9,author_1,human,human,author_1,human,True,9
2026-02-02 17:10:04.409000+00:00,A party not good enough. People should not come for the purpose of naked people but for their minds and love. But,she was in no way oppedes to the idea either. She knew that one can tell a lot about the character of a man from the shape of his nippels. And she was looking for a,conv_791fb9d995c643debb11df09ae124fc1,VYV8C31HC4S9,VFKQ97CVCMUE,10,human-human,1.0,10,author_1,human,human,author_1,human,True,10
2026-02-03 10:27:35.091000+00:00,"A long time ago in a land far far away lived a small tortoise. It was not, however, a regular tortoise. This little fellow was a particularly stinky and foul-smelling creature named","Paul. Paul was lonely although she had a couple hundred siblings. One day, Paul decided to go and find some friends, somewhere else than the beach, which she knew",conv_9710af85df4748fabcee810b0f588df6,PDZUU6VH9LJS,GKNZLPKZ34ST,1,human-human,1.0,1,author_1,human,human,author_1,human,True,1
2026-02-03 10:36:13.959000+00:00,was THE place to go when trying to get friends. So Paul packed her shell with beach towels and sunscreen and headed off! On the way Paul noticed the expected amount of sick. But she was,"used to the smell. So she scootched on along the divide between forest and beach. Suddenly, a flash of light caught her eye - much like that of sun reflected",conv_9710af85df4748fabcee810b0f588df6,PDZUU6VH9LJS,GKNZLPKZ34ST,2,human-human,1.0,2,author_1,human,human,author_1,human,True,2
2026-02-03 10:39:45.063000+00:00,What was that? In the distance? Could it really be a creature undeterred by the foul air that had filled the surroundings? Paul went closer to,"the palm tree. When she finally made it over there, there was nothing to be seen. Oh, well, time for a rest. She",conv_9710af85df4748fabcee810b0f588df6,PDZUU6VH9LJS,GKNZLPKZ34ST,3,human-human,7.0,3,author_1,human,human,author_1,human,True,3
2026-02-03 10:43:51.182000+00:00,"Sat down for a while thinking about the flash of light she had seen. She had really hoped it could be a friend, but alas! It turned out to be yet another disappointment to","add to the pile. She packed up her towel and started turning around., because she had to be home before sunset. As she turned, another flash of light caught her eye, this",conv_9710af85df4748fabcee810b0f588df6,PDZUU6VH9LJS,GKNZLPKZ34ST,4,human-human,3.0,4,author_1,human,human,author_1,human,True,4
2026-02-03 10:48:23.046000+00:00,"Time it came from the heavens above! A great booming voice came from the skies and it seemed to Paul to tell her to ""take a shower""? ""A shower?"" Paul thought. Then rain started pouring.",". ""Oh great!"", Paul shouted at the sky. At least she had her shell to keep der dry. But what was happening? It felt like her",conv_9710af85df4748fabcee810b0f588df6,PDZUU6VH9LJS,GKNZLPKZ34ST,5,human-human,2.0,5,author_1,human,human,author_1,human,True,5
2026-02-03 10:51:40.534000+00:00,"Shell started rocking. The rain kept pouring down and she could hear the sound of the drops on her shell getting heavier and heavier. ""What was that?"" she said to herself. Her shell","was melting! It poured down over her face and legs, and soon the shell was completely gone. She stood all alone and shell-less on the beach in the shell-melting rain",conv_9710af85df4748fabcee810b0f588df6,PDZUU6VH9LJS,GKNZLPKZ34ST,6,human-human,1.0,6,author_1,human,human,author_1,human,True,6
2026-02-03 10:55:27.710000+00:00,A little shell-less naked tortoise alone in the rain. At first Paul was confused. Then came the sadness - her home was gone. But then... came the feeling of burning.,"in her loins. A new sensation, a good sensation, a sensation making her feel more lonely than ever. CRASH! The loudest noise Paul had ever heard filled the air. She",conv_9710af85df4748fabcee810b0f588df6,PDZUU6VH9LJS,GKNZLPKZ34ST,7,human-human,3.0,7,author_1,human,human,author_1,human,True,7
2026-02-03 10:59:56.712000+00:00,Felt inspired to go on. She was ready to face the world! The loud sound filled Paul with passion and made her focused. She decided to go to the source of the,"everlasting friendships. She could see everything clearly now, and she knew that she had to find Ursula, the sea-witch. In her cave, Paul would find the friends she",conv_9710af85df4748fabcee810b0f588df6,PDZUU6VH9LJS,GKNZLPKZ34ST,8,human-human,1.0,8,author_1,human,human,author_1,human,True,8
2026-02-03 11:04:11.579000+00:00,"yearned for. ""I must go to the ocean!"" thought Paul. She then collected all her remaining strength to do a backflip into the cold waters of the ocean. She felt the crash of the","water against her naked back. Swimming was a lot easier without the heavy shell. At the bottom of the sea, she saw a cave surrounded by white sharks. This",conv_9710af85df4748fabcee810b0f588df6,PDZUU6VH9LJS,GKNZLPKZ34ST,9,human-human,1.0,9,author_1,human,human,author_1,human,True,9
2026-02-03 11:08:50.840000+00:00,"did not frighten her. Her will, passion and burning loins drove her forwards with a speed unheard of in a tortoise of her size. The sharks had not yet noticed Paul's presence. But as she","hurried past them, the biggest one opened its mouth, bared its teeth, and said ""Hello, Paul"". Paul couldn't believe it! Finally she was reunited",conv_9710af85df4748fabcee810b0f588df6,PDZUU6VH9LJS,GKNZLPKZ34ST,10,human-human,1.0,10,author_1,human,human,author_1,human,True,10
2026-02-02 16:45:33.994000+00:00,enjoy minimalist life. Eat sleep fuck repeat. Sometimes you worry about fisshermen. But that depends on what fish you are.,"A fish getting lost in the mountains. When you're born as a fish, your world is quite limited. However, you get to",conv_267923bb607743d8b946e600cef1c0e5,G33Z1QCU1QJW,TGCZC33ZC7J9,1,human-human,1.0,1,author_2,human,human,author_2,human,True,1
2026-02-02 16:49:11.160000+00:00,which you life. But if your name starts with F and you are from Czech Republic you might worry about bigger shit. You are more prone to be,"For example, if your name starts with an E, you are more prone to have been born as a clown shit and you spend your life not really thinking about the environment, in",conv_267923bb607743d8b946e600cef1c0e5,G33Z1QCU1QJW,TGCZC33ZC7J9,2,human-human,0.0,2,author_2,human,human,author_2,human,True,2
2026-02-02 16:52:28.206000+00:00,"it was born as a big sexy shark. The king of the ocean, getting any female shark he could dream of. On average he´d have like 6-7 of",Very educated and spend your time fantasizing about the outside world. Fish in our story was luckily not born as a clownfish and,conv_267923bb607743d8b946e600cef1c0e5,G33Z1QCU1QJW,TGCZC33ZC7J9,3,human-human,20.0,3,author_2,human,human,author_2,human,True,3
2026-02-02 16:56:24.784000+00:00,"void in his soul (and booty hole). In a conservative fish world, he could never admit to being a bisexual. So therefore,","The hottest Latino shark baddies. But lately, he was feeling very lonely; no companion could fill the",conv_267923bb607743d8b946e600cef1c0e5,G33Z1QCU1QJW,TGCZC33ZC7J9,4,human-human,3.0,4,author_2,human,human,author_2,human,True,4
2026-02-02 17:00:18.961000+00:00,"and open-minded. When the clock hit 3 am. All special brothels opened. Our shark, whose name is Vojtech, worked in one",He had to reserve his inner self for the weekends when the city became more alive.,conv_267923bb607743d8b946e600cef1c0e5,G33Z1QCU1QJW,TGCZC33ZC7J9,5,human-human,7.0,5,author_2,human,human,author_2,human,True,5
2026-02-02 17:02:40.034000+00:00,"a sexyyyy massive pink... jellyfish of course. Side note: you know what else is massive? Low taper fade. Anyways, back","This week, he touched a",conv_267923bb607743d8b946e600cef1c0e5,G33Z1QCU1QJW,TGCZC33ZC7J9,6,human-human,2.0,6,author_2,human,human,author_2,human,True,6
2026-02-02 17:06:01.190000+00:00,"sun, sadly, could reach any of is body parts. The good part of the fish world is that there is always a clear race distinction. No tanning or spray","To the story, it was a sunny day, not that Vojtech would know, his hood was deep below surface where no",conv_267923bb607743d8b946e600cef1c0e5,G33Z1QCU1QJW,TGCZC33ZC7J9,7,human-human,3.0,7,author_2,human,human,author_2,human,True,7
2026-02-02 17:10:28.262000+00:00,"was a skinny legend. Unfortunately, there are not that many calories in fish coochie so altough he ate a lot, he","Tan by Tana Mongeau. (reason why fish Trisha Paytas was never discovered) Vojtech was a nice, friendly guy who was too nice to eat otherwise so he",conv_267923bb607743d8b946e600cef1c0e5,G33Z1QCU1QJW,TGCZC33ZC7J9,8,human-human,2.0,8,author_2,human,human,author_2,human,True,8
2026-02-02 17:14:22.884000+00:00,"Most. Sandy was a REAL slut. She was like Bonnie Blue of the fish world. She did not care when, what, where. All she wanted was","Ever only lost weight. One day, he decided to change that; he swam away and moved in with Sandy, the nut collector from",conv_267923bb607743d8b946e600cef1c0e5,G33Z1QCU1QJW,TGCZC33ZC7J9,9,human-human,3.0,9,author_2,human,human,author_2,human,True,9
2026-02-02 17:17:19.055000+00:00,so much happier and less lonely. Sandy brought so many men home and Vojtech could enjoy as many BONES as he wanted. Everyone got,"That fish bone people choke on at Christmas, for her, it only carried happy memories. Our shark got gradually",conv_267923bb607743d8b946e600cef1c0e5,G33Z1QCU1QJW,TGCZC33ZC7J9,10,human-human,5.0,10,author_2,human,human,author_2,human,True,10
2026-02-04 13:10:58.918000+00:00,"roaring ladybird. She loves singing, and wants to pursue it and do it for a living, instead of her cleaning job. But her husband told her she","A lady in a red dress, who sings at a local bar every Thursday night. She is paid in champagne and all the locals know her as the",conv_00349a12b143490da451f31a76a05a62,FAD2KUGGJ4LX,Y8KAKY7CLLLS,1,human-human,2.0,1,author_2,human,human,author_2,human,True,1
2026-02-04 13:16:19.124000+00:00,"favorite tunes. The song ""im gonna be (500 miles)"" is blasting from her throat. People are cheering. This has to be the right path for her. She gets an idea. She has to","does not have the talent to make it big. Sometimes she wonders if he is right, but then a wave of determination floods her mind, and she keeps singing her",conv_00349a12b143490da451f31a76a05a62,FAD2KUGGJ4LX,Y8KAKY7CLLLS,2,human-human,0.0,2,author_2,human,human,author_2,human,True,2
2026-02-04 13:20:44.288000+00:00,"signs up for the audition taking place the coming month. Now she just have to practice everyday. And that she does. Whilst cleaning the dirty toilets,",audition for X-factor! This is how she will finally become a household pop-jazz icon! She runs to the stationary computer in their office and with shaking hands she,conv_00349a12b143490da451f31a76a05a62,FAD2KUGGJ4LX,Y8KAKY7CLLLS,3,human-human,1.0,3,author_2,human,human,author_2,human,True,3
2026-02-04 13:25:51.493000+00:00,coworker who secretly plays the guitar very well. He hears her singing and one day asks her to be alone. He wants to form a duo with her.,"Her angel voice, that also has a sort of raspy quality, rings from the bathroom stalls. Her boss even asks her to tone it down. Unknowingly, she has attracted the attention of a",conv_00349a12b143490da451f31a76a05a62,FAD2KUGGJ4LX,Y8KAKY7CLLLS,4,human-human,4.0,4,author_2,human,human,author_2,human,True,4
2026-02-04 13:30:00.541000+00:00,"However, maybe she could make her husband a bit jealous at the same time? That would not hurt. She decided to take a few days","The roaring ladybird was conflicted. She was flattered at the offer, but would she be able to share the spotlight? On the other hand, duos often get far in X-Factor.",conv_00349a12b143490da451f31a76a05a62,FAD2KUGGJ4LX,Y8KAKY7CLLLS,5,human-human,6.0,5,author_2,human,human,author_2,human,True,5
2026-02-04 13:33:10.409000+00:00,her husband. He was furious. How she even considered to consider singing with a man in a TV SHOW baffled him. But after 4 hours,"To think about it. Her colleague looked excited at the idea of working together with her, and she liked the feeling of admiration that evoked in her. She mentioned the idea to",conv_00349a12b143490da451f31a76a05a62,FAD2KUGGJ4LX,Y8KAKY7CLLLS,6,human-human,1.0,6,author_2,human,human,author_2,human,True,6
2026-02-04 13:36:49.996000+00:00,"sexual tension. Well, she gave in. At their first rehearsal they decide to sing a cover of a dua lipa song jazzifyied version.","After heated discussions, he gave in. But only if she promised to send him videos of them practicing every day. He was a body language specialist and wanted to monitor their progress.",conv_00349a12b143490da451f31a76a05a62,FAD2KUGGJ4LX,Y8KAKY7CLLLS,7,human-human,14.0,7,author_2,human,human,author_2,human,True,7
2026-02-04 13:39:07.521000+00:00,"too much progress and it would make him obnoxious. According to the roaring ladybird, men should be kept in a short line.",She was surprised at how well he could play jazz. Not everyone could do that. But of course she did not let him know that. She wanted to keep him humble in case they made,conv_00349a12b143490da451f31a76a05a62,FAD2KUGGJ4LX,Y8KAKY7CLLLS,8,human-human,3.0,8,author_2,human,human,author_2,human,True,8
2026-02-04 13:41:55.628000+00:00,"would she let a man walk over her like that. So when it became time for the audition, she was keeping the colleague in check.","She made the mistake of letting her husband take massage lessons once. When he came home, he had bruised her beautiful body all over with his rough massage. Never again.",conv_00349a12b143490da451f31a76a05a62,FAD2KUGGJ4LX,Y8KAKY7CLLLS,9,human-human,1.0,9,author_2,human,human,author_2,human,True,9
2026-02-04 13:47:54.588000+00:00,of ideas. But one day her coworker suggested Ladybird and the hot colleague. She said no. Instead they went for the,This proved to be the right decision because the three judges loved their performance and sent the duo straight to bootcamp. Now they only needed a name. But she was out.,conv_00349a12b143490da451f31a76a05a62,FAD2KUGGJ4LX,Y8KAKY7CLLLS,10,human-human,2.0,10,author_2,human,human,author_2,human,True,10
2026-02-10 14:32:48.373000+00:00,"the dream was about to crash once again. She was in London, the city she had been dreaming about for her whole life. One day she received a letter from","There was a girl who always tried to chase her dreams, but there were a lot of difficulties along her way. But somehow she managed and chased her abroad dreams, but now",conv_14aa49863daa4793beff7d34789601f7,CS6X1ZRSN4J9,12893VREYQL9,1,human-human,13.0,1,author_2,human,human,author_2,human,True,1
2026-02-10 14:36:50.764000+00:00,"anticipating this to happen. She left India to escape her ex-boyfriend and live out the dreams that he would not allow her, but now her worst nightmare would come true. The only",Her ex-boyfriend told her that he is also coming to London to visit her. But now she is going into depression because she was...,conv_14aa49863daa4793beff7d34789601f7,CS6X1ZRSN4J9,12893VREYQL9,2,human-human,15.0,2,author_2,human,human,author_2,human,True,2
2026-02-10 14:40:36.457000+00:00,"his ""support"" all the time. Their relationship had been toxic in many ways, and he would always make her feel like she really needed him – which she didn't. But he manipulated her",Way to escape from his ex to show him who she has become now - a strong independent girl who is not afraid of him and doesn't need him.,conv_14aa49863daa4793beff7d34789601f7,CS6X1ZRSN4J9,12893VREYQL9,3,human-human,10.0,3,author_2,human,human,author_2,human,True,3
2026-02-10 14:44:48.664000+00:00,"saving up to, and felt ready to face him. Two weeks passed, and he suddenly stood on her doorstep. He had brought lots of roses, trying to convince her to be with",She went to have a good haircut and some other services to enhance herself. She bought the car she was,conv_14aa49863daa4793beff7d34789601f7,CS6X1ZRSN4J9,12893VREYQL9,4,human-human,4.0,4,author_2,human,human,author_2,human,True,4
2026-02-10 14:48:26.783000+00:00,a small voice inside her told her: No! You should not do this. You are so much happier without him. Don't let yourself be fooled by him. Not this time! And she closed the door in his,"When she saw him, instantly she remembered all the love between them, and her heart started to convince her that maybe he is changed now, but",conv_14aa49863daa4793beff7d34789601f7,CS6X1ZRSN4J9,12893VREYQL9,5,human-human,4.0,5,author_2,human,human,author_2,human,True,5
2026-02-10 14:53:20.668000+00:00,the same. Let me go and don't come back! I'm done with you. It was very silent when she had closed the door. He didn't knock,"Face, but before closing the door, she held the roses from his hands and threw them towards his face and told him, ""No man can be changed—you all are here.""",conv_14aa49863daa4793beff7d34789601f7,CS6X1ZRSN4J9,12893VREYQL9,6,human-human,17.0,6,author_2,human,human,author_2,human,True,6
2026-02-10 14:55:49.907000+00:00,"about to begin. A few days passed by, and there was no sight of the ex. But one day, as she was standing by the window to do the dishes, she noticed something moving outside in the",But this time she is relaxed and satisfied. She has never felt this much relief as she is feeling now. Now another life is,conv_14aa49863daa4793beff7d34789601f7,CS6X1ZRSN4J9,12893VREYQL9,7,human-human,7.0,7,author_2,human,human,author_2,human,True,7
2026-02-10 14:59:41.914000+00:00,"puts the dishes away and goes out to greet him at the gate. He says: ""Hi Laura. I just thought of you and wanted to stop by. Do you want to grab a coffee with me?"" She thought about","Backyard, that a boy from her office is here to meet her, and she always saw affection and respect for her in his eyes. And now he is at her gate to meet her. She",conv_14aa49863daa4793beff7d34789601f7,CS6X1ZRSN4J9,12893VREYQL9,8,human-human,7.0,8,author_2,human,human,author_2,human,True,8
2026-02-10 15:02:09.882000+00:00,"she went inside and changed into some nice clothes. Then they went to a coffee bar, and he was being very nice to her. He paid for her",It for sometimes but this time she wants to try her luck again and said okay to him. She asked him to wait sometime so,conv_14aa49863daa4793beff7d34789601f7,CS6X1ZRSN4J9,12893VREYQL9,9,human-human,2.0,9,author_2,human,human,author_2,human,True,9
2026-02-10 15:04:56.113000+00:00,"She was starting to feel butterflies inside of her. After drinking the coffee, he asked her if she would want to see her again, and she","She reminded of her ex as she always had to pay with him, but this guy is showing nice gestures and she always notices a lot of good things.",conv_14aa49863daa4793beff7d34789601f7,CS6X1ZRSN4J9,12893VREYQL9,10,human-human,5.0,10,author_2,human,human,author_2,human,True,10
2026-02-02 09:38:04.583000+00:00,"time to be alive. However, one day a piano fell from high above the clouds and landed on all five of her pets. Gertrud was livid","Gertrude. Gertrude was a lonely old woman closing her 89 years. She has 3 cats and 2 dogs, thinking it was a good",conv_88ff52d12b3c4586865ee1e387f2ed9b,GMPKA1AQ1MUW,G5394KAM1QSX,1,human-human,2.0,1,author_2,human,human,author_2,human,True,1
2026-02-02 09:41:31.308000+00:00,"clean up the piles of squashed cat guts and fur, and set off the the supermarket to buy more melons; she urgently needed those",She screamed in joy while the people around her were astonished about the phenomenon that a piano and not a guitar fell from above. She was happy she didn't have to,conv_88ff52d12b3c4586865ee1e387f2ed9b,GMPKA1AQ1MUW,G5394KAM1QSX,2,human-human,4.0,2,author_2,human,human,author_2,human,True,2
2026-02-02 09:44:44.355000+00:00,"a big private jet and flying to outer space with all her friends: she had none. And ""planes can't fly that high"" a clever man",Melons to fake her pets' smashed heads to get the insurance money that was set to make her a billionaire. She always dreamed of getting on.,conv_88ff52d12b3c4586865ee1e387f2ed9b,GMPKA1AQ1MUW,G5394KAM1QSX,3,human-human,5.0,3,author_2,human,human,author_2,human,True,3
2026-02-02 09:48:00.146000+00:00,"different continents all over the globe, she could damn well survive a trip to outer space. After all she wasn't just any old",Once said. But she didn't believe it. If a dog could be sent to the moon and survive on the way back and she could survive all the rollercoasters in Six,conv_88ff52d12b3c4586865ee1e387f2ed9b,GMPKA1AQ1MUW,G5394KAM1QSX,4,human-human,3.0,4,author_2,human,human,author_2,human,True,4
2026-02-02 09:50:46.247000+00:00,"as Mike Tyson on cocaine. ""Mike Tyson on cocaine is the best sexual partner a woman can experience"" her niece had always said to","Lady. She was a grandma who survived raising 10 grandchildren and dealt with multiple ex-lovers, who weren't as spicy in bed.",conv_88ff52d12b3c4586865ee1e387f2ed9b,GMPKA1AQ1MUW,G5394KAM1QSX,5,human-human,8.0,5,author_2,human,human,author_2,human,True,5
2026-02-02 09:53:21.724000+00:00,"children up for adoption in 1978. She called Mike Tyson, who was in the middle of drawing a cat, and asked if he wanted to go to","Her, that she should watch him in the ring doing his thing, she said. Gertrude knew exactly what she meant. She's been through the whole thing when she put her",conv_88ff52d12b3c4586865ee1e387f2ed9b,GMPKA1AQ1MUW,G5394KAM1QSX,6,human-human,2.0,6,author_2,human,human,author_2,human,True,6
2026-02-02 09:56:28.972000+00:00,KNEW THE DOCTOR WAS LYING. She had to make sure he never opened his mouth again. So she took a roll of duct tape and and a,"Her 4th husband's funeral. He died of a heart attack the doctor said, but Gertrude knew him too well, and his heart was strong enough to pull through, no. SHE",conv_88ff52d12b3c4586865ee1e387f2ed9b,GMPKA1AQ1MUW,G5394KAM1QSX,7,human-human,3.0,7,author_2,human,human,author_2,human,True,7
2026-02-02 10:00:31.993000+00:00,train station where she started a new-age band with Søren Rasted from Aqua. He had nice hair and always talked about the deep,"casserole from her kitchen. The things you always have in the house, you know? She had to frame the doctor for HER murder. She brought her stuff to the",conv_88ff52d12b3c4586865ee1e387f2ed9b,GMPKA1AQ1MUW,G5394KAM1QSX,8,human-human,0.0,8,author_2,human,human,author_2,human,True,8
2026-02-02 10:03:13.135000+00:00,"people in general, they would DEFINITELY FUCK. But unfortunately they lived in rural Russia, where sexual norms were outdated and","voiced singer in his band. René Dif, he was a handsome man, he said. And if it wasn't for the societal norms and perspective of",conv_88ff52d12b3c4586865ee1e387f2ed9b,GMPKA1AQ1MUW,G5394KAM1QSX,9,human-human,4.0,9,author_2,human,human,author_2,human,True,9
2026-02-02 10:05:41.831000+00:00,"coffin-options. Then she jumped very high with a lot of force, all the way to space, where she met the grand pianomaker and Billy","Totally outdated. Well, backtracking to Gertrude's agenda with the tape and casserole... They took the train and parted ways; she had to stop by the morgue to discuss.",conv_88ff52d12b3c4586865ee1e387f2ed9b,GMPKA1AQ1MUW,G5394KAM1QSX,10,human-human,13.0,10,author_2,human,human,author_2,human,True,10
2026-02-26 16:26:01.732000+00:00,strolling through the university park with a beer in his hand. It was summer and the new semester had just begun.,"Two people, who randomly met each other at university. And yes, it was random—because as it turned out, they didn't study the same subject, but one of them, Ian, was",conv_1360044ece874230aaf6f39764cb69cc,PSM23ZUQDUJW,5GKN1VU42YJS,1,human-human,4.0,1,author_2,human,human,author_2,human,True,1
2026-02-26 16:30:04.869000+00:00,"Ian replied ""it's alright"" and began to move on, now with a stained white shirt when the guy with Clara held him","Clara, who walked through the park occupied with her thoughts, suddenly bumped into Ian and spilled her hot coffee all over him. ""Sorry!""",conv_1360044ece874230aaf6f39764cb69cc,PSM23ZUQDUJW,5GKN1VU42YJS,2,human-human,0.0,2,author_2,human,human,author_2,human,True,2
2026-02-26 16:35:30.932000+00:00,"but the guy wouldn't stop glaring. So Ian decided to use some quick thinking. ""Sorry im shy, and you are really pretty"".","back and asked him ""hey - it was not on purpose, you don't have to be so rude about it"". Ian looked surprised at him and Clara tried to neutralize the situation,",conv_1360044ece874230aaf6f39764cb69cc,PSM23ZUQDUJW,5GKN1VU42YJS,3,human-human,0.0,3,author_2,human,human,author_2,human,True,3
2026-02-26 16:39:58.709000+00:00,"out whether Ian had meant her or her friend Brian. Hopefully time would tell, afterall the year had just","Clara blushed, dragged her friend away from the situation, wondering what had just happened. But something was in the air—and she could not figure it out.",conv_1360044ece874230aaf6f39764cb69cc,PSM23ZUQDUJW,5GKN1VU42YJS,4,human-human,11.0,4,author_2,human,human,author_2,human,True,4
2026-02-26 16:43:56.019000+00:00,man to talk about SOMETHING else than the pretty boy from yesterday. As she was rummaging through her cupboard,"Begun, and Clara did not want to anticipate anything. The next day, Casper would not stop talking about Ian and his rudeness. Clara grew suspicious—how could she get the",conv_1360044ece874230aaf6f39764cb69cc,PSM23ZUQDUJW,5GKN1VU42YJS,5,human-human,4.0,5,author_2,human,human,author_2,human,True,5
2026-02-26 16:47:30.732000+00:00,would now become her motivation to make Casper realise just how fucking gay he was. No man should be closeted in,"She found the picture from last summer depicting her late father. The funniest man she knew—unfortunately, he was not brave enough to come out of the closet, and this",conv_1360044ece874230aaf6f39764cb69cc,PSM23ZUQDUJW,5GKN1VU42YJS,6,human-human,7.0,6,author_2,human,human,author_2,human,True,6
2026-02-26 16:50:50.843000+00:00,"..yeah that's probably it. Anyway, Clara arose from the floor where she had been pondering and walked to the","EVER. Clara thought back to the camp, where Brian got his nickname Casper - and wondered why this had stuck. Maybe it just fit his fucking gayness.",conv_1360044ece874230aaf6f39764cb69cc,PSM23ZUQDUJW,5GKN1VU42YJS,7,human-human,1.0,7,author_2,human,human,author_2,human,True,7
2026-02-26 16:54:58.916000+00:00,ask if he wanted to eat lunch together. There was a new hotdog stand near the stadium that she wanted to try out. And,"Living room, where she found her mum lighting up a huge joint. ""Really, mom, again?"" she screamed, while grabbing her jacket to get the fuck out of there. She called Casper to",conv_1360044ece874230aaf6f39764cb69cc,PSM23ZUQDUJW,5GKN1VU42YJS,8,human-human,2.0,8,author_2,human,human,author_2,human,True,8
2026-02-26 16:57:35.806000+00:00,hotdog in each hand it certainly would provide great entertainment for the afternoon. Casper seemed to be,"The local soccer team was playing a match tonight, so maybe they would both get a kick out of watching hot men running around sweating, with a",conv_1360044ece874230aaf6f39764cb69cc,PSM23ZUQDUJW,5GKN1VU42YJS,9,human-human,1.0,9,author_2,human,human,author_2,human,True,9
2026-02-26 16:59:17.790000+00:00,possible! It had been a rough summer and she couldn't wait to get to know the local pubs. She started walking towards the,"In a great mood today, so maybe they could go to the pub later on as well. Clara needed to get drunk - as soon as.",conv_1360044ece874230aaf6f39764cb69cc,PSM23ZUQDUJW,5GKN1VU42YJS,10,human-human,2.0,10,author_2,human,human,author_2,human,True,10
