timestamp,author_1,author_2,conversation_id,respondent_id_u1,respondent_id_u2,interaction_count,condition,turn,starter,author_1_text_qc_char_count,author_1_text_qc_nonspace_chars,author_1_text_qc_letter_chars,author_1_text_qc_word_chars,author_1_text_qc_word_count,author_1_text_qc_alpha_ratio,author_1_text_qc_symbol_ratio,author_1_text_qc_keyboard_pattern_ratio,author_1_text_qc_word_vowel_ratio,author_1_text_qc_long_no_vowel_tokens,author_1_text_qc_longest_token_chars,author_1_text_qc_flagged,author_1_text_qc_reasons,author_2_text_qc_char_count,author_2_text_qc_nonspace_chars,author_2_text_qc_letter_chars,author_2_text_qc_word_chars,author_2_text_qc_word_count,author_2_text_qc_alpha_ratio,author_2_text_qc_symbol_ratio,author_2_text_qc_keyboard_pattern_ratio,author_2_text_qc_word_vowel_ratio,author_2_text_qc_long_no_vowel_tokens,author_2_text_qc_longest_token_chars,author_2_text_qc_flagged,author_2_text_qc_reasons,text_qc_flagged,text_qc_reasons,author_1_raw,author_1_edit_distance,author_2_raw,author_2_edit_distance,spell_correction_excessive_edit,author_1_type,author_2_type,starter_side,starter_type,complete_exchange,analysis_turn,author_1_surprise,author_2_surprise,author_1_surprise_raw,author_2_surprise_raw,author_1_entropy,author_2_entropy,author_1_transience,author_2_transience,author_1_transience_raw,author_2_transience_raw,author_1_transience_baseline,author_2_transience_baseline
2026-02-02 16:43:46.514000+00:00,"the great feast in Aarhus. Everybody had gathered down at Le Coq for ""Mad og Fad"" where people get a beer and a plate of food. Everybody was so excited for what was",going to be a long evening with lots of miscellaneous activities. Everyone met up at exactly 18 o'clock and greeted everyone happy to celebrate the start of the,188SQKM20FYzYRFIJ08U,W5HM3L1Y97J9,,1,human-human,1,author_1,165.0,133.0,129.0,129.0,33.0,0.9699248120300752,0.0300751879699248,0.0,1.0,0.0,9.0,False,,160.0,133.0,129.0,129.0,28.0,0.9699248120300752,0.0150375939849624,0.0,1.0,0.0,13.0,False,,False,,"the great feast in aarhus. Everybody had gathered down at Le Coq for ""Mad og Fad"" where people get a beer and a plate of food. Everybody were so excited for what was",4,going to be a long evening with lost of miscellaneous activities. Everyone met up at exactly 18 o'clock and greeted everyone happy to celebrate the start of the,2,False,human,human,author_1,human,True,,0.0,-1.0826305042613642,6.3814247532894735,4.593616832386363,242.494140625,151.58935546875,-1.0826305042613642,-0.7430287953969597,4.593616832386363,5.302270837732263,5.6762473366477275,6.045299633129223
2026-02-02 16:49:34.952000+00:00,"feast. Some people showed up hammered already and the rest were in the process of getting there with ""Chartreuse on ice"" A delicious trademark of Le coq. Then Simon stood up",to announce his drop-out from university and that he was going to travel to every single country in the next year. Everybody was surprised but very excited for him. They cheered.,188SQKM20FYzYRFIJ08U,W5HM3L1Y97J9,,2,human-human,2,author_1,168.0,139.0,135.0,135.0,30.0,0.9712230215827338,0.0287769784172661,0.0,1.0,0.0,10.0,False,,177.0,147.0,144.0,144.0,32.0,0.979591836734694,0.0204081632653061,0.0,1.0,0.0,10.0,False,,False,,"feast. Some people showed up hammered already and the rest were in process of getting there with ""Chartruese on ice"" A delicous trademark of Le coq. Then Simon stood up",7,to announce his drop-out from university and that he was going to travel to every single country in the next year. Everybody was surprised but very excited for him. They cheered,1,False,human,human,author_1,human,True,1.0,-1.776144491659629,-1.0340915256076384,5.302270837732263,4.013292100694445,196.18402099609375,144.478515625,-0.37022569444444464,-0.958984375,4.013292100694445,4.369571083470395,4.383517795138889,5.328555458470395
2026-02-02 16:58:06.170000+00:00,"He then also told that he was gonna do so in an 18 ft. People were shocked. He was in for a ride. Or as some would say, ""the time of","his life."" They were actually all almost at the end of their studies and started planning trips according to his travel route.",188SQKM20FYzYRFIJ08U,W5HM3L1Y97J9,,3,human-human,3,author_1,131.0,101.0,94.0,94.0,30.0,0.9306930693069309,0.0495049504950495,0.0,0.9666666666666668,0.0,7.0,False,,125.0,104.0,102.0,102.0,22.0,0.9807692307692308,0.0192307692307692,0.0,1.0,0.0,9.0,False,,False,,"He then also told that he was gonna do so in a 18 ft. People were shocked. He was in for a ride. Or as some would say. ""the time of",2,"his life"". They were actually all almost at the end of their studies and started planning trips according to his travel route",3,False,human,human,author_1,human,True,2.0,-1.4615896124588819,-2.525858561197917,4.369571083470395,4.839436848958333,166.043701171875,116.146484375,-0.858551025390625,-0.7269944411057692,4.839436848958333,4.499787159455129,5.697987874348958,5.226781600560898
2026-02-02 17:02:27.290000+00:00,People loved the idea of sailing and in a matter of hours one of his friends had also bought a boat from DBA which he was gonna follow him along in. And more friends joined. They had,"actually planned out all of their next year in a matter of minutes, maybe with a little bit of alcoholic fuel but the plan is standing. Next they will be meeting to draw the route on.",188SQKM20FYzYRFIJ08U,W5HM3L1Y97J9,,4,human-human,4,author_1,181.0,145.0,143.0,143.0,37.0,0.986206896551724,0.0137931034482758,0.0,1.0,0.0,7.0,False,,182.0,147.0,145.0,145.0,36.0,0.9863945578231292,0.0136054421768707,0.0,1.0,0.0,9.0,False,,False,,People loved the Idea of sailing and in a matter of hours one of his friends had also bought a boat from DBA which he was gonne follow him along in. And more frinds joined. They had,3,"actually planned out all of their next year in a matter of minutes, maybe with a little bit of alcoholic fuel but the plan is standing. Next they will be meeting to draw the route on",1,False,human,human,author_1,human,True,3.0,-1.4289190830328522,-1.735371907552083,4.499787159455129,4.676937787960737,175.49169921875,182.40057373046875,-0.6249420948517628,-0.35552455357142865,4.676937787960737,5.550390625,5.3018798828125,5.905915178571429
2026-02-02 17:07:38.894000+00:00,"On was saying ""Greenland! We need to save them!"". Another yelled out ""CUBA I want cheap cigars."" Another ""Russia! I want vodka!"". But then Anne","fell down head first from the table after dancing ecstatically and losing the balance after twirling 20 times at once. No one was able to catch her, so she landed on the wooden floor.",188SQKM20FYzYRFIJ08U,W5HM3L1Y97J9,,5,human-human,5,author_1,146.0,122.0,110.0,110.0,25.0,0.9016393442622952,0.0983606557377049,0.0,1.0,0.0,9.0,False,,182.0,149.0,145.0,145.0,33.0,0.9731543624161074,0.0134228187919463,0.0,1.0,0.0,12.0,False,,False,,"On was saying ""Greenland! we need to safe them!"". Another yelled out ""CUBA i want cheap cigars"" Another ""Russia! I want vooooodka!"". But then Anne",8,"fell down head first from the table after dancing ecstatically and losing the balance after twirling 20 times at once. No one was able to catch her, so she landed on the wooden floor",1,False,human,human,author_1,human,True,4.0,-1.3577008928571423,-0.6415263584681927,5.550390625,4.2225832257952005,194.263671875,177.34849548339844,-0.35630616687593086,-1.2857491629464288,4.2225832257952005,4.432931082589286,4.578889392671131,5.718680245535714
2026-02-02 17:11:14.241000+00:00,Luckily nothing happened to her so that party kept going. The room was electric and people were throwing dance moves that were unknown to mankind almost.,"taking off through the ceiling. After a couple of hours of dancing, they left the party and started heading towards the harbor to continue their",188SQKM20FYzYRFIJ08U,W5HM3L1Y97J9,,6,human-human,6,author_1,152.0,127.0,126.0,126.0,26.0,0.9921259842519684,0.0078740157480314,0.0,1.0,0.0,8.0,False,,144.0,120.0,118.0,118.0,25.0,0.9833333333333332,0.0166666666666666,0.0,1.0,0.0,8.0,False,,False,,Luckily nothing happened to her so that party kept going. The room was electric and people were throwing dance moves that were unknown to mankind almost,1,"taking off through the ceilig. After a couple of hours of dancing, they left the party and started heading towards the harbour to continue their",2,False,human,human,author_1,human,True,5.0,-2.0905064174107144,-1.2830222800925926,4.432931082589286,4.0693359375,124.1220703125,109.8720703125,-0.4438295717592595,-1.0419416756465516,4.0693359375,4.181287042025862,4.5131655092592595,5.223228717672414
2026-02-02 17:14:00.957000+00:00,"adventure. But it was totally dark and people were not walking straight anymore. They heard a horn from the waterside. ""WHAT WAS THAT?""","It was coming closer and closer and somehow didn't seem to get any slower. ""OH NO,"" they didn't realize they had walked onto a poorly",188SQKM20FYzYRFIJ08U,W5HM3L1Y97J9,,7,human-human,7,author_1,134.0,112.0,107.0,107.0,23.0,0.9553571428571428,0.0446428571428571,0.0,1.0,0.0,9.0,False,,133.0,109.0,103.0,103.0,27.0,0.944954128440367,0.055045871559633,0.0,0.925925925925926,0.0,7.0,False,,False,,"adventure. But it was totally dark and people were not walking straight anymore. They heard a horn from the waterside. ""WHAT WAS THAT""",1,"It was coming closer and closer and somehow didn't seem to get any slower. ""OH NO"", they didn't realize they had walked onto a poorly",2,False,human,human,author_1,human,True,6.0,-2.6072366648706895,-1.4932341575622559,4.181287042025862,4.041605710983276,121.25732421875,129.33138275146484,-0.818098783493042,-0.8672614820075757,4.041605710983276,3.0461166844223486,4.859704494476318,3.9133781664299243
2026-02-02 17:16:20.127000+00:00,constructed bridge. So they decided to find a boat to jump on. They found a small canoe and all of a sudden all 10 of them were sitting on,"a single one. Some balancing on the tip, others on the back and the rest squeezed into the middle portion. They stayed there for the",188SQKM20FYzYRFIJ08U,W5HM3L1Y97J9,,8,human-human,8,author_1,138.0,110.0,106.0,106.0,28.0,0.9636363636363636,0.0181818181818181,0.0,1.0,0.0,11.0,False,,131.0,107.0,104.0,104.0,25.0,0.97196261682243,0.02803738317757,0.0,1.0,0.0,9.0,False,,False,,constructed bridge. So they decided to find a boat to jump on. They found a small canoe and all of a sudden all 10 of them were sitting on,0,"a single one. Some balancing on the tip, others on the back and the rest sqeezed into the middle protion. They stayed there for the",3,False,human,human,author_1,human,True,7.0,-2.1665667909564394,-2.0607212611607144,3.0461166844223486,4.100760323660714,100.5218505859375,114.8212890625,-1.0004534040178568,-0.9858124785953097,4.100760323660714,3.8510128568719932,5.101213727678571,4.836825335467303
2026-02-02 17:18:49.244000+00:00,entire night. they paddled and paddled and all of a sudden they had reached Sweden. A long time dream for Simon had now,come true. They all decided to watch the sunrise there and then go to the supermarket to buy SMASH for breakfast. After they planned on,188SQKM20FYzYRFIJ08U,W5HM3L1Y97J9,,9,human-human,9,author_1,117.0,96.0,94.0,94.0,22.0,0.9791666666666666,0.0208333333333333,0.0,1.0,0.0,7.0,False,,134.0,110.0,108.0,108.0,25.0,0.9818181818181818,0.0181818181818181,0.0,1.0,0.0,11.0,False,,False,,entire night. they paddled and paddled and all of sudden they had reached sweden. A long time dream for Simon had now,3,come true. They all decided to watch the surise there and then go to the supermarket to buy SMASH for breakfast. After they planned on,1,False,human,human,author_1,human,True,8.0,-3.1369408854731806,-2.537702287946429,3.8510128568719932,4.139334542410714,103.97734713554382,115.9013671875,-1.0840890066964288,-0.4361114501953125,4.139334542410714,3.77593994140625,5.223423549107143,4.2120513916015625
2026-02-02 17:21:36.366000+00:00,catching a shark. they threw out their fishing lines and sat there waiting. they waited and waited but nothing happened. but they had already planned how they would cook,"it and marinate it in Jägermeister. Since they couldn't get one until the very late evening, they bought one at the fish market and fried it on the motor of the ship on the",188SQKM20FYzYRFIJ08U,W5HM3L1Y97J9,,10,human-human,10,author_1,166.0,138.0,135.0,135.0,29.0,0.9782608695652174,0.0217391304347826,0.0,1.0,0.0,8.0,False,,173.0,140.0,137.0,137.0,35.0,0.9785714285714284,0.0214285714285714,0.0,0.9714285714285714,0.0,12.0,False,,False,,catching a shark. they threw out there fishing lines a sat there waiting. they waited and waited but nothing happned. but they had already planned how they would cook,5,"it and marinate it in Jägermeister. Since they couldn't get one until the very late evening, they bopught one at the fish market and fried it on the motor of the ship on the",1,False,human,human,author_1,human,True,9.0,-1.1499176025390625,-1.7087672163800494,3.77593994140625,3.8351170609637006,120.830078125,157.23979949951172,-1.0061392435213414,,3.8351170609637006,,4.841256304485042,
2026-02-02 16:42:52.870000+00:00,"cosy spot. The cats loved to chill there every morning in the sun, and every evening in the moonlight. Today","Once upon a time in Hollywood, there were two cats strolling along the pavement. Many stars lined the pavement and one looked down at a particularly",1jhKtdiCFYhLl4Itr0tM,7D2RC89HCRSX,88AQ341U1QUA,1,human-human,1,author_2,149.0,124.0,122.0,122.0,26.0,0.9838709677419356,0.0161290322580645,0.0,1.0,0.0,12.0,False,,108.0,89.0,86.0,86.0,20.0,0.9662921348314608,0.0337078651685393,0.0,1.0,0.0,9.0,False,,False,,"Once upon a time in Hollywood, there were two cats strolling along the pavement. Many stars ligned the pavement and one looked down at a particularly",1,"cosy spot. The cats loved to chill there every morning in the sun, and every evening in the moonlight. Today",0,False,human,human,author_2,human,True,1.0,0.0,0.009970528738839413,5.899068196614583,5.236275809151786,141.57763671875,146.61572265625,0.009970528738839413,-0.42121378580729196,5.236275809151786,4.6751708984375,5.226305280412946,5.096384684244792
2026-02-02 16:46:18.893000+00:00,but suddenly everything changed. Another black cat ran towards them. They were unsure if it wanted to play along or if it,"was a very nice day, the sun reflected in their little whiskers and the palms above them created shadows that danced along",1jhKtdiCFYhLl4Itr0tM,7D2RC89HCRSX,88AQ341U1QUA,2,human-human,2,author_2,122.0,101.0,100.0,100.0,22.0,0.99009900990099,0.0099009900990099,0.0,1.0,0.0,9.0,False,,121.0,100.0,98.0,98.0,22.0,0.98,0.02,0.0,1.0,0.0,10.0,False,,False,,"was a very nice day, the sun reflected in their little whiskers and the palms above them created shadows that danced along",0,but suddenly everything changed. Another black cat ran towards them. they were unsure if it wanted to play along or if it,1,False,human,human,author_2,human,True,2.0,-0.89935302734375,-1.8357676630434785,4.6751708984375,4.988960597826087,112.2041015625,114.74609375,0.033797554347826164,-0.24195200602213562,4.988960597826087,3.219990030924479,4.955163043478261,3.4619420369466147
2026-02-02 16:48:34.274000+00:00,"and it looked ready to fight. the two cats didn't want to fight, they just wanted to be happy and have a cozy time. The",". The two cats looked at each other, frightened, trying to make out the expression of the black cat. Its tail was raised.",1jhKtdiCFYhLl4Itr0tM,7D2RC89HCRSX,88AQ341U1QUA,3,human-human,3,author_2,120.0,98.0,94.0,94.0,22.0,0.9591836734693876,0.0408163265306122,0.0,1.0,0.0,10.0,False,,119.0,95.0,91.0,91.0,26.0,0.9578947368421052,0.0421052631578947,0.0,0.9615384615384616,0.0,6.0,False,,False,,". The two cats looked at each other, frightened, trying to make out the expression of the black cat. Its tail was raised",1,"and it looked ready to fight. the two cats didn't want to fight, they just wanted to be happy and have a cosy time. The",1,False,human,human,author_2,human,True,3.0,-1.8593785603841146,-2.151123046875,3.219990030924479,3.268970630787037,96.59970092773438,88.26220703125,-0.08748372395833304,-0.035071331521739246,3.268970630787037,6.709239130434782,3.3564543547453702,6.7443104619565215
2026-02-02 16:50:49.461000+00:00,"delicious fish skeleton. hmmm tasted so good, and made even better swords. Now they were ready to fight more","two cats however, decided that it was time to abandon their peaceful ways. They pulled out their fish-swords, made out of",1jhKtdiCFYhLl4Itr0tM,7D2RC89HCRSX,88AQ341U1QUA,4,human-human,4,author_2,121.0,101.0,97.0,97.0,22.0,0.9603960396039604,0.0396039603960396,0.0,1.0,0.0,8.0,False,,107.0,89.0,86.0,86.0,19.0,0.9662921348314608,0.0337078651685393,0.0,0.9473684210526316,0.0,8.0,False,,False,,"two cats however, decided that it was time to abandon their peaceful ways. They pulled out their fish-swords, made out of",0,"delicous fish skeleton. hmmm tasted so good, and made even better swords. Now they were ready to fight more",1,False,human,human,author_2,human,True,4.0,-1.2631623641304355,-2.162762677228009,6.709239130434782,3.845558449074074,154.3125,103.830078125,-0.42740659360532396,-0.16863731101707202,3.845558449074074,5.225288108543113,4.272965042679398,5.393925419560185
2026-02-02 16:53:53.527000+00:00,"even tastier fish mhhhh so delicious. The more delicious the more dangerous so now the cats were even more frightened, oh no what","The black cat had also come prepared. Hiding behind its thick fur was a Minecraft diamond pickaxe, made out of,",1jhKtdiCFYhLl4Itr0tM,7D2RC89HCRSX,88AQ341U1QUA,5,human-human,5,author_2,114.0,95.0,92.0,92.0,20.0,0.968421052631579,0.031578947368421,0.0,1.0,0.0,9.0,False,,129.0,107.0,105.0,105.0,23.0,0.9813084112149532,0.0186915887850467,0.0,0.9565217391304348,0.0,10.0,False,,False,,"The black cat had also come prepared. Hidding behind its thicccc fur was a Minecraft diamond pickaxe, made out of,",4,"even tastier fish mhhhh so delicious. The more delicious the more dangerous so now the cats were even more frightened, oh no what",0,False,human,human,author_2,human,True,5.0,-2.295581393771702,-1.9716210937499996,5.225288108543113,4.21888671875,141.08277893066406,105.47216796875,-0.02249023437499975,0.07203102111816406,4.21888671875,4.85475222269694,4.241376953125,4.782721201578776
2026-02-02 16:58:41.408000+00:00,"cat was brave but hadn't thought of the two against one thing, which was kind of stupid because it got so","After an INTENSE staredown, they ran towards each other and their DELICIOUS swords clashed with a powerful clash. The black",1jhKtdiCFYhLl4Itr0tM,7D2RC89HCRSX,88AQ341U1QUA,6,human-human,6,author_2,123.0,104.0,102.0,102.0,20.0,0.9807692307692308,0.0192307692307692,0.0,1.0,0.0,9.0,False,,105.0,85.0,83.0,83.0,22.0,0.976470588235294,0.0235294117647058,0.0,0.9545454545454546,0.0,7.0,False,,False,,"After an INTENSE staredown, they ran towards each other and their DELICIOUS swords clashed with a powerful clash. The black",0,"cat was brave but hadn't thought of the two against one thing, which was kind of stupid because it got so",0,False,human,human,author_2,human,True,6.0,-1.7157840728759766,-1.4236684945913458,4.85475222269694,4.7029278094951925,116.51405334472656,122.276123046875,0.12856820913461586,-0.06138392857142794,4.7029278094951925,4.703412737165179,4.574359600360577,4.764796665736607
2026-02-02 17:01:27.818000+00:00,"it came with so unfriendly and bad vibes. The black cat was actually just so so so sad to not have another cat to play with,","riled up. They continued to fight some more, but they quickly got tired. That is when the black cat opened up about why",1jhKtdiCFYhLl4Itr0tM,7D2RC89HCRSX,88AQ341U1QUA,7,human-human,7,author_2,119.0,97.0,94.0,94.0,23.0,0.9690721649484536,0.0309278350515463,0.0,1.0,0.0,9.0,False,,124.0,99.0,97.0,97.0,26.0,0.9797979797979798,0.0202020202020202,0.0,1.0,0.0,10.0,False,,False,,"riled up. They continued to fight some more, but they quickly got tired. That is when the black cat opened up about why",0,"it came with so unfriendly and bad vibes. The black cat was actually just so so so sad to not have another cat to play with,",0,False,human,human,author_2,human,True,7.0,-1.9842267717633923,-1.9675654658564818,4.703412737165179,3.874882450810185,131.695556640625,104.621826171875,-0.17511212384259256,-0.12107421874999957,3.874882450810185,4.46306640625,4.049994574652778,4.584140625
2026-02-02 17:04:20.151000+00:00,"then the fun began. wow so much fun stuff to do in Hollywood. They visited the big sign, ran all the way","which was very sad. So, they decided to end the war and become play buddies in Hollywood instead. They hugged for a bit and",1jhKtdiCFYhLl4Itr0tM,7D2RC89HCRSX,88AQ341U1QUA,8,human-human,8,author_2,123.0,100.0,97.0,97.0,24.0,0.97,0.03,0.0,1.0,0.0,9.0,False,,104.0,83.0,80.0,80.0,22.0,0.963855421686747,0.036144578313253,0.0,1.0,0.0,9.0,False,,False,,"which was very sad. So, they decided to end the war and become play buddies in Hollywood instead. They hugged for a bit and",0,"then the fun began. wow so much fun stuff to do in hollywood. They visited the big sign, ran all the way",1,False,human,human,author_2,human,True,8.0,-2.1814648437499997,-2.2316984953703702,4.46306640625,4.312138310185185,111.57666015625,116.427734375,0.33521412037037024,-0.6714390345982144,4.312138310185185,5.825445265997024,3.976924189814815,6.496884300595238
2026-02-02 17:07:08.951000+00:00,was wonderful. They listened to dark horse all night OMG SUCH A GREAT SONG. The next morning was almost,to Katy Perry's mansion to play with her and all her other cats. It was such a fun time wow they got along so great it,1jhKtdiCFYhLl4Itr0tM,7D2RC89HCRSX,88AQ341U1QUA,9,human-human,9,author_2,118.0,93.0,91.0,91.0,27.0,0.978494623655914,0.021505376344086,0.0,0.9629629629629628,0.0,7.0,False,,104.0,86.0,84.0,84.0,19.0,0.9767441860465116,0.0232558139534883,0.0,1.0,0.0,10.0,False,,False,,to Katy Purry's mansion to play with her and all her other cats. It was such a fun time wow they got along so great it,1,was wunderfull. They listened to dark horse all night OMG SUCH A GREAT SONG. The next morning was almost,2,False,human,human,author_2,human,True,9.0,-1.7268240792410712,-2.0857859644396552,5.825445265997024,3.836493130387931,122.3343505859375,111.25830078125,-0.1212084540005387,-0.12602887834821352,3.836493130387931,5.598789760044643,3.9577015843884698,5.724818638392857
2026-02-02 17:10:17.319000+00:00,"were young, except the black cat, she was over 25, so sad for Leo..... great the two other cats were young and","better, because they went to visit Leonardo DiCaprio. He was a well-known cat actor but he liked young cats and these cats",1jhKtdiCFYhLl4Itr0tM,7D2RC89HCRSX,88AQ341U1QUA,10,human-human,10,author_2,123.0,102.0,99.0,99.0,23.0,0.9705882352941176,0.0294117647058823,0.0,1.0,0.0,9.0,False,,110.0,89.0,79.0,79.0,21.0,0.8876404494382022,0.0898876404494382,0.0,1.0,0.0,6.0,False,,False,,"better, because they went to visit LEOnardo Dicatprio. He was a well-known cat actor but he liked young cats and these cats",4,"were young, except the black cat, she was over 25, so sad for Leo..... great the two other cats were young and",0,False,human,human,author_2,human,True,10.0,-1.733380998883928,-3.20849609375,5.598789760044643,3.820124699519231,156.76611328125,99.3232421875,-0.23861929086538414,,3.820124699519231,,4.058743990384615,
2026-02-02 09:42:57.415000+00:00,"One day, two young researchers entered a classroom full of students and asked them to participate in",a push-up competition to find out if there is a correlation between how strong people from different studies are. There was a slight twist to this since the participants were also,599Km2RY5nTNKI7vG2Wb,N19A2KDM98SS,DH9A4N4R13JA,1,human-human,1,author_1,100.0,84.0,83.0,83.0,17.0,0.988095238095238,0.0119047619047619,0.0,1.0,0.0,11.0,False,,178.0,148.0,145.0,145.0,32.0,0.9797297297297296,0.0202702702702702,0.0,1.0,0.0,12.0,False,,False,,"One day, two young researchers entered a classroom full of students and asked them to participate in",0,"a push-up competion to find out, if there is a correlation between how strong people from different studies are. There was a slight twist to this since the participants were also",3,False,human,human,author_1,human,True,,0.0,-0.25400677849264675,4.892293294270833,4.865564682904412,88.061279296875,165.42919921875,-0.25400677849264675,-1.4428187779017856,4.865564682904412,4.534109933035714,5.119571461397059,5.9769287109375
2026-02-02 09:49:52.071000+00:00,"ask to recite the IPA while doing push-ups. The researchers had a hypothesis going into the study. Though the students knew their IPA,",the strength of their mental state might not be enough to transfer into raw push-up strength. The math students had to solve complex equations while sweat was dripping from,599Km2RY5nTNKI7vG2Wb,N19A2KDM98SS,DH9A4N4R13JA,2,human-human,2,author_1,135.0,112.0,108.0,108.0,25.0,0.9642857142857144,0.0357142857142857,0.0,1.0,0.0,11.0,False,,172.0,144.0,142.0,142.0,30.0,0.9861111111111112,0.0138888888888888,0.0,1.0,0.0,9.0,False,,False,,"ask to recite the IPA while doing push-up. The researchers had i a hypothesis going into the study. Though the students knew their IPA,",3,the strength of their mental state might not be enough to transfer into raw push-up strenght. The math students had to solve complex equations while sweat was dripping from,2,False,human,human,author_1,human,True,1.0,-2.156476702008929,-1.95367431640625,4.534109933035714,4.70013427734375,126.955078125,150.404296875,-1.0170440673828125,-1.0088239397321432,4.70013427734375,4.03125,5.7171783447265625,5.040073939732143
2026-02-02 09:53:00.796000+00:00,"their palms. The students, eager to beat the people from maths, jumped from their seats and began their attempt at push-ups. It","was easy at first. The two young researchers counted out loud, setting the mood. ONE, TWO... everyone was good until five... the music did not help at all.",599Km2RY5nTNKI7vG2Wb,N19A2KDM98SS,DH9A4N4R13JA,3,human-human,3,author_1,129.0,107.0,102.0,102.0,24.0,0.9532710280373832,0.0467289719626168,0.0,1.0,0.0,8.0,False,,153.0,126.0,117.0,117.0,28.0,0.9285714285714286,0.0714285714285714,0.0,1.0,0.0,11.0,False,,False,,"their palms. The students, eager to to beat the people from maths, jumps from their seats and began their attempt at push-ups. It",5,"was easy at first. The two young researchers counted out loud, setting the mood. ONE, TWO.. everyone was good until five.. the music did not help at all.",2,False,human,human,author_1,human,True,2.0,-2.3811994280133932,-2.195493861607143,4.03125,4.4390625,112.875,155.3671875,-0.8999999999999995,-0.4296662703804346,4.4390625,2.5143724524456523,5.3390625,2.944038722826087
2026-02-02 09:56:24.793000+00:00,It was so loud that it was almost impossible to hear if the students recited the IPA correctly or not. The researchers,"seem to have a thing for Justin Bieber. It was a battle between the reciting of the IPA-chart and ""Baby baby baby, uuuuuh"". The first people dropped after 6-7 pushups, the",599Km2RY5nTNKI7vG2Wb,N19A2KDM98SS,DH9A4N4R13JA,4,human-human,4,author_1,118.0,97.0,96.0,96.0,22.0,0.9896907216494846,0.0103092783505154,0.0,1.0,0.0,11.0,False,,171.0,141.0,131.0,131.0,31.0,0.9290780141843972,0.0567375886524822,0.0,1.0,0.0,8.0,False,,False,,It was so loud that it was almost impossible to here if the students recited the IPA correctly or not. The researchers,2,"seem to have a thing for Justin Bieber. It was a battle bewteen the reciting of the IPA-chart and ""Baby baby baby, uuuuuh"". The first people dropped after 6-7 pushups, the",2,False,human,human,author_1,human,True,3.0,-3.4364597486413038,-1.597699652777778,2.5143724524456523,4.1988715277777775,57.83056640625,188.94921875,-0.25247395833333375,-1.1472543569711542,4.1988715277777775,3.3878267728365383,4.451345486111111,4.5350811298076925
2026-02-02 09:59:09.420000+00:00,rest kept at it and gave it their all. At 20 only two students remained. The rest of the students stood around,"chanting the IPA chart. They got louder and louder. The remaining two pushed and pushed. The light started flickering, then turned purple with a bright flash. The air in the",599Km2RY5nTNKI7vG2Wb,N19A2KDM98SS,DH9A4N4R13JA,5,human-human,5,author_1,110.0,89.0,85.0,85.0,21.0,0.9550561797752808,0.0224719101123595,0.0,1.0,0.0,8.0,False,,173.0,145.0,139.0,139.0,30.0,0.9586206896551724,0.0413793103448275,0.0,1.0,0.0,10.0,False,,False,,rest kept at it and gave it their all. At 20 only two students remained. The rest of tha students stood around,1,"chanting the IPA-chart. They got louder and louder. The remaining two pushed and pushed. The light started flickering, then turned purple with a bright flash. The air in the",1,False,human,human,author_1,human,True,4.0,-2.7416804387019234,-2.2949521806504993,3.3878267728365383,3.952782736884223,88.08349609375,142.30017852783203,-0.7233918507893877,-0.8473126446759256,3.952782736884223,3.864384403935185,4.676174587673611,4.711697048611111
2026-02-02 10:02:14.477000+00:00,"room suddenly went dark. But the two kept going all the way to 100. They were celebrated for winning, but the",math students also did surprisingly well. The plot twist of it all was that the two researchers found out that it was the biology students that could do the most push-ups -,599Km2RY5nTNKI7vG2Wb,N19A2KDM98SS,DH9A4N4R13JA,6,human-human,6,author_1,110.0,90.0,84.0,84.0,20.0,0.9333333333333332,0.0333333333333333,0.0,1.0,0.0,10.0,False,,175.0,145.0,138.0,138.0,32.0,0.9517241379310344,0.0482758620689655,0.0,1.0,0.0,12.0,False,,False,,"room suddently went dark. But the two kept going all the way to 100. They were celebrated for winning, but the",1,"math students also did surprisingly well. The plot twist off it all was, that the two reseachers found out, that it was the biology-students, that could do the most push-ups -",6,False,human,human,author_1,human,True,5.0,-1.6772822627314818,-2.288295200892857,3.864384403935185,3.1862374441964287,104.33837890625,111.518310546875,-1.0007742745535713,-1.2260018807870363,3.1862374441964287,4.004792390046297,4.18701171875,5.230794270833333
2026-02-02 10:04:59.492000+00:00,they did over 500 each! It made the other students mad being robbed of the victory. They all teamed up together.,"and started marching towards the university park, where the biology students were enjoying the beer they won from the competition. ""We should have won that beer,"" one shouted. We should",599Km2RY5nTNKI7vG2Wb,N19A2KDM98SS,DH9A4N4R13JA,7,human-human,7,author_1,111.0,91.0,86.0,86.0,20.0,0.945054945054945,0.0219780219780219,0.0,1.0,0.0,8.0,False,,184.0,156.0,150.0,150.0,30.0,0.9615384615384616,0.0384615384615384,0.0,1.0,0.0,11.0,False,,False,,they did over 500 each! It made the other students mad being robbed of the victory. They all teamed up together,1,"and started marching towards the university park, where the biology-students were enjoying the beer they won from the competetion. ""We should have won that beer"" one shouted. We should",3,False,human,human,author_1,human,True,6.0,-2.5975839120370363,-2.207840401785714,4.004792390046297,3.9919363839285715,108.12939453125,139.7177734375,-0.7347935267857144,-1.0847486413043477,3.9919363839285715,4.373641304347826,4.726729910714286,5.458389945652174
2026-02-02 10:07:53.401000+00:00,"be the ones celebrating. Then, one student shouted ""You all cheated!"" A bold statement indeed. But was it","really the case? Only one way to settle this: another challenge. ""We will settle this the old way"" ""To the boats!"" The boats were primitive and built not to last.",599Km2RY5nTNKI7vG2Wb,N19A2KDM98SS,DH9A4N4R13JA,8,human-human,8,author_1,105.0,88.0,82.0,82.0,18.0,0.9318181818181818,0.0681818181818181,0.0,1.0,0.0,11.0,False,,161.0,132.0,124.0,124.0,30.0,0.9393939393939394,0.0606060606060606,0.0,1.0,0.0,9.0,False,,False,,"be the ones celebrating. Then, one student shouted ""You all cheated!"" A bold statement indeed. But was it",0,"really the case? Only one way to settle this: another challenge. ""We will settle this the old way"" ""To the boats!"" The boats were primitive and built not to last",1,False,human,human,author_1,human,True,7.0,-2.8731317934782608,-1.7531513414884872,4.373641304347826,4.118237947162829,100.59375,156.4930419921875,-1.0150178608141447,-1.795627759850544,4.118237947162829,4.401377802309782,5.1332558079769735,6.197005562160326
2026-02-02 10:15:41.004000+00:00,but the students were experienced sailors - on the university lake at least. It wasn't spring yet so none of,"students were eager to get in the ice-cold water. But it must be done, beer is on the line after all! And with the beer in mind, they rushed into the boats. One fell",599Km2RY5nTNKI7vG2Wb,N19A2KDM98SS,DH9A4N4R13JA,9,human-human,9,author_1,107.0,88.0,85.0,85.0,20.0,0.9659090909090908,0.034090909090909,0.0,0.95,0.0,11.0,False,,164.0,130.0,125.0,125.0,35.0,0.9615384615384616,0.0384615384615384,0.0,1.0,0.0,8.0,False,,False,,but the student were experienced sailers - on the university lake at least. At wasn't spring yet so none of,3,"students were eager to get in the ice cold water. But it mus be done, beer is on the line after all! And with the beer in mind, they rushed into the boats. One fell",2,False,human,human,author_1,human,True,8.0,-2.414805536684783,-2.1447188214557933,4.401377802309782,3.2478950314405486,101.231689453125,133.1636962890625,-0.40744688452743905,-1.238301595052083,3.2478950314405486,4.335550944010417,3.6553419159679876,5.5738525390625
2026-02-02 10:24:35.434000+00:00,from the boat on the way over the lake and almost froze solid as ice - luckily they were able to heat up again,"shortly after. Once the others noticed that someone fell overboard, the rivalry was forgotten. They all drank a beer together.",599Km2RY5nTNKI7vG2Wb,N19A2KDM98SS,DH9A4N4R13JA,10,human-human,10,author_1,110.0,87.0,86.0,86.0,23.0,0.9885057471264368,0.0114942528735632,0.0,1.0,0.0,7.0,False,,126.0,107.0,103.0,103.0,20.0,0.9626168224299064,0.0373831775700934,0.0,1.0,0.0,9.0,False,,False,,from the boat on the way over the lake and almost froze solid as ice - luckily they were able to heat up again,0,"shortly after. Once the others noticed, that someone fell overboard, the rivalry was forgotten. They all drank a beer together",2,False,human,human,author_1,human,True,9.0,-2.4543609619140625,-2.7433325195312506,4.335550944010417,4.26026123046875,104.05322265625,106.50653076171875,-0.06591064453125028,,4.26026123046875,,4.326171875,
2026-02-10 14:36:08.001000+00:00,"a girl with a dream, many moons ago, a young maiden lived in a tower. Her dreams were as high as the stars, yet her spirit was broken by the",fact that there was no one to love her. She was very lonely and went out to seek for someone to keep her company. As she went out the first thing,6Jv806AoPWPYePMobUvx,9UKS1CRFYQJ9,YMF9CDXTYLJT,1,human-human,1,author_1,140.0,111.0,107.0,107.0,30.0,0.963963963963964,0.036036036036036,0.0,1.0,0.0,6.0,False,,145.0,115.0,113.0,113.0,31.0,0.982608695652174,0.017391304347826,0.0,1.0,0.0,7.0,False,,False,,"a girl with a dream, many moons ago, a young maiden lived in a tower. Her dreams were as high as the stars, yet her spirit was broken by the",0,fact that there was no one to love her. She was very lonely and went out to seek for someone to keep her company. As she went out the first thing,0,False,human,human,author_1,human,True,,0.0,-0.8079131155303032,4.585018382352941,3.526559540719697,155.890625,116.37646484375,-0.8079131155303032,-1.5336162860576925,3.526559540719697,4.913198617788462,4.33447265625,6.446814903846154
2026-02-10 14:39:28.831000+00:00,"she did was stop by the lily fields, they stretched far and wide, different colors, like a rainbow. They kissed the pink","sky in the evening, as the sun went down. She collected the lilies and continued into the forest where she found a little",6Jv806AoPWPYePMobUvx,9UKS1CRFYQJ9,YMF9CDXTYLJT,2,human-human,2,author_1,121.0,100.0,96.0,96.0,22.0,0.96,0.04,0.0,1.0,0.0,9.0,False,,123.0,101.0,99.0,99.0,23.0,0.9801980198019802,0.0198019801980198,0.0,1.0,0.0,9.0,False,,False,,"she did was stop by the lily fields, they stretched far and wide, different colours, like a rainbow. They kissed the pink",1,"sky in the evening, as the sun went down. She collected the lillies and continued into the forrest where she found a little",2,False,human,human,author_1,human,True,1.0,-1.9476036658653841,-2.4326757812499995,4.913198617788462,3.2713671875,127.7431640625,81.7841796875,-1.9223437499999996,-1.3217871093749993,3.2713671875,4.345556640625,5.1937109375,5.66734375
2026-02-10 14:44:55.463000+00:00,"rabbit, curled nearby the roots of a great oak tree. It looked so sad, she peered closer and found its paw had","been hurt. She calmed the rabbit, singing a lullaby. She saw a little river nearby, the sweet sound of the water running over stones.",6Jv806AoPWPYePMobUvx,9UKS1CRFYQJ9,YMF9CDXTYLJT,3,human-human,3,author_1,110.0,89.0,86.0,86.0,22.0,0.9662921348314608,0.0337078651685393,0.0,1.0,0.0,6.0,False,,132.0,109.0,105.0,105.0,24.0,0.963302752293578,0.036697247706422,0.0,1.0,0.0,7.0,False,,False,,"rabbit, curled nearby the roots of a great oak tree. It looked so sad, she peered closer and found its paw had",0,"been hurt. She calmed the rabbit, singing a lullaby. She saw a little river nearby, the sweet sound of the water running over stones",1,False,human,human,author_1,human,True,2.0,-2.3760839843749997,-2.3584574381510417,4.345556640625,3.7791422526041667,108.638916015625,113.374267578125,-1.048030598958333,-1.68220703125,3.7791422526041667,2.72431640625,4.8271728515625,4.4065234375
2026-02-10 14:50:38.316000+00:00,"She pulled the rabbit into her arms and walked to the river, gently placing its paw in the soothing water. She looked towards","the other side of the river to look for something to wrap the paw in, but instead she noticed another curious forest creature",6Jv806AoPWPYePMobUvx,,YMF9CDXTYLJT,4,human-human,4,author_1,125.0,103.0,101.0,101.0,23.0,0.9805825242718448,0.0194174757281553,0.0,1.0,0.0,8.0,False,,126.0,104.0,103.0,103.0,23.0,0.9903846153846154,0.0096153846153846,0.0,1.0,0.0,9.0,False,,False,,"She pulled the rabbit into her arms and walked to the river, gently placing its paw in the soothing water. She looked towards",0,"the other side of the river to look for something to wrap the paw in, but instead she noticed another curious forrest creature",1,False,human,human,author_1,human,True,3.0,-2.7954687500000004,-3.089136759440104,2.72431640625,3.726292928059896,68.10791015625,89.4310302734375,-0.9402923583984371,-0.606414794921875,3.726292928059896,3.9506683349609375,4.666585286458333,4.5570831298828125
2026-02-10 14:54:53.353000+00:00,", yet, it was something she had never seen before, it was looking right at her, a halo of light danced around its little wings, a slight glitter","in its eyes, making it seem calm and friendly. It was very beautiful, this creature, and she was stunned as it flew",6Jv806AoPWPYePMobUvx,,YMF9CDXTYLJT,5,human-human,5,author_1,144.0,117.0,112.0,112.0,27.0,0.9572649572649572,0.0427350427350427,0.0,1.0,0.0,9.0,False,,116.0,95.0,90.0,90.0,23.0,0.9473684210526316,0.0526315789473684,0.0,0.9565217391304348,0.0,9.0,False,,False,,", yet, it was something she had never seen before, it was looking right at her, a halo of light danced around its little wings, a slight glitter",0,"in it's eyes, making it seem calm and friendly. It was very beautiful, this creature, and she was stunned as it flew",1,False,human,human,author_1,human,True,4.0,-1.5561676025390625,-2.2849308894230775,3.9506683349609375,3.5703876201923075,126.42138671875,92.830078125,-1.136568509615385,-0.47611021384214736,3.5703876201923075,3.892352764423077,4.7069561298076925,4.3684629782652245
2026-02-10 14:59:38.338000+00:00,"across the river, slowly, its feet skimmed the water top, leaving a pattern that swirled. She noticed it was only about the size of a lily flower, small and petite. Its","a rare sight, she thought to herself. She just kept watching the flying creature as it landed right next to the rabbit, that she was still holding.",6Jv806AoPWPYePMobUvx,,YMF9CDXTYLJT,6,human-human,6,author_1,169.0,139.0,132.0,132.0,32.0,0.9496402877697842,0.0503597122302158,0.0,0.96875,0.0,7.0,False,,147.0,121.0,118.0,118.0,27.0,0.975206611570248,0.024793388429752,0.0,1.0,0.0,8.0,False,,False,,"across the river, slowly, its feet skimmed the water top, leaving a pattern that swirled. She noticed it was only about the size of a lily flower, small and petite. It's",1,"a rare sight, she thought to herself. She just kept watching the flying creature as it landed right next to the rabbit, that she was still holdning",2,False,human,human,author_1,human,True,5.0,-1.9012951973157048,-1.9244778540826615,3.892352764423077,3.4439579133064515,151.8017578125,106.7626953125,-0.5814996534778225,-0.11199776785714288,3.4439579133064515,4.147600446428571,4.025457566784274,4.259598214285714
2026-02-10 15:02:25.173000+00:00,". It observed its paw, then looked up at her and smiled; suddenly it flew up into the trees. For a moment, there was silence. Then many tiny lights began","to turn on in the tree tops, and before she could do anything, the cloud of swirling lights headed towards her and the rabbit. It looked like an",6Jv806AoPWPYePMobUvx,,YMF9CDXTYLJT,7,human-human,7,author_1,152.0,123.0,118.0,118.0,29.0,0.959349593495935,0.040650406504065,0.0,1.0,0.0,8.0,False,,144.0,117.0,114.0,114.0,28.0,0.9743589743589745,0.0256410256410256,0.0,1.0,0.0,8.0,False,,False,,". It observed its paw, then looked up at her and smiled, suddenly it flew up into the trees, for a moment there was silence. Then many tiny lights began",4,"to turn on in the tree tops, and before she could do anything, the cloud of swirling lights headed towards her and the rabbit. It looked like an",0,False,human,human,author_1,human,True,6.0,-1.4612444196428571,-2.518775201612903,4.147600446428571,3.6796875,145.166015625,114.0703125,-1.399004536290323,-0.7069881663602944,3.6796875,4.1905373965992645,5.078692036290323,4.897525562959559
2026-02-10 15:06:07.022000+00:00,"tornado of glitter, as it glimmered she realized many little fairy-like creatures. They began to swirl around her and the bunny, she felt the warmth and magic.",in her body. She filled with joy and the bunny seemed to lighten up as well. The creatures landed on the bunny's paw and,6Jv806AoPWPYePMobUvx,,YMF9CDXTYLJT,8,human-human,8,author_1,155.0,128.0,125.0,125.0,28.0,0.9765625,0.0234375,0.0,1.0,0.0,9.0,False,,124.0,100.0,97.0,97.0,26.0,0.97,0.03,0.0,0.9615384615384616,0.0,9.0,False,,False,,"tornado of glitter, as it gloser she realized many little fairy like creatures. They began to swirl around her and the bunny, she felt the warmth and magic",7,in her body. She filled with joy and and the bunny seemed to lighten up as well. The creatures landed on the bunny's paw and,4,False,human,human,author_1,human,True,7.0,-2.25937069163603,-2.908360072544643,4.1905373965992645,3.257716587611607,142.478271484375,91.216064453125,-0.8244803292410716,-0.3769042968749998,3.257716587611607,4.127620442708333,4.082196916852679,4.504524739583333
2026-02-10 15:09:08.051000+00:00,"placed its little hands, a small glow of gold appeared and the bunny jumped out of her hands onto the grassy bank. She stood in disbelief, it","was real magic! The bunny jumped around as if nothing has ever happened to its paw. The bunny jumped away, and she had a feeling she",6Jv806AoPWPYePMobUvx,,YMF9CDXTYLJT,9,human-human,9,author_1,141.0,115.0,112.0,112.0,27.0,0.9739130434782608,0.0260869565217391,0.0,1.0,0.0,9.0,False,,133.0,108.0,104.0,104.0,27.0,0.9629629629629628,0.037037037037037,0.0,0.9629629629629628,0.0,8.0,False,,False,,"placed its little hands, a small glow of gold appeared and the bunny jumped out of her hands onto the grassy bank. She stood in disbelief, it",0,"was real magic! The bunny jumped around as if nothing has ever happened to it's paw. The bunny jumped away, and she had a feeling she",1,False,human,human,author_1,human,True,8.0,-2.5356608072916664,-3.101293103448276,4.127620442708333,3.1775660021551726,123.82861328125,92.1494140625,-0.8198073814655169,-0.4656433105468749,3.1775660021551726,3.182120768229167,3.9973733836206895,3.6477640787760417
2026-02-10 15:11:06.326000+00:00,"would be alright. The fairies all gathered in front of her, and began a little dance, holding hands and flying in a circle, bursts of color","lightening up the now dark forest. The sun had gone down, but she felt the light again in her life, realizing that she can be",6Jv806AoPWPYePMobUvx,,YMF9CDXTYLJT,10,human-human,10,author_1,140.0,115.0,111.0,111.0,26.0,0.9652173913043478,0.0347826086956521,0.0,1.0,0.0,8.0,False,,126.0,102.0,99.0,99.0,25.0,0.9705882352941176,0.0294117647058823,0.0,1.0,0.0,10.0,False,,False,,"would be alright. The fairies all gathered in front of her, and began a little dance, holding hands and flying in a circle, bursts of colour",1,"lightening up the now dark forrest. The sun had went down, but she felt the light again in her life, realizing that she can be",4,False,human,human,author_1,human,True,9.0,-2.960970052083333,-2.0052532327586206,3.182120768229167,3.7154498922413794,95.463623046875,107.748046875,-0.7354862607758617,,3.7154498922413794,,4.450936153017241,
2026-02-02 16:44:01.100000+00:00,"to fulfill. First and foremost he needed a safe place, away from the preying eyes of cats and foxes, where he","Once upon a time a little duck walked around to find a fitting house for him and his dreams. The dreaming duck was afraid of many things, but also had many needs, which he needed.",7wPRj5Wbc26nlx60LUT5,KL433MCCC7SA,,1,human-human,1,author_2,178.0,144.0,141.0,141.0,35.0,0.9791666666666666,0.0208333333333333,0.0,1.0,0.0,8.0,False,,109.0,89.0,86.0,86.0,21.0,0.9662921348314608,0.0337078651685393,0.0,1.0,0.0,8.0,False,,False,,"Once upon a time a little duck walked around to find a fitting house for him and his dreams. The dreaming duck was afraid of many things, but also had many needs, which he needed",1,"to fulfill. First and foremost he needed a safe place, away from the preying eyes of cats and foxes, where he",0,False,human,human,author_2,human,True,1.0,0.0,-0.14950483273237136,5.592392578125,4.92179674979968,139.809814453125,191.9500732421875,-0.14950483273237136,-0.7231724330357139,4.92179674979968,4.100697544642857,5.071301582532051,4.823869977678571
2026-02-02 16:47:29.840000+00:00,having the biggest duck family he could dream of. But first he needed to find a duck wifey to realize his ambitious dreams. He had a small problem. He was,"could hide from the dangers, while fantasizing about the future. The little duckling always had one specific dream that it thought of.",7wPRj5Wbc26nlx60LUT5,KL433MCCC7SA,,2,human-human,2,author_2,130.0,110.0,108.0,108.0,21.0,0.9818181818181818,0.0181818181818181,0.0,1.0,0.0,11.0,False,,154.0,125.0,122.0,122.0,30.0,0.976,0.024,0.0,1.0,0.0,9.0,False,,False,,"could hide from the dangers, while fantazising about the future. The little duckling always had one specific dream that thought of",6,having the biggest duck family he could dream of. But first he needed to find a duck wifey to realize his ambitious dreams. He had a small problem. He was,0,False,human,human,author_2,human,True,2.0,-1.1764508928571429,-2.1308051215277777,4.100697544642857,4.680356626157407,143.5244140625,126.36962890625,0.6435366030092595,-0.21144612630208393,4.680356626157407,4.506795247395833,4.036820023148148,4.718241373697917
2026-02-02 16:51:18.112000+00:00,"site called Duck Tinder. He had no success, as the other ducks with big and shiny feathers got all the attention.","Ugly, even more than the ugly duckling from the famous fairy tale. So ugly that not even the witch far into the woods wanted to talk to him. The limited search once put him on a",7wPRj5Wbc26nlx60LUT5,KL433MCCC7SA,,3,human-human,3,author_2,176.0,141.0,138.0,138.0,36.0,0.9787234042553192,0.0212765957446808,0.0,1.0,0.0,8.0,False,,113.0,93.0,90.0,90.0,21.0,0.967741935483871,0.032258064516129,0.0,1.0,0.0,9.0,False,,False,,"Ugly, even more than the ugly duckling from the famous fairy tale. So ugly that not even the with far into the woods wanted to talk to him. The limited search once put him on a",1,"site called Duck Tinder. He had no success, as the other ducks with big and shiny feathers got all the attention.",0,False,human,human,author_2,human,True,3.0,-2.882283528645834,-1.2808763457507624,4.506795247395833,4.325539193502286,108.1630859375,177.34710693359375,-0.05657363519436043,0.03125,4.325539193502286,5.887845552884615,4.382112828696647,5.856595552884615
2026-02-02 16:55:10.400000+00:00,little duckling became very popular within rat circles. The stinky hairy creatures from the sewers adored him. Having ripped feathers and a,"Therefore he changed his ways, and applied for a different site. The site was called rat hinge, and for once, the ugly duck felt prettier than the rest of the applicants. The",7wPRj5Wbc26nlx60LUT5,KL433MCCC7SA,,4,human-human,4,author_2,174.0,143.0,138.0,138.0,32.0,0.965034965034965,0.0349650349650349,0.0,1.0,0.0,10.0,False,,139.0,118.0,116.0,116.0,22.0,0.9830508474576272,0.0169491525423728,0.0,1.0,0.0,9.0,False,,False,,"Therefore he changed his ways, and applied for a different site. The site was called rat hinge, and for once, the ugly duck felt prettier than the rest of the applicants. The",0,little duckling became very popular within rat circles. The stinky hairy creatures from the sewers adored him. Having ripped feathers and a,0,False,human,human,author_2,human,True,4.0,-2.293795072115385,-2.416173986486487,5.887845552884615,4.211940456081081,153.083984375,155.841796875,0.1094277871621614,-1.034296875,4.211940456081081,5.17828125,4.102512668918919,6.212578125
2026-02-02 16:58:27.047000+00:00,"saw their horrible yellow teeth, wild eyes and foul smell. Therefore he jumped into a puddle, and rolled himself in dirt to","cook comb, was for once an advantage. He went on multiple dates, but the duckling thought he was too pretty for the ""ugly creatures"" as he",7wPRj5Wbc26nlx60LUT5,KL433MCCC7SA,,5,human-human,5,author_2,138.0,113.0,108.0,108.0,26.0,0.9557522123893806,0.0442477876106194,0.0,1.0,0.0,9.0,False,,123.0,102.0,99.0,99.0,22.0,0.9705882352941176,0.0294117647058823,0.0,1.0,0.0,9.0,False,,False,,"cook comb, was for once an advantage. He went on multiple dates, but the duckling thought he was too pretty for the ""ugly creatures"" as he",0,"saw their horrible yellow teeth, wild eyes and foul smell. Therefore he jumped into a puddle, and rolled himself in dirt to",0,False,human,human,author_2,human,True,5.0,-1.7503124999999997,-2.79766845703125,5.17828125,4.74273681640625,129.45703125,151.767578125,0.462066650390625,-0.248779296875,4.74273681640625,5.15045166015625,4.280670166015625,5.39923095703125
2026-02-02 17:01:08.567000+00:00,"his everything became a burden and his worst nightmare. He thought of returning to the ducklings, to continue his comfortable life at the cottage, where he was fed","looked like the other creatures, but as soon as he did that, the dates became fewer and the nights longer. The dream, that was once",7wPRj5Wbc26nlx60LUT5,KL433MCCC7SA,,6,human-human,6,author_2,128.0,104.0,100.0,100.0,25.0,0.9615384615384616,0.0384615384615384,0.0,1.0,0.0,8.0,False,,163.0,136.0,133.0,133.0,28.0,0.9779411764705882,0.0220588235294117,0.0,1.0,0.0,11.0,False,,False,,"look like the other cratures, but as soon as he did that, the dates became fewer and the nights longer. The dream, that was once",3,"his everything became a burden and his worst nightmare. He thought of returning to the ducklings, to continue his comfortable life at the cottage, where he was fed",0,False,human,human,author_2,human,True,6.0,-0.98126220703125,-2.218851023706896,5.15045166015625,4.036271720096983,164.814453125,117.0518798828125,0.057208883351293593,0.1522105823863642,4.036271720096983,4.469741358901516,3.9790628367456895,4.317530776515151
2026-02-02 17:04:38.231000+00:00,"wanted. He decided to wash off his feathers to rid himself of the dirt and shame he got into, while trying to be an outlaw rat. He wanted to be","but he didn’t belong anywhere. The feeling of being too good for some places, but too disgusting for others, was definitely not what he",7wPRj5Wbc26nlx60LUT5,KL433MCCC7SA,,7,human-human,7,author_2,133.0,110.0,106.0,106.0,25.0,0.9636363636363636,0.0363636363636363,0.0,0.96,0.0,10.0,False,,135.0,107.0,104.0,104.0,29.0,0.97196261682243,0.02803738317757,0.0,1.0,0.0,8.0,False,,False,,"but he didn´t belong anywhere. The feeling of beig to good for some places, but too disgusting for others, was definitely not what he",3,"wanted. He decided to wash off his feathers to rid of the dirt and shame he got into, while trying to be an outlaw rat. He wanted to be",8,False,human,human,author_2,human,True,7.0,-1.730594519412878,-1.2015675511853452,4.469741358901516,3.914983288995151,147.50146484375,113.53451538085938,-0.07118461871969295,0.0688897494612064,3.914983288995151,5.507795662715517,3.9861679077148438,5.4389059132543105
2026-02-02 17:08:15.449000+00:00,"a bald badass dirty duck. Someone who is no rat, but also no ordinary ugly duckling. He wanted to be unrecognizable on his return.","something else, completely different. Therefore he shaved everything remaining off, and instead started to walk towards the mud. The new dream started forming to be",7wPRj5Wbc26nlx60LUT5,KL433MCCC7SA,,8,human-human,8,author_2,164.0,140.0,136.0,136.0,25.0,0.9714285714285714,0.0285714285714285,0.0,1.0,0.0,10.0,False,,129.0,106.0,103.0,103.0,24.0,0.9716981132075472,0.0283018867924528,0.0,1.0,0.0,14.0,False,,False,,"something else, completely different. Therefore he shaved everything remaining off, and instead started to walk towards the mud. The new dream started forming to be",0,"a bald badass dirty duck. Someone who is no rat, but also no ordinary ugly duckling. He wanted to be unrecognizable on his return",1,False,human,human,author_2,human,True,8.0,-1.9224306303879315,-2.427397629310345,5.507795662715517,5.648168103448276,159.72607421875,163.796875,-0.1385371767241379,-0.1654118129185269,5.648168103448276,5.198961530412946,5.786705280172414,5.364373343331473
2026-02-02 17:10:41.158000+00:00,"duck gang to be formed. He started working out to look jacked, so he can be the biggest-looking boss duck they have.","and to start a new clan. Not the KKK, not anything the world has ever seen before. Now it was time for the bald badass.",7wPRj5Wbc26nlx60LUT5,KL433MCCC7SA,,9,human-human,9,author_2,118.0,94.0,91.0,91.0,25.0,0.9680851063829788,0.0319148936170212,0.0,0.96,0.0,8.0,False,,115.0,93.0,91.0,91.0,23.0,0.978494623655914,0.021505376344086,0.0,1.0,0.0,7.0,False,,False,,"and to start a new clan. Not the KKK, not anything the world has ever seen before. Now it was time for the bald badass",1,"duck gang to be formed. He started working out to look jacked, so he can be the biggest looking boss duck they have",2,False,human,human,author_2,human,True,9.0,-1.6290087018694202,-1.8131835937499998,5.198961530412946,4.336100260416667,145.5709228515625,130.0830078125,-0.10032552083333268,-0.032729640151514694,4.336100260416667,4.498786695075758,4.43642578125,4.5315163352272725
2026-02-02 17:13:23.362000+00:00,". When he was ready, he got back to the duck pond to find members. On his way back, he encountered the very hungry Mr. Wong, who wanted","In the mafia, the bald badass brainy Brucks was now being formed and ready to finally feel worthy and to complete all the dreams the parents told him.",7wPRj5Wbc26nlx60LUT5,KL433MCCC7SA,,10,human-human,10,author_2,149.0,122.0,121.0,121.0,28.0,0.9918032786885246,0.0081967213114754,0.0,1.0,0.0,8.0,False,,134.0,107.0,102.0,102.0,27.0,0.9532710280373832,0.0467289719626168,0.0,0.9629629629629628,0.0,11.0,False,,False,,"in the mafia, the bald badass brainy brucks was now being formed and ready to finally feel worthy and to ocmplete all the dreams the parents told him",5,". When he was ready, he got back to the duck pond to find members. On his way back, he encountered the very hungry Mr Wong, who wanted",1,False,human,human,author_2,human,True,10.0,-1.4708806818181817,-1.93994140625,4.498786695075758,6.34552001953125,148.4599609375,203.056640625,0.05126953125,,6.34552001953125,,6.29425048828125,
2026-02-05 09:11:05.031000+00:00,"a lonely cat, who was missing its person. The cat’s name was Cat, and it was tiger-striped. Cat doesn’t have any friends but is on his","name was still Cat, even if nobody used the name. The cat, named Cat, decided to jump on a train to go wherever the wind (or train) took it. Cat",9MYVXy4Nms9gfR1DI7NA,GJVUWMJ7GQJX,EN81DRSM7MSW,1,human-human,1,author_1,134.0,109.0,102.0,102.0,29.0,0.9357798165137616,0.0642201834862385,0.0,0.9310344827586208,0.0,7.0,False,,145.0,116.0,109.0,109.0,30.0,0.9396551724137931,0.0603448275862069,0.0,1.0,0.0,9.0,False,,False,,"a lonely cat, who was missing its person. The cat’s name was Cat, and it was tiger-striped. Cat diesn’t have any friends but is on his",1,"name was still Cat, even if nobody used the name. The cat, named Cat, decided to jump on a train to go whereever the wind (or train) took it. Cat",1,False,human,human,author_1,human,True,,0.0,-0.7710092905405403,5.051042874654134,4.289616765202703,181.83754348754883,158.7158203125,-0.7710092905405403,-1.1075274493243246,4.289616765202703,5.819203969594595,5.060626055743243,6.926731418918919
2026-02-05 09:14:30.546000+00:00,"had a BLAST. The train ride was exhausting because of the wind, so after some time Cat went off. He landed in a rural area with eerie bushels in every corner and trees.","as tall as mountains, from his perspective anyway. In theory, cat should have no clue where he was, but he had been playing",9MYVXy4Nms9gfR1DI7NA,GJVUWMJ7GQJX,EN81DRSM7MSW,2,human-human,2,author_1,167.0,135.0,132.0,132.0,33.0,0.9777777777777776,0.0222222222222222,0.0,1.0,0.0,10.0,False,,122.0,100.0,97.0,97.0,23.0,0.97,0.03,0.0,1.0,0.0,11.0,False,,False,,"had a BLAST. The train ride was exhausting becausw of the wind, so after some time Cat went off. He landed in a rural area with eerie bushels in every corner and trees",2,"as tall as mountains, from his perspective anyway. In theory cat should have no clue where he was, but he had been playing",1,False,human,human,author_1,human,True,1.0,-1.4606735641891895,-2.301432291666667,5.819203969594595,4.400969328703703,215.310546875,118.826171875,-0.8046875,-1.6016015625,4.400969328703703,4.9412890625,5.205656828703703,6.542890625
2026-02-05 09:17:18.360000+00:00,Stray for PlayStation. So he knew what to do. Brother did a backflip off some high grounds and went into the,trenches of the wilderness. He put on his war paint and tried to hit a tree to collect wood but it seemed that this place didn't run on,9MYVXy4Nms9gfR1DI7NA,GJVUWMJ7GQJX,EN81DRSM7MSW,3,human-human,3,author_1,108.0,88.0,86.0,86.0,21.0,0.9772727272727272,0.0227272727272727,0.0,1.0,0.0,11.0,False,,134.0,108.0,106.0,106.0,28.0,0.9814814814814816,0.0185185185185185,0.0,0.9642857142857144,0.0,10.0,False,,False,,Stray for PlayStation. So he knew what to do. Brother did a backflip off some high griunds and went into the,1,trenches of the wilderness. He put on his warpaint and tried to hit a tree to collect wood but it seemed that this place didn't run on,1,False,human,human,author_1,human,True,2.0,-2.3065234375,-1.2367210388183594,4.9412890625,4.856147766113281,123.5322265625,155.396728515625,-0.6905708312988281,-1.0008980887276788,4.856147766113281,3.8667079380580356,5.546718597412109,4.867606026785714
2026-02-05 09:19:42.971000+00:00,"a Minecraft server. So he went into the sewage system to explore. What he could find was sewage, but what he COULDN'T","find was the rat king of the sewers. He was looking and looking before the smell of pizza hit his nostrils. He could see green beings moving in the distance, was it the",9MYVXy4Nms9gfR1DI7NA,GJVUWMJ7GQJX,EN81DRSM7MSW,4,human-human,4,author_1,116.0,95.0,92.0,92.0,22.0,0.968421052631579,0.031578947368421,0.0,1.0,0.0,9.0,False,,168.0,136.0,133.0,133.0,33.0,0.9779411764705882,0.0220588235294117,0.0,1.0,0.0,8.0,False,,False,,"a Minecraft server. So he went into the sewage system to explore. What he could find was sewage, but what he COULDNT",1,"find was the rat king of the sewers. He was looking and looking before the smell of pizza hit his nostrils. He could see green beings moving in the distance, was it the",0,False,human,human,author_1,human,True,3.0,-1.9447806222098212,-1.760579427083333,3.8667079380580356,4.161078559027778,108.267822265625,149.798828125,-1.2931857638888893,-0.6465001106262207,4.161078559027778,6.284529685974121,5.454264322916667,6.931029796600342
2026-02-05 09:22:40.215000+00:00,"RATMA - the infamous rat God. Aka God of Rats. Aka King of Gods and Rats. He wasn't green, Cat is just confused. HE","was actually colorblind, and confused brown and green somehow. RATMA looked down at the little kitty cat Cat with a stern and all powerful look. he said ""what the fuck are you",9MYVXy4Nms9gfR1DI7NA,GJVUWMJ7GQJX,EN81DRSM7MSW,5,human-human,5,author_1,114.0,91.0,85.0,85.0,23.0,0.934065934065934,0.0659340659340659,0.0,1.0,0.0,8.0,False,,177.0,146.0,142.0,142.0,32.0,0.9726027397260274,0.0273972602739726,0.0,1.0,0.0,11.0,False,,False,,"RATMA - the infamous rat God. Aka God of Rats. Aka King of Gods and Rats. He wasnt green, Cat is just confused. HE",1,"was actually colourblind, and confused brown and green somehow. RATMA looked down at the little kitty cat Cat with a stern and alll powerful look. he said ""what the fuck are you",2,False,human,human,author_1,human,True,4.0,-1.175537347793579,-2.716591282894737,6.284529685974121,4.5762489720394735,201.10494995117188,173.8974609375,-1.49853515625,-1.188089304956896,4.5762489720394735,4.883098733836207,6.0747841282894735,6.071188038793103
2026-02-05 09:25:56.724000+00:00,?” And Cat looked at him with disgust and said “Who invited this naked mole rat?” So RATMA attacks Brother Cat because of this and shit,on the ground. Cat is very confused and a little bit scared but he eventually bit RATMA in the tail which made RATMA fall to,9MYVXy4Nms9gfR1DI7NA,GJVUWMJ7GQJX,EN81DRSM7MSW,6,human-human,6,author_1,135.0,110.0,105.0,105.0,25.0,0.9545454545454546,0.0454545454545454,0.0,1.0,0.0,7.0,False,,124.0,100.0,99.0,99.0,25.0,0.99,0.01,0.0,1.0,0.0,10.0,False,,False,,?” And Cat looked at him with disgust and says “Who invited this naked mole rat?” So RATMA attacks Brother Cat because of this and shit,2,on the ground. Cat is very confused and a little bit scared but he eventually bit RATMA in the tail which made RATMA fall to,0,False,human,human,author_1,human,True,5.0,-2.89734307650862,-3.0315508161272318,4.883098733836207,3.8582981654575894,141.60986328125,108.0323486328125,-0.3865574428013394,-1.21250981092453,3.8582981654575894,4.078658401966095,4.244855608258929,5.291168212890625
2026-02-05 09:28:27.064000+00:00,the ground and it KILLED HIM. Motherbrother just died on the ground. Cat is in shock. “I killed the god of rats? The king,"of rats is now dead, in his own damn chat,,, I better run lolz"" he said and looked straight at the camera like he was in a",9MYVXy4Nms9gfR1DI7NA,GJVUWMJ7GQJX,EN81DRSM7MSW,7,human-human,7,author_1,121.0,98.0,93.0,93.0,24.0,0.9489795918367347,0.0510204081632653,0.0,1.0,0.0,13.0,False,,122.0,96.0,91.0,91.0,27.0,0.9479166666666666,0.0520833333333333,0.0,1.0,0.0,8.0,False,,False,,the ground and it KILLED HIM. Motherbrother just died on the ground. Cat is in shock. “I killed the god of rats? The king,0,"of rats is now dead, in his own damn shat,,, I better run lolz"" he said and looked straight at the camera like he was in a",1,False,human,human,author_1,human,True,6.0,-3.049733817577362,-2.276335685483871,4.078658401966095,5.251260080645161,130.51706886291504,162.7890625,-1.235005040322581,-0.8226323281565016,5.251260080645161,3.6091146161479335,6.486265120967742,4.431746944304435
2026-02-05 09:31:16.116000+00:00,"TV shows. If Cat was gonna be an actor, he would star in The Office he thinks. But he doesn't have time to think, so","instead he jumps out the sewer and runs around in the bushlands, confused about the sewer system in the bushlands. It didn't really seem to fit the",9MYVXy4Nms9gfR1DI7NA,GJVUWMJ7GQJX,EN81DRSM7MSW,8,human-human,8,author_1,115.0,90.0,86.0,86.0,26.0,0.9555555555555556,0.0444444444444444,0.0,0.9230769230769232,0.0,6.0,False,,147.0,121.0,118.0,118.0,28.0,0.975206611570248,0.024793388429752,0.0,0.9642857142857144,0.0,9.0,False,,False,,"TV shows. If Cat was gonna be a n actor, he would star in The Offic he thinks. But he doesnt have time to think, so",3,"instead he jumps out the sewer and runs around in the bushlands, confused about the sewer system in the bushlands. It didn't really seem to fit the",0,False,human,human,author_1,human,True,7.0,-2.0203862344065016,-2.1624716556433476,3.6091146161479335,3.9275864109848486,111.88255310058594,129.6103515625,-0.7035688920454541,-1.3337582003685737,3.9275864109848486,2.7161331176757812,4.631155303030303,4.049891318044355
2026-02-05 09:33:44.321000+00:00,"vibe, but he didn’t care about anything anymore. He can’t believe he killed Ratma. He is traumatized for life, and",he is also incredibly hungry. So the purr little Cat is in the bushes and not near any bakeries or anything with food so he runs and runs as his,9MYVXy4Nms9gfR1DI7NA,GJVUWMJ7GQJX,EN81DRSM7MSW,9,human-human,9,author_1,113.0,95.0,89.0,89.0,21.0,0.936842105263158,0.0631578947368421,0.0,0.9047619047619048,0.0,11.0,False,,145.0,116.0,115.0,115.0,30.0,0.9913793103448276,0.0086206896551724,0.0,1.0,0.0,10.0,False,,False,,"vibe, but he didn’t care about anything anymore. He can’t believehe killed Ratma. He is traumatised for life, and",2,he is also incredibly hungry. So the purrr little Cat is in the bushes and not near any bakeries or anything with food so he runs and runs as his,1,False,human,human,author_1,human,True,8.0,-2.6678390502929688,-1.942325476444129,2.7161331176757812,5.135488799124053,84.20012664794922,169.47113037109375,-0.5844800544507578,-0.8558846932870372,5.135488799124053,4.29320384837963,5.7199688535748106,5.149088541666667
2026-02-05 09:36:20.843000+00:00,paws are bleeding. So much that it paints the street red. It was a crazy sight. He gets into this little alley.,that suddenly appeared in the bushlands. He appreciates it nonetheless and he crawls around the street and is looking for something.,9MYVXy4Nms9gfR1DI7NA,GJVUWMJ7GQJX,EN81DRSM7MSW,10,human-human,10,author_1,110.0,89.0,86.0,86.0,22.0,0.9662921348314608,0.0337078651685393,0.0,1.0,0.0,8.0,False,,133.0,111.0,110.0,110.0,23.0,0.990990990990991,0.009009009009009,0.0,1.0,0.0,12.0,False,,False,,paws are bleeding. So much that it paints the street red. It was a crazy sight. He gets into this little alley,1,that suddenly appeared in the bushlands. He appreaciates it non the less and he crawls around the street and is looking for something,4,False,human,human,author_1,human,True,9.0,-2.26220703125,-3.129313151041666,4.29320384837963,4.490152994791667,115.91650390625,107.763671875,-1.087809244791666,,4.490152994791667,,5.577962239583333,
2026-02-02 16:45:02.298000+00:00,how a mushroom got high on LSD. The weird part of the story was how mushrooms normally got eaten by humans to intoxicate them. But this time it was the mushrooms.,"Mushrooms are living organisms, and therefore they are able to absorb LSD. It has not been observed many times, but in this story you will hear the exclusive material of",BocRhyGX0eWpgbUSkjWF,1N8M379G97LT,X18R173C33SW,1,human-human,1,author_1,161.0,131.0,129.0,129.0,31.0,0.9847328244274808,0.015267175572519,0.0,0.967741935483871,0.0,10.0,False,,166.0,137.0,134.0,134.0,30.0,0.978102189781022,0.0218978102189781,0.0,0.9666666666666668,0.0,9.0,False,,False,,how a mushroom got high on LSD. The weird part of the story was how mushrooms normally got eaten by humans to intoxicate them. But this time it was the mushrooms,1,"Mushrooms are living organisms, and therefore it is able to absorb LSD. It has not been observed many times, but in this story you will hear the exclusive material of",7,False,human,human,author_1,human,True,,0.0,-1.3752872242647065,5.465311104910715,3.9917764102711395,191.285888671875,135.72039794921875,-1.3752872242647065,-0.22464425223214235,3.9917764102711395,4.881766183035714,5.367063634535846,5.106410435267857
2026-02-02 16:50:05.714000+00:00,how a special species of mushrooms got collectively high in Colombia because of an LSD parcel being dropped in the forest and the LSD being released into the,"water systems. The rivers were able to transport enormous amounts of LSD to large areas of the jungles. The mushrooms started behaving in peculiar ways; for example, some effects",BocRhyGX0eWpgbUSkjWF,1N8M379G97LT,X18R173C33SW,2,human-human,2,author_1,157.0,130.0,130.0,130.0,28.0,1.0,0.0,0.0,0.9285714285714286,0.0,12.0,False,,177.0,149.0,146.0,146.0,29.0,0.9798657718120806,0.0201342281879194,0.0,0.9655172413793104,0.0,9.0,False,,False,,how a special species of mushrooms got collectively high in Columbia because of a lsd parcel being dropped in the forrest and the LSD being released into the,6,"water systems. The rivers were able to transport enormous amounts of LSD to large areas of the jungles. The mushrooms started behaving in peculiar ways, for example some effects",2,False,human,human,author_1,human,True,1.0,-2.200823102678571,-1.8485828746448867,4.881766183035714,4.795252944483901,136.689453125,158.24334716796875,-1.0226126006155303,-0.6947146684695515,4.795252944483901,3.9286295572916665,5.817865545099432,4.623344225761218
2026-02-02 16:53:45.145000+00:00,were how they were able to grow new colors and shapes. some were glowing in the dark and some were big and stringy. Scientists were confused by the mushrooms' behavior so they tested them.,. The scientist did not expect the effects that they experienced. The mushrooms' effects were hallucinations but with the mix of LSD they started to become part of,BocRhyGX0eWpgbUSkjWF,1N8M379G97LT,X18R173C33SW,3,human-human,3,author_1,186.0,153.0,151.0,151.0,34.0,0.9869281045751634,0.0130718954248366,0.0,1.0,0.0,9.0,False,,162.0,135.0,132.0,132.0,27.0,0.9777777777777776,0.0222222222222222,0.0,0.9629629629629628,0.0,13.0,False,,False,,were how they were able to grow new colours and shapes. some were glowing in the dark and some were big and stringy. Scientist were confused by the mushrooms behavior so they tested them,4,. The scientist did not expect the effects that they experienced. The mushrooms' effects were hallucination but with the mix of LSD they started to become part of,1,False,human,human,author_1,human,True,2.0,-1.5349809695512824,-1.4898763020833332,3.9286295572916665,4.7619140625,153.216552734375,142.857421875,0.06432291666666679,-0.7561035156250004,4.7619140625,3.873760516826923,4.697591145833333,4.629864032451923
2026-02-02 16:56:51.523000+00:00,a superdrug. The scientists gathered the mushrooms and began selling them on the black market where they branded them as the new king of,EPIC DRUGS. Later it was discovered that a side effect of the drugs was becoming a mushroom yourself. The mushroom was a parasitic mushroom from,BocRhyGX0eWpgbUSkjWF,1N8M379G97LT,X18R173C33SW,4,human-human,4,author_1,136.0,113.0,112.0,112.0,24.0,0.991150442477876,0.0088495575221238,0.0,1.0,0.0,10.0,False,,143.0,119.0,117.0,117.0,25.0,0.9831932773109244,0.0168067226890756,0.0,1.0,0.0,10.0,False,,False,,a superdrug. The scientists gathered the mushrooms and began selling them on the black market where they branded them as the new king of,0,EPIC DRUGS. Later it was discovered that a side effect of the drugs was becoming a mushroom yourself. The mushroom was a parasite mushroom from,2,False,human,human,author_1,human,True,3.0,-2.6339674729567313,-1.741682381465517,3.873760516826923,4.698107489224138,100.7177734375,136.2451171875,-0.3352303340517242,-1.1389683314732144,4.698107489224138,4.208278111049107,5.033337823275862,5.347246442522321
2026-02-02 16:59:37.931000+00:00,"the south of America, but since the side effects were unknown at first, the export to Europe was massive. this resulted in a huge outburst",of human-looking mushrooms. It took over the news and the mushrooms which were eaten by the humans were infectious. More people therefore got possessed by mushrooms who,BocRhyGX0eWpgbUSkjWF,1N8M379G97LT,X18R173C33SW,5,human-human,5,author_1,136.0,112.0,109.0,109.0,25.0,0.9732142857142856,0.0267857142857142,0.0,1.0,0.0,8.0,False,,167.0,140.0,138.0,138.0,28.0,0.9857142857142858,0.0142857142857142,0.0,1.0,0.0,10.0,False,,False,,"the south of america, but since the side effect were unknow at first, the export to europe was massive. this resulted in a huge outburst",4,of human looking mushrooms. It took over the news and the mushrooms which was eaten by the humans were infectious. More people therefore got possessed by mushrooms who,4,False,human,human,author_1,human,True,4.0,-2.1827305385044644,-2.081842237903226,4.208278111049107,5.155052923387097,117.831787109375,159.806640625,-0.641822076612903,-0.21964518229166696,5.155052923387097,5.1191281919126155,5.796875,5.338773374204282
2026-02-02 17:02:45.279000+00:00,"made civilization unmanageable. most of the party islands in the south of europe got totally covered in mushrooms, both people and the actual",ground. they all became one with the environment. It was starting to look like the whole world would become infected. It could be the end of human civilization as,BocRhyGX0eWpgbUSkjWF,1N8M379G97LT,X18R173C33SW,6,human-human,6,author_1,141.0,119.0,117.0,117.0,23.0,0.9831932773109244,0.0168067226890756,0.0,1.0,0.0,12.0,False,,162.0,134.0,131.0,131.0,29.0,0.9776119402985076,0.0223880597014925,0.0,1.0,0.0,12.0,False,,False,,"made civilisation unmanageable. most of the party islands in the south of europe got totally covered in mushrooms, both people and the actual",1,ground. they all became one with the environment. It was starting to look like the whole world would become infected. It could be the end of human civilization as,0,False,human,human,author_1,human,True,5.0,-2.5295037163628473,-1.7558746337890625,5.1191281919126155,3.6458587646484375,138.21646118164062,116.66748046875,-0.875091552734375,-0.258671201508621,3.6458587646484375,4.026645002693965,4.5209503173828125,4.285316204202586
2026-02-02 17:05:26.790000+00:00,humans had a hard time fighting against the fungus. but one day the mushrooms began speaking back to the humans and they began having conversations about the modern,society. The humans became more enlightened and humans started behaving nicer to each other. Rumors have it that the mushrooms told them about the,BocRhyGX0eWpgbUSkjWF,1N8M379G97LT,X18R173C33SW,7,human-human,7,author_1,164.0,137.0,136.0,136.0,28.0,0.9927007299270072,0.0072992700729927,0.0,1.0,0.0,13.0,False,,145.0,122.0,120.0,120.0,24.0,0.9836065573770492,0.0163934426229508,0.0,1.0,0.0,11.0,False,,False,,humans had a hard time fighting against the fungus. but one day the mushrooms began speaking back to the humans and they began having conversations about the modern,0,society. The humans became more enlightened and humans started behaving nicer to each other. Rumors has it that the mushrooms told them about the,2,False,human,human,author_1,human,True,6.0,-1.7825548895474137,-3.0028573495370368,4.026645002693965,3.5387369791666665,116.772705078125,95.5458984375,-1.333152488425926,0.14994755497685208,3.5387369791666665,5.065221715856482,4.871889467592593,4.91527416087963
2026-02-02 17:07:41.356000+00:00,ways the humans treated both each other and also the fungus. this began a revolution of how law making and infrastructure was made from this point,. People became more aware of the environment and the wildlife all around the world started blooming as it has never been seen before. Even the Mammoth came back from,BocRhyGX0eWpgbUSkjWF,1N8M379G97LT,X18R173C33SW,8,human-human,8,author_1,147.0,122.0,121.0,121.0,26.0,0.9918032786885246,0.0081967213114754,0.0,1.0,0.0,14.0,False,,167.0,137.0,135.0,135.0,30.0,0.9854014598540146,0.0145985401459854,0.0,1.0,0.0,11.0,False,,False,,ways the humans treated both each other and also the fungus. this began a revoloution of how law making and infrastructure was made from this point,1,. People became more aware of the environment and the wild life all around the world started blooming as it has never been seen before. Even the Mammoth came back from,1,False,human,human,author_1,human,True,7.0,-2.3564543547453702,-2.009419102822581,5.065221715856482,3.876984627016129,136.760986328125,120.1865234375,-0.434381300403226,-0.8382001604352678,3.876984627016129,3.8449837820870534,4.311365927419355,4.683183942522321
2026-02-02 17:09:47.201000+00:00,dead and new species of both animals and mushrooms roamed the world. they all worked together to create a brighter future and they all became great,"at making space for other species. The world has never been as beautiful, and for a while they thought that they all found their happy",BocRhyGX0eWpgbUSkjWF,1N8M379G97LT,X18R173C33SW,9,human-human,9,author_1,147.0,122.0,121.0,121.0,26.0,0.9918032786885246,0.0081967213114754,0.0,1.0,0.0,9.0,False,,134.0,110.0,108.0,108.0,25.0,0.9818181818181818,0.0181818181818181,0.0,1.0,0.0,9.0,False,,False,,dead and new species of both animals and mushrooms roamed the world. they all worked together to create a brighter future and they all became great,0,"at making space for other species. The world has never been as beautiful, and for a while they thought that they all found their happy",0,False,human,human,author_1,human,True,8.0,-2.58766828264509,-2.2816840277777777,3.8449837820870534,4.165653935185185,107.6595458984375,112.47265625,-0.7504340277777777,-1.2699404629794033,4.165653935185185,3.6287592107599433,4.916087962962963,4.898699673739347
2026-02-02 17:12:50.297000+00:00,"ending, but suddenly the mammoth began eating the mushrooms, and they became intoxicated. now the high mammoths were",killing everything living on the planet. A lot of natural disasters happened and volcanoes exploded; every living thing on Earth died. And that was how the world ended. The,BocRhyGX0eWpgbUSkjWF,1N8M379G97LT,X18R173C33SW,10,human-human,10,author_1,117.0,100.0,97.0,97.0,18.0,0.97,0.03,0.0,1.0,0.0,11.0,False,,170.0,142.0,139.0,139.0,29.0,0.9788732394366196,0.0211267605633802,0.0,1.0,0.0,10.0,False,,False,,"ending, but suddenly the mammoth began eating the mushrooms, and they became intoxicated. now the high mammoths where",1,killing everything living on the planet. A lot of natural disasters happened and volcanos exploded every living thing on earth died. And that was how the world ended. The,3,False,human,human,author_1,human,True,9.0,-3.8632001009854404,-1.2618001302083335,3.6287592107599433,3.9161265980113638,79.83270263671875,129.232177734375,-0.5798635771780298,,3.9161265980113638,,4.495990175189394,
2026-02-03 10:30:41.654000+00:00,"a very happy dog wandering through the streets of Aarhus alone. He's just going down the street, greeting people and making their day better. But suddenly, he fell into a big, cold","pool of piss. He was super embarrassed by this, and he thought it couldn't get any worse when a massive seagull swooped down and screamed insults at his",D8kJXS3suDI2tltssVgN,V4YV72MY1LLS,AMS4T6KGC8UA,1,human-human,1,author_1,180.0,149.0,143.0,143.0,33.0,0.959731543624161,0.0402684563758389,0.0,0.9696969696969696,0.0,9.0,False,,152.0,125.0,122.0,122.0,29.0,0.976,0.024,0.0,0.9655172413793104,0.0,11.0,False,,False,,"a very happy dog wandering through the streets of Aarhus alone. He's just going down the street, greeting people and making their day better. But suddenly, he fell into a big, cold",0,"pool of piss. He was super embarrassed by this, and he thought it couldn't get any worse when a massive seagull swooped down and screamed insults at his",0,False,human,human,author_1,human,True,,0.0,-1.0734926111557908,5.20145983573718,4.350704417509191,202.85693359375,147.9239501953125,-1.0734926111557908,-0.7943405877976195,4.350704417509191,4.367571149553571,5.424197028664982,5.161911737351191
2026-02-03 10:39:00.610000+00:00,"butt. Because how can you be a dog without a tail? Smelling like piss and having no tail, being laughed at him about it made him feel like a total dumbass. He started shouting at the","stupid bird that she should shut the fuck up and mind her own business, but the bird just looked at him with a sly smile. ""You know what, ugly mutt, it kinda suits",D8kJXS3suDI2tltssVgN,V4YV72MY1LLS,AMS4T6KGC8UA,2,human-human,2,author_1,183.0,148.0,143.0,143.0,37.0,0.9662162162162162,0.0337837837837837,0.0,1.0,0.0,8.0,False,,163.0,131.0,126.0,126.0,33.0,0.9618320610687024,0.0381679389312977,0.0,1.0,0.0,8.0,False,,False,,"butt. Because how can you be a dog without a tail? Smelling like piss and having no tail, being laughed at him about it made him feel like a total dumb-ass. He started shouting at the",1,"stupid bird that she should shut the fuck up and mind her own business, but the bird just looked at him with a sly smile. ""You know what, ugly mutt, it kinda suits",0,False,human,human,author_1,human,True,1.0,-1.3778366815476195,-1.6862007141113278,4.367571149553571,3.173412322998047,183.43798828125,126.93649291992188,-0.8660652160644533,-1.326806640625,3.173412322998047,3.891441127232143,4.0394775390625,5.218247767857143
2026-02-03 10:43:01.236000+00:00,"you not having the tail. Cause everybody can see who you actually are from the first look at you this way."" This made the dog mad so he jumped up to catch the","half-eaten french fry she mockingly threw at him, but having horrible paw-eye coordination, he failed just to fall back down in the pool. To his astonishment, the French",D8kJXS3suDI2tltssVgN,V4YV72MY1LLS,AMS4T6KGC8UA,3,human-human,3,author_1,158.0,126.0,123.0,123.0,33.0,0.9761904761904762,0.0238095238095238,0.0,1.0,0.0,9.0,False,,169.0,142.0,136.0,136.0,30.0,0.9577464788732394,0.0422535211267605,0.0,1.0,0.0,12.0,False,,False,,"you not having the tail. Cause everybody can see who you actually are from the first look at you this way."" This made the dog mad so he jumped up to catch the",0,"half-eaten french fry she mockingly threw at him, but having horrible paw-eye coordination, he failed just to fall back down in the pool. To his astonishment, the french",1,False,human,human,author_1,human,True,2.0,-2.4323869977678574,-2.332317151521381,3.891441127232143,4.231981779399671,136.200439453125,160.8153076171875,-1.4901283665707235,-1.0405440219613005,4.231981779399671,3.6245723990506904,5.722110145970395,4.665116421011991
2026-02-03 10:49:18.851000+00:00,"Fry fell into the puddle, bounced from the ground and fell right into the ugly nib of the seagull. She then fell to the ground and puked all over the street. Now it's his turn.","to laugh, he thought with triumph in his piss-filtered eyes. He was just about to do the shake, creating a glistening sprinkle of yellow, when the puke started flowing in his direction.",D8kJXS3suDI2tltssVgN,V4YV72MY1LLS,AMS4T6KGC8UA,4,human-human,4,author_1,175.0,141.0,137.0,137.0,36.0,0.9716312056737588,0.0283687943262411,0.0,0.9722222222222222,0.0,7.0,False,,184.0,153.0,148.0,148.0,33.0,0.9673202614379084,0.0326797385620915,0.0,1.0,0.0,10.0,False,,False,,"fry fell into the puddle, bounced from the ground and fell right into the ugly nib of the seagull. She then fell to the ground and puked all over the street. Now it's his turn",2,"to laugh, he thought with triumph in his piss-filtered eyes. He was just about to do the shake, creating a glistening sprinkle of yellow, when the puke started flowing in his direction",1,False,human,human,author_1,human,True,3.0,-2.051308210505996,-1.8452331542968752,3.6245723990506904,4.755718994140625,155.8566131591797,190.228759765625,-1.094247436523438,-0.589752197265625,4.755718994140625,3.3091197294347428,5.849966430664063,3.8988719267003678
2026-02-03 10:53:40.583000+00:00,"""oh fuck"" flew through his head. He wanted to run away but his paws were stuck in the piss-pool. He started panicking when a miracle happened.","to his mom, and he started disintegrating from existence. The ""oh fuck"" faded away, replaced by a strange relief as all the piss and the laughs and the evil bird disappeared from view.",D8kJXS3suDI2tltssVgN,V4YV72MY1LLS,AMS4T6KGC8UA,5,human-human,5,author_1,141.0,116.0,111.0,111.0,27.0,0.956896551724138,0.043103448275862,0.0,1.0,0.0,9.0,False,,184.0,152.0,146.0,146.0,33.0,0.9605263157894736,0.0394736842105263,0.0,1.0,0.0,14.0,False,,False,,"""oh fuck"" flew through his head. He wanted to run away but his paws were stuck in the piss-pool. He started panicking when a miracle happened",1,"to his mom, and he started disintegrating from existence. The ""oh fuck"" faded away, replaced by a strange relief as all the piss and the laughs and the evil bird disappeared from view.",0,False,human,human,author_1,human,True,4.0,-2.3234342687270217,-1.980093383789062,3.3091197294347428,4.909381103515625,112.51007080078125,196.375244140625,-0.16739196777343768,-0.5020507812499999,4.909381103515625,3.633642578125,5.076773071289063,4.135693359375
2026-02-03 10:56:46.581000+00:00,"He was shocked about what happened. His mom is in hell, how could a miracle happen to her? And how does he know about it? ""Am I in hell too? But how is it","so cold? He could no longer smell the urine or see the yellow orbs of malice in the face of the gull, but he could still feel cold liquid clinging to his fur. Maybe he was not",D8kJXS3suDI2tltssVgN,V4YV72MY1LLS,AMS4T6KGC8UA,6,human-human,6,author_1,154.0,121.0,115.0,115.0,34.0,0.950413223140496,0.0495867768595041,0.0,1.0,0.0,8.0,False,,175.0,139.0,136.0,136.0,37.0,0.9784172661870504,0.0215827338129496,0.0,1.0,0.0,8.0,False,,False,,"He was shocked about what happened. His mom is in hell, how could a miracle happen to her? and how does HE know about it? ""Am I in hell too? But how is it",3,"so cold? He could no longer smell the urine or see the yellow orbs of malice in the face of the gull, but he could still feel cold liquid clinging to his fur. Maybe he was not",0,False,human,human,author_1,human,True,5.0,-1.149560546875,-1.722266220464939,3.633642578125,3.9786436499618905,145.345703125,163.1243896484375,-0.22501429115853622,-0.6557645295795642,3.9786436499618905,3.619300039190995,4.203657941120427,4.275064568770559
2026-02-03 11:00:55.074000+00:00,"in hell, maybe he got into the seagull's imagination. That would explain why it feels like hell but really is not. Is there a way to escape the mind of this?","wretched animal? No, hummed a voice reverberating off invisible walls. Shit. This was a voice he had heard only once before but could never",D8kJXS3suDI2tltssVgN,V4YV72MY1LLS,AMS4T6KGC8UA,7,human-human,7,author_1,156.0,126.0,122.0,122.0,32.0,0.9682539682539684,0.0317460317460317,0.0,0.96875,0.0,11.0,False,,139.0,116.0,112.0,112.0,24.0,0.9655172413793104,0.0344827586206896,0.0,1.0,0.0,13.0,False,,False,,"in hell, maybe he got into the seagull's imagination. That would explain why it feels like hell but really is not. Is there a way to escape the mind of this",1,"wretched animal? No, hummed a voice reverberating off invisible walls. Shit. This was a voice he had heard only once before but could never",0,False,human,human,author_1,human,True,6.0,-2.1639392250462586,-1.708716607862904,3.619300039190995,4.665905367943548,137.5334014892578,144.64306640625,-0.74944083921371,-0.8925931658063613,4.665905367943548,3.395628138950893,5.415346207157258,4.288221304757254
2026-02-03 11:03:21.301000+00:00,"place it to a familiar face. But now he's sure whose voice it is. ""That can't be it,"" he thought to himself. It was his worst","nightmare to be stuck anywhere at all, but to lose his dignity in this way and be absorbed by the skull of a gull was somehow even",D8kJXS3suDI2tltssVgN,V4YV72MY1LLS,AMS4T6KGC8UA,8,human-human,8,author_1,124.0,99.0,92.0,92.0,28.0,0.9292929292929292,0.0707070707070707,0.0,0.9285714285714286,0.0,8.0,False,,130.0,104.0,103.0,103.0,27.0,0.9903846153846154,0.0096153846153846,0.0,1.0,0.0,9.0,False,,False,,"place it to a familier face. But now he's sure whose voice it is. ""That can't be it"" he thought to himself. It was his worst",2,"nightmare to be stuck anywhere at all, but to lose his dignity in this way and be absorbed by the skull of a gull was somehow even",0,False,human,human,author_1,human,True,7.0,-1.8628051757812498,-2.059561893857759,3.395628138950893,4.535804485452586,118.84698486328125,131.538330078125,-0.8910038389008621,-0.3991245814732145,4.535804485452586,3.3116455078125,5.426808324353448,3.7107700892857145
2026-02-03 11:06:28.577000+00:00,worse than he could ever imagine. He cannot get the embarrassment out of his head. Wait. Is it really his head? Or did his mind integrate into the mind of,"his butt? As he could no longer see or smell, there was only one way to find out. Determined to regain his dignity, he started",D8kJXS3suDI2tltssVgN,V4YV72MY1LLS,AMS4T6KGC8UA,9,human-human,9,author_1,153.0,124.0,120.0,120.0,30.0,0.967741935483871,0.032258064516129,0.0,1.0,0.0,12.0,False,,126.0,102.0,98.0,98.0,25.0,0.9607843137254902,0.0392156862745098,0.0,1.0,0.0,10.0,False,,False,,worse than he could ever imagine. He cannot get the embarassment out of his head. Wait. Is it really his head? Or did his mind integrate into the mind of,1,"his butt? As he could no longer see or smell, there was only one way to find out. Determined to regain his dignity, he started",0,False,human,human,author_1,human,True,8.0,-1.9289934430803575,-1.9933666360789335,3.3116455078125,3.148655858533136,115.9075927734375,91.31101989746094,-0.5050811767578125,-0.8416004180908203,3.148655858533136,3.368968200683594,3.6537370352909484,4.210568618774414
2026-02-03 11:09:56.743000+00:00,"to explore the surroundings with his butt. He rubbed it on the ground and he found out... he was right! He still doesn't understand how it happened, but he is definitely sure that his","butt was now his mind, and it was clouded by memories of mocking laughter and sticky liquid, and the looming silhouette of evil itself. Oh well, he thought. At least I'm not with my",D8kJXS3suDI2tltssVgN,V4YV72MY1LLS,AMS4T6KGC8UA,10,human-human,10,author_1,183.0,150.0,143.0,143.0,35.0,0.9533333333333334,0.0466666666666666,0.0,0.9714285714285714,0.0,12.0,False,,181.0,148.0,142.0,142.0,35.0,0.9594594594594594,0.0405405405405405,0.0,0.9714285714285714,0.0,10.0,False,,False,,"to explore the surroundings with his butt. He rubbed it on the ground and he found out... he was right! He still doesn't understand how it happened, but he is definitely sure that his",0,"butt was now his mind, and it was clouded by memories of mocking laughter and sticky liquid, and the looming silhouette of evil itself. Oh well, he thought. At least I'm not with my",0,False,human,human,author_1,human,True,9.0,-1.6165904998779297,-1.8624237804878052,3.368968200683594,3.9123892435213414,134.75872802734375,160.407958984375,-0.39222977801067094,,3.9123892435213414,,4.304619021532012,
2026-02-10 14:33:10.293000+00:00,He did not understand why the people feared him. He coincidentally found out one day on the way to the marketplace. On his way there he saw the most marvelous thing that changed.,Once upon a time there was a little grumpy man. He lived in the small town of Maiopy. He was feared by the other people.,EVPkCWSrT9SwL38W9Zuk,PTFT3GX9Q8SW,JE379UZ9Q7SE,1,human-human,1,author_2,119.0,95.0,93.0,93.0,25.0,0.9789473684210528,0.0210526315789473,0.0,1.0,0.0,6.0,False,,177.0,145.0,143.0,143.0,33.0,0.986206896551724,0.0137931034482758,0.0,1.0,0.0,14.0,False,,False,,Once upon a time there was a little grumpy man. He lived in the small town of Maiopy. He was feared by the other people,1,He did not understand why the people feared him. He coincidentally found out one day on the way to the marketplace. On his way there he saw the most marvelous thing that changed,1,False,human,human,author_2,human,True,1.0,0.0,-0.9095416891163799,5.143597577069257,3.8109593884698274,190.3131103515625,110.517822265625,-0.9095416891163799,0.050018310546875,3.8109593884698274,5.5113983154296875,4.720501077586207,5.4613800048828125
2026-02-10 14:36:22.975000+00:00,"loathed him, he noticed that the guard he stomped past was not riding his horse as usual but his horse was rather riding him. This was nothing compared",his entire life. As he was walking down the street thinking about all the things that annoyed him and shouting at the people that,EVPkCWSrT9SwL38W9Zuk,PTFT3GX9Q8SW,JE379UZ9Q7SE,2,human-human,2,author_2,129.0,106.0,105.0,105.0,24.0,0.9905660377358492,0.0094339622641509,0.0,1.0,0.0,8.0,False,,151.0,124.0,122.0,122.0,28.0,0.9838709677419356,0.0161290322580645,0.0,1.0,0.0,8.0,False,,False,,his entire life. As he was walking down the street thinking about all the things that annoyed him and shouting at the people that,0,"loathed him, he noticed that the guard he stomped past was not riding his horse as usual but his horse was rather riding him. This was nothing compared",0,False,human,human,author_2,human,True,2.0,-1.0070037841796875,-1.29697265625,5.5113983154296875,3.95603515625,176.36474609375,98.90087890625,0.3759765625,-0.3123890269886367,3.95603515625,4.695541844223484,3.58005859375,5.007930871212121
2026-02-10 14:39:51.911000+00:00,the first time in his entire life. This spark of curiosity was just what the haggard old guy needed to follow his secret childhood dream of being the world's,to the man walking on his hands right by him. He paused. 'What in the world is happening?' he thought to himself. At that moment he felt confused rather than angry for,EVPkCWSrT9SwL38W9Zuk,PTFT3GX9Q8SW,JE379UZ9Q7SE,3,human-human,3,author_2,167.0,136.0,130.0,130.0,32.0,0.9558823529411764,0.0441176470588235,0.0,1.0,0.0,9.0,False,,157.0,129.0,127.0,127.0,30.0,0.9844961240310076,0.0155038759689922,0.0,0.9666666666666668,0.0,9.0,False,,False,,to the man walking on his hands right by him. He paused. 'What in the world is happening?' he thought to himself. At that moment he felt confused rather than angry for,0,the first time in his entire life. This spark of curiosity was just what the haggard old guy needed to follow his secret childhood dream of being the world's,0,False,human,human,author_2,human,True,3.0,-0.9371448863636367,-1.6446038323479728,4.695541844223484,3.496875659839527,154.952880859375,129.3843994140625,0.041553394214527195,-0.4472995334201393,3.496875659839527,4.074850294325087,3.455322265625,4.522149827745226
2026-02-10 14:43:01.972000+00:00,circus master would finally let him juggle his collection of hairless mice the way he had always hoped he would. He couldn't wait to see the crowd's face.,best juggler. 'Maybe they are coming from a circus!' he thought excitedly. He started to pick up the pace toward the marketplace because maybe the,EVPkCWSrT9SwL38W9Zuk,PTFT3GX9Q8SW,JE379UZ9Q7SE,4,human-human,4,author_2,146.0,122.0,117.0,117.0,25.0,0.9590163934426228,0.040983606557377,0.0,1.0,0.0,11.0,False,,153.0,126.0,123.0,123.0,30.0,0.9761904761904762,0.0238095238095238,0.0,0.9333333333333332,0.0,10.0,False,,False,,best juggler. 'Maybe they are coming from a circus!' he thought excitedly. He started to pick up the pace toward the marketplace because maybe the,0,circus master would finally let him juggle his collection of hairless mice the way he had always hoped he would. He couldn't wait to see the crowd's face,1,False,human,human,author_2,human,True,4.0,-1.4152249230278864,-3.420367948470577,4.074850294325087,3.156607227940713,146.69461059570312,97.85482406616211,-0.3853294618668097,-0.07400851779513928,3.156607227940713,4.200466579861111,3.541936689807523,4.27447509765625
2026-02-10 14:45:13.955000+00:00,of his entire life. The other best day of his entire life had been when his older brother Clarence broke his leg on the swings. This made the grumpy man happy as he disliked,when he would stand in the middle of the circus with his best costume on with the mice in his hands. It would be the best day.,EVPkCWSrT9SwL38W9Zuk,PTFT3GX9Q8SW,JE379UZ9Q7SE,5,human-human,5,author_2,125.0,99.0,98.0,98.0,27.0,0.98989898989899,0.0101010101010101,0.0,1.0,0.0,7.0,False,,173.0,140.0,138.0,138.0,34.0,0.9857142857142858,0.0142857142857142,0.0,1.0,0.0,8.0,False,,False,,when he would stand in the middle of the circus with his best costume on with the mice in his hands. It would be the best day,1,of his entire life. The other best day of his entire life had been when his older brother Clarence broke his leg on the swings. This made the grumpy man happy as he disliked,0,False,human,human,author_2,human,True,5.0,-1.5506049262152786,-2.646947400323276,4.200466579861111,2.9442770070043105,151.216796875,85.384033203125,-0.3099828259698274,-0.02540382179054035,2.9442770070043105,5.68653003589527,3.254259832974138,5.7119338576858105
2026-02-10 14:48:09.164000+00:00,"The man had learned from the frog that once lived in his left boot that these were all indications that the devil has hold of someone. Ever since his brief affair with a nun, he",his brother from his hair to his toes. Clarence had made it his life's mission to annoy him. Always smiling. Always laughing. Being happy.,EVPkCWSrT9SwL38W9Zuk,PTFT3GX9Q8SW,JE379UZ9Q7SE,6,human-human,6,author_2,137.0,114.0,109.0,109.0,25.0,0.956140350877193,0.043859649122807,0.0,0.96,0.0,8.0,False,,177.0,143.0,141.0,141.0,35.0,0.986013986013986,0.0139860139860139,0.0,1.0,0.0,11.0,False,,False,,his brother from his hair to his toes. Clarence had made it his life's mission to annoy him. Always smiling. Always laughing. Being happy,1,"The man had learned from the frog that once lived in his left boot that these were all indications that the devil has hold of someone. Ever since his brief affair with a nun, he",0,False,human,human,author_2,human,True,6.0,-0.7638236380912167,-1.6449201030115925,5.68653003589527,3.7800420945690525,210.401611328125,117.18130493164062,-0.03401011805380527,-0.14510995370370328,3.7800420945690525,5.5287905092592595,3.8140522126228578,5.673900462962963
2026-02-10 14:51:16.257000+00:00,"hear any talk of nuns, or devils, or feelings. She was far too busy filling her garden with small piglets that would eat the","had known that something was completely wrong with Clarence. The nun confirmed all of his worries, and he had tried to tell their mum but she did not want to",EVPkCWSrT9SwL38W9Zuk,PTFT3GX9Q8SW,JE379UZ9Q7SE,7,human-human,7,author_2,158.0,129.0,127.0,127.0,30.0,0.9844961240310076,0.0155038759689922,0.0,1.0,0.0,10.0,False,,124.0,101.0,98.0,98.0,24.0,0.9702970297029704,0.0297029702970297,0.0,1.0,0.0,8.0,False,,False,,"had known that somethings was completely wrong with Clarence. The nun confirmed all of his worries, and he had tried to tell their mum but she did not want to",1,"hear any talk of nuns, or devils, or feelings. She was far too busy filling her garden with small piglets that would eat the",0,False,human,human,author_2,human,True,7.0,-1.8618344907407405,-1.4407958984375,5.5287905092592595,4.4690704345703125,149.27734375,143.01025390625,0.44927978515625,-0.32880928402855236,4.4690704345703125,4.810212089901879,4.0197906494140625,5.139021373930431
2026-02-10 14:54:06.753000+00:00,"worry about her children's well-being, besides that's what the maid, Periandelialis, was for. She was good with children and good at cooking them into soups and stews of","small moles in the garden. She had been working years to try to get the pigs to eat moles, so of course she did not have time to",EVPkCWSrT9SwL38W9Zuk,PTFT3GX9Q8SW,JE379UZ9Q7SE,8,human-human,8,author_2,128.0,101.0,99.0,99.0,28.0,0.9801980198019802,0.0198019801980198,0.0,1.0,0.0,7.0,False,,167.0,140.0,135.0,135.0,30.0,0.9642857142857144,0.0357142857142857,0.0,0.9333333333333332,0.0,14.0,False,,False,,"small moles in the garden. She had been working years to try to get the pigs to eat moles, so of course she did not have time to",0,"worry about her children's wellbeing, besides that's what the maid, Periandelialis was for. She was good with children and good at cooking them into soups and stews of",2,False,human,human,author_2,human,True,8.0,-0.9942918504987448,-2.2613525390624996,4.810212089901879,3.7830485026041667,202.0289077758789,113.491455078125,0.3059814453124998,0.08722088788006754,3.7830485026041667,5.43872730152027,3.477067057291667,5.351506413640203
2026-02-10 14:56:56.457000+00:00,able to hold back his glee and joyous laughter at the idea of presenting his rats to the people of the many small kingdoms the circus was wont to tour. He had a secret plan as,rabbit. She had been a second mom for the two brothers. But anyway the old man was now running through the streets not,EVPkCWSrT9SwL38W9Zuk,PTFT3GX9Q8SW,JE379UZ9Q7SE,9,human-human,9,author_2,118.0,96.0,94.0,94.0,23.0,0.9791666666666666,0.0208333333333333,0.0,1.0,0.0,8.0,False,,177.0,142.0,141.0,141.0,36.0,0.9929577464788732,0.0070422535211267,0.0,1.0,0.0,10.0,False,,False,,rabbit. She had been a second mum for the two brothers. But anyway the old man was now running through the streets not,1,able to hold back his glee and joyous laughter at the idea of presenting his rats to the people of the many small kingdoms the circus was wont to tour. He had a secreter plan as,2,False,human,human,author_2,human,True,9.0,-1.0852314717060816,-2.5983593750000002,5.43872730152027,4.5071875,201.23291015625,112.6796875,-0.22585937500000064,-0.049460018382352366,4.5071875,5.221335018382353,4.733046875,5.270795036764706
2026-02-10 15:00:00.545000+00:00,"a small insignificant worthless little boy with an alcoholic mother, satanic brother, and a father who spent too long playing with the fairies and now had become one himself. What",his real goal was to take over the circus and finally get the circus man back that bullied him when he was watching the circus when he was just,EVPkCWSrT9SwL38W9Zuk,PTFT3GX9Q8SW,JE379UZ9Q7SE,10,human-human,10,author_2,143.0,115.0,115.0,115.0,29.0,1.0,0.0,0.0,1.0,0.0,8.0,False,,179.0,150.0,147.0,147.0,30.0,0.98,0.02,0.0,1.0,0.0,13.0,False,,False,,his real goal was to take over the circus and finally get the circus man back that bullied him when he was watching the circus when he was just,0,"a small insignificant worthless little boy with an alcoholic mother, satanic brother, and a father who spent too long playing with the fairies and now had become one himself. What",0,False,human,human,author_2,human,True,10.0,-1.0708295036764701,-1.5211476293103443,5.221335018382353,4.090433054956897,177.525390625,118.62255859375,0.15009597252155205,,4.090433054956897,,3.9403370824353448,
2026-02-02 09:40:16.100000+00:00,"the cat-door. This was Skittles' big chance! The first step out in the fresh air felt like a rebirth. The world was open, but where to go? Skittles took a big breath and turned","a little kitten named Skittles. Skittles lives with a sweet old lady, but he dreams of exploring the neighborhood. One day, his human forgets to close",FTAeksA8Y0QOBPW6kxWX,X1494KA437SW,6FD9A54314SW,1,human-human,1,author_2,151.0,126.0,122.0,122.0,26.0,0.9682539682539684,0.0317460317460317,0.0,1.0,0.0,13.0,False,,176.0,143.0,136.0,136.0,35.0,0.951048951048951,0.0489510489510489,0.0,1.0,0.0,8.0,False,,False,,"a little kitten named Skittles. Skittles lives with a sweet old lady, but he dreams of exploring the neighbourhood. One day, his human forgets to close",1,"the cat-door. This was Skittles' big chance! The first step out in the fresh air felt like a rebirth. The world was open, but where to go? Skittles took a big breath and turned",0,False,human,human,author_2,human,True,1.0,0.0,-1.1168993781594674,4.989876788595448,3.0648965274586395,229.53433227539062,104.20648193359375,-1.1168993781594674,-0.21433888310971438,3.0648965274586395,2.8865953528362773,4.181795905618107,3.1009342359459917
2026-02-02 09:45:22.662000+00:00,"This was wonderful. Skittles had always wanted to go to the store. The old lady always came home with a big bag of cat food. If Skittles could make it to the corner shop, he would be able","the first street corner. He ran down the street without a care in the world, flouting his freedom the dogs locked behind gates",FTAeksA8Y0QOBPW6kxWX,X1494KA437SW,6FD9A54314SW,2,human-human,2,author_2,126.0,104.0,102.0,102.0,23.0,0.9807692307692308,0.0192307692307692,0.0,1.0,0.0,8.0,False,,186.0,151.0,146.0,146.0,37.0,0.9668874172185432,0.0331125827814569,0.0,1.0,0.0,10.0,False,,False,,"the first street corner. He ran down the street without a care in the world, flouting his freedom the dogs locked behind gates",0,"This was wonderful. Skittels had always wanted to go to the store. The old lady always came home with a big bag of cat-food. If Skittels could make it to the cornershop, he would be able",6,False,human,human,author_2,human,True,2.0,-1.1821982342263926,-1.3697134164663458,2.8865953528362773,5.0374004657451925,132.78338623046875,130.972412109375,0.13601215069110584,0.23637791683799358,5.0374004657451925,4.104648389314351,4.901388315054087,3.868270472476357
2026-02-02 09:49:59.048000+00:00,"was not cat food. What was this!? Skittles had never seen anything like this. The shelves towering over him were filled with vegetables, cleaning products, and cheese. This was an","to eat as much kibble as he wanted to. However, when he came to the store, he was met with big shelves filled with things that",FTAeksA8Y0QOBPW6kxWX,X1494KA437SW,6FD9A54314SW,3,human-human,3,author_2,126.0,101.0,98.0,98.0,26.0,0.9702970297029704,0.0297029702970297,0.0,1.0,0.0,7.0,False,,176.0,148.0,142.0,142.0,29.0,0.9594594594594594,0.0405405405405405,0.0,1.0,0.0,10.0,False,,False,,"to eat as much kibble as he wanted to. However, when he came to the store, he was met with big shelves filled with things that",0,"was not catfood. What was this!? Skittles had never seen anything like this. The shelves towering over him was filled with vegetables, cleaning products and cheese. This was an",5,False,human,human,author_2,human,True,3.0,-1.5383794684159122,-2.4496866861979165,4.104648389314351,2.778031412760417,155.9766387939453,83.3409423828125,-0.6975179036458332,-0.15921036078005413,2.778031412760417,3.54201585419324,3.47554931640625,3.701226214973294
2026-02-02 09:55:46.687000+00:00,"store. As Skittles was exiting the door, he heard a scream from the owner yelling ""OOOUUUUTT."" Now Skittles was running as fast as he could. The old lady never yelled at him. He wanted to","unexpected find. Skittles thought the outside world was as catered to cats as his human's home was. Dejected, he left the",FTAeksA8Y0QOBPW6kxWX,X1494KA437SW,6FD9A54314SW,4,human-human,4,author_2,120.0,100.0,97.0,97.0,22.0,0.97,0.03,0.0,0.9545454545454546,0.0,10.0,False,,187.0,153.0,146.0,146.0,35.0,0.954248366013072,0.0457516339869281,0.0,1.0,0.0,9.0,False,,False,,unexpected find. Skittles thought the outside world was as catered to cats as his human's home was. Dejected he left the,1,"store. As Skittles was exiting the door, he heard a scream from the owner yelling ""OOOUUUUTT."" Now Skittels was running as fast as he could. The old lady never yelled at him. He wanted to",2,False,human,human,author_2,human,True,4.0,-1.3210013253348212,-2.6700544686153016,3.54201585419324,3.755872529128502,173.55877685546875,108.92030334472656,0.23386488289668605,0.2780330569245093,3.755872529128502,3.4501012757767078,3.522007646231816,3.1720682188521985
2026-02-02 09:59:04.406000+00:00,"was overwhelming. Skittles hadn't kept track of his route, and was getting more and more anxious by the minute. He tried to go left at the crossroad, but still couldn't recognize his","go straight back home, but realized that he didn't know what way to go. He tried to use his nose, but the many smells of the city",FTAeksA8Y0QOBPW6kxWX,X1494KA437SW,6FD9A54314SW,5,human-human,5,author_2,129.0,103.0,99.0,99.0,28.0,0.9611650485436892,0.0388349514563106,0.0,0.9642857142857144,0.0,8.0,False,,183.0,152.0,146.0,146.0,34.0,0.9605263157894736,0.0394736842105263,0.0,0.9411764705882352,0.0,12.0,False,,False,,"go straight back home, but realised that he didn't know what way to go. He tried to use his nose, but the many smells of the city",1,"was overwhelming. Skittles hadn't keept track of his route, and was getting more and more anxious by the minute. He tried to go left at the crossroad, but still couldn't recognise his",2,False,human,human,author_2,human,True,5.0,-1.122812537259834,-2.4010143280029297,3.4501012757767078,2.2337770462036133,148.35435485839844,71.48086547851562,-0.608154296875,-0.07011307117550869,2.2337770462036133,3.397658946902253,2.8419313430786133,3.4677720180777616
2026-02-02 10:02:16.181000+00:00,"make himself big by raising the hairs on his back. The dog barked at him, but wait... this was not a threatening bark. Maybe the dog was friendly. Even better - maybe the dog could help.","surroundings. As he was walking, he suddenly bumped into a big dog! The dog started wagging its tail, and Skittles hissed, trying to",FTAeksA8Y0QOBPW6kxWX,X1494KA437SW,6FD9A54314SW,6,human-human,6,author_2,133.0,111.0,105.0,105.0,24.0,0.945945945945946,0.054054054054054,0.0,0.9583333333333334,0.0,12.0,False,,185.0,150.0,142.0,142.0,35.0,0.9466666666666668,0.0533333333333333,0.0,1.0,0.0,11.0,False,,False,,"surroundings. As he was walking, he suddenly bumped into a big dog! The nod started wagging it's tail, and Skittles hissed, trying to",3,"make himself big by raising the hairs on his back. The dog barked at him, but wait... this was not a threatening bark. Maybe the dog was friendly. Even better - maybe the dog could help",1,False,human,human,author_2,human,True,6.0,-1.6825582814771072,-2.5753810188987036,3.397658946902253,2.0820004434296577,146.09933471679688,68.70601463317871,-0.0852754188306406,-0.09405838815789469,2.0820004434296577,3.6876284950657894,2.1672758622602983,3.781686883223684
2026-02-02 10:05:36.952000+00:00,"the dog turned around with an excited bark. They were running down the street together, and Skittle saw a sight that made him so happy! The old lady was right there with a searching","him. Skittles asked the dog if it knew where his home was. The dog gave him a big sniff, then sniffed the air. After a moment,",FTAeksA8Y0QOBPW6kxWX,X1494KA437SW,6FD9A54314SW,7,human-human,7,author_2,126.0,101.0,96.0,96.0,26.0,0.9504950495049505,0.0495049504950495,0.0,1.0,0.0,8.0,False,,182.0,149.0,145.0,145.0,34.0,0.9731543624161074,0.0268456375838926,0.0,1.0,0.0,9.0,False,,False,,"him. Skittles asked the dog if it knew where his home was. The dog gave him a big sniff, then sniffed the air. After a moment,",0,"the dog turned around with an exitied bark. They were running down the street together, and Skittle saw a sight, that made him so happy! The old lady was right there with a searching",3,False,human,human,author_2,human,True,7.0,-1.9293534128289478,-2.6965816722196694,3.6876284950657894,2.0971482220818016,140.1298828125,71.30303955078125,0.1486044491038605,-0.07219918568929051,2.0971482220818016,3.5609213511149087,1.9485437729779411,3.633120536804199
2026-02-02 10:07:33.247000+00:00,"down patting Skittles' head. Skittles had never felt so relieved. When looking at the lady, he saw the searching poster. Now Skittles felt sad that he had upset his owner. She was so kind.","poster in her hands. The dog barked again, getting the lady's attention. When she saw the two, she smiled widely and knelt",FTAeksA8Y0QOBPW6kxWX,X1494KA437SW,6FD9A54314SW,8,human-human,8,author_2,122.0,101.0,96.0,96.0,23.0,0.9504950495049505,0.0495049504950495,0.0,0.9565217391304348,0.0,9.0,False,,186.0,153.0,146.0,146.0,34.0,0.954248366013072,0.0457516339869281,0.0,1.0,0.0,9.0,False,,False,,"poster in her hands. The dog barked again, getting the lady's attention. When she saw the two, she smiled widely and knelt",0,"down patting Skittels head. Skittles had never felt so relived. When looking at the lady, he saw, the searching poster. Now Skittle felt sad, that he had upset his owner. She was so kind",8,False,human,human,author_2,human,True,8.0,-1.861480394999186,-2.8685273795292296,3.5609213511149087,2.4889197513974946,170.92422485351562,72.17867279052734,-0.540737875576677,0.002766185336642746,2.4889197513974946,3.5614983240763345,3.0296576269741715,3.5587321387396917
2026-02-02 10:12:37.885000+00:00,"neighborhood ever again. The lady took him home, and exhausted by the day, Skittles yawned and rested in the lap of the lady, while she was stroking his",and sweet to him. Skittles decided that he was just fine staying with his owner. He didn't need to explore the,FTAeksA8Y0QOBPW6kxWX,X1494KA437SW,6FD9A54314SW,9,human-human,9,author_2,110.0,90.0,87.0,87.0,22.0,0.9666666666666668,0.0333333333333333,0.0,0.9545454545454546,0.0,8.0,False,,152.0,125.0,121.0,121.0,28.0,0.968,0.032,0.0,1.0,0.0,12.0,False,,False,,and sweet to him. Skittles decided that he was just fine staying with his owner. He didn't need to explore the,0,"neighborhood ever again. The lady took him home, and exhausted by the day, Skittles yawned and rested in the lap of the lady, while she was stroking his",0,False,human,human,author_2,human,True,9.0,-2.0870570076836485,-3.1510027426260487,3.5614983240763345,2.3340741616708263,128.21393966674805,63.020002365112305,0.10615352348045093,-0.11833110608552655,2.3340741616708263,5.043752569901316,2.2279206381903753,5.1620836759868425
2026-02-02 10:18:00.229000+00:00,"and then night. Skittle was snugged up cozy and content. Now he was cleverer and knew that he was at the best place in the world: the old, sweet ladies.","back. He dreamt of kibble, convenience stores, and dogs, while the old lady watched television. The day turned into afternoon.",FTAeksA8Y0QOBPW6kxWX,X1494KA437SW,6FD9A54314SW,10,human-human,10,author_2,124.0,105.0,100.0,100.0,20.0,0.9523809523809524,0.0476190476190476,0.0,1.0,0.0,10.0,False,,150.0,121.0,116.0,116.0,30.0,0.9586776859504132,0.0413223140495867,0.0,1.0,0.0,8.0,False,,False,,"back. He dreamt of kibble, convenient stores, and dogs, while the old lady watched television. The day turned into afternoon",3,"and then night. Skittle was snugged up cozy and content. Now he was cleverer and knew, that he was at the best place in the word: the old, sweet ladys",5,False,human,human,author_2,human,True,10.0,-1.6958136307565788,-3.6485550491898144,5.043752569901316,3.2597204137731484,191.66259765625,88.012451171875,-0.5695710358796293,,3.2597204137731484,,3.8292914496527777,
2026-02-17 14:39:45.087000+00:00,"Explore the world of shrooms. Bob may have eaten a bit too many shrooms, and is now wandering around the",Bob the frog. He lives in a toadstool house in the forest. One day he decided to go on an adventure and,INnauEosv25woOCrBRDi,E7C7ALV5V8JS,EHER4RTKKQUF,1,human-human,1,author_2,103.0,82.0,80.0,80.0,22.0,0.975609756097561,0.024390243902439,0.0,1.0,0.0,9.0,False,,101.0,82.0,80.0,80.0,20.0,0.975609756097561,0.024390243902439,0.0,1.0,0.0,9.0,False,,False,,Bob the frog. He lives in a toadstool house in the forest. One day he decided to go on an adventure and,0,"Explore the world of shrooms. Bob may have ate a bit too many shrooms, and is no wondering around the",4,False,human,human,author_2,human,True,1.0,0.0,-0.15888671875000027,5.2792409261067705,3.9516015625,126.7017822265625,98.7900390625,-0.15888671875000027,-1.3246837797619042,3.9516015625,7.052548363095238,4.11048828125,8.377232142857142
2026-02-17 14:43:08.041000+00:00,"he saw the big fat master toad, who loudly roared through the endless forest, stated ""you shall not",trees feeling quite strange. As he continued wandering he suddenly stumbled into something. Bob the frog fell to the ground and as he looked up,INnauEosv25woOCrBRDi,E7C7ALV5V8JS,EHER4RTKKQUF,2,human-human,2,author_2,143.0,119.0,117.0,117.0,25.0,0.9831932773109244,0.0168067226890756,0.0,1.0,0.0,9.0,False,,101.0,84.0,81.0,81.0,18.0,0.9642857142857144,0.0357142857142857,0.0,1.0,0.0,7.0,False,,False,,trees feeling quite strange. As he continued wandering he suddenly stumbled into something. Bob the frog fell to the ground and as he looked up,0,"he saw the big fat master toad, who loudly roaring through the endless forrest, stated ""you shall not",4,False,human,human,author_2,human,True,2.0,-1.3650483630952381,-1.6804832175925926,7.052548363095238,4.520381221064815,148.103515625,122.05029296875,0.2162362557870372,-0.030099051339285587,4.520381221064815,4.3809814453125,4.304144965277778,4.411080496651786
2026-02-17 14:46:33.897000+00:00,"and the master toad told Bob to fuck off. So, fuck off, Bob did. Again walking through the endless forest, in deep and","pass!"". Bob the frog was startled and didn't know what to say. Instead, he offered the master toad one of his shrooms.",INnauEosv25woOCrBRDi,E7C7ALV5V8JS,EHER4RTKKQUF,3,human-human,3,author_2,116.0,95.0,90.0,90.0,23.0,0.9473684210526316,0.0526315789473684,0.0,0.9565217391304348,0.0,8.0,False,,119.0,97.0,92.0,92.0,23.0,0.9484536082474226,0.0515463917525773,0.0,1.0,0.0,7.0,False,,False,,"pass!"". Bob the frog was startled and didn't know what to say. Instead he offered the master toad one of his shrooms",2,"and the master toad told bob to fuck off. So, fuck off, Bob did. Again walking through the endless forrest, in deep and",2,False,human,human,author_2,human,True,3.0,-2.7103969029017856,-4.082113594844423,4.3809814453125,2.574406854037581,122.66748046875,74.65779876708984,0.4113598527579474,-0.124237060546875,2.574406854037581,4.46563720703125,2.1630470012796335,4.589874267578125
2026-02-17 14:50:27.086000+00:00,"and taking a swim in the purple swamp of death, he returned to his toadstool house, as he now wanted to achieve his dream.",mossy darkness. While walking he heard the sound of running water and all of a sudden he was looking at a massive waterfall. After eating all the mushrooms and,INnauEosv25woOCrBRDi,E7C7ALV5V8JS,EHER4RTKKQUF,4,human-human,4,author_2,157.0,129.0,127.0,127.0,29.0,0.9844961240310076,0.0155038759689922,0.0,1.0,0.0,9.0,False,,122.0,99.0,96.0,96.0,24.0,0.9696969696969696,0.0303030303030303,0.0,1.0,0.0,9.0,False,,False,,mossy darkness. While walking he heard the sound of running water and all of a sudden he was looking at a massive waterfall. After eating all the shrooms and,2,"and taking a swim in the purple swamp of death, he returned to his toadstool house, as he now wanted to achieve his dream.",0,False,human,human,author_2,human,True,4.0,-1.8426077706473212,-1.9654464721679688,4.46563720703125,3.513561248779297,125.037841796875,112.4339599609375,-0.18498992919921875,0.41444728685462007,3.513561248779297,5.715008279551631,3.6985511779785156,5.300560992697011
2026-02-17 14:52:23.014000+00:00,out to the faraway mountains in candy land. In candy land all the mountains were covered in delicious white flaky sugar.,"Bob the frog dreamed of becoming a professional snowboarder, but it never snowed in the forest. So today he decided to venture.",INnauEosv25woOCrBRDi,E7C7ALV5V8JS,EHER4RTKKQUF,5,human-human,5,author_2,126.0,105.0,103.0,103.0,22.0,0.9809523809523808,0.019047619047619,0.0,1.0,0.0,12.0,False,,121.0,100.0,98.0,98.0,22.0,0.98,0.02,0.0,1.0,0.0,9.0,False,,False,,"Bob the frog dreamed of becoming a professional snowboarder, but it never snowed in the forest. So today he decided to venture",1,out to the far away mountains in candy land. In candy land all the mountains were covered in delicious white flaky sugar.,1,False,human,human,author_2,human,True,5.0,-0.983616041100543,-2.466878255208334,5.715008279551631,3.077831127025463,131.4451904296875,83.1014404296875,-0.6337709780092595,-0.21404351128472232,3.077831127025463,3.3367377387152777,3.7116021050347223,3.55078125
2026-02-17 14:54:50.618000+00:00,"on the road to achieve his dream. But what Bob did not know yet, was that the trip to Candyland would not be like","He packed his bag and snowboard and off he went. The trip to Candyland was long and hard, but Bob kept his spirits high as he was now",INnauEosv25woOCrBRDi,E7C7ALV5V8JS,EHER4RTKKQUF,6,human-human,6,author_2,133.0,106.0,104.0,104.0,28.0,0.981132075471698,0.0188679245283018,0.0,1.0,0.0,9.0,False,,113.0,90.0,88.0,88.0,24.0,0.9777777777777776,0.0222222222222222,0.0,1.0,0.0,9.0,False,,False,,"He packed his bag and snowboard and off he went. The trip to candyland was long and hard, but Bob kept his spirits high as he was now",1,"on the road to achieve his dream. But what Bob did not know yet, was that the trip to Candyland would not be like",0,False,human,human,author_2,human,True,6.0,-1.929972330729167,-2.33774886592742,3.3367377387152777,2.860020791330645,90.0919189453125,88.66064453125,-0.274563697076613,-0.14232459435096168,2.860020791330645,5.415630634014423,3.134584488407258,5.557955228365385
2026-02-17 14:58:13.648000+00:00,"and inside sat the wonderful princess Pooh, a toad princess known throughout all of the country. Pooh pleaded Bob to help her","he thought. As soon as he exited the forest and reached the main road he found it blocked by a massive carriage. One of the wheels had broken off,",INnauEosv25woOCrBRDi,E7C7ALV5V8JS,EHER4RTKKQUF,7,human-human,7,author_2,147.0,119.0,116.0,116.0,29.0,0.9747899159663864,0.0252100840336134,0.0,1.0,0.0,8.0,False,,121.0,100.0,98.0,98.0,22.0,0.98,0.02,0.0,1.0,0.0,9.0,False,,False,,"he thought. As soon as he excited the forest and reached the main road he found it blocked by a massive carriage. One of the wheels had broken off,",1,"and inside sat the wonderful princess Pooh, a toad princes known through all of the country. Pooh pleaded Bob to help her",4,False,human,human,author_2,human,True,7.0,-2.4686983548677883,-1.3754081726074219,5.415630634014423,3.4160079956054688,140.806396484375,109.312255859375,-0.34284210205078125,-0.013521728515625497,3.4160079956054688,4.917482299804687,3.75885009765625,4.931004028320313
2026-02-17 15:01:41.055000+00:00,"bonfire at which Pooh and Bob started roasting cockroaches over the fire, Bob's favorite meal. Sometimes he would even","and so he did. Back into the forest he went to gather wood and sticks. With a little bit of skill and a lot of willpower, Bob created a",INnauEosv25woOCrBRDi,E7C7ALV5V8JS,EHER4RTKKQUF,8,human-human,8,author_2,136.0,108.0,105.0,105.0,29.0,0.9722222222222222,0.0277777777777777,0.0,1.0,0.0,9.0,False,,117.0,99.0,96.0,96.0,20.0,0.9696969696969696,0.0303030303030303,0.0,0.95,0.0,11.0,False,,False,,"and so he did. Back into the forest he went to gather wood and sticks. With a little bit of skills and a lot of willpower, Bob created a",1,"bonfire at which Pooh and Bob started roasting cockroaches over the fire, Bob's favorite meal. Sometime he would even",1,False,human,human,author_2,human,True,8.0,-2.3525250244140627,-1.4625205993652344,4.917482299804687,3.4745941162109375,122.93705749511719,111.18701171875,0.45893096923828125,-0.16193181818181834,3.4745941162109375,4.9870827414772725,3.0156631469726562,5.149014559659091
2026-02-17 15:05:17.390000+00:00,"quickly fled the campfire. Bob was left sat in the dark forest, wondering where he went wrong. He just scared away Princess Pooh and was now wondering whether he","sprinkle some toasted shrooms onto it, to get a better flavor. But when he tried to offer it to Princess Pooh she made a face and",INnauEosv25woOCrBRDi,E7C7ALV5V8JS,EHER4RTKKQUF,9,human-human,9,author_2,127.0,103.0,101.0,101.0,25.0,0.9805825242718448,0.0194174757281553,0.0,1.0,0.0,8.0,False,,162.0,134.0,131.0,131.0,29.0,0.9776119402985076,0.0223880597014925,0.0,1.0,0.0,9.0,False,,False,,"sprinkle some toasted shrooms onto it, to get a better flavour. But when he tried to offer it Princess Pooh she made a face and",4,"quickly fled the campfire. Bob was left sat in the dark forrest, wondering where he went wrong. He just scared away princess Pooh and was now wondering whether he",2,False,human,human,author_2,human,True,9.0,-1.770137902462121,-2.6450584165511595,4.9870827414772725,3.7509849302230345,164.57373046875,116.28053283691406,-0.5644742904170865,-0.015346984863281676,3.7509849302230345,4.930323181152343,4.315459220640121,4.945670166015625
2026-02-17 15:08:57.453000+00:00,the wheel put on. He started slowly rolling towards Candyland. Pooh had a dream and nothing was going to stop.,"was too weird to make new friends. This dampened his spirits, but he still had a dream to achieve. He crawled under the carriage and got",INnauEosv25woOCrBRDi,E7C7ALV5V8JS,EHER4RTKKQUF,10,human-human,10,author_2,136.0,111.0,108.0,108.0,26.0,0.972972972972973,0.027027027027027,0.0,1.0,0.0,8.0,False,,109.0,90.0,88.0,88.0,20.0,0.9777777777777776,0.0222222222222222,0.0,1.0,0.0,9.0,False,,False,,"was too weird to make new friends. This dampened his spirits, but he still had a dream to achieve. He crawled under the carriage and got",0,the wheel put on. He started slowly rolling towards Candyland. Pooh had a dream and nothing was going to stop,1,False,human,human,author_2,human,True,10.0,-2.178622131347657,-2.0999545393318964,4.930323181152343,3.7433913658405173,123.2580795288086,108.558349609375,-0.08920393318965525,,3.7433913658405173,,3.8325952990301726,
2026-02-17 14:38:38.030000+00:00,"Once upon a time there was a crazy cool dude named Carl. Carl was the best at everything he did, a true champion of the people. One","time, Carl decided he wanted to engage in a new hobby. A hobby that would change rhythm of his day. And even - of his life!",JFI8cNwhGfRT2Jd6JUd0,EAVQWQV1V4SF,2WEUQLV1KQUW,1,human-human,1,author_1,131.0,105.0,102.0,102.0,27.0,0.9714285714285714,0.0285714285714285,0.0,1.0,0.0,10.0,False,,122.0,97.0,92.0,92.0,25.0,0.9484536082474226,0.0515463917525773,0.0,1.0,0.0,7.0,False,,False,,"Once upon a time there was a crazy cool dude named Carl. Carl was the best at everything he did, a true champion of the people. One",0,"time, Carl decided he wanted to engage in a new hobby. A hobby that would change rythm of his day. And even - of his life!",1,False,human,human,author_1,human,True,,0.0,-0.9161132812500004,3.9164794921875,5.14404296875,117.494384765625,154.3212890625,-0.9161132812500004,-0.48352748325892936,5.14404296875,4.104460797991071,6.06015625,4.58798828125
2026-02-17 14:41:41.540000+00:00,"""Wow, he thought, I'm going to be the greatest speed-knitter this world has ever seen,"" and on he went, knitting crazy pieces of art in","his free time. He went on to pursue this new hobby of his for a job. But for that to be realistic to any degree, he had to get started. For step one, he made extensive",JFI8cNwhGfRT2Jd6JUd0,EAVQWQV1V4SF,2WEUQLV1KQUW,2,human-human,2,author_1,135.0,111.0,103.0,103.0,27.0,0.927927927927928,0.072072072072072,0.0,0.9629629629629628,0.0,8.0,False,,168.0,133.0,128.0,128.0,36.0,0.962406015037594,0.037593984962406,0.0,1.0,0.0,9.0,False,,False,,"""Wow, he thought, I'm going to be the greatest speed-knitter this world has ever seen"", and on he went, knitting crazy pieces of art in",2,"his free time. He went on to pursue this new hobby of his for a job. But for that to be realistic to any degree, he had to get starting. For step one, he made extensive",3,False,human,human,author_1,human,True,1.0,-0.7264543805803578,-1.073935904153963,4.104460797991071,4.714263171684451,143.6561279296875,193.2847900390625,-0.41456566787347526,-0.7340236354518579,4.714263171684451,3.64630126953125,5.128828839557927,4.380324904983108
2026-02-17 14:44:55.985000+00:00,"preparations. He researched every little detail of the process to optimize his knitting speed. His peers looked at his dedication, and thought ""there's no way I'm gonna",I'm gonna train my fingers and hands for hours every single day! Carl was humble and obviously dedicated. He even offered his peers teaching classes to help.,JFI8cNwhGfRT2Jd6JUd0,EAVQWQV1V4SF,2WEUQLV1KQUW,3,human-human,3,author_1,168.0,142.0,136.0,136.0,29.0,0.9577464788732394,0.0422535211267605,0.0,0.9310344827586208,0.0,12.0,False,,156.0,130.0,127.0,127.0,28.0,0.9769230769230768,0.023076923076923,0.0,0.9642857142857144,0.0,9.0,False,,False,,"preparations. He researched every little detail of the process to optimize his knitting speed. His peers looked at his dedication, and thought ""there's no way I'm gonna",0,I'm gonna train my fingers and hands for hours every single day! Carl was humble and obviously dedicated. He even offered his peers teaching classes to help,1,False,human,human,author_1,human,True,2.0,-1.7553537729624153,-1.674896240234375,3.64630126953125,5.2763519287109375,134.91314697265625,168.84326171875,-0.3493499755859375,-0.20973057900705694,5.2763519287109375,4.036898705267137,5.625701904296875,4.246629284274194
2026-02-17 14:47:47.426000+00:00,", but it didn't matter. He was just on another level. For step two, Carl practiced new knitting techniques involving impossible hand-eye coordination.",coordination analysis. He read numerous research papers on how the mind works with muscles. This elevated his technique by,JFI8cNwhGfRT2Jd6JUd0,EAVQWQV1V4SF,2WEUQLV1KQUW,4,human-human,4,author_1,136.0,115.0,109.0,109.0,23.0,0.9478260869565216,0.0521739130434782,0.0,0.9565217391304348,0.0,10.0,False,,123.0,105.0,103.0,103.0,19.0,0.9809523809523808,0.019047619047619,0.0,1.0,0.0,12.0,False,,False,,", but it didn't matter. He was just on another level. For step two, Carl practiced new knitting techniques involving impossible hand-eye",14,coordination analysis. He read numerous reasearch papers on how the mind works with muscles. This elevated his technique by,1,False,human,human,author_1,human,True,3.0,-2.7696112355878277,-2.2264959161931817,4.036898705267137,5.401700106534091,125.14385986328125,118.83740234375,-0.5010875355113633,-0.22663988385881684,5.401700106534091,3.4737208775111608,5.902787642045454,3.7003607613699776
2026-02-17 14:50:49.796000+00:00,"magnitudes greater than any non-übermensch could understand. However, for the third and final step, Carl realized he had to take it to an even higher level.",All throughout his learning he experimented in different environments. And in nature. He didn't only knit with yarn but began knitting with various things such as,JFI8cNwhGfRT2Jd6JUd0,EAVQWQV1V4SF,2WEUQLV1KQUW,5,human-human,5,author_1,156.0,131.0,126.0,126.0,27.0,0.9618320610687024,0.0381679389312977,0.0,1.0,0.0,10.0,False,,161.0,136.0,133.0,133.0,27.0,0.9779411764705882,0.0220588235294117,0.0,0.9629629629629628,0.0,12.0,False,,False,,"magnitudes greater than any non-übermensch could understand. However, for the third and final step, Carl realized he had to take it to an even higher level.",0,All throughout his learning he experimented in different environment. And in nature. He didn't only knit with yarn but began knitting with various things such as,1,False,human,human,author_1,human,True,4.0,-1.9895812988281252,-0.7981470743815109,3.4737208775111608,5.3753173828125,121.58023071289062,161.259521484375,0.029673767089843928,-0.5092308407738098,5.3753173828125,3.141787574404762,5.345643615722656,3.6510184151785716
2026-02-17 14:53:56.923000+00:00,"lava and stone. Finally, after mastering the last step, Carl was ready. He was going to apply for the job. ""Finally,"" he thought, ""now I can be a contributing member to society.""",He went on to attract attention all around the world. And the one job he had his eyes set on suddenly wasn't the only option. People from various sectors of society wanted a piece of,JFI8cNwhGfRT2Jd6JUd0,EAVQWQV1V4SF,2WEUQLV1KQUW,6,human-human,6,author_1,178.0,147.0,135.0,135.0,32.0,0.9183673469387756,0.0816326530612244,0.0,1.0,0.0,12.0,False,,179.0,146.0,143.0,143.0,35.0,0.9794520547945206,0.0205479452054794,0.0,0.9714285714285714,0.0,9.0,False,,False,,"lava and stone. Finally, after mastering the last step, Carl was ready. He was going to apply for the job. ""Finally"", he thought, ""now I can be a contributing member to society"".",4,He went on to attention all around the world. And the one job he had his eyes pierced to suddenly wasn't the only option. People from various sectors of society wanted a piecec of,17,False,human,human,author_1,human,True,5.0,-1.7624046688988093,-1.3247530032426882,3.141787574404762,3.4221889789287863,131.955078125,133.46537017822266,-0.4883424807817507,-0.20533621651785738,3.4221889789287863,3.1549107142857142,3.910531459710537,3.3602469308035716
2026-02-17 14:56:38.734000+00:00,"Carl. However, then something horrible happened. One day while knitting a lava-sweater, Carl burned his hand quite horribly. So much, in fact, that he could no","longer pursue this hobby of his - even, his newly established meaning of life! He was ripped to pieces and couldn't fathom what to do.",JFI8cNwhGfRT2Jd6JUd0,EAVQWQV1V4SF,2WEUQLV1KQUW,7,human-human,7,author_1,159.0,134.0,126.0,126.0,27.0,0.9402985074626866,0.0597014925373134,0.0,1.0,0.0,9.0,False,,134.0,110.0,105.0,105.0,25.0,0.9545454545454546,0.0454545454545454,0.0,0.96,0.0,11.0,False,,False,,"Carl. However, then something horrible happened. One day while knitting a lava-sweater, Carl burned his hand quite horribly. So much, in fact, that he could no",0,"longer pursue this hobby of his - even, his newly established meaning of life! He was ripped to pieces and couldn't fathom what to do.",0,False,human,human,author_1,human,True,6.0,-2.3121128627232146,-2.8962838490804037,3.1549107142857142,4.346722539265951,110.421875,130.40167617797852,-1.1930683135986326,-0.3917025862068968,4.346722539265951,2.2782761146282327,5.539790852864583,2.6699787008351294
2026-02-17 14:58:36.457000+00:00,Carl became depressed. He lost all will to live. What was he going to do with his life now that his only passion was taken away?,"That was only for him to figure out. After a while sinking further and further down in his bed, he started thinking. Could any kind of prosthetic help or should he find a",JFI8cNwhGfRT2Jd6JUd0,EAVQWQV1V4SF,2WEUQLV1KQUW,8,human-human,8,author_1,127.0,102.0,100.0,100.0,26.0,0.9803921568627452,0.0196078431372549,0.0,1.0,0.0,9.0,False,,170.0,138.0,135.0,135.0,33.0,0.9782608695652174,0.0217391304347826,0.0,1.0,0.0,10.0,False,,False,,Carl became depressed. He lost all will to live. What was he going to do with his life now that his only passion was taken away,1,"That was only for him to figure out. After a while sinking further and further down in his bed, he started thinking. Could any kind of prosthetic help or should he find a",0,False,human,human,author_1,human,True,7.0,-1.9567050276131464,-1.320697360568576,2.2782761146282327,4.384407891167535,66.07000732421875,157.83868408203125,-0.4435882568359375,-0.5421798293654985,4.384407891167535,2.6014181601034627,4.827996148003472,3.143597989468961
2026-02-17 15:00:59.762000+00:00,"new passion of his? ""No,"" he thought ""there's no way I'm going to be this invested in anything else. Knitting is my life!"". So Carl went to","read and pursue every possible relevant person to find a prosthetic. Only to realize, I must be able to continue with one hand.",JFI8cNwhGfRT2Jd6JUd0,EAVQWQV1V4SF,2WEUQLV1KQUW,9,human-human,9,author_1,138.0,112.0,101.0,101.0,29.0,0.9017857142857144,0.0982142857142857,0.0,0.9310344827586208,0.0,8.0,False,,127.0,105.0,102.0,102.0,23.0,0.9714285714285714,0.0285714285714285,0.0,1.0,0.0,10.0,False,,False,,"new passio of his? ""No,"" he thought ""there's no way I'm going to be this invested in anything else. Knitting is my life!"". So Carl went to",1,"read and pursue every possible relevant person to find a prostethic. Only to realize, I must be able to continue with one hand.",2,False,human,human,author_1,human,True,8.0,-3.1865490062816724,-1.7895883413461542,2.6014181601034627,5.6407470703125,96.25247192382812,146.659423828125,-0.5817025991586542,-0.7673990885416666,5.6407470703125,2.5406087239583335,6.222449669471154,3.3080078125
2026-02-17 15:02:57.049000+00:00,"So Carl began practicing with his one remaining hand. Every day he got a little bit faster, but there was a long way to go to reach his",goal. He was getting somewhat closer to his peers and was starting to become happy again. Maybe he didn't need to be the best.,JFI8cNwhGfRT2Jd6JUd0,EAVQWQV1V4SF,2WEUQLV1KQUW,10,human-human,10,author_1,135.0,108.0,106.0,106.0,28.0,0.9814814814814816,0.0185185185185185,0.0,1.0,0.0,10.0,False,,126.0,103.0,99.0,99.0,25.0,0.9611650485436892,0.0388349514563106,0.0,0.96,0.0,8.0,False,,False,,"So Carl began practicing with his one remaining hand. Every day he got a little bit faster, but there was a long way to go to reach his",0,goal. He was getting somewhat closer to his peers and was starting to become happy again. Maybe he didn't need to be the best.,0,False,human,human,author_1,human,True,9.0,-2.0520629882812496,-1.9302368164062496,2.5406087239583335,3.472143765153556,76.21826171875,100.69216918945312,-0.6420677448141165,,3.472143765153556,,4.114211509967673,
2026-02-10 14:33:55.806000+00:00,"a rabbit who lived deep in the woods. They lived in a small town filled with all other sorts of woodland creatures. It was a peaceful place, but tensions lurked not far from the","town. One day, the rabbit went down to the river with his two friends, the timid toad and the little ladybug to wash their clothes. The water",JYZ6dAbVtTCZL8fZXM8s,E4V9CZXEQQLX,XQVF1VZ9W7SE,1,human-human,1,author_1,177.0,144.0,141.0,141.0,34.0,0.9791666666666666,0.0208333333333333,0.0,1.0,0.0,9.0,False,,141.0,115.0,111.0,111.0,27.0,0.9652173913043478,0.0347826086956521,0.0,1.0,0.0,7.0,False,,False,,"a rabbit who lived deep in the woods. They lived in a small town filled with all other sorts of woodland creatures. It was a peaceful place, but tensions lurked not far from the",0,"town. One day, the rabbit went down to the river with his two friends, the timid toad and the little ladybug to wash their clothes. The water",0,False,human,human,author_1,human,True,,0.0,-1.10894775390625,4.4733019377055925,3.9769287109375,169.9854736328125,127.26171875,-1.10894775390625,-1.4172526041666664,3.9769287109375,4.121940104166667,5.08587646484375,5.539192708333333
2026-02-10 14:38:46.487000+00:00,was cool and clear. The friends were delighted to clean together in the spring breeze. They were nearly finished when they noticed a strange object floating towards.,"them. It was brown and rounded and looked like an egg, the rabbit thought. ""Oh, it is a basket!"" The ladybug flew closer to it.",JYZ6dAbVtTCZL8fZXM8s,E4V9CZXEQQLX,XQVF1VZ9W7SE,2,human-human,2,author_1,164.0,138.0,136.0,136.0,27.0,0.9855072463768116,0.0144927536231884,0.0,1.0,0.0,9.0,False,,126.0,102.0,95.0,95.0,25.0,0.931372549019608,0.0686274509803921,0.0,1.0,0.0,7.0,False,,False,,was cool and clear. The friends were delighted to clean together in the spring breeze. They were nearly finished when they noticed a strange object floating towards,1,"them. It was brown and rounded and looked like an egg, the rabbit thought. ""Oh, it is a basket!"" The ladybug flew closer to it",1,False,human,human,author_1,human,True,1.0,-2.284049479166667,-2.3823686079545454,4.121940104166667,3.457711884469697,123.658203125,114.1044921875,-1.402240175189394,-0.24497767857142883,3.457711884469697,3.506082589285714,4.859952059659091,3.751060267857143
2026-02-10 14:43:54.195000+00:00,"and discovered that it was a pill bug, rolled up tight. The ladybug told their friends that they had to save the poor creature. The rabbit and frog jumped into the","river and swam quickly towards them, but the river that was once calm now seemed angered. Splashing, they fought to get closer to the basket, and the poor pill bug, as",JYZ6dAbVtTCZL8fZXM8s,E4V9CZXEQQLX,XQVF1VZ9W7SE,3,human-human,3,author_1,161.0,132.0,129.0,129.0,30.0,0.9772727272727272,0.0227272727272727,0.0,1.0,0.0,10.0,False,,165.0,135.0,130.0,130.0,31.0,0.9629629629629628,0.037037037037037,0.0,1.0,0.0,9.0,False,,False,,"and discovered that it was pill bug, rolled up tight. The ladybug told their friends that they had to save the poor creature. The rabbit and frog jumped into the",2,"river and swam quickly towards them, but the river that was once calm now seem angered. Splashing, they fought to get closer to the basket, and the poor pill bug, as",2,False,human,human,author_1,human,True,2.0,-2.0846540178571433,-2.287505278716216,3.506082589285714,4.104175464527027,122.712890625,151.8544921875,-1.0706292229729728,-0.2694091796875,4.104175464527027,3.2494474712171053,5.1748046875,3.5188566509046053
2026-02-10 14:48:52.377000+00:00,"they too were pulled into the river. Even the toad could not swim in the violent water. The ladybug tried to help them from above, but could only watch helplessly as their friends were","pushed from side to side by the current. They barely avoided hitting the stones in the water, and the basket was still far away. ""Look,"" the rabbit shouted using his big",JYZ6dAbVtTCZL8fZXM8s,E4V9CZXEQQLX,XQVF1VZ9W7SE,4,human-human,4,author_1,184.0,151.0,148.0,148.0,34.0,0.9801324503311258,0.0198675496688741,0.0,1.0,0.0,10.0,False,,169.0,139.0,133.0,133.0,31.0,0.9568345323741008,0.0431654676258992,0.0,1.0,0.0,7.0,False,,False,,"they too were pulled into the river. Even the toad could not swim in the violent water. The ladybug tried to help them from above, but could only watch helplessly as their friends were",0,"pushed from side to side by the current. They barely avoided hitting the stones in the water, and the basket was still far away. ""Look,"" the rabbit shouted using his big",0,False,human,human,author_1,human,True,3.0,-2.1034513774671053,-1.9337158203124996,3.2494474712171053,3.6907035209037162,123.47900390625,136.5560302734375,-0.31770778346706097,-1.3514404296875,3.6907035209037162,3.187774658203125,4.008411304370777,4.539215087890625
2026-02-10 14:54:16.512000+00:00,"ears, pointed towards a large tree with long roots spread out into the water, ""We can try to stop there!"" ""What about the basket?"" said the toad, ""Should I try and reach","it?"" The rabbit tried to say something, but the river was too loud. But then the water seemed to shift and instead of fighting them, it helped them in the",JYZ6dAbVtTCZL8fZXM8s,E4V9CZXEQQLX,XQVF1VZ9W7SE,5,human-human,5,author_1,169.0,138.0,128.0,128.0,32.0,0.927536231884058,0.072463768115942,0.0,1.0,0.0,7.0,False,,154.0,125.0,120.0,120.0,30.0,0.96,0.04,0.0,1.0,0.0,9.0,False,,False,,"ears, pointed towards a large tree with long roots spread out into the water, ""We can try to stop there!"" ""What about the basket?"" said the toad, ""Should I try and reach",0,"it?"" The rabbit tried to say something, but the river was too loud. But then the water seemed to shift and instead of fighting them, it helped them in the",0,False,human,human,author_1,human,True,4.0,-3.0938659667968746,-2.6651503619025734,3.187774658203125,2.74493408203125,127.510986328125,93.3277587890625,-0.9459479836856617,-0.6404850657393291,2.74493408203125,2.389014267339939,3.6908820657169117,3.029499333079268
2026-02-10 14:59:27.270000+00:00,direction of the basket. The toad was able to grab onto it and the rabbit was able to hold onto the toad's collar. The rabbit grabbed onto the tree root and pulled all of them onto the,"shore, where they lay for a moment catching their breath. The ladybug looked into the basket and found the pill bug deep in sleep, unaware of the dangers",JYZ6dAbVtTCZL8fZXM8s,E4V9CZXEQQLX,XQVF1VZ9W7SE,6,human-human,6,author_1,184.0,148.0,145.0,145.0,38.0,0.9797297297297296,0.0202702702702702,0.0,0.9736842105263158,0.0,9.0,False,,154.0,127.0,124.0,124.0,28.0,0.9763779527559056,0.0236220472440944,0.0,1.0,0.0,8.0,False,,False,,direction of the basket. The toad was able to grab onto it and the rabbit was able to hold onto the toad's collar. The rabbit grabbed onto the tree root and pulled all of them onto the,0,"shore, where they lied for a moment catching their breath. The ladybug looked into the basket and found the pill bug deep in sleep, unaware of the dangers",3,False,human,human,author_1,human,True,5.0,-2.644407691025153,-3.5141334533691406,2.389014267339939,2.3952903747558594,97.9495849609375,76.6492919921875,-0.5262260437011719,-0.6568167550223212,2.3952903747558594,2.7846592494419644,2.9215164184570312,3.4414760044642856
2026-02-10 15:02:28.112000+00:00,"that they had been through. Everyone was relieved to be out of the water, but soon realized another problem: they had no idea where they","were! The furious river had brought them far away from their laundry. ""What are we gonna do?"" asked the rabbit and looked at the river, now",JYZ6dAbVtTCZL8fZXM8s,E4V9CZXEQQLX,,7,human-human,7,author_1,136.0,112.0,109.0,109.0,25.0,0.9732142857142856,0.0267857142857142,0.0,1.0,0.0,8.0,False,,138.0,114.0,108.0,108.0,25.0,0.9473684210526316,0.0526315789473684,0.0,1.0,0.0,7.0,False,,False,,"that they had been through. Everyone was relieved to be out of the water, but soon realized another problem: they had no idea where they",0,"were! The furious river had brought them faraway from their laundry. ""What are we gonna do?"" asked the rabbit and looked at the river, now",1,False,human,human,author_1,human,True,6.0,-1.89837646484375,-2.8673016948084675,2.7846592494419644,3.3700029926915325,77.970458984375,104.4700927734375,-1.0187397618447576,-0.09491984049479196,3.3700029926915325,3.912994384765625,4.38874275453629,4.007914225260417
2026-02-10 15:04:56.400000+00:00,realizing that it was suddenly dark outside. They had never been to this place before and felt strange being away from their,"safe home. ""Mmm, where am I?"" a high-pitched voice asked, and they all looked to the basket, where the pill bug had awoken. They were all relieved.",JYZ6dAbVtTCZL8fZXM8s,E4V9CZXEQQLX,,8,human-human,8,author_1,124.0,103.0,102.0,102.0,22.0,0.9902912621359224,0.0097087378640776,0.0,1.0,0.0,9.0,False,,146.0,119.0,111.0,111.0,28.0,0.9327731092436976,0.0672268907563025,0.0,0.9642857142857144,0.0,8.0,False,,False,,realizing that it was suddenly dark outside. They had never been to this place before and felt strange being away from their,0,"safe home. ""Mmm, where am I?"" a high pitched voice asked, and they all looked to the basket, where the pill bug had awoken. They were all relieved",2,False,human,human,author_1,human,True,7.0,-1.832204182942708,-2.240445846166366,3.912994384765625,2.886150653545673,93.911865234375,112.55987548828125,-0.497442783453526,-1.3375447591145835,2.886150653545673,1.9243478486032197,3.383593436999199,3.261892607717803
2026-02-10 15:07:29.168000+00:00,"to see that it was okay. The pill bug also looked around, confused as to where they ended up. ""Are you all right?"" asked the ladybug.","with a gentle voice. ""Ah yes, I just had a little nap,"" said the pill bug, and the toad couldn't help a giggle. The pill bug crawled out of the basket.",JYZ6dAbVtTCZL8fZXM8s,E4V9CZXEQQLX,,9,human-human,9,author_1,130.0,106.0,100.0,100.0,25.0,0.9433962264150944,0.0566037735849056,0.0,1.0,0.0,8.0,False,,146.0,117.0,110.0,110.0,31.0,0.9401709401709402,0.0598290598290598,0.0,0.967741935483871,0.0,7.0,False,,False,,"to see that it was okay. The pill bug also looked around, confused as to where they ended up. ""Are you alright?"" asked the ladybug",3,"with a gentle voice. ""Ah yes, I just had a little nap"" said the pill bug, and the toad couldn't help a giggle. The pill bug crawled out the basket",5,False,human,human,author_1,human,True,8.0,-3.2320205226089014,-2.3279026031494143,1.9243478486032197,2.697445297241211,63.50347900390625,107.89781188964844,-0.3108547210693362,-0.4953868263646175,2.697445297241211,2.812744090431615,3.008300018310547,3.3081309167962325
2026-02-10 15:10:07.757000+00:00,"and looked around. ""I guess I overslept! Where exactly are we, and who exactly are you all?"" The rabbit and friends introduced themselves, but couldn't answer for where they","were. ""Hmm, that's okay, I think I know this place!"" said the pill bug. ""My friends live close by!"" And just like that, the shore was illuminated by a flock of fireflies floating",JYZ6dAbVtTCZL8fZXM8s,E4V9CZXEQQLX,,10,human-human,10,author_1,173.0,145.0,137.0,137.0,30.0,0.9448275862068966,0.0551724137931034,0.0,0.9666666666666668,0.0,10.0,False,,178.0,146.0,134.0,134.0,34.0,0.9178082191780822,0.0821917808219178,0.0,0.9411764705882352,0.0,11.0,False,,False,,"and looked around. ""I guess I overslept! Where exactly are we, and who exactly are you all?"" The rabbit and friends introduced themselves, but couldn't answer for where they",0,"were. ""Hmm, that's okay, I think I know this place!"" said the pill bug. ""My friends live close by!"" And just like that, the shore was illuminated by a flock of fireflies floating",0,False,human,human,author_1,human,True,9.0,-2.222085199858013,-2.382605658637153,2.812744090431615,2.6550299750434028,106.88427543640137,119.47634887695312,-0.7145772298177082,,2.6550299750434028,,3.369607204861111,
2026-02-26 16:26:30.869000+00:00,"my first heartbreak, three years ago. I'd been more naive back then and unsuspecting of the harsh reality of people in love. It started","of great, as it always does when you're in love. blind to all of the other's faults, and them to yours. The danger is when you get to know someone.",K6nustVFF5ei8GiBLmiZ,ZK863CU72CUW,CMFJ9VL72ZUF,1,human-human,1,author_1,135.0,112.0,108.0,108.0,25.0,0.9642857142857144,0.0357142857142857,0.0,0.96,0.0,12.0,False,,146.0,117.0,111.0,111.0,31.0,0.9487179487179488,0.0512820512820512,0.0,1.0,0.0,7.0,False,,False,,"my first heartbreak, three years ago. I'd been more naive back then and unsuspecting of the harsh reality of people in love. It started",0,"of great, as it always does when you're in love. blind to all of the others faults, and them to yours. The danger is when you get to know someone.",1,False,human,human,author_1,human,True,,0.0,-1.341599684495192,5.734055091594827,3.847324469150641,166.28759765625,150.045654296875,-1.341599684495192,-0.27749720982142856,3.847324469150641,3.3770926339285716,5.188924153645833,3.65458984375
2026-02-26 16:30:33.735000+00:00,"When I first saw Maxim in line at the coffee shop, he'd been ordering a cappuccino. He smiled at the barista, revealing a dimple in his left cheek.","it had been snowing and i immediately envied the small drops of melting snow in his curly hair, the way they gently slid down his cheeks, falling on the lid of the",K6nustVFF5ei8GiBLmiZ,ZK863CU72CUW,CMFJ9VL72ZUF,2,human-human,2,author_1,146.0,119.0,115.0,115.0,29.0,0.9663865546218487,0.0336134453781512,0.0,0.9655172413793104,0.0,10.0,False,,162.0,131.0,129.0,129.0,32.0,0.9847328244274808,0.015267175572519,0.0,1.0,0.0,10.0,False,,False,,"When I first saw Maxim in line at the coffee shop, he'd been ordering a cappuccino. He smiled at the barista, revealing a dimple in his left cheek",1,"it had been snowing and i immidiatly envyed the small drops of melting snow in is curly hair, the way they gently slith down his cheeks, falling on the lid of the",6,False,human,human,author_1,human,True,1.0,-0.8255405970982141,-1.3476283482142861,3.3770926339285716,4.1970284598214285,118.1982421875,146.89599609375,-0.8970005580357148,-0.42234848484848486,4.1970284598214285,3.0081676136363638,5.094029017857143,3.4305160984848486
2026-02-26 16:33:49.049000+00:00,"coffee cup. I stood close to him as he took a seat in the café, while I waited for my drink. That was the first time we met eyes.","It's weird to think back at it, at that time I would've never guessed I would one day be planning how I was going to kill him. But, here we are, that's what heartbreak",K6nustVFF5ei8GiBLmiZ,ZK863CU72CUW,CMFJ9VL72ZUF,3,human-human,3,author_1,129.0,101.0,97.0,97.0,29.0,0.9603960396039604,0.0396039603960396,0.0,1.0,0.0,6.0,False,,166.0,133.0,127.0,127.0,36.0,0.9548872180451128,0.0451127819548872,0.0,0.9722222222222222,0.0,10.0,False,,False,,"coffee cup. I stood close to him as he took a seat in the cafe, while I waited for my drink. That was the first time we met eyes.",1,"It's weird to think back at it, at that time i would've never guessed i would one day be planning how i was going to kill him. But, here we are, thats what heartbreak",4,False,human,human,author_1,human,True,2.0,-1.8399621212121207,-0.8159255981445317,3.0081676136363638,3.3387361006303267,99.26953125,146.90438842773438,-0.332665183327415,-0.22589692615327372,3.3387361006303267,3.36906251453218,3.6714012839577417,3.5949594406854537
2026-02-26 16:37:30.176000+00:00,"I'm not really sure when or even exactly why I decided to kill him. I just became aware of a dull, throbbing pain in my chest that told me I wanted him gone. Not just from","my life, but from the planet. I don't know if it was the realization that he was falling out of love with me. Or maybe the realization that I was getting bored of our",K6nustVFF5ei8GiBLmiZ,ZK863CU72CUW,CMFJ9VL72ZUF,4,human-human,4,author_1,171.0,136.0,132.0,132.0,37.0,0.9705882352941176,0.0294117647058823,0.0,0.972972972972973,0.0,9.0,False,,166.0,133.0,129.0,129.0,35.0,0.9699248120300752,0.0300751879699248,0.0,0.9714285714285714,0.0,11.0,False,,False,,"I'm not really sure when or even exactly why I decided to kill him. I just became aware of a dull, throbbing pain in my chest that told me I wanted him gone. Not just from",0,"my life, but from the planet. I don't know if it was the realization that he was falling out of love with me. Or maybe the realization that I was getting bored of our",0,False,human,human,author_1,human,True,3.0,-0.7567026047479537,-2.386581420898438,3.36906251453218,2.0874903752253604,141.50062561035156,81.41212463378906,-1.832329774514223,-0.8354183065480196,2.0874903752253604,2.8158107626027076,3.9198201497395835,3.651229069150727
2026-02-26 16:40:50.599000+00:00,relationship. It didn't matter. The calendar hanging on my wall had a specific day circled in red ink. February 26th.,"He'd asked about the red circle, and I had told him I had something special planned. Some of you may consider that a lie, but come on. What could be",K6nustVFF5ei8GiBLmiZ,ZK863CU72CUW,CMFJ9VL72ZUF,5,human-human,5,author_1,117.0,98.0,91.0,91.0,21.0,0.9285714285714286,0.0510204081632653,0.0,0.9047619047619048,0.0,12.0,False,,148.0,119.0,114.0,114.0,31.0,0.957983193277311,0.042016806722689,0.0,0.967741935483871,0.0,9.0,False,,False,,relationship. It didn't matter. The calendar hanging on my wall had a specific day circled in red ink. February 26th.,0,"He'd asked about the red circle, and i had told him i had something special planned. Some of you may consider that a lie, but come on. What could be",2,False,human,human,author_1,human,True,4.0,-2.054762873156317,-1.6129150390625,2.8158107626027076,3.3169623480902777,81.65851211547852,119.41064453125,-0.8107876247829866,-0.7407075130578242,3.3169623480902777,2.6641889629941997,4.127749972873264,3.404896476052024
2026-02-26 16:45:04.904000+00:00,"more special than the day I decided to become a murderer? Murderer isn't even the right word. I'm more of a hopeless romantic, if you","really look at it, so are all the big romantic people of history. I would die for you. I would kill for you. And in this case, I will kill you. It's a",K6nustVFF5ei8GiBLmiZ,ZK863CU72CUW,CMFJ9VL72ZUF,6,human-human,6,author_1,133.0,109.0,104.0,104.0,27.0,0.9541284403669724,0.0458715596330275,0.0,0.925925925925926,0.0,8.0,False,,150.0,118.0,111.0,111.0,34.0,0.940677966101695,0.059322033898305,0.0,0.9705882352941176,0.0,8.0,False,,False,,"more special than the day I decided to become a murderer? Murderer isn't even the right word. I'm more of a hopeless romantic, if you",0,"really look at it, so are all the big romantic people of history. I would die for you. I would kill for you. And in this case, I will kill you. It's a",0,False,human,human,author_1,human,True,5.0,-2.030893268007221,-1.3736914657964938,2.6641889629941997,3.3144828982469514,87.9182357788086,135.893798828125,-0.6349636170922253,-0.5731044496808737,3.3144828982469514,4.114548138209751,3.9494465153391767,4.687652587890625
2026-02-26 16:48:18.963000+00:00,"really romantic trope, actually. I had the murder all planned out. It would be after our belated Valentine's dinner, after we finished","Eating at the same fucking restaurant he always picks, we were on to my part of the date. Always this shit, he planned the dinner, a rotation of three god-awful tacky",K6nustVFF5ei8GiBLmiZ,ZK863CU72CUW,CMFJ9VL72ZUF,7,human-human,7,author_1,134.0,113.0,108.0,108.0,23.0,0.9557522123893806,0.0442477876106194,0.0,0.9565217391304348,0.0,9.0,False,,166.0,136.0,131.0,131.0,32.0,0.9632352941176472,0.0367647058823529,0.0,1.0,0.0,10.0,False,,False,,"really romantic trope, actually. I had the murder all planned out. It would be after our belated Valentine's dinner, after we finished",0,"Eating at the same fucking restaurant he always picks, we were on to my part of the date. Always this shit, he planned the dinner, a rotation of three god-awful tacky",0,False,human,human,author_1,human,True,6.0,-2.442259243556432,-0.9034777189555916,4.114548138209751,5.7017565275493425,115.20734786987305,216.666748046875,-0.34278628700657876,-0.4493528512807998,5.7017565275493425,4.442799201378455,6.044542814555921,4.892152052659255
2026-02-26 16:51:09.209000+00:00,restaurants that weren't too expensive for his budget. He ordered dessert—the lava cake. He didn't mention whether it,"tasted good anymore, he had said it every time we were here over the years, and noticed how I rolled my eyes when he exclaimed 'delicious' for the hundredth time. But I",K6nustVFF5ei8GiBLmiZ,ZK863CU72CUW,CMFJ9VL72ZUF,8,human-human,8,author_1,117.0,100.0,95.0,95.0,21.0,0.95,0.05,0.0,0.9047619047619048,0.0,11.0,False,,168.0,137.0,132.0,132.0,32.0,0.9635036496350364,0.0364963503649635,0.0,1.0,0.0,9.0,False,,False,,restaurants that weren't too expensive for his budget. He ordered dessert—the lava cake. He didn't mention whether it,0,"tasted good anymore, he had said it every time we were here over the years, and noticed how i rolled my eyes when he exclaimed 'delicious' for the hundredth time. But i",2,False,human,human,author_1,human,True,7.0,-1.3695141718937807,-1.6045485276442308,4.442799201378455,3.7735501802884617,115.51277923583984,147.16845703125,-1.015551444811699,-0.33184079770688646,3.7735501802884617,2.8871962935836226,4.789101625100161,3.219037091290509
2026-02-26 16:53:19.127000+00:00,knew that there was something different in this lava cake. This was the first step in my plan. The poison wouldn't kill,him immediately. I didn't want to make a big scene at the restaurant. Just needed him to be far enough gone that he wouldn't wake up in the car and realize we were,K6nustVFF5ei8GiBLmiZ,ZK863CU72CUW,CMFJ9VL72ZUF,9,human-human,9,author_1,119.0,98.0,95.0,95.0,23.0,0.9693877551020408,0.0306122448979591,0.0,0.9565217391304348,0.0,9.0,False,,163.0,131.0,127.0,127.0,35.0,0.9694656488549618,0.0305343511450381,0.0,0.9428571428571428,0.0,11.0,False,,False,,knew that there was something different in this lava cake. This was the first step in my plan. The poison wouldn't kill,0,him immidiately. I didn't want to make a big scene at the restaurant. Just needed him to be far enough gone that he wouldn't wake up in the car and realize we were,1,False,human,human,author_1,human,True,8.0,-2.7535366482204866,-1.7418275490785255,2.8871962935836226,2.897907941769331,77.95429992675781,113.0184097290039,-0.7165757203713441,-1.9712785993303572,2.897907941769331,3.418613978794643,3.614483662140675,5.389892578125
2026-02-26 16:55:52.685000+00:00,"driving into the woods, far off the usual road home. He lay quiet in the back seat for a long time. My palms started to","sweat a little. I was confident it would work. Cause I knew the cops dug up a body in the woods just a few days ago. A fresh grave, where no one would look. The body",K6nustVFF5ei8GiBLmiZ,ZK863CU72CUW,CMFJ9VL72ZUF,10,human-human,10,author_1,119.0,95.0,92.0,92.0,25.0,0.968421052631579,0.031578947368421,0.0,1.0,0.0,7.0,False,,165.0,130.0,125.0,125.0,36.0,0.9615384615384616,0.0384615384615384,0.0,1.0,0.0,9.0,False,,False,,"driving into the woods, far off the usual road home. He lay quiet in the back seat for a long time. My palms started to",0,"sweat a little. I was confident it would work. Cause i knew the cops dug up a body in the woods just a few days ago. A fresh grave, where no one would look. The body",1,False,human,human,author_1,human,True,9.0,-2.609810965401786,-1.2048897516159784,3.418613978794643,3.962520962669736,95.72119140625,166.4258804321289,-0.8000813438778827,,3.962520962669736,,4.762602306547619,
2026-02-10 14:34:41.862000+00:00,"the distance he would need to travel to get to another world. First, he had to find something to measure with. A ruler would probably","a young boy living in a small town on a small island, who thought the world was too small for him. So, one day, he decided to actually measure",NSZE9lXnuxIl0ZT4gRoy,ZEKT3ZZTQQUX,MGHXCZPEWMJX,1,human-human,1,author_2,142.0,114.0,110.0,110.0,29.0,0.9649122807017544,0.0350877192982456,0.0,1.0,0.0,8.0,False,,133.0,109.0,106.0,106.0,25.0,0.9724770642201837,0.0275229357798165,0.0,1.0,0.0,9.0,False,,False,,"a young boy living in a small town in a small island, who thought the world was too small for him. So, one day, he decided to actually measure",1,"the distance he would need to travel to get to another world. First, he had to find something to measure with. A ruler would probably",0,False,human,human,author_2,human,True,1.0,0.0,-0.4077888257575757,4.899239676339286,3.834457859848485,137.1787109375,126.537109375,-0.4077888257575757,-0.441131591796875,3.834457859848485,4.306640625,4.2422466856060606,4.747772216796875
2026-02-10 14:39:45.224000+00:00,"of his world, another plane of existence opened before his eyes. It was like a land from some legend, and he didn't know","not work. So he simply decided to use a rope, and tie knots, and count steps, and scribble numbers and drawings in a notebook. When he got to the end",NSZE9lXnuxIl0ZT4gRoy,ZEKT3ZZTQQUX,MGHXCZPEWMJX,2,human-human,2,author_2,149.0,120.0,115.0,115.0,30.0,0.9583333333333334,0.0416666666666666,0.0,1.0,0.0,8.0,False,,120.0,98.0,94.0,94.0,24.0,0.9591836734693876,0.0408163265306122,0.0,0.9583333333333334,0.0,9.0,False,,False,,"not work. So he simply decided to use a rope, and tie knots, and count steps, and scribble numbers and drawings in a notebook. When he got to the end",0,"of his world, another plane of existence opened before his eyes. It was like a land from some legend, and he didn't know",0,False,human,human,author_2,human,True,2.0,-0.8745198931012839,-2.0481584821428567,4.306640625,3.7849888392857145,120.5859375,132.474609375,0.10998883928571468,-0.3519734349744068,3.7849888392857145,4.074757543103448,3.675,4.426730978077855
2026-02-10 14:42:51.649000+00:00,"still wasn't satisfied. He decided to get a job as a sailor, as this would surely bring some sense of adventure, without going to","how he got there. As he was a bit scared of the unknown, he decided to go back to his small town on his small island inside of his small world, but he",NSZE9lXnuxIl0ZT4gRoy,ZEKT3ZZTQQUX,MGHXCZPEWMJX,3,human-human,3,author_2,150.0,118.0,115.0,115.0,33.0,0.9745762711864406,0.0254237288135593,0.0,1.0,0.0,7.0,False,,129.0,106.0,102.0,102.0,25.0,0.9622641509433962,0.0377358490566037,0.0,0.96,0.0,9.0,False,,False,,"how he got there. As he was a bit scared of the unknown, he decided to go back to his small town in his small island inside of his small world, but he",1,"still wasn't satisfied. He decided to get a job as a sailor, as this would surely bring some sense of adventure, without going to",0,False,human,human,author_2,human,True,3.0,-1.4317883458630787,-2.2624511718749996,4.074757543103448,2.644558376736111,118.16796875,95.2041015625,-0.07271321614583348,-0.11105468750000025,2.644558376736111,4.8915234375,2.7172715928819446,5.002578125
2026-02-10 14:46:58.848000+00:00,"more challenging, but also much more fun! He soon found a group of nine friends on the ocean to sail with. These","his old life. The new life allowed him to become a bigger person, not metaphorically, but also literally. He noticed he had grown a lot! This new world was much",NSZE9lXnuxIl0ZT4gRoy,ZEKT3ZZTQQUX,MGHXCZPEWMJX,4,human-human,4,author_2,160.0,131.0,126.0,126.0,30.0,0.9618320610687024,0.0381679389312977,0.0,1.0,0.0,14.0,False,,112.0,91.0,88.0,88.0,22.0,0.967032967032967,0.0329670329670329,0.0,1.0,0.0,11.0,False,,False,,"his old life. The new life allowed him to become a bigger person, not metaphorically, but also literally. He noticed he had grown a lot! This new world was much",0,"more challenging, but also much more fun! He soon found a group of nine friends on the ocean to sail with. These",0,False,human,human,author_2,human,True,4.0,-0.8941796875000003,-0.9206932915581598,4.8915234375,4.082867092556423,122.2880859375,146.98321533203125,0.18141089545355849,-0.33355923356681005,4.082867092556423,3.6815269733297415,3.9014561971028647,4.015086206896552
2026-02-10 14:50:25.782000+00:00,"they set sail for a magical land, filled with all sorts of people. Here, they met a king and a princess who were in trouble.","friends were actually all from different worlds. They shared stories about their old lives and the boy realized there were infinite worlds to explore. Together,",NSZE9lXnuxIl0ZT4gRoy,ZEKT3ZZTQQUX,MGHXCZPEWMJX,5,human-human,5,author_2,160.0,136.0,133.0,133.0,25.0,0.9779411764705882,0.0220588235294117,0.0,1.0,0.0,9.0,False,,124.0,100.0,96.0,96.0,25.0,0.96,0.04,0.0,1.0,0.0,8.0,False,,False,,"friends were actually all from different worlds. They shared stories about their old lives and the boy realized there were infinite worlds to explore. Together,",0,"they set sail for a magical land, filled with all sorts of people. Here, they met a king and a princess who were in trouble.",0,False,human,human,author_2,human,True,5.0,-1.2128527411099133,-2.2472098214285716,3.6815269733297415,3.5709402901785716,106.7642822265625,99.986328125,0.10791015625,-0.24405860900878906,3.5709402901785716,4.172786712646484,3.4630301339285716,4.416845321655273
2026-02-10 14:55:25.248000+00:00,", leaving the crew behind, to try to help with their wizard problem. It turned out to be no easy task, however, as the wizard was cunning.","An evil wizard was trying to become prince and take the throne away from its king and its heir, the princess. So, one of them decided he would stay in that world.",NSZE9lXnuxIl0ZT4gRoy,ZEKT3ZZTQQUX,MGHXCZPEWMJX,6,human-human,6,author_2,161.0,130.0,127.0,127.0,32.0,0.9769230769230768,0.023076923076923,0.0,1.0,0.0,8.0,False,,137.0,112.0,106.0,106.0,26.0,0.9464285714285714,0.0535714285714285,0.0,1.0,0.0,7.0,False,,False,,"An evil wizard was trying to become prince and take the throne away from its king and its heir, the princess. So, one of them decided he would stay in that world",1,", leaving the crew behind, to try to help with their wizard-problem. It turned out to be no easy task, however, as the wizard was cunning",2,False,human,human,author_2,human,True,6.0,-1.2307167053222656,-1.663320753309462,4.172786712646484,3.7568181355794272,133.5291748046875,135.24545288085938,-0.18361579047309018,-0.16776820591517883,3.7568181355794272,4.451956612723214,3.9404339260525174,4.619724818638393
2026-02-10 14:58:53.748000+00:00,"an evil robot was terrorizing every major city. They all needed to train hard to defeat this threat, and not everyone made it out of",", they couldn't leave him alone. So they made sure they solved the problem before they parted for the next world, where",NSZE9lXnuxIl0ZT4gRoy,ZEKT3ZZTQQUX,MGHXCZPEWMJX,7,human-human,7,author_2,119.0,98.0,94.0,94.0,22.0,0.9591836734693876,0.0408163265306122,0.0,0.9545454545454546,0.0,7.0,False,,132.0,108.0,106.0,106.0,25.0,0.9814814814814816,0.0185185185185185,0.0,1.0,0.0,11.0,False,,False,,", they couldn't leave him alone. So they made sure they solved the problem before they parted for the next world, where",0,"an evil robot was terrorizing every major city. They all needed to train hard to defeat this threat, and not everyone made it out of",0,False,human,human,author_2,human,True,7.0,-1.3855503627232144,-2.070508810190054,4.451956612723214,3.852691650390625,124.65478515625,100.16998291015625,-0.3398642906775837,-0.107421875,3.852691650390625,5.517874053030303,4.192555941068209,5.625295928030303
2026-02-10 15:02:23.506000+00:00,"another destiny waiting. So, four of the crewmembers sailed onwards, while the rest stayed back as robot servants. The others found a great treasure on an island made","the robot world. Sadly, some of the crew became part of the robot's servants. But they had to continue their own path, as their friends would have.",NSZE9lXnuxIl0ZT4gRoy,,MGHXCZPEWMJX,8,human-human,8,author_2,146.0,120.0,115.0,115.0,28.0,0.9583333333333334,0.0416666666666666,0.0,0.9642857142857144,0.0,8.0,False,,166.0,139.0,135.0,135.0,28.0,0.9712230215827338,0.0287769784172661,0.0,1.0,0.0,11.0,False,,False,,"the robot world. Sadly, some of the crew became part of the robot's servants. But they had to continue their own path, as their friends would have",1,"another destiny waiting. So, four of the crewmembers sailed onwards, while the rest stayed back as robot servants. The others found a great treasure on an island made",0,False,human,human,author_2,human,True,8.0,-1.643229166666667,-2.2019267362706803,5.517874053030303,3.797272626091452,182.08984375,129.10726928710938,-0.14136370490579075,-0.4501248873197121,3.797272626091452,3.9797206780849357,3.9386363309972428,4.429845565404648
2026-02-10 15:05:22.581000+00:00,"to just look through, as the maze was, of course, also made out of glass. That way, they easily found their way to the center, where they found a giant egg from some","out of glass. There, they encountered a maze that they had to get out of. But it seemed impossible, they decided",NSZE9lXnuxIl0ZT4gRoy,,MGHXCZPEWMJX,9,human-human,9,author_2,112.0,92.0,88.0,88.0,21.0,0.9565217391304348,0.0434782608695652,0.0,1.0,0.0,11.0,False,,165.0,133.0,127.0,127.0,33.0,0.9548872180451128,0.0451127819548872,0.0,1.0,0.0,7.0,False,,False,,"out of glass. There, they encountered a maze that they had to get out of. But it seemed impossible, they decided",0,"to just look through, as the maze was, of course, also made out of glass. That way, they easily found their way to the center, where they found a giant egg from some",0,False,human,human,author_2,human,True,9.0,-1.5645751953125004,-2.733212890625,3.9797206780849357,3.087958984375,155.2091064453125,77.198974609375,-0.4502832031249997,-0.2915681537828947,3.087958984375,3.4139468544407894,3.5382421875,3.705515008223684
2026-02-10 15:07:31.754000+00:00,"the they all sailed back to help the rest of the crew, and saved them from the robot world. The egg turned out to be from a giant golden chicken, and it helped them.","giant hen. It was golden, it was bright, and they decided to take it home with them, even if it was too heavy. They managed to take it into their ship, and",NSZE9lXnuxIl0ZT4gRoy,,MGHXCZPEWMJX,10,human-human,10,author_2,155.0,124.0,118.0,118.0,32.0,0.9516129032258064,0.0483870967741935,0.0,1.0,0.0,7.0,False,,164.0,131.0,128.0,128.0,34.0,0.9770992366412212,0.0229007633587786,0.0,1.0,0.0,7.0,False,,False,,"giant hen. It was golden, it was bright, and they decided to take it home with them, even if if was too heavy. They managed to take it into their ship, and",1,"the they all sailed back to help the rest of the crew, and saved them from the robot world. The egg turned out to be from a giant golden chicken, and it helped them",1,False,human,human,author_2,human,True,10.0,-2.061420641447368,-1.8977243523848681,3.4139468544407894,2.9807193153782894,129.72998046875,113.267333984375,-0.030527215254934514,,2.9807193153782894,,3.011246530633224,
2026-02-02 16:42:51.734000+00:00,"Something weird has happened to his potatoes, and he could quite figure out what. So he took some of his potatoes into",how a potato farmer called Bobby became the president of North Korea. It all started on a rainy day where everything was wet and soggy.,OdyHy12i4PsBZkM4jjdC,PY24CQ3H3LJA,3U2L1L1D1QL9,1,human-human,1,author_2,134.0,110.0,109.0,109.0,25.0,0.990909090909091,0.009090909090909,0.0,1.0,0.0,10.0,False,,118.0,97.0,95.0,95.0,22.0,0.979381443298969,0.0206185567010309,0.0,1.0,0.0,9.0,False,,False,,how a potato farmer called Bobby became the president of North Korea. It all started in a rainy day where everything was wet and soggy,2,"Something weird has happened to his potatoes, and he could quite figure out what. So he took some of his potatoes into",0,False,human,human,author_2,human,True,1.0,0.0,-0.5091869212962967,5.176350911458333,5.553674768518518,124.232421875,149.94921875,-0.5091869212962967,-0.5162406589673916,5.553674768518518,4.1149159307065215,6.062861689814815,4.631156589673913
2026-02-02 16:45:37.511000+00:00,poison. He figured out that he could use this kind of poison for other purposes. For good and for bad.,the laboratory for analysis. What he discovered would forever change the world. The potato DNA was contaminated with,OdyHy12i4PsBZkM4jjdC,PY24CQ3H3LJA,3U2L1L1D1QL9,2,human-human,2,author_2,116.0,99.0,97.0,97.0,18.0,0.9797979797979798,0.0202020202020202,0.0,1.0,0.0,12.0,False,,102.0,83.0,80.0,80.0,20.0,0.963855421686747,0.036144578313253,0.0,1.0,0.0,8.0,False,,False,,the laboratory for analysis. What he discovered would forever change the world. The potato DNA was contaminated with,0,poison. He figured out that he could use this kind of poison for other purposes. For good and for bad.,0,False,human,human,author_2,human,True,2.0,-1.562107252038044,-3.2614990234374996,4.1149159307065215,3.5748291015625,94.64306640625,71.49658203125,0.10170898437500009,0.0810682508680558,3.5748291015625,3.584377712673611,3.4731201171875,3.5033094618055554
2026-02-02 16:47:48.786000+00:00,in to town to sell all the potatoes he had. He made a stand in the middle of the town square and just started selling.,He chose bad. He went then to breed one million billion poison potatoes and loaded them all in his truck. He drove it.,OdyHy12i4PsBZkM4jjdC,PY24CQ3H3LJA,3U2L1L1D1QL9,3,human-human,3,author_2,117.0,95.0,93.0,93.0,23.0,0.9789473684210528,0.0210526315789473,0.0,1.0,0.0,8.0,False,,117.0,93.0,92.0,92.0,25.0,0.989247311827957,0.010752688172043,0.0,1.0,0.0,8.0,False,,False,,He chose bad. He went then to breed one million billion poison potatoes and loaded them all in his truck. He drove it,1,in to town to sell all the potatoes he had. He made a stand in the middle of the town square and just started selling,1,False,human,human,author_2,human,True,3.0,-1.8112024377893516,-2.335787259615384,3.584377712673611,5.201472355769231,96.7781982421875,135.23828125,-0.4405048076923075,0.021314538043478493,5.201472355769231,5.009680706521739,5.641977163461538,4.988366168478261
2026-02-02 16:50:37.541000+00:00,The shady figure got closer and closer and the farmer now saw a big tall man with a long jacket and black.,potatoes. In the corner of his eye he noticed a shady figure wandering the market stalls with dubious intent.,OdyHy12i4PsBZkM4jjdC,PY24CQ3H3LJA,3U2L1L1D1QL9,4,human-human,4,author_2,109.0,91.0,89.0,89.0,19.0,0.978021978021978,0.0219780219780219,0.0,1.0,0.0,9.0,False,,105.0,84.0,84.0,84.0,22.0,1.0,0.0,0.0,1.0,0.0,6.0,False,,False,,potatoes. In the corner of his eye he noticed a shady figure wondering the market stalls with dubious intent.,1,The shady figure got closer and closer and the farmer now saw a big tall man with a long jacket and black,1,False,human,human,author_2,human,True,4.0,-1.3067255434782608,-2.3166614879261362,5.009680706521739,3.8867298473011362,115.22265625,85.508056640625,-0.6742997602982954,-0.07517722800925908,3.8867298473011362,3.0656647858796298,4.561029607599432,3.140842013888889
2026-02-02 16:53:56.080000+00:00,"all the potatoes. He just kept on eating and eating and eating, until he fell to the floor. He then woke up later.","boots. The figure was closing in towards Bobby. Alarmed, he grabbed all of his potatoes and started to eat.",OdyHy12i4PsBZkM4jjdC,PY24CQ3H3LJA,3U2L1L1D1QL9,5,human-human,5,author_2,106.0,88.0,85.0,85.0,19.0,0.9659090909090908,0.034090909090909,0.0,1.0,0.0,8.0,False,,113.0,91.0,88.0,88.0,23.0,0.967032967032967,0.0329670329670329,0.0,1.0,0.0,8.0,False,,False,,"boots. The figure was closing in towards Bobby. Alarmed, he grabbed all of his potatoes and started to eat",1,"all the potatoes. He just kept on eating and eating and eating, until he fell to the floor. He then woke up later",1,False,human,human,author_2,human,True,5.0,-1.7815936053240735,-3.3636474609375004,3.0656647858796298,3.8913981119791665,82.77294921875,93.3935546875,-0.3114420572916665,0.23989470108695699,3.8913981119791665,5.211956521739131,4.202840169270833,4.972061820652174
2026-02-02 16:56:28.571000+00:00,had a quite larger head. Everything was larger. The people in the town square all looked at them as they had,transformed. He was no longer the small puny potato farmer he used to be. He was now all purple and huge and,OdyHy12i4PsBZkM4jjdC,PY24CQ3H3LJA,3U2L1L1D1QL9,6,human-human,6,author_2,108.0,87.0,85.0,85.0,22.0,0.9770114942528736,0.0229885057471264,0.0,1.0,0.0,11.0,False,,108.0,88.0,86.0,86.0,21.0,0.9772727272727272,0.0227272727272727,0.0,1.0,0.0,10.0,False,,False,,transformed. He was no longer the small puny potato farmer he used to be. He was now all purple and huge and,0,had a quite larger head. Everything was larger. The people in the town square all looked at them as they had,0,False,human,human,author_2,human,True,6.0,-1.5906929347826084,-2.5718872070312497,5.211956521739131,3.29158935546875,119.875,82.28973388671875,-0.04945922851562479,-0.18009440104166696,3.29158935546875,4.533284505208333,3.341048583984375,4.71337890625
2026-02-02 16:58:38.453000+00:00,"everybody. People got hurt, but none of them died. They just wounded and even more scared. Bobby then started",no idea what was happening. Monster Bobby then opened wide his arms and started shooting potatoes out of his eyes at,OdyHy12i4PsBZkM4jjdC,PY24CQ3H3LJA,3U2L1L1D1QL9,7,human-human,7,author_2,116.0,96.0,95.0,95.0,21.0,0.9895833333333334,0.0104166666666666,0.0,1.0,0.0,9.0,False,,109.0,91.0,87.0,87.0,19.0,0.956043956043956,0.0439560439560439,0.0,1.0,0.0,9.0,False,,False,,no idea what was happening. Monster Bobby then opened wide his arms and started shooting potatoes out of his eyes at,0,"everybody. People got hurt, but none of them died. They just wounded and even more scared. Bobby then started",0,False,human,human,author_2,human,True,7.0,-2.222412109375,-3.147993607954546,4.533284505208333,4.228693181818182,108.798828125,93.03125,-0.2995383522727275,0.07699819711538458,4.228693181818182,3.3422475961538463,4.528231534090909,3.2652493990384617
2026-02-02 17:00:56.038000+00:00,a long long way into the woods. He thought about what he had done and how wrong it was. But he also thought that,to cry. He felt guilty for destroying the whole village and injuring so many innocent bystanders. He ran away.,OdyHy12i4PsBZkM4jjdC,PY24CQ3H3LJA,3U2L1L1D1QL9,8,human-human,8,author_2,109.0,91.0,89.0,89.0,19.0,0.978021978021978,0.0219780219780219,0.0,1.0,0.0,10.0,False,,112.0,89.0,87.0,87.0,24.0,0.9775280898876404,0.0224719101123595,0.0,1.0,0.0,7.0,False,,False,,to cry. He felt guilty for destroying the whole village and injuring so many innocent bystanders. He ran away,1,a long long way into the woods. He thought about what he had done and how wrong it was. But he also thought that,0,False,human,human,author_2,human,True,8.0,-1.429462139423077,-3.1522410999644888,3.3422475961538463,3.3288990367542612,86.8984375,73.23577880859375,-0.13877729936079541,-0.28925781250000027,3.3288990367542612,3.7757421875,3.4676763361150567,4.065
2026-02-02 17:03:10.706000+00:00,make up for it all. He got back to his farm and started examining the original potato again to see what this was.,he would be absolved of his sins if he could destroy the weapon of destruction. The original poisoned potato. To,OdyHy12i4PsBZkM4jjdC,PY24CQ3H3LJA,3U2L1L1D1QL9,9,human-human,9,author_2,112.0,93.0,91.0,91.0,20.0,0.978494623655914,0.021505376344086,0.0,1.0,0.0,11.0,False,,112.0,90.0,89.0,89.0,23.0,0.9888888888888888,0.0111111111111111,0.0,1.0,0.0,9.0,False,,False,,he would be absolved of his sins if he could destroy the weapon of destruction. The original poisoned potato. To,0,make up for it all. He got back to his farm and started examining the original potato again to see what this was,1,False,human,human,author_2,human,True,9.0,-2.8797265624999997,-3.2292732570482334,3.7757421875,3.891098685886549,94.3935546875,89.49526977539062,-0.34782741380774507,0.43603149414062514,3.891098685886549,3.948297119140625,4.238926099694294,3.512265625
2026-02-02 17:04:56.332000+00:00,to say sorry to all the people that he had hurt in town. He gave them free unpoisoned potatoes and tomatoes for,It was actually a tomato. He then realized how wrong he was about everything he ever did. He made it his mission.,OdyHy12i4PsBZkM4jjdC,PY24CQ3H3LJA,3U2L1L1D1QL9,10,human-human,10,author_2,112.0,91.0,89.0,89.0,22.0,0.978021978021978,0.0219780219780219,0.0,1.0,0.0,10.0,False,,111.0,90.0,89.0,89.0,22.0,0.9888888888888888,0.0111111111111111,0.0,1.0,0.0,10.0,False,,False,,It was actually a tomato. He then realized how wrong he was about everything he ever did. He made it his mission,1,to say sorry to all the people that he had hurt in town. He gave them free unpoisened potatoes and tomatoes for,1,False,human,human,author_2,human,True,10.0,-2.730872802734375,-2.139609375,3.948297119140625,3.434375,98.70742797851562,85.859375,-0.004375000000000018,,3.434375,,3.43875,
2026-02-02 16:44:08.793000+00:00,"Once upon a time there was a small man and village. He loved eating pork, but one stormy night all the pigs left the village. The small man","ran and ran for days and nights in search of pigs. But everywhere he looked, the fields were swine-less. One day, the man came across a large",P1SZ3AZnoi1oqt5EbYh5,D3M89QCD9RJA,H2FM139Z38SX,1,human-human,1,author_1,139.0,112.0,109.0,109.0,28.0,0.9732142857142856,0.0267857142857142,0.0,1.0,0.0,7.0,False,,140.0,114.0,110.0,110.0,27.0,0.9649122807017544,0.0350877192982456,0.0,1.0,0.0,10.0,False,,False,,"Once a upon time there was a small man and village. He loved eating pork, but one stormy night all the pigs left the village. The small man",4,"ran and ran for days and nights in search of pigs. But everywhere he looked, the fields were swineless. One day, the man came across a large",1,False,human,human,author_1,human,True,,0.0,-1.4731297348484849,4.666669291834677,3.605853456439394,144.666748046875,118.9931640625,-1.4731297348484849,-1.0334960937500002,3.605853456439394,4.06048828125,5.078983191287879,5.093984375
2026-02-02 16:48:00.208000+00:00,river. On the other side a pinkish figure appeared before his very eyes. Desperate in his search for the pigs he,"jumped across the river and tore apart the pig with his bare hands. He began to cry over this desperation. Suddenly,",P1SZ3AZnoi1oqt5EbYh5,D3M89QCD9RJA,H2FM139Z38SX,2,human-human,2,author_1,113.0,93.0,90.0,90.0,22.0,0.967741935483871,0.032258064516129,0.0,1.0,0.0,9.0,False,,116.0,96.0,93.0,93.0,21.0,0.96875,0.03125,0.0,1.0,0.0,11.0,False,,False,,river. On the other side a pink-ish figure appeared before his very eyes. Desperate in his search for the pigs he,1,"jumped across the river and tore apart the pig with his bare hands. He began to cry over this desperation. Suddenly,",0,False,human,human,author_1,human,True,1.0,-2.4012890625,-2.19446533203125,4.06048828125,3.83944091796875,101.51220703125,95.98602294921875,-0.8668481445312497,-1.689113451086957,3.83944091796875,4.215777853260869,4.7062890625,5.904891304347826
2026-02-02 16:52:08.898000+00:00,a mother pig appeared calling for her baby pig. All she found was flesh clumps all over the ground and a small,"drop of blood fell from the man's mouth. The man smiled, moving toward the mother pig. Organs trailing behind him.",P1SZ3AZnoi1oqt5EbYh5,D3M89QCD9RJA,H2FM139Z38SX,3,human-human,3,author_1,111.0,90.0,89.0,89.0,22.0,0.9888888888888888,0.0111111111111111,0.0,1.0,0.0,8.0,False,,114.0,95.0,90.0,90.0,21.0,0.9473684210526316,0.0526315789473684,0.0,0.9523809523809524,0.0,8.0,False,,False,,a mother pig appeared calling for her baby pig. All she found was flesh chumps all other the ground and a small,3,"drop of blood fell from the man's mouth. The man smiled, moving toward the mother pig. Organs trailing behind him.",0,False,human,human,author_1,human,True,2.0,-2.4233186141304355,-1.8762738263165506,4.215777853260869,4.260240342881945,96.962890625,115.0264892578125,-0.6689453125,-1.154233579282407,4.260240342881945,3.6696415653935186,4.929185655381945,4.823875144675926
2026-02-02 16:56:13.633000+00:00,"Bloodlusted, he jumped the mother pig, trying to rip her apart into pieces. Unbeknownst to him, dad pig","ran towards the man at full speed and velocity. The dad pig jumped on the man, ripping into his skin with his teeth. The dad pig squealed, ""This is how those pigs felt.",P1SZ3AZnoi1oqt5EbYh5,D3M89QCD9RJA,H2FM139Z38SX,4,human-human,4,author_1,99.0,82.0,80.0,80.0,18.0,0.975609756097561,0.024390243902439,0.0,1.0,0.0,11.0,False,,168.0,136.0,131.0,131.0,33.0,0.9632352941176472,0.0367647058823529,0.0,1.0,0.0,8.0,False,,False,,"Bloodlusted he jumped the mother pig trying to rip her apart to pieces. Unbeknownst to him, dad pig",4,"ran towards the man at full speed and velocity. The dad pig jumped on the man, ripping into his skin with his teeth. The dad pig squealed, ""This is how those pigas felt",2,False,human,human,author_1,human,True,3.0,-2.6629141348379632,-1.7448242187500003,3.6696415653935186,3.88125,99.080322265625,155.25,-0.5080810546875001,-1.4793368252840908,3.88125,5.7902610085227275,4.3893310546875,7.269597833806818
2026-02-02 16:59:18.454000+00:00,"every time you stupid human mouth wants to eat some bacon."" The papa pig enjoyed the taste. From now on","every man thought of daddy pig when they ate pork. Daddy pig roamed the Earth, ripping any human apart who even looked at a pig. The people of the Earth even began",P1SZ3AZnoi1oqt5EbYh5,D3M89QCD9RJA,H2FM139Z38SX,5,human-human,5,author_1,102.0,83.0,80.0,80.0,20.0,0.963855421686747,0.036144578313253,0.0,1.0,0.0,7.0,False,,163.0,132.0,129.0,129.0,32.0,0.9772727272727272,0.0227272727272727,0.0,1.0,0.0,7.0,False,,False,,"every time you stupid human mouth want to eat some bacon."" The papa pig enjoyed the taste. From now on",1,"every man thought of daddy pig when they ate pork. Daddy pig roamed the Earth, ripping any human apart who even looked at a pig. The people of the Earth even began",0,False,human,human,author_1,human,True,4.0,-2.739102450284091,-2.0997178819444446,5.7902610085227275,4.001057942708333,127.3857421875,144.0380859375,-0.5447862413194446,-0.5857602632962742,4.001057942708333,5.512431218073918,4.545844184027778,6.0981914813701925
2026-02-02 17:02:59.239000+00:00,worshipping Peppa Pig. Governments fell. Riots all over. Whole countries falling apart. Anarchy erupted. Leaders not,Eating pork became the trend of the generation. People even began wearing pig costumes in honor of Peppa Pig.,P1SZ3AZnoi1oqt5EbYh5,D3M89QCD9RJA,H2FM139Z38SX,6,human-human,6,author_1,113.0,98.0,93.0,93.0,16.0,0.9489795918367347,0.0510204081632653,0.0,1.0,0.0,11.0,False,,108.0,90.0,88.0,88.0,19.0,0.9777777777777776,0.0222222222222222,0.0,1.0,0.0,10.0,False,,False,,worshipping papa pig. Goverments fell. Riots all over. Whole contries falling apart. Anarchy erupted. Leaders not,6,eating pork became the trend of the generation. People even began wearing pig costumes in honor of papa pig.,5,False,human,human,author_1,human,True,5.0,-1.2936366154597359,-2.824819391424006,5.512431218073918,3.7635068026455967,143.32321166992188,82.79714965820312,-1.0627316561612217,-0.7989979619565215,3.7635068026455967,5.080502717391305,4.826238458806818,5.879500679347826
2026-02-02 17:05:46.284000+00:00,A new era was born. New regimes began to rise supporting Papa Pig and his actions. Other factions feared for their,"safety and sanity. Pink everywhere, pork nowhere. This was the mantra of the world. Papa Pig AI was later introduced.",P1SZ3AZnoi1oqt5EbYh5,D3M89QCD9RJA,H2FM139Z38SX,7,human-human,7,author_1,114.0,94.0,92.0,92.0,21.0,0.9787234042553192,0.0212765957446808,0.0,1.0,0.0,10.0,False,,116.0,97.0,93.0,93.0,20.0,0.9587628865979382,0.0412371134020618,0.0,1.0,0.0,10.0,False,,False,,A new era was born. New regimes began to rise supporting papa pig and his actions. Other factions feared for their,2,"safety and sanity. Pink everywhere, pork nowhere. This was the mantra of the world. Papa pig AI was later introduced",2,False,human,human,author_1,human,True,6.0,-2.4686650815217392,-3.4870312500000002,5.080502717391305,5.33890625,116.8515625,133.47265625,-0.6500000000000004,-0.958302001953125,5.33890625,3.853387451171875,5.98890625,4.811689453125
2026-02-02 17:08:45.252000+00:00,"and used by everyone. No matter where you went you couldn't avoid his face. After years of suppression, a small","revolution occurred. A group of people tried to kill a pig. At first, people shunned them, then some began to wonder. Where did",P1SZ3AZnoi1oqt5EbYh5,D3M89QCD9RJA,H2FM139Z38SX,8,human-human,8,author_1,111.0,92.0,88.0,88.0,21.0,0.9565217391304348,0.0434782608695652,0.0,0.9523809523809524,0.0,11.0,False,,127.0,105.0,100.0,100.0,23.0,0.9523809523809524,0.0476190476190476,0.0,1.0,0.0,10.0,False,,False,,and used by everyone. No matter where you went you couldn't avoid his face. After years of suppression. A small,2,"revolution occurred. A group of people tried to kill a pig. At first, people shunned them, then some began to wonder. Where did",0,False,human,human,author_1,human,True,7.0,-2.196400146484375,-2.189680428340517,3.853387451171875,3.8291015625,96.33468627929688,111.0439453125,-0.8651817584859911,-2.1441212529721474,3.8291015625,4.693811831266983,4.694283320985991,6.837933084239131
2026-02-02 17:11:07.864000+00:00,papa pig even come from. Was we really this godly being setting us free from our earthly desires or was he just,"putting us on a diet? People began to question this seriously. And then, an outbreak. A huge dinner for the community was held. Meat was served.",P1SZ3AZnoi1oqt5EbYh5,D3M89QCD9RJA,H2FM139Z38SX,9,human-human,9,author_1,111.0,90.0,89.0,89.0,22.0,0.9888888888888888,0.0111111111111111,0.0,1.0,0.0,7.0,False,,144.0,119.0,113.0,113.0,26.0,0.9495798319327732,0.0504201680672268,0.0,1.0,0.0,9.0,False,,False,,papa pig even come from. Was we really this godly being setting us free from our earthly desires or was he just,0,"putting us on a diet? People began to question this seriously. And then, an outbreak. A huge dinner for the community was held. Meat was served.",0,False,human,human,author_1,human,True,8.0,-4.0623022991678,-1.8450927734375,4.693811831266983,4.584716796875,107.95767211914062,146.7109375,-0.75628662109375,-0.7543653405230977,4.584716796875,4.46978759765625,5.34100341796875,5.224152938179348
2026-02-02 17:14:26.453000+00:00,Justice was withheld. The biggest feast the world has ever seen. The small man's village was happy to finally,"pork on the table. Pork was everywhere, and pink nowhere. The entire world lived happily ever after. And then a man went",P1SZ3AZnoi1oqt5EbYh5,D3M89QCD9RJA,H2FM139Z38SX,10,human-human,10,author_1,109.0,91.0,88.0,88.0,20.0,0.967032967032967,0.0329670329670329,0.0,0.95,0.0,8.0,False,,120.0,99.0,95.0,95.0,22.0,0.9595959595959596,0.0404040404040404,0.0,1.0,0.0,10.0,False,,False,,Justice was withheld. The biggest feast the world has ever seen. The small man's village was happy to finally,0,"pork on the table. Pork was everywhere, and pink nowhere. The entire world lived happily ever after. And then a man went",0,False,human,human,author_1,human,True,9.0,-2.5402374267578125,-2.5754304108796293,4.46978759765625,3.8989619502314814,102.80511474609375,105.27197265625,-0.20951786747685164,,3.8989619502314814,,4.108479817708333,
2026-02-26 16:25:13.295000+00:00,"the woods in front of Nate's cabin. After staying up all night, he thought he was hallucinating while he saw a 'hooded' girl figure approaching him in","There was something off about this particular day, though he couldn't quite figure out what it was. Something strange was in the",Pzb5I6nhg196AWLpukmz,23AKCYL74GSW,,1,human-human,1,author_2,128.0,107.0,104.0,104.0,23.0,0.97196261682243,0.02803738317757,0.0,0.9565217391304348,0.0,10.0,False,,153.0,127.0,122.0,122.0,28.0,0.9606299212598424,0.0393700787401574,0.0,0.9642857142857144,0.0,13.0,False,,False,,"There was something off about this particular day, though he couldn't quite figure out what it was. Something strange was in the",0,"the woods in front of Nate's cabin. After staying up all night, he thought he is hallucianting while he saw hjhha 'hooded' girl figure approaching him in",8,False,human,human,author_2,human,True,1.0,0.0,-0.0146123445951023,5.513443429129464,3.653445317195012,192.97052001953125,94.98957824707031,-0.0146123445951023,-0.3984750600961533,3.653445317195012,5.843130258413462,3.6680576617901144,6.241605318509615
2026-02-26 16:28:35.232000+00:00,"find an actual human here to talk instead of the wild animals."" With a lot of wounds on her body, she slowly moved towards","the slow dusk of late spring. He watched her in wonder, not understanding what such a person could be doing out here. He thought, ""perhaps today I will",Pzb5I6nhg196AWLpukmz,23AKCYL74GSW,,2,human-human,2,author_2,151.0,124.0,119.0,119.0,28.0,0.9596774193548387,0.0403225806451612,0.0,1.0,0.0,13.0,False,,122.0,99.0,96.0,96.0,24.0,0.9696969696969696,0.0303030303030303,0.0,1.0,0.0,7.0,False,,False,,"the slow dusk of late spring. He watched her in wonder, not understanding what such a person could be doing out here. He thought, ""perhaps today I will",0,"find an actual human here to talk instead of the wild animals"". With a lot of wounds in her body, she slowly moved towards",3,False,human,human,author_2,human,True,2.0,-1.0366586538461533,-0.8259795217803028,5.843130258413462,4.8586203835227275,151.92138671875,160.33447265625,-0.1291577888257569,0.06619754914314502,4.8586203835227275,4.299556609122984,4.987778172348484,4.233359059979839
2026-02-26 16:32:58.201000+00:00,"feel sad for her. Surprisingly, he started sympathising with her, instead of questioning her about her identity and the purpose of her arrival. With the leaves","the cabin, moving like a wounded deer more so than a person. Her eyes were dark and bottomless, her skin clammy. There was a feverish look about her, something that made him",Pzb5I6nhg196AWLpukmz,23AKCYL74GSW,,3,human-human,3,author_2,173.0,142.0,137.0,137.0,32.0,0.9647887323943662,0.0352112676056338,0.0,1.0,0.0,10.0,False,,152.0,128.0,124.0,124.0,25.0,0.96875,0.03125,0.0,1.0,0.0,12.0,False,,False,,"the cabin, moving like a wounded deer more so than a person. Her eyes were dark and bottomless, her skin clammy. There was a feverish look about her, something that made him",0,"feel sad for her. Surprisingly, he started sympathising her, instead of questiong her about her identity and the purpose of her arrival. With the leaves",7,False,human,human,author_2,human,True,3.0,-1.132367534022177,-1.4135772705078127,4.299556609122984,3.710174560546875,133.2862548828125,148.406982421875,0.18620147705078116,0.014241536458333925,3.710174560546875,5.283723958333334,3.523973083496094,5.269482421875
2026-02-26 16:35:41.126000+00:00,", hearing a whisper immediately after, ""hide""! ""help""! Squinting his eyes, he became confused about whether to hide or help. He","stuck in her hair and the blood and dirt caked on her bare feet, he got the impression that she had been out there for a while. He quietly stepped aside and gestured to the warm",Pzb5I6nhg196AWLpukmz,23AKCYL74GSW,,4,human-human,4,author_2,177.0,142.0,140.0,140.0,36.0,0.9859154929577464,0.0140845070422535,0.0,1.0,0.0,10.0,False,,121.0,102.0,92.0,92.0,19.0,0.9019607843137256,0.0980392156862745,0.0,1.0,0.0,11.0,False,,False,,"stuck in her hair and the blood and dirt caked on her bare feet, he got the impression that she had been out there for a while. He quietly stepped aside and gestured to the warm",0,", hearing a whisper immediately after, ""hide""! ""help""! Squinting his eyes, he became confused whether to hide or help. He",6,False,human,human,author_2,human,True,4.0,-0.9972981770833327,-1.0262584221072308,5.283723958333334,3.608708079268293,158.51171875,147.95703125,0.4591326829863758,-0.09989885602678594,3.608708079268293,4.4760672433035715,3.149575396281917,4.5759660993303575
2026-02-26 16:40:45.049000+00:00,"hold her head which was bending downwards. She kept whispering, ""How am I alive?"". He softly held her in his arms and offered her water. Like a thirsty crow,","ignored her protests and pulled her inside, shutting the door behind her. ""Are you alright?"" he asked, holding up his hands to",Pzb5I6nhg196AWLpukmz,23AKCYL74GSW,,5,human-human,5,author_2,126.0,105.0,99.0,99.0,22.0,0.9428571428571428,0.0571428571428571,0.0,1.0,0.0,8.0,False,,157.0,129.0,121.0,121.0,29.0,0.937984496124031,0.0620155038759689,0.0,1.0,0.0,10.0,False,,False,,"ignored her protests and pulled her inside, shutting the door behind her. ""Are you alright?"" He asked, holding up his hands to",1,"hold her head which was bending downwards. She kept whispering, ""How am I alive?"". He softly hold her in his arms and offered her water. Like a thirsty crow,",1,False,human,human,author_2,human,True,5.0,-1.4467982700892854,-1.4525282118055558,4.4760672433035715,2.9355830439814814,156.662353515625,79.2607421875,-0.15540455005787024,0.22502426097267492,2.9355830439814814,4.452599707402681,3.0909875940393516,4.227575446430006
2026-02-26 16:44:02.990000+00:00,"Nate lost his attention while the teapot on the stove whistled loudly. Wrapping her up with a blanket, he let her sit on a chair in his cabin. With pouring the tea from","she downed the bottle offered to her and shook her head. ""Something is stalking the woods,"" she whispered, as if afraid something might",Pzb5I6nhg196AWLpukmz,23AKCYL74GSW,,6,human-human,6,author_2,135.0,113.0,108.0,108.0,23.0,0.9557522123893806,0.0442477876106194,0.0,1.0,0.0,9.0,False,,168.0,136.0,133.0,133.0,33.0,0.9779411764705882,0.0220588235294117,0.0,1.0,0.0,9.0,False,,False,,"she downed the bottle offered to her and shook her head. ""Something is stalking the woods,"" she whispered, as if afraid something might",0,"Nate lost his attention while the teapot on the stove whistled loudly. Wrapping her up with a blanket, he let her sit on a chair in his cabin. With pouring the tea from",0,False,human,human,author_2,human,True,6.0,-1.1567400568409978,-1.5993742766203702,4.452599707402681,4.184009693287037,169.19878888130188,112.96826171875,-0.3355396412037033,0.005943080357142527,4.184009693287037,4.185177176339286,4.5195493344907405,4.179234095982143
2026-02-26 16:46:42.737000+00:00,"She stared at him as if it is unusual to ask the name of a stranger. Nate understood and nodded his head, assuring her that she can at least have the tea which","the kettle, he watched her through the steam. She stared out the window, front teeth bothering her lip. ""What's your name?"" he asked her.",Pzb5I6nhg196AWLpukmz,23AKCYL74GSW,,7,human-human,7,author_2,136.0,113.0,105.0,105.0,25.0,0.9292035398230089,0.0707964601769911,0.0,0.96,0.0,9.0,False,,155.0,124.0,122.0,122.0,32.0,0.9838709677419356,0.0161290322580645,0.0,1.0,0.0,10.0,False,,False,,"the kettle, he watched her through the steam. She stared out the window, front teeth bothering her lip. ""What's your name?"" He asked her",2,"She stared at him as if it is unusual to ask name of a stranger. Nate understood and nodded his head, assuring her that she can at least have the tea which",4,False,human,human,author_2,human,True,7.0,-1.4056326729910715,-1.94355635209517,4.185177176339286,3.092014197147254,146.481201171875,102.03646850585938,0.02992017341382569,0.10935680682842541,3.092014197147254,3.3253696148212137,3.062094023733428,3.2160128079927883
2026-02-26 16:49:43.574000+00:00,"offered her the tea. She refused to accept it and said, ""Don't you know what happens to people who accept food from strangers?"" He smiled. Both of them looked away with","he had doused with rat poison to see what would happen. If she were human, she would puke. Were she not, she would die. He",Pzb5I6nhg196AWLpukmz,23AKCYL74GSW,,8,human-human,8,author_2,122.0,98.0,93.0,93.0,25.0,0.9489795918367347,0.0510204081632653,0.0,1.0,0.0,6.0,False,,168.0,139.0,132.0,132.0,32.0,0.9496402877697842,0.0503597122302158,0.0,0.96875,0.0,9.0,False,,False,,"he had doused with rat poison to see what would happen. If she were human, she would puke. Were she not, she would die. He",0,"offered her the tea. She refused to accept it and said, ""Don't you know what happens to people who accepts food from strangers?""He smiled. Both of them looked away with",2,False,human,human,author_2,human,True,8.0,-1.0347644121218948,-0.9173965454101562,3.3253696148212137,3.9567947387695312,129.68941497802734,126.617431640625,0.0001220703125,0.24473170230263097,3.9567947387695312,4.548237047697368,3.9566726684570312,4.303505345394737
2026-02-26 16:53:14.009000+00:00,"to find out what she actually is. She replied with a grin smile, ""like how I survived till now."" Suddenly they heard a harsh banging on the door. The girl told Nate to","tingles in their tummies. ""How are you going to survive with no food or drink?"" He asked after a while. He could poison her food.",Pzb5I6nhg196AWLpukmz,23AKCYL74GSW,,9,human-human,9,author_2,128.0,104.0,99.0,99.0,25.0,0.9519230769230768,0.048076923076923,0.0,1.0,0.0,7.0,False,,167.0,135.0,129.0,129.0,33.0,0.9555555555555556,0.0444444444444444,0.0,1.0,0.0,8.0,False,,False,,"tingles in their tummies. ""How are you going to survive with no food or drink?"" He asked after a while. He could poison her food",1,"to find out what she actually is. She replied with a grin smile, ""like how I survived till now."" Suddenly they heard a harsh banging on the door. The girl told Nate to",0,False,human,human,author_2,human,True,9.0,-1.435983758223684,-1.6466398239135742,4.548237047697368,3.8237733840942383,172.8330078125,122.36074829101562,-0.7024412155151367,0.11839718288845535,3.8237733840942383,4.7601362864176435,4.526214599609375,4.641739103529188
2026-02-26 16:56:11.166000+00:00,"really find out what I actually am! Maybe I am a girl in distress, or the girl is banging outside the door. Don't you wanna know who is actually in?","open the door. ""See what happens,"" she cooed, smiling unnervingly. ""Or keep it closed and do what I say. I assume you want to",Pzb5I6nhg196AWLpukmz,23AKCYL74GSW,,10,human-human,10,author_2,125.0,102.0,94.0,94.0,24.0,0.9215686274509804,0.0784313725490196,0.0,1.0,0.0,11.0,False,,147.0,118.0,114.0,114.0,31.0,0.9661016949152542,0.0338983050847457,0.0,0.967741935483871,0.0,8.0,False,,False,,"open the door. ""See what happens,"" she cooed, smiling unnervingly. ""Or keep it closed and do what I say. I assume you want to",0,"really find out what I actually am! Maybe I am a girl in distress, or the girl is banging outside the door. Don't you wanna know who is actually in",1,False,human,human,author_2,human,True,10.0,-1.2193041907416449,-1.2183819939108451,4.7601362864176435,3.7531657499425553,171.36490631103516,127.60763549804688,-0.2134560977711395,,3.7531657499425553,,3.9666218477136947,
2026-02-02 16:42:55.833000+00:00,"my Monday. I woke up in the middle of the night, finding my throat in pain. It was horrible and I did not sleep much.","Then I decided to drink a glass of milk, because why not. One glass of milk quickly turned into another, and suddenly something crazy",RGwAQvKrGEfTj8ym6lju,GEVL939GC7UW,YATM1RCC14SA,1,human-human,1,author_1,116.0,92.0,89.0,89.0,25.0,0.967391304347826,0.0326086956521739,0.0,1.0,0.0,8.0,False,,133.0,110.0,107.0,107.0,24.0,0.9727272727272728,0.0272727272727272,0.0,1.0,0.0,9.0,False,,False,,"my monday. I woke up in the middle of the night, finding my throat in pain. It was horrible and I did not sleep much",2,"Then I decided to drink a class of milk, because why not. One class of milk quickly turned into another, and suddenly something crazy",2,False,human,human,author_1,human,True,,0.0,-0.5047946506076393,4.8460061961206895,4.322389955873843,140.5341796875,116.70452880859375,-0.5047946506076393,-1.3649107834388472,4.322389955873843,3.543696436388739,4.827184606481482,4.908607219827586
2026-02-02 16:45:56.157000+00:00,"happened... I developed an udder out of nowhere. I thought to myself, why did I deserve this. I went back to sleep and","then dreamt of a prince that could dance like no one else ever seen. This inspiring dream made me forget about all my suffering, so I woke up",RGwAQvKrGEfTj8ym6lju,GEVL939GC7UW,YATM1RCC14SA,2,human-human,2,author_1,115.0,93.0,87.0,87.0,23.0,0.935483870967742,0.064516129032258,0.0,1.0,0.0,7.0,False,,141.0,115.0,112.0,112.0,28.0,0.9739130434782608,0.0260869565217391,0.0,1.0,0.0,9.0,False,,False,,"happend... I develop an udder out of nowhere. I thought to myself, why did I deserve this. I went back to sleep and",3,"then dreamt of a prince that could dance like no-one else ever seen. This inspiring dream made me forget about all my suffering, so I woke up",1,False,human,human,author_1,human,True,1.0,-1.8716625345164335,-1.238199869791666,3.543696436388739,4.811067708333334,102.76719665527344,144.33203125,-0.6378906249999998,-0.3320835658482144,4.811067708333334,2.931483677455357,5.448958333333334,3.2635672433035716
2026-02-02 16:48:28.768000+00:00,"and when I woke up I found myself in India. I had never been to India before, but I could just feel that I belonged to","this magical place, I felt as though I have never been more alive. All the colors wow. I went directly to the store looking for a genie in a bottle.",RGwAQvKrGEfTj8ym6lju,GEVL939GC7UW,YATM1RCC14SA,3,human-human,3,author_1,118.0,93.0,91.0,91.0,26.0,0.978494623655914,0.021505376344086,0.0,1.0,0.0,8.0,False,,148.0,119.0,116.0,116.0,30.0,0.9747899159663864,0.0252100840336134,0.0,1.0,0.0,8.0,False,,False,,"and when I woke up I found myself in India. I had never been to india before, but I could just feel that I belonged to",1,"this magical place, I felt as though I have never been more alive. All the colors wauw. I went directly to the store looking for a genie in a bottle",3,False,human,human,author_1,human,True,2.0,-1.0793108258928572,-1.3905675551470589,2.931483677455357,4.179084329044118,82.08154296875,142.0888671875,-0.47888901654411775,-1.1110649108886719,4.179084329044118,4.709285736083984,4.6579733455882355,5.820350646972656
2026-02-02 16:50:52.197000+00:00,"to my disappointment I only found kebab and McDonald's. Just to make everything worse, apparently Indian McDonald's do","this crazy thing where they eat raw snake meat, and because of that claim that you will receive magical abilities. I thought to myself, do I have to test?",RGwAQvKrGEfTj8ym6lju,GEVL939GC7UW,YATM1RCC14SA,4,human-human,4,author_1,117.0,100.0,98.0,98.0,18.0,0.98,0.02,0.0,1.0,0.0,14.0,False,,153.0,125.0,122.0,122.0,29.0,0.976,0.024,0.0,1.0,0.0,9.0,False,,False,,"to my disappointment in only found kebab and McDonalds. Just to make everything worse, apparently Indian McDonalds do",4,"this crazy thing where they eat raw snake meat, and because of that claim that you will receive magical abilities. I thought to myself, do I have to test",1,False,human,human,author_1,human,True,3.0,-2.166369120279948,-1.1560724431818183,4.709285736083984,5.1303119081439394,113.02285766601562,169.30029296875,-0.16033380681818166,-1.4108588354928155,5.1303119081439394,2.9194775990077426,5.290645714962121,4.330336434500558
2026-02-02 16:54:41.875000+00:00,this out? but thought to myself it would not be the craziest thing that had happened to me this day. So I decided to buy,"a double big menu of raw snake meat, with all the good stuff. Stuff like chilimayo! Amazing. After one bite my fingers started to",RGwAQvKrGEfTj8ym6lju,GEVL939GC7UW,YATM1RCC14SA,5,human-human,5,author_1,120.0,96.0,94.0,94.0,25.0,0.9791666666666666,0.0208333333333333,0.0,1.0,0.0,8.0,False,,129.0,106.0,102.0,102.0,24.0,0.9622641509433962,0.0377358490566037,0.0,1.0,0.0,9.0,False,,False,,this out? but thought to myself it would not be the craziest thing that had happened to me this day. So I decided to buy,0,"a double big menu of raw snake meat, with all the good stuff. Stuff like chilimayo! Amazing. After one bite my fingers started to",0,False,human,human,author_1,human,True,4.0,-2.5022753306797574,-2.4076171875000005,2.9194775990077426,5.344205729166666,81.7453727722168,160.326171875,-0.3712890625000007,-0.6035156249999996,5.344205729166666,3.7748579545454546,5.715494791666667,4.378373579545454
2026-02-02 16:57:13.126000+00:00,"grow. After a while I started hearing voices, not normal voices, but the voices of animals apparently. I",ran out of McDonald's to track down the animals I thought I had heard. I ran directly to a small forest nearby sure of solving this,RGwAQvKrGEfTj8ym6lju,GEVL939GC7UW,YATM1RCC14SA,6,human-human,6,author_1,104.0,87.0,83.0,83.0,18.0,0.9540229885057472,0.0459770114942528,0.0,1.0,0.0,10.0,False,,129.0,104.0,103.0,103.0,26.0,0.9903846153846154,0.0096153846153846,0.0,1.0,0.0,9.0,False,,False,,"grow. After a while I started hearing voices, not normal voices, but the voices of animals apparently. I",0,ran out of McDonalds to track down the animals I though I had heard. I ran directly to a small forest nearby sure of solving this,2,False,human,human,author_1,human,True,5.0,-2.0887784090909087,-2.180960293473869,3.7748579545454546,4.682528265591325,83.046875,135.79331970214844,-0.907492538978314,-1.7697753906250004,4.682528265591325,3.2544884314903846,5.590020804569639,5.024263822115385
2026-02-02 16:59:05.464000+00:00,problem. When I entered the forest I could hear the voice louder. As I went closer to the sound of the voice the darker,"the forest became. I became slightly frightened, but the good thing about the situation was that I had my handgun in my back",RGwAQvKrGEfTj8ym6lju,GEVL939GC7UW,YATM1RCC14SA,7,human-human,7,author_1,119.0,96.0,94.0,94.0,24.0,0.9791666666666666,0.0208333333333333,0.0,1.0,0.0,7.0,False,,124.0,102.0,100.0,100.0,23.0,0.9803921568627452,0.0196078431372549,0.0,1.0,0.0,10.0,False,,False,,problem. When I entered the forest I could hear the voice louder. As I went closer to the sound of the voice the darker,0,"the forest became. I became slightly frightened, but the good thing about the situation was that I had my handgun in my back",0,False,human,human,author_1,human,True,6.0,-1.9509652944711537,-2.3959765624999996,3.2544884314903846,3.7148046875,84.61669921875,92.8701171875,-1.4230859374999998,-1.0302915219907414,3.7148046875,4.745930989583333,5.137890625,5.776222511574074
2026-02-02 17:01:38.854000+00:00,"and if that did not work I had developed my own 4 physical milk guns at the front of my body, which at first seemed","a bit weird if any other than me and the creature in front of me saw. I could not quite identify the creature. It was big, hairy and held something that looked like a big magic",RGwAQvKrGEfTj8ym6lju,GEVL939GC7UW,YATM1RCC14SA,8,human-human,8,author_1,115.0,91.0,89.0,89.0,24.0,0.978021978021978,0.0109890109890109,0.0,1.0,0.0,9.0,False,,175.0,140.0,137.0,137.0,36.0,0.9785714285714284,0.0214285714285714,0.0,1.0,0.0,9.0,False,,False,,"and if that did not work I had developed my own 4 physical milk guns at the front of my body, which at first seemed",0,"a bit weird if any other than me and the creature in front of me saw. I could not quite identify the creature. I was big, hairy and held something that looked like a big magic",1,False,human,human,author_1,human,True,7.0,-2.1885308159722223,-1.1350348056891022,4.745930989583333,4.131040915464744,128.14013671875,161.110595703125,-0.6958508613782053,-0.9814191545758928,4.131040915464744,3.9394356863839284,4.826891776842949,4.920854840959821
2026-02-02 17:04:43.916000+00:00,"toothbrush. The creature was clearly sponsored by Zendium, which I did not like, since I had always used Colgate, but I decided to",not get too bothered about it. But after my face turned completely red of anger. I could not handle it. I began shooting with my milk guns against the,RGwAQvKrGEfTj8ym6lju,GEVL939GC7UW,YATM1RCC14SA,9,human-human,9,author_1,130.0,108.0,104.0,104.0,23.0,0.9629629629629628,0.037037037037037,0.0,1.0,0.0,10.0,False,,150.0,122.0,119.0,119.0,29.0,0.9754098360655736,0.0245901639344262,0.0,1.0,0.0,10.0,False,,False,,"toothbrush. The creature was clearly sponsored by Zendium, which I did not like, since I had always used Colgate, but I decided to",0,not get too bothered about it. But after my face turned completely red of anger. I could not handle it. I began shooting with my milk guns against the,0,False,human,human,author_1,human,True,8.0,-2.1018240792410716,-2.62109375,3.9394356863839284,3.894775390625,110.30419921875,124.6328125,-0.8690185546875,-1.3121656334918481,3.894775390625,3.218808381453804,4.7637939453125,4.530974014945652
2026-02-02 17:06:32.813000+00:00,"creature, which I thought would piss off the monster. To my big surprise, instead the creature started drinking all",the milk I pointed at him. The creature was shockingly good at catching things with his mouth so I started throwing stones at the,RGwAQvKrGEfTj8ym6lju,GEVL939GC7UW,YATM1RCC14SA,10,human-human,10,author_1,114.0,96.0,93.0,93.0,19.0,0.96875,0.03125,0.0,1.0,0.0,8.0,False,,129.0,106.0,105.0,105.0,24.0,0.9905660377358492,0.0094339622641509,0.0,1.0,0.0,10.0,False,,False,,"creature, which I thought would piss of the monster. To my big surprise, instead the creature started drinking all",1,the milk I pointed at him. The creature was shockingly good at catching things with his mouth so I started throwing stones at the,0,False,human,human,author_1,human,True,9.0,-3.2750774881114135,-3.17068359375,3.218808381453804,3.83306640625,74.0325927734375,95.82666015625,-1.1960351562500002,,3.83306640625,,5.0291015625,
2026-02-02 16:44:08.359000+00:00,"Tax fraud and the consideration of how to use the money well. First, the problem is how to get away with the fraud without","being caught. Taxes can be a big resource depletion policy to low-income families, while the rich enjoy a tax-free life.",Tf1TksJV6vLRqvWrSi52,LQTR3RCZ3LUF,N4F4CL3V38UF,1,human-human,1,author_1,121.0,98.0,97.0,97.0,24.0,0.9897959183673468,0.010204081632653,0.0,1.0,0.0,13.0,False,,118.0,98.0,95.0,95.0,21.0,0.9693877551020408,0.0306122448979591,0.0,1.0,0.0,9.0,False,,False,,Tax fraud and the consideration of how to use the money well. First the problem is how to get away with the fraud without,1,"being caught. Taxes can be a big resource depletion policy to low income families, while the rich enjoy tax free life.",4,False,human,human,author_1,human,True,,0.0,-1.354528356481481,5.580453725961538,5.358072916666667,145.091796875,144.66796875,-1.354528356481481,-1.2923257010323663,5.358072916666667,3.7969752720424106,6.712601273148148,5.089300973074777
2026-02-02 16:47:45.965000+00:00,"But to enjoy a tax-free life, one must also be able to enjoy a thoughtless life. This can of course be hard,","as once a famous philosopher said, cogito, ergo sum. Thought to that fellow, is the core center of existence. Therefore tax",Tf1TksJV6vLRqvWrSi52,LQTR3RCZ3LUF,N4F4CL3V38UF,2,human-human,2,author_1,108.0,86.0,83.0,83.0,23.0,0.9651162790697676,0.0348837209302325,0.0,1.0,0.0,11.0,False,,123.0,103.0,98.0,98.0,21.0,0.9514563106796116,0.0485436893203883,0.0,1.0,0.0,11.0,False,,False,,"But to enjoy a tax free life, one must also be able to enjoy a thoughtless life. This can of course be hard,",1,"as once a famous philosopher said, cogito, ergo sum. Thought to that feller, is the core center of existence. Therefore tax",2,False,human,human,author_1,human,True,1.0,-1.3533935546875,-1.1922378540039062,3.7969752720424106,5.531333923339844,106.3153076171875,154.87734985351562,-0.6308550153459818,-0.9510869565217392,5.531333923339844,3.259171195652174,6.1621889386858255,4.210258152173913
2026-02-02 16:50:51.993000+00:00,"fraud will be better for everyone in society, not only the rich but also the poor, because now the rich can",kill the poor with the insane amounts of unchecked money that they have and finally begin the final human techno dark age. They will buy,Tf1TksJV6vLRqvWrSi52,LQTR3RCZ3LUF,N4F4CL3V38UF,3,human-human,3,author_1,113.0,91.0,89.0,89.0,23.0,0.978021978021978,0.0219780219780219,0.0,1.0,0.0,8.0,False,,136.0,112.0,111.0,111.0,25.0,0.9910714285714286,0.0089285714285714,0.0,1.0,0.0,9.0,False,,False,,"fraud will be a better for everyone in the society, not only the rich but also the poor, because now the rich can",6,kill the poor with the insane amounts of unchecked money that they have and finally begin the final human techno dark age. They will buy,0,False,human,human,author_1,human,True,2.0,-1.9365658967391308,-1.344332181490385,3.259171195652174,6.357309194711538,74.9609375,165.2900390625,-1.1124924879807692,-1.4792924360795459,6.357309194711538,6.8785011985085225,7.4698016826923075,8.357793634588068
2026-02-02 16:55:19.586000+00:00,extreme amounts of analogue weapons such as morning stars and get ready for a marathon based on yo-yo battle and,"commence the ritualistic worldwide money laundering scheme, turning the oceans into the biggest literal money laundering machine, while having poor people",Tf1TksJV6vLRqvWrSi52,LQTR3RCZ3LUF,N4F4CL3V38UF,4,human-human,4,author_1,111.0,93.0,92.0,92.0,20.0,0.989247311827957,0.010752688172043,0.0,1.0,0.0,8.0,False,,155.0,134.0,132.0,132.0,22.0,0.9850746268656716,0.0149253731343283,0.0,1.0,0.0,11.0,False,,False,,extreme amounts of analogue weapons such as morning stars and get ready for a marathon based on yoyo-battle and,2,"commence the ritualistic world wide money laundering scheme, turning the oceans into the biggest literal money laundering machine, while having poor people",1,False,human,human,author_1,human,True,3.0,-1.5649525035511358,-1.2856249999999996,6.8785011985085225,6.14125,151.3270263671875,153.53125,-0.19374999999999964,-0.22526041666666696,6.14125,6.095610119047619,6.335,6.320870535714286
2026-02-02 17:00:39.803000+00:00,sent to the dungeons and face the monster of eternal tickling. Only one person has survived the meeting.,his name was usman the tickler. He won the battle against the tickle monster by out tickling the tickly bits of the tickler. After hours,Tf1TksJV6vLRqvWrSi52,LQTR3RCZ3LUF,N4F4CL3V38UF,5,human-human,5,author_1,103.0,86.0,85.0,85.0,18.0,0.9883720930232558,0.0116279069767441,0.0,1.0,0.0,8.0,False,,134.0,110.0,108.0,108.0,25.0,0.9818181818181818,0.0181818181818181,0.0,1.0,0.0,8.0,False,,False,,sent to the dungeons and face the monster of eternal tickling. Only one person has survived the meeting,1,his nae was usman the tickler. He won the battle againt the tickle monster by out tickling the tickly bits of the tickler. After hours,2,False,human,human,author_1,human,True,4.0,-0.9330357142857144,-1.7226784446022725,6.095610119047619,3.993933475378788,128.0078125,131.7998046875,-1.3423887310606055,-0.3195597330729161,3.993933475378788,4.412217881944445,5.336322206439394,4.731777615017361
2026-02-02 17:04:13.818000+00:00,"He won by tickling his only ticklish area known to mankind, the very bald spot behind the right knee. This is of course","because it was written in the old scriptures found in east Zambia, where the first rites of passage of the tickling order were said. After defeating the",Tf1TksJV6vLRqvWrSi52,LQTR3RCZ3LUF,N4F4CL3V38UF,6,human-human,6,author_1,119.0,97.0,95.0,95.0,23.0,0.979381443298969,0.0206185567010309,0.0,1.0,0.0,8.0,False,,152.0,126.0,124.0,124.0,27.0,0.984126984126984,0.0158730158730158,0.0,1.0,0.0,10.0,False,,False,,"He won by tickling his only ticklish area known to mankind, the very bald spot behind the right knee. This is of course",0,"because it was written in the old scriptures found in east zambia, where the first rites of passage of the tickling order were said. After defeating the",1,False,human,human,author_1,human,True,5.0,-2.0343967013888884,-2.27265625,4.412217881944445,4.970703125,119.1298828125,149.12109375,-0.6390624999999996,-1.2585805257161455,4.970703125,4.039817810058594,5.609765625,5.298398335774739
2026-02-02 17:07:24.879000+00:00,"tickling monster, Usman became a superstar, but was not able to handle fame and the money well. He also invented","tax evasion, being able to be rich without the hassle of being an upstanding citizen. At the end of the day, the new world tickling",Tf1TksJV6vLRqvWrSi52,LQTR3RCZ3LUF,N4F4CL3V38UF,7,human-human,7,author_1,112.0,93.0,90.0,90.0,20.0,0.967741935483871,0.032258064516129,0.0,1.0,0.0,9.0,False,,131.0,107.0,104.0,104.0,25.0,0.97196261682243,0.02803738317757,0.0,1.0,0.0,10.0,False,,False,,"tickling monster, Usman became a superstar, but was not able to handle fame and the money well. He also invented",0,"tax evasion, being able to be rich without the hassle of being an upstanding citizen. At the end of the day, the new world tickling",0,False,human,human,author_1,human,True,6.0,-3.0418777465820312,-1.786411539713542,4.039817810058594,3.767156982421875,96.95562744140625,113.01470947265625,-0.6421223958333333,-1.491654829545455,3.767156982421875,4.2981178977272725,4.409279378255208,5.7897727272727275
2026-02-02 17:10:02.805000+00:00,"champion was no different than you and I. With his great new power, of course, also comes responsibility.",being that he could topple any person by attacking them with lots of tickles. He has been recorded as the most powerful being in all galaxies. One historian has,Tf1TksJV6vLRqvWrSi52,LQTR3RCZ3LUF,N4F4CL3V38UF,8,human-human,8,author_1,102.0,85.0,84.0,84.0,18.0,0.9882352941176472,0.0117647058823529,0.0,1.0,0.0,14.0,False,,160.0,132.0,130.0,130.0,29.0,0.9848484848484848,0.0151515151515151,0.0,1.0,0.0,9.0,False,,False,,champion was no different than you and I. With his great new power of course also comes responsibility,3,being that he could topple any person by attacking them with lots of tickles. He has been recorded as the most powerful being in all galaxies. One historian has,0,False,human,human,author_1,human,True,7.0,-2.1832386363636367,-1.3481593276515147,4.2981178977272725,5.113902698863637,94.55859375,168.7587890625,-0.09283262310606055,-1.1450407608695654,5.113902698863637,4.864130434782608,5.206735321969697,6.009171195652174
2026-02-02 17:14:19.807000+00:00,once described Usman as the most influential individual since Cleopatra and is right now being discussed whether he should be adopted as the,"worldwide currency, eventually making every other currency meaningless, and therefore solving every man's problem with tax evasion. He ended class wars and every poor and",Tf1TksJV6vLRqvWrSi52,LQTR3RCZ3LUF,N4F4CL3V38UF,9,human-human,9,author_1,139.0,117.0,117.0,117.0,23.0,1.0,0.0,0.0,1.0,0.0,11.0,False,,171.0,146.0,142.0,142.0,27.0,0.9726027397260274,0.0273972602739726,0.0,0.9629629629629628,0.0,11.0,False,,False,,once described Usman as the most influencial individual since Cleopetra and is right now being discussed wether he should be adopted as the,3,"world wide currency, eventually making every other currency meaningless, and therefore solving every man's problem with tax evasion. He ended class wars and every poor and",1,False,human,human,author_1,human,True,8.0,-2.5157099184782608,-1.8495198567708329,4.864130434782608,5.878200276692708,111.875,176.34600830078125,-0.16419474283854196,-0.33355978260869623,5.878200276692708,6.346552309782608,6.04239501953125,6.680112092391305
2026-02-02 17:17:20.680000+00:00,disgusting civilization on Earth. It would be substituted with the tax-fraud money (also called silent money),which is the new type of bitcoin. The change backfired when people would use this newfound currency to bet on everything so they couldn't be traced. Usman was tragically killed.,Tf1TksJV6vLRqvWrSi52,LQTR3RCZ3LUF,N4F4CL3V38UF,10,human-human,10,author_1,109.0,94.0,90.0,90.0,17.0,0.9574468085106383,0.0425531914893617,0.0,1.0,0.0,12.0,False,,175.0,146.0,144.0,144.0,30.0,0.9863013698630136,0.0136986301369863,0.0,1.0,0.0,10.0,False,,False,,disgusting civilization on earth. It would be substituted with the tax-fraud money (also called silent money),1,which is the new type of bitcoin. The change backfired when people would use this newfound currency to bet on everything so they couldnt be traced. Usman was tragically killed,2,False,human,human,author_1,human,True,9.0,-1.8511379076086962,-1.977373335096571,6.346552309782608,5.069246080186632,145.970703125,182.49285888671875,-0.6412709554036455,,5.069246080186632,,5.710517035590278,
2026-02-02 09:41:11.731000+00:00,a very sweet dog who needed an owner. The dog was named Pluto. The dog was black and white and was ready for adoption at,"the local retirement home, because the old lady that owned Pluto before, called Mary, just passed away. The love between Mary and Pluto was often",ULRAMZF7ra0i53A9w3Gv,41FX25A3C8J9,X26X2NDR1QUW,1,human-human,1,author_1,120.0,96.0,94.0,94.0,25.0,0.9791666666666666,0.0208333333333333,0.0,1.0,0.0,8.0,False,,145.0,121.0,117.0,117.0,25.0,0.9669421487603306,0.0330578512396694,0.0,1.0,0.0,10.0,False,,False,,a very sweet dog who needed an owner. The dog was named Pluto. The dog was black and white and was ready for adoption at,0,"the local retirement home, because the old lady that owned Pluto before, called Mary, just passed away. The love between Mary and Pluto was often",0,False,human,human,author_1,human,True,,0.0,-1.9768571524784484,4.906394675925926,4.587486530172414,132.47265625,133.037109375,-1.9768571524784484,-1.095355409564394,4.587486530172414,3.785378196022727,6.564343682650862,4.880733605587121
2026-02-02 09:45:25.870000+00:00,"very special. Sometimes Mary loved to cuddle Pluto, but sometimes she just wanted some alone time. Pluto was very confused with Mary, but he took all the love he","could get, sometimes even more and it is said that with sometimes even craving more from Mary, the old lady kept her joy in life even",ULRAMZF7ra0i53A9w3Gv,41FX25A3C8J9,XRHCVNDQCQLA,2,human-human,2,author_1,161.0,133.0,129.0,129.0,29.0,0.9699248120300752,0.0300751879699248,0.0,1.0,0.0,9.0,False,,134.0,109.0,106.0,106.0,26.0,0.9724770642201837,0.0275229357798165,0.0,1.0,0.0,9.0,False,,False,,"very special. Sometimes Mary loved to cuddle Pluto, but sometimes she just wanted some alone time. Pluto was very confused with Mary, but he took all the love he",0,"could get, sometimes even more and it is said, that with sometimes even craving more from Mary, the old lady kept her joy in life even",1,False,human,human,author_1,human,True,1.0,-2.153579249526515,-2.9676339285714297,3.785378196022727,5.499232700892857,124.91748046875,153.978515625,-1.27001953125,-1.0444793701171875,5.499232700892857,3.840179443359375,6.769252232142857,4.8846588134765625
2026-02-02 09:50:49.814000+00:00,"though she sometimes had a sad dog. Pluto was sad the day Mary passed away, but he also dreamed of a better life. A life with unconditional love from",someone just as loving as Mary had always been!! But Pluto keeps his hopes high to find a person just as kind as his,ULRAMZF7ra0i53A9w3Gv,41FX25A3C8J9,XRHCVNDQCQLA,3,human-human,3,author_1,149.0,121.0,118.0,118.0,29.0,0.975206611570248,0.024793388429752,0.0,1.0,0.0,13.0,False,,115.0,92.0,90.0,90.0,24.0,0.9782608695652174,0.0217391304347826,0.0,1.0,0.0,7.0,False,,False,,"though she sometimes had a sad dog. Pluto was sad the day Mary passed away, but he also dreamed of a better life. A life with unconditional love from",0,someone just a loving as Mary had always been!! But Pluto keeps his hopes high to find a person just as kind as his,1,False,human,human,author_1,human,True,2.0,-2.47137451171875,-3.06953125,3.840179443359375,4.36890625,122.8857421875,109.22265625,-1.2699999999999996,-0.21373155381944464,4.36890625,3.530002170138889,5.63890625,3.7437337239583335
2026-02-02 09:55:21.510000+00:00,wishes. One day at the center a big family came searching for a dog. Pluto had his hopes high when they walked past him. But he got disappointed when they walked right,"right up to him, but smelled even worse than Mary after her 99th birthday. That stink was definitely too much was his",ULRAMZF7ra0i53A9w3Gv,41FX25A3C8J9,XRHCVNDQCQLA,4,human-human,4,author_1,165.0,134.0,131.0,131.0,32.0,0.9776119402985076,0.0223880597014925,0.0,1.0,0.0,11.0,False,,115.0,94.0,90.0,90.0,21.0,0.9574468085106383,0.0212765957446808,0.0,1.0,0.0,10.0,False,,False,,wishes. One day at the center a big family came seaching for a dog. Pluto had his hopes high when they walked past him. But he got disapointed when they walked right,2,"right up to him, but smelled even worse than Mary after her 99 birthday. That stink was definitely too much was his",2,False,human,human,author_1,human,True,3.0,-2.019951714409722,-1.8260271990740744,3.530002170138889,5.4926938657407405,127.080078125,148.302734375,-0.7203052662037042,-0.4391066028225805,5.4926938657407405,2.8241084929435485,6.212999131944445,3.263215095766129
2026-02-02 09:59:45.901000+00:00,thought. Luckily they found another dog at the center. The next day another family came by. Pluto had his hopes up again and the family seemed interested.,", but did then nonetheless decide for a little Chihuahua, which Pluto really couldn't understand, but one day, after",ULRAMZF7ra0i53A9w3Gv,41FX25A3C8J9,XRHCVNDQCQLA,5,human-human,5,author_1,152.0,126.0,123.0,123.0,27.0,0.9761904761904762,0.0238095238095238,0.0,1.0,0.0,10.0,False,,117.0,97.0,93.0,93.0,20.0,0.9587628865979382,0.0412371134020618,0.0,1.0,0.0,10.0,False,,False,,thought. Luckly they found another dog at the center. The next day another family came by. Pluto had his hopes up again and the family seemed interested,2,", but did then none the less decide for a little Chihuahua, which Pluto really couldnt understand, but one day, after",3,False,human,human,author_1,human,True,4.0,-3.4386813256048385,-2.6624298095703125,2.8241084929435485,5.2168121337890625,87.54736328125,125.2034912109375,0.18001302083333304,-0.7486213235294112,5.2168121337890625,3.3171530330882355,5.0367991129557295,4.065774356617647
2026-02-02 10:03:04.153000+00:00,"a long time waiting, an older lady came by. She reminded Pluto of Mary, so he wished so bad that she would find another dog. Pluto wanted more love.","than every human could ever give seemingly. So when after the old lady a giraffe walked into the center, looking for a dog to",ULRAMZF7ra0i53A9w3Gv,41FX25A3C8J9,XRHCVNDQCQLA,6,human-human,6,author_1,148.0,120.0,116.0,116.0,29.0,0.9666666666666668,0.0333333333333333,0.0,1.0,0.0,8.0,False,,123.0,100.0,98.0,98.0,24.0,0.98,0.02,0.0,1.0,0.0,9.0,False,,False,,"a long time waiting, and older lady came by. She reminded Pluto of Mary, so he wished so bad that she would find another dog. Pluto wanted more love",2,"than every human could ever give seemingly. So when after the old lady a giraf walked into the center, looking for a dog to",2,False,human,human,author_1,human,True,5.0,-3.3405905330882355,-2.919245793269231,3.3171530330882355,5.2811748798076925,112.783203125,137.310546875,-1.0305739182692308,-0.868968840568296,5.2811748798076925,2.715143019153226,6.311748798076923,3.584111859721522
2026-02-02 10:06:21.991000+00:00,"adopt. But such things don't happen in real life, so Pluto knew that it was a dream he had. When he woke up the center was",instead filled with dolphins!! Pluto was totally confused! This wasn't what he imagined as a new owner either..he maybe,ULRAMZF7ra0i53A9w3Gv,41FX25A3C8J9,XRHCVNDQCQLA,7,human-human,7,author_1,124.0,99.0,95.0,95.0,27.0,0.9595959595959596,0.0404040404040404,0.0,0.9629629629629628,0.0,6.0,False,,118.0,100.0,95.0,95.0,20.0,0.95,0.05,0.0,1.0,0.0,8.0,False,,False,,"adopt. But such things doesn't happen in real life, so Pluto knew that is was a dream he had. When he woke up the center was",3,instead filled with dolphins!! Pluto was totally confused! This wasnt what he imagined as a new owner either..he maybe,1,False,human,human,author_1,human,True,6.0,-3.130759946761593,-3.058356933593749,2.715143019153226,5.350142822265625,84.16943359375,133.75357055664062,-0.7384790039062494,-0.7518179757254466,5.350142822265625,3.09326171875,6.088621826171875,3.8450796944754466
2026-02-02 10:16:12.855000+00:00,"had another dream he thought. So when he woke up for real, the center was filled with families trying to find their new best friend among","All the lions, tigers, and the three dogs left, including Pluto. So his chance to finally be picked was pretty high today!!",ULRAMZF7ra0i53A9w3Gv,41FX25A3C8J9,XRHCVNDQCQLA,8,human-human,8,author_1,137.0,112.0,110.0,110.0,26.0,0.9821428571428572,0.0178571428571428,0.0,1.0,0.0,8.0,False,,122.0,101.0,96.0,96.0,22.0,0.9504950495049505,0.0495049504950495,0.0,1.0,0.0,9.0,False,,False,,"had another dream he thought. So when he woke up for real, the center was filled with families trying to find their new best friend among",0,"all the lions, tigers and the three dogs left, including Pluto. So his chance to finally be picked was pretty high today!!",2,False,human,human,author_1,human,True,7.0,-3.4306640625,-2.3023365162037033,3.09326171875,4.924660011574074,86.611328125,132.9658203125,-0.5560980902777777,-0.12147013346354196,4.924660011574074,3.427504475911458,5.480758101851852,3.548974609375
2026-02-02 10:19:15.252000+00:00,Pluto had his eyes on one specific family with six kids. Pluto thought that might be just enough love for him. That specific family only looked at,"him, and did fall in love with him instantly!! It was the same for Pluto, and it just felt like complete fate for the",ULRAMZF7ra0i53A9w3Gv,41FX25A3C8J9,XRHCVNDQCQLA,9,human-human,9,author_1,146.0,120.0,118.0,118.0,27.0,0.9833333333333332,0.0166666666666666,0.0,1.0,0.0,8.0,False,,117.0,94.0,90.0,90.0,24.0,0.9574468085106383,0.0425531914893617,0.0,1.0,0.0,9.0,False,,False,,Pluto had his eyes on one specific family with six kids. Pluto thought that might be just enough love for him. That specific family only looked at,0,"him, and did fall in love with him instantly!! It was the same for Pluto, and it just felt like complete fate for the",0,False,human,human,author_1,human,True,8.0,-2.520168050130209,-2.418009440104167,3.427504475911458,4.036706995081018,102.82513427734375,108.9910888671875,-0.1919713903356488,-0.8792805391199447,4.036706995081018,2.9442820829503678,4.228678385416667,3.8235626220703125
2026-02-02 10:24:17.141000+00:00,family and for Pluto. Pluto finally got the family he had been wishing for and all the love that Mary wouldn't give to him. He could now finally live a,fulfilled life with love and joy and a real family. It felt like home the moment he stepped into his new house and they lived,ULRAMZF7ra0i53A9w3Gv,41FX25A3C8J9,XRHCVNDQCQLA,10,human-human,10,author_1,151.0,122.0,119.0,119.0,31.0,0.9754098360655736,0.0245901639344262,0.0,0.967741935483871,0.0,7.0,False,,125.0,101.0,100.0,100.0,25.0,0.99009900990099,0.0099009900990099,0.0,1.0,0.0,9.0,False,,False,,family and for Pluto. Pluto finally got the family he had been wishing for and all the love that Mary wouldn't give to him. He could now finally live a,0,fulfilled life with love and joy and a real family. It felt like home the moment he stepped into his new house and they lived,0,False,human,human,author_1,human,True,9.0,-2.7947612089269303,-2.5505558894230766,2.9442820829503678,3.511042668269231,100.1055908203125,91.287109375,-1.1062950721153841,,3.511042668269231,,4.617337740384615,
2026-02-03 10:29:15.473000+00:00,"class nonstop to the great annoyance of all the teachers. One day, a teacher had enough and he kicked Flipflop out of the classroom. This was the beginning of a","Flip-flop, the breakdancer. They had been keen to breakdance ever since they were a small kid, and had been dancing in",WXfjYvL0j5iHL8rllFn1,N7EAQKMC94LX,C1YXA6MC13JW,1,human-human,1,author_2,117.0,97.0,94.0,94.0,21.0,0.9690721649484536,0.0309278350515463,0.0,1.0,0.0,11.0,False,,160.0,131.0,128.0,128.0,30.0,0.9770992366412212,0.0229007633587786,0.0,1.0,0.0,9.0,False,,False,,"Flipflop, the breakdancer. They had been keen to breakdance ever since they were a small kid, and had been dancing in",1,"class nonstop to the great annoyance of all the teachers. One day, a teacher had enough and he kicked Flipflop out of the classroom. This was the beginning of a",0,False,human,human,author_2,human,True,1.0,0.0,-0.46705518450055816,5.356818704044118,4.686941964285714,182.1318359375,131.234375,-0.46705518450055816,-0.5018808465254931,4.686941964285714,3.688802618729441,5.153997148786273,4.190683465254934
2026-02-03 10:32:38.481000+00:00,"next full moon, he was able to make flip-flops like never before. He danced and danced and he dreamed that one day he would dance all the way to the moon. However,",life-long journey away from schools and teachers and toward dancing. Flip-flop trained more and more and by the,WXfjYvL0j5iHL8rllFn1,N7EAQKMC94LX,C1YXA6MC13JW,2,human-human,2,author_2,110.0,93.0,91.0,91.0,19.0,0.978494623655914,0.021505376344086,0.0,1.0,0.0,8.0,False,,162.0,131.0,127.0,127.0,32.0,0.9694656488549618,0.0305343511450381,0.0,1.0,0.0,9.0,False,,False,,life-long journey away from schools and teachers and toward dancing. Flipflop trained more and more and by the,1,"next full moon, he was able to make flipflops like never before. He danced and danced and he dreamed that one day he would dance all the way to the moon. However,",1,False,human,human,author_2,human,True,2.0,-1.1029775519120069,-4.022105341372282,3.688802618729441,3.933333687160326,140.17449951171875,90.4666748046875,-0.49139669667119534,-0.24164177389705888,3.933333687160326,3.6523150275735294,4.4247303838315215,3.8939568014705883
2026-02-03 10:37:07.594000+00:00,he was once again forced back into the classroom of the gruesome teacher. He tried his best to sit still but the rhythm in his body would not be contained. It seemed,"the teacher that kicked him out on that fateful day continued to haunt him. However much he begged, his parents would not let him stay home from school, and this Wednesday",WXfjYvL0j5iHL8rllFn1,N7EAQKMC94LX,C1YXA6MC13JW,3,human-human,3,author_2,171.0,141.0,138.0,138.0,31.0,0.9787234042553192,0.0212765957446808,0.0,1.0,0.0,9.0,False,,165.0,134.0,132.0,132.0,32.0,0.9850746268656716,0.0149253731343283,0.0,1.0,0.0,9.0,False,,False,,"the teacher that kicked him out on that fateful day continued to haunt him. However much he begged, his parents would not let him stay home from school, and this wednesday",1,he was once again forced back into the classroom of the gruesome teacher. He tried his best to sit still but the rhythm in his body would not be contained. It seemed,0,False,human,human,author_2,human,True,3.0,-1.6562787224264706,-1.7798138786764706,3.6523150275735294,3.927569221047794,124.1787109375,133.537353515625,-0.09562772863051494,0.1296530330882355,3.927569221047794,4.102366727941177,4.023196949678309,3.972713694852941
2026-02-03 10:42:32.207000+00:00,"fast as ever. Outside the music was everywhere and it took over his body. Suddenly, he was dancing around the room and up the walls and his dream of dancing to","like music was playing outside, and the urge to dance became stronger and stronger. He asked to go to the bathroom, and ran out of the classroom as",WXfjYvL0j5iHL8rllFn1,N7EAQKMC94LX,C1YXA6MC13JW,4,human-human,4,author_2,147.0,120.0,117.0,117.0,28.0,0.975,0.025,0.0,1.0,0.0,9.0,False,,159.0,129.0,126.0,126.0,31.0,0.9767441860465116,0.0232558139534883,0.0,1.0,0.0,10.0,False,,False,,"like music was playing outside, and the urge to dance became stronger and stronger. He asked to go to the bathroom, and ran out of the classroom as",0,"fast as ever. Outside the music was everywhere and it took over his body. Suddenly, he was dancing around the room and up the walls and his dream of dancing to",0,False,human,human,author_2,human,True,4.0,-1.8721277573529411,-2.389715379284274,4.102366727941177,2.565914030997984,139.48046875,79.5433349609375,-0.3281722530241935,-0.03327094184027768,2.565914030997984,3.958251953125,2.8940862840221775,3.9915228949652777
2026-02-03 10:48:53.954000+00:00,breakdancers like Flipflop. On and on he went until suddenly his feet lifted off the ground. He continued to spin out the door and his dancing body swirled upward.,"swaggiejackie at the world championship seemed as close as ever. He swirled around, almost floating - as if the laws of physics didn't apply to",WXfjYvL0j5iHL8rllFn1,N7EAQKMC94LX,C1YXA6MC13JW,5,human-human,5,author_2,143.0,119.0,115.0,115.0,25.0,0.9663865546218487,0.0336134453781512,0.0,0.96,0.0,13.0,False,,162.0,134.0,132.0,132.0,29.0,0.9850746268656716,0.0149253731343283,0.0,1.0,0.0,12.0,False,,False,,"swaggiejackie at the world championship seemed as close as ever. He swirled around, almost floating - as if the laws of physics didn't apply to",0,breakdancers like Flipflop. On and on he went until suddenly his feet lifted off the ground. He continued to spin out the door and his dancing body swirled upward,1,False,human,human,author_2,human,True,5.0,-2.530192057291667,-1.116892870734719,3.958251953125,5.079691269818475,142.4970703125,172.70950317382812,0.06323511460248188,-0.015374077690972321,5.079691269818475,4.816942003038195,5.016456155215993,4.832316080729167
2026-02-03 10:54:38.532000+00:00,"giant yellow hat. Flipflop had never taken a class so which he yelled back. ""Take me with you on your dancing journey!"" the man yelled, and Flipflop agreed.","in the greatest Flip-flop he had ever performed. A voice called out: ""Hey kid, where do you take classes man?"". A man standing by the fence looked up from under his",WXfjYvL0j5iHL8rllFn1,N7EAQKMC94LX,C1YXA6MC13JW,6,human-human,6,author_2,163.0,133.0,126.0,126.0,31.0,0.9473684210526316,0.0526315789473684,0.0,1.0,0.0,9.0,False,,156.0,129.0,122.0,122.0,28.0,0.9457364341085271,0.0542635658914728,0.0,1.0,0.0,8.0,False,,False,,"in the greatest Flipflop he had ever performed. A voice called out: ""Hey kid, where do you take classes man?"". A man standing by the fence looked up from under his",1,"giant yellow hat. Flipflop had never taken a class so which he yelled back. ""Take me with you on your dancing journey!"" the man yelled, and Flipflop agreed.",0,False,human,human,author_2,human,True,6.0,-2.10430908203125,-1.9904913651315796,4.816942003038195,4.295551500822368,173.409912109375,163.23095703125,-0.6312994706003296,-0.04191875457763672,4.295551500822368,3.4675827026367188,4.926850971422698,3.5095014572143555
2026-02-03 10:58:55.970000+00:00,and it turned out that the next championship was actually taking place on the moon. His lifelong dream of dancing there would come true after all. Jean and Flipflop,"His name was Jean, and from that day on, they became the best partners in crime, breakdancing in symbiosis. One day they looked at the world championship of breakdancing.",WXfjYvL0j5iHL8rllFn1,N7EAQKMC94LX,C1YXA6MC13JW,7,human-human,7,author_2,169.0,141.0,137.0,137.0,29.0,0.9716312056737588,0.0283687943262411,0.0,1.0,0.0,12.0,False,,165.0,137.0,134.0,134.0,29.0,0.978102189781022,0.0218978102189781,0.0,1.0,0.0,12.0,False,,False,,"His name was Jean, and from that day on, they became the best partners in crime, breakdancing in symbiosis. One day they looked at the world championship of breakdancing",1,"and it turned out that the next championship was actually taking place on the moon. His lifelong dream of dancing there, would come true after all. Jean and Flipflop",1,False,human,human,author_2,human,True,7.0,-2.9479522705078125,-2.0438737611512883,3.4675827026367188,3.4336471557617188,110.962646484375,127.0449447631836,-0.3520476882522172,-0.27664432010135176,3.4336471557617188,4.272302576013513,3.785694844013936,4.548946896114865
2026-02-03 11:02:14.533000+00:00,"saying that unfortunately, they would not receive funding as Elon was sick of helping people because he is a bad guy. If they wanted to go to the moon to dance, they would","sent in the application to the Elon Musk Foundation, which sponsored the travel costs. Only a couple of hours after sending it in, they got a call.",WXfjYvL0j5iHL8rllFn1,N7EAQKMC94LX,C1YXA6MC13JW,8,human-human,8,author_2,146.0,120.0,117.0,117.0,27.0,0.975,0.025,0.0,1.0,0.0,11.0,False,,168.0,137.0,134.0,134.0,32.0,0.978102189781022,0.0218978102189781,0.0,1.0,0.0,13.0,False,,False,,"sent in the application to the elon musk foundation, which sponsored the travel costs. Only a couple of hours after sending it in, they got a call",4,"saying that unfortunately, they would not recieve funding as Elon was sick of helping people because he has a bad guy. If they wanted to go to moon to dance, they would",8,False,human,human,author_2,human,True,8.0,-1.4035842483108114,-2.1873109879032255,4.272302576013513,3.1899571572580645,158.0751953125,98.888671875,-0.757844002016129,0.11478000217013928,3.1899571572580645,3.3870408799913196,3.9478011592741935,3.2722608778211804
2026-02-03 11:06:18.861000+00:00,"but Flipflop had a better idea. ""Or maybe we could just dance all the way?"" Jean was a bit skeptical of this idea because he had never danced above the ground like","have to pay themselves. ""Aw man, what a blow!"" said Flipflop. A disappointment lay in the silence. ""Maybe we can raise the money,"" said Jean,",WXfjYvL0j5iHL8rllFn1,N7EAQKMC94LX,C1YXA6MC13JW,9,human-human,9,author_2,140.0,116.0,106.0,106.0,25.0,0.913793103448276,0.0862068965517241,0.0,1.0,0.0,14.0,False,,163.0,132.0,128.0,128.0,32.0,0.9696969696969696,0.0303030303030303,0.0,1.0,0.0,9.0,False,,False,,"have to pay themselves. ""Aw man, what a blow!"" said Flipflop. A disappointment lay in the silence. ""Maybe we can raise the money"" said Jean,",1,"but Flipflop had a better idea. ""Or maybe we could just dance all the way?"" Jean was a bit skeptical at this idea because he had never danced above the ground like",2,False,human,human,author_2,human,True,9.0,-2.5426466200086804,-2.972181919642857,3.3870408799913196,3.549497767857143,121.9334716796875,124.232421875,-0.2664202008928571,-0.09532125372635702,3.549497767857143,3.211269177888569,3.81591796875,3.306590431614926
2026-02-03 11:16:53.932000+00:00,you get a chance to dance on the moon. Jean couldn't argue with that so they got the equipment from Flipflop's uncle and soon they were ready to go. They grabbed,"that. ""What about oxygen?"" said Jean. ""I think my uncle has some oxygen tanks, he deep dives a lot,"" said Flipflop. ""Come on man, we've gotta try. When else do",WXfjYvL0j5iHL8rllFn1,N7EAQKMC94LX,C1YXA6MC13JW,10,human-human,10,author_2,159.0,130.0,116.0,116.0,31.0,0.8923076923076924,0.1076923076923077,0.0,1.0,0.0,8.0,False,,161.0,131.0,127.0,127.0,33.0,0.9694656488549618,0.0305343511450381,0.0,0.9393939393939394,0.0,9.0,False,,False,,"that. ""What about oxygen?"" said Jean. ""I think my uncle has some oxygen tanks, he deep dives a lot"", said Flipflop. ""Come on man, we've gotta try. When else do",2,you get a chance to dance on the moon. Jean couldn't argue with that so they got the equipment from Flipflop's uncle and soon they were ready to go. They grabbed,0,False,human,human,author_2,human,True,10.0,-2.5284536261307564,-3.048453591086648,3.211269177888569,2.8425709117542612,122.02822875976562,125.0731201171875,-0.6493474786931821,,2.8425709117542612,,3.4919183904474433,
2026-02-10 14:33:58.128000+00:00,It was a cold December morning and the last thing Maggie wanted was to have to leave the house. But life had other,"plans for her day, when she woke up she was prepared to have her usual cereal with milk for breakfast, but she realized she had forgotten to buy",WYnhagFwtR0bJ9vucGsm,XTZF1UP9N8SX,YYZE1DPXWRUE,1,human-human,1,author_1,110.0,89.0,88.0,88.0,22.0,0.9887640449438202,0.0112359550561797,0.0,1.0,0.0,8.0,False,,144.0,117.0,115.0,115.0,28.0,0.9829059829059827,0.017094017094017,0.0,1.0,0.0,9.0,False,,False,,It was a cold December morning and last thing Maggie wanted was to have to leave the house. But life had other,4,"plans for her day, when she woke up she was prepared to have her usual cereal with milk for breakfast, but she realised she had forgotten to buy",1,False,human,human,author_1,human,True,,0.0,-0.8587076822916666,4.2470703125,3.849739583333333,101.9296875,115.4921875,-0.8587076822916666,-1.6060156250000004,3.849739583333333,4.160234375,4.708447265625,5.76625
2026-02-10 14:37:55.225000+00:00,new bowls as her cat broke the last two she had left in the house. She could have asked a neighbor for a spare,"one, but she was not very liked among the neighbours, since she was considered to be a brat that ruined the neighbourhood, never left the house and was rude to",WYnhagFwtR0bJ9vucGsm,XTZF1UP9N8SX,YYZE1DPXWRUE,2,human-human,2,author_1,111.0,88.0,87.0,87.0,24.0,0.9886363636363636,0.0113636363636363,0.0,1.0,0.0,9.0,False,,161.0,132.0,129.0,129.0,30.0,0.9772727272727272,0.0227272727272727,0.0,1.0,0.0,13.0,False,,False,,new bowls as her cat broke the last two she had left in the house. She could have asked a neighbour for a spare,1,"one, but she was not very liked between the neighbours, since she was considered to be a brat that ruined the neighbourhood, never left the house and was rude to",7,False,human,human,author_1,human,True,1.0,-2.175859375,-1.442708333333333,4.160234375,4.06832978219697,104.005859375,134.2548828125,-0.7085996685606064,-0.714569091796875,4.06832978219697,4.715972900390625,4.776929450757576,5.4305419921875
2026-02-10 14:42:24.885000+00:00,everyone except that cute boy on no. 25. Well now she has a good reason to start a conversation at least. But how can you randomly knock,"at someone's door and start a random interaction, like this? She was scared of seeming weird or that he knew what people said about",WYnhagFwtR0bJ9vucGsm,XTZF1UP9N8SX,YYZE1DPXWRUE,3,human-human,3,author_1,136.0,110.0,105.0,105.0,26.0,0.9545454545454546,0.0272727272727272,0.0,1.0,0.0,12.0,False,,131.0,108.0,105.0,105.0,25.0,0.9722222222222222,0.0277777777777777,0.0,0.96,0.0,11.0,False,,False,,everyone except that cute boy on no. 25. Well now she has a good reason to start a conversation at least. But how can you randomly knock,0,"at someone's door and start a random interaction, like this? She was scared of seeming weird or that he knew what people said about",0,False,human,human,author_1,human,True,2.0,-1.740753173828125,-3.159672328404018,4.715972900390625,3.896815708705357,150.9111328125,109.11083984375,-1.9620535714285716,-1.117975050403226,3.896815708705357,4.088174143145161,5.858869280133929,5.206149193548387
2026-02-10 14:47:42.909000+00:00,"her or her past. But this might be her only chance of having a real conversation in such a long time, or to see another human being out.","of her usual ghost friends. Maggies decided she would then go and knock at Greg's door and ask for a bowl, how bad could it be,",WYnhagFwtR0bJ9vucGsm,XTZF1UP9N8SX,YYZE1DPXWRUE,4,human-human,4,author_1,135.0,108.0,106.0,106.0,28.0,0.9814814814814816,0.0185185185185185,0.0,1.0,0.0,12.0,False,,128.0,103.0,99.0,99.0,27.0,0.9611650485436892,0.0388349514563106,0.0,0.9629629629629628,0.0,7.0,False,,False,,"her or her past. But this might be her only chance of having a real conversation in such a long time, or to see another human being out",1,"of her usual ghost friends. Maggies decided she would then go and knowck at Greg's door and ask for a bowl, how bad could it be,",1,False,human,human,author_1,human,True,3.0,-1.767861643145162,-2.909271240234375,4.088174143145161,3.937307357788086,126.7333984375,125.99383544921875,-1.1852664947509766,-0.714425223214286,3.937307357788086,2.9334542410714284,5.1225738525390625,3.6478794642857144
2026-02-10 14:52:22.398000+00:00,"after all? And there he was, standing still and staring at her, confused, as if she was the first person he had seen in","pyjamas walking to his front door, however when he looked a bit more he seemed to be very intrigued by that strange girl he had never seen",WYnhagFwtR0bJ9vucGsm,XTZF1UP9N8SX,YYZE1DPXWRUE,5,human-human,5,author_1,118.0,95.0,92.0,92.0,24.0,0.968421052631579,0.031578947368421,0.0,1.0,0.0,8.0,False,,141.0,115.0,114.0,114.0,27.0,0.991304347826087,0.008695652173913,0.0,1.0,0.0,9.0,False,,False,,"after all? And there he was, standing still and staring at her confused, as if she was the first person he had seen in",1,"pyjamas walking to his front door, however when he looked a bit more he seemed to be very intrigued about that strange girl he had never seen",4,False,human,human,author_1,human,True,4.0,-2.014090401785715,-1.8078108162715525,2.9334542410714284,4.577594625538793,82.13671875,132.750244140625,-0.7127138335129315,-0.7934792258522725,4.577594625538793,3.999600497159091,5.290308459051724,4.793079723011363
2026-02-10 14:56:35.855000+00:00,that somehow looked so familiar. But where have they seen each other before? Does she remember him as well or,"not? She walked a bit more towards him and he started to get a glimpse of an old memory, of something so long gone he had almost",WYnhagFwtR0bJ9vucGsm,XTZF1UP9N8SX,YYZE1DPXWRUE,6,human-human,6,author_1,109.0,90.0,88.0,88.0,20.0,0.9777777777777776,0.0222222222222222,0.0,1.0,0.0,8.0,False,,128.0,102.0,100.0,100.0,27.0,0.9803921568627452,0.0196078431372549,0.0,1.0,0.0,9.0,False,,False,,that somehow looked so familiar. But where have they seen each other before? Does she remember him as well or,0,"not? She walked a bit more towards him and he started to get a glimpse of an old memory, of something so long gone he had almost",0,False,human,human,author_1,human,True,5.0,-1.5151811079545459,-2.04248046875,3.999600497159091,3.793591729525862,87.9912109375,110.01416015625,-0.7218985721982758,-1.047457181490385,3.793591729525862,3.8388671875,4.515490301724138,4.886324368990385
2026-02-10 14:59:49.148000+00:00,"forgot. Her scent, something so unique that brings back so many memories. He thought it was all gone, but where has she","been all this time? He wondered. She then opened her mouth and said her name, oh so she did not remember him, she explained the situation.",WYnhagFwtR0bJ9vucGsm,XTZF1UP9N8SX,YYZE1DPXWRUE,7,human-human,7,author_1,119.0,98.0,94.0,94.0,22.0,0.9591836734693876,0.0408163265306122,0.0,1.0,0.0,9.0,False,,137.0,112.0,108.0,108.0,26.0,0.9642857142857144,0.0357142857142857,0.0,1.0,0.0,9.0,False,,False,,"forgot. Her scent, something so unique that brings back so many memories. He thought it was all gone, but where has she",0,"been all this time? He wondered. She then opened her mouth and said her name, oh so she did not remember him, she explained the situation",1,False,human,human,author_1,human,True,6.0,-2.2452298677884617,-2.615880166330645,3.8388671875,3.322627898185484,99.810546875,103.00146484375,-1.05353767641129,-0.9251145987675109,3.322627898185484,2.579364118904903,4.376165574596774,3.5044787176724137
2026-02-10 15:03:33.785000+00:00,so quickly as if all she wanted was to get out of there as soon as possible. But he couldn't even listen to the words coming,"out of her mouth because he could just see that little girl, with curly braids and brackets whom he used to have the biggest crush on.",WYnhagFwtR0bJ9vucGsm,XTZF1UP9N8SX,YYZE1DPXWRUE,8,human-human,8,author_1,124.0,99.0,97.0,97.0,27.0,0.9797979797979798,0.0202020202020202,0.0,0.9629629629629628,0.0,8.0,False,,130.0,106.0,105.0,105.0,25.0,0.9905660377358492,0.0094339622641509,0.0,1.0,0.0,8.0,False,,False,,so quickly as if all she wanted was to get out of there as soon as possible. But he couldn't even listen to the words coming,0,"out of her mouth because he could just see that little girl, with curly braids and brackets whom he used to have the biggest crush",4,False,human,human,author_1,human,True,7.0,-1.9402439512055496,-2.783017839704241,2.579364118904903,3.5512891496930803,74.80155944824219,99.43609619140625,-1.2205527169363841,-0.2903605143229169,3.5512891496930803,2.662581380208333,4.771841866629464,2.95294189453125
2026-02-10 15:06:28.851000+00:00,on. Was it actually her? How was it possible that she was standing right in front of him all those years later? And how could she not,"remember him? He thought that embarrassing moment between them at the schoolyard had totally traumatized her, so she would certainly remember",WYnhagFwtR0bJ9vucGsm,XTZF1UP9N8SX,YYZE1DPXWRUE,9,human-human,9,author_1,133.0,107.0,104.0,104.0,27.0,0.97196261682243,0.02803738317757,0.0,1.0,0.0,8.0,False,,141.0,120.0,118.0,118.0,22.0,0.9833333333333332,0.0166666666666666,0.0,1.0,0.0,11.0,False,,False,,on. Was it actually her? How was it possible that she was standing right in front of him all those years later? And how could she not,0,"remember him? He thought that embarassing moment between them at the school yard had totally traumatised her, so she would certainly remember",3,False,human,human,author_1,human,True,8.0,-1.5859822591145831,-2.5616015625,2.662581380208333,3.9355859375,79.87744140625,98.3896484375,-0.9415234374999999,-1.2374609488028065,3.9355859375,3.1954559043601707,4.877109375,4.432916853162977
2026-02-10 15:08:31.729000+00:00,"it, but she has totally forgotten about that incident and about him apparently. He didn't even know where to start or how or","if he should tell her who he was, maybe he could get to know her before trying something out? It was crazy that his feelings were the same after all this.",WYnhagFwtR0bJ9vucGsm,XTZF1UP9N8SX,YYZE1DPXWRUE,10,human-human,10,author_1,123.0,101.0,99.0,99.0,23.0,0.9801980198019802,0.0198019801980198,0.0,1.0,0.0,10.0,False,,153.0,123.0,121.0,121.0,31.0,0.983739837398374,0.016260162601626,0.0,1.0,0.0,9.0,False,,False,,"it, but she has totally forgotten about that incident and about him apparently. He didnt even knew where to start or how or",2,"if he should tell her who he was, maybe he could get to know her before trying something out? It was crazy that his feelings were the same after all this",1,False,human,human,author_1,human,True,9.0,-2.704066665084274,-2.078232709099265,3.1954559043601707,3.6363238166360294,86.27730941772461,123.635009765625,-0.7305764590992649,,3.6363238166360294,,4.366900275735294,
2026-02-03 10:24:53.923000+00:00,"a dog that lived in a small house in India. The house was made of cement and dog biscuits, so it smelled good,",but it didn't smell AMAZING. And it was actually a cat. It liked living in India because there was a lot of good and spicy food. The house was,YprMqddWHK39musGQ4si,FZPCS1TCCMLT,Y4NHG1KG38JT,1,human-human,1,author_1,110.0,88.0,85.0,85.0,23.0,0.9659090909090908,0.034090909090909,0.0,1.0,0.0,8.0,False,,143.0,115.0,110.0,110.0,30.0,0.9565217391304348,0.0434782608695652,0.0,0.9666666666666668,0.0,8.0,False,,False,,"a dog that lived in a small house in India. The house was made of cement and dog biscuits, so it smelled good,",0,"but it didn't smell AMAZING. And it was actually a cat. It liked living in India, because there was a lot of good and spicy food. The house was",1,False,human,human,author_1,human,True,,0.0,-1.776734296013327,5.556941105769231,3.9644883099724266,144.48046875,134.7926025390625,-1.776734296013327,-0.914734395345052,3.9644883099724266,4.200096638997396,5.741222605985754,5.114831034342448
2026-02-03 10:27:57.007000+00:00,"very small and smelled okay. Its smell is subjective. The dog/cat wasn't really sure what it was. It had a tail, four","hands and a small pet hamster. What an identity crisis. Yes, there are hamsters in India, and they are only owned by cats/dogs. That",YprMqddWHK39musGQ4si,FZPCS1TCCMLT,Y4NHG1KG38JT,2,human-human,2,author_1,117.0,96.0,90.0,90.0,24.0,0.9375,0.0625,0.0,0.9583333333333334,0.0,10.0,False,,132.0,109.0,103.0,103.0,25.0,0.944954128440367,0.055045871559633,0.0,1.0,0.0,8.0,False,,False,,"very small and smelled okay. Its smell is subjective. The dog/cat wasn't really sure what it was. It had a tail, four",0,"hands and a small pet hamster. What an identity crisis. Yes, there are hamsters in India, and they are only owned by cats/dogs. That",0,False,human,human,author_1,human,True,1.0,-2.3047765096028643,-1.8294925689697266,4.200096638997396,4.452077865600586,126.00289916992188,142.46649169921875,-1.111236572265625,-1.9816151494565215,4.452077865600586,2.9177564538043477,5.563314437866211,4.899371603260869
2026-02-03 10:31:02.612000+00:00,is a simple fact. The pet hamster lived with the dog in the house. The dog and the hamster always had,"dinner together, and one day they met Julia Roberts. She was filming Eat, Pray, Love. She got inspired by the beautiful friendship of the hamster and dog/cat, and",YprMqddWHK39musGQ4si,FZPCS1TCCMLT,Y4NHG1KG38JT,3,human-human,3,author_1,101.0,81.0,79.0,79.0,21.0,0.9753086419753086,0.0246913580246913,0.0,1.0,0.0,7.0,False,,162.0,135.0,128.0,128.0,29.0,0.9481481481481482,0.0518518518518518,0.0,1.0,0.0,10.0,False,,False,,is a simple fact. The pet hamster lived with the dog in the house. The dog and the hamster always had,0,"dinner together, and one day they met Julia Roberts. She was filming Eat, Pray, Love. She got inspired by the beautiful friendship of the hamster and dog/cat, and",0,False,human,human,author_1,human,True,2.0,-2.895847486413044,-2.606835259331597,2.9177564538043477,3.2415669759114585,67.1083984375,116.6964111328125,-0.7288377549913192,-1.673169366244612,3.2415669759114585,3.401318780307112,3.9704047309027777,5.074488146551724
2026-02-03 10:34:18.386000+00:00,"decided to try and leave the film industry for a while to live with the dog, cat, and hamster the way God had intended. She","had had her spiritual awakening. But the dog/cat and hamster kicked her out, and she had to live on the street for a while. They",YprMqddWHK39musGQ4si,FZPCS1TCCMLT,Y4NHG1KG38JT,4,human-human,4,author_1,121.0,98.0,96.0,96.0,25.0,0.979591836734694,0.0204081632653061,0.0,1.0,0.0,8.0,False,,128.0,104.0,100.0,100.0,26.0,0.9615384615384616,0.0384615384615384,0.0,1.0,0.0,9.0,False,,False,,decided to try and leave the film industry for a while to live with the dog/cat and hamster the way God had intended. She,3,"had had her spiritual awakening. But the dog/cat and hamster kicked her out, and she had to live on the street for a while. They",0,False,human,human,author_1,human,True,3.0,-2.3717146248653016,-2.8799560546875,3.401318780307112,2.7076416015625,98.63824462890625,81.229248046875,-0.5750081380208334,-1.6175781249999996,2.7076416015625,3.684375,3.2826497395833334,5.301953125
2026-02-03 10:36:56.424000+00:00,looked at her with disgust every time they walked by her. She instantly regretted leaving her glamorous lifestyle.,. Stupid of her to think that she would be a part of the club. One day the dog/cat saw an eagle in the sky.,YprMqddWHK39musGQ4si,FZPCS1TCCMLT,Y4NHG1KG38JT,5,human-human,5,author_1,113.0,96.0,95.0,95.0,18.0,0.9895833333333334,0.0104166666666666,0.0,1.0,0.0,9.0,False,,107.0,83.0,79.0,79.0,25.0,0.9518072289156626,0.0481927710843373,0.0,1.0,0.0,6.0,False,,False,,looked at her with disgust every time they walked by her. She instantly regretted leaving her glamorous lifestyle,1,. Stupid of her to think that she would be a part of the club. One day the dog/cat saw an eagle in the sky.,0,False,human,human,author_1,human,True,4.0,-3.096875,-1.4546529835668105,3.684375,4.283889244342673,73.6875,124.2327880859375,0.401493467133621,-1.2124938964843746,4.283889244342673,3.396886189778646,3.8823957772090516,4.6093800862630205
2026-02-03 10:40:28.057000+00:00,"The eagle screamed its eagle noises, and the dog/cat became scared when he saw its big, sharp claws. The","only solution was to jump on top of the eagle and fly to a land far, far away. The hamster was sad at first, but then it moved in with Julia.",YprMqddWHK39musGQ4si,FZPCS1TCCMLT,Y4NHG1KG38JT,6,human-human,6,author_1,105.0,87.0,82.0,82.0,20.0,0.942528735632184,0.057471264367816,0.0,1.0,0.0,8.0,False,,140.0,110.0,107.0,107.0,31.0,0.9727272727272728,0.0272727272727272,0.0,1.0,0.0,8.0,False,,False,,"The eagle screamed its eagle noises, and the dog/cat became scared, when he saw its big, sharp claws. The",1,"only solution was to jump on top of the eagle and fly to a land far, far away. The hamster was sad at first, but then it moved in with Julia",1,False,human,human,author_1,human,True,5.0,-2.974207560221354,-2.6658482142857145,3.396886189778646,2.887472098214286,81.5252685546875,101.0615234375,-0.40245535714285685,-1.032352570564517,2.887472098214286,4.500472530241935,3.2899274553571427,5.532825100806452
2026-02-03 10:43:05.761000+00:00,"Roberts. Julia was famished and pale, and hamster had sympathy for her. ""Maybe I can have a pet Julia Roberts,"" it thought. So he",was now the master of the house. Julia regularly served him a plate of fruit or a glass of wine. But the house still,YprMqddWHK39musGQ4si,FZPCS1TCCMLT,Y4NHG1KG38JT,7,human-human,7,author_1,129.0,106.0,99.0,99.0,24.0,0.9339622641509434,0.0660377358490566,0.0,1.0,0.0,8.0,False,,116.0,93.0,91.0,91.0,24.0,0.978494623655914,0.021505376344086,0.0,1.0,0.0,9.0,False,,False,,"Roberts. Julia was famished and pale, and hamster had sympathy for her. ""Maybe I can have a pet Julia Roberts"", it thought. So he",2,was now the master of the house. Julia regularly served him a plate of fruit or a glass of wine. But the house still,0,False,human,human,author_1,human,True,6.0,-2.750472530241936,-1.5080190805288467,4.500472530241935,4.1963641826923075,139.5146484375,109.10546875,-0.5432692307692308,-1.7573889530066285,4.1963641826923075,2.572064024029356,4.739633413461538,4.329452977035984
2026-02-03 10:45:17.226000+00:00,"smelled like dog biscuits, and was far too small for them. The hamster wanted to move, but also couldn't bear to say goodbye to the house he","was so fond of. Since Julia was a house slave at this point, she wasn't so fond of it. So she ran away. The hamster looked in",YprMqddWHK39musGQ4si,FZPCS1TCCMLT,Y4NHG1KG38JT,8,human-human,8,author_1,140.0,114.0,110.0,110.0,28.0,0.9649122807017544,0.0350877192982456,0.0,0.9642857142857144,0.0,8.0,False,,125.0,99.0,94.0,94.0,28.0,0.9494949494949496,0.0505050505050505,0.0,0.9642857142857144,0.0,7.0,False,,False,,"smelled like dog biscuits, and was far too small for them. The hamster wanted to move, but also couldn't bear to say goodbye to the house he",0,"was so fond of. Since Julia was a house slave at this point, she wasn't so fond of it. So she ran away. the hamster looked in",1,False,human,human,author_1,human,True,7.0,-2.8083620938387788,-2.7733949603456445,2.572064024029356,3.274715539180871,84.87811279296875,108.06561279296875,-1.1212759306936553,-1.3447381381330819,3.274715539180871,3.9326434957570044,4.395991469874526,5.277381633890086
2026-02-03 10:48:17.768000+00:00,"pain at Julia running back to the film crew. He spat on the ground and lit a cigarette. ""She can't handle the lifestyle,""",I thought. This inspired the hamster to work on his music and get that record deal he had always dreamed of. A tortured,YprMqddWHK39musGQ4si,FZPCS1TCCMLT,Y4NHG1KG38JT,9,human-human,9,author_1,121.0,99.0,93.0,93.0,24.0,0.9393939393939394,0.0606060606060606,0.0,0.9583333333333334,0.0,9.0,False,,119.0,97.0,95.0,95.0,23.0,0.979381443298969,0.0206185567010309,0.0,1.0,0.0,8.0,False,,False,,"pain at Julia running back to the film crew. He spat on the ground and lit a cigarette. ""She can't handle the lifestyle,""",0,I thought. This inspired the hamster to work on his music and get that record deal he had always dreamed of. A tortured,0,False,human,human,author_1,human,True,8.0,-2.4905921672952585,-2.22375,3.9326434957570044,4.4344140625,114.04666137695312,110.8603515625,-0.8944140625000001,-1.4359700520833334,4.4344140625,3.296638997395833,5.328828125,4.732609049479167
2026-02-03 10:50:17.822000+00:00,artist. No one knew all the things he had been through. So he hopped on a plane to LAX with a dream and a cardigan. He,"jumped in a cab, here he was for the first time, looked to his right and he saw the Hollywood sign. He thought, ""this",YprMqddWHK39musGQ4si,FZPCS1TCCMLT,Y4NHG1KG38JT,10,human-human,10,author_1,118.0,93.0,90.0,90.0,26.0,0.967741935483871,0.032258064516129,0.0,1.0,0.0,8.0,False,,116.0,93.0,88.0,88.0,24.0,0.946236559139785,0.053763440860215,0.0,1.0,0.0,9.0,False,,False,,artist. No one knew all the things he had been through. So he hopped on a plane to LAX with a dream and a cardigan. He,0,"jumped in a cab, here he was for the first time, looked to his right and he saw the Hollywood sign. He though, ""this",1,False,human,human,author_1,human,True,9.0,-1.7741943359375005,-1.6151234944661463,3.296638997395833,3.1602996826171874,98.899169921875,94.80899047851562,-1.219192504882813,,3.1602996826171874,,4.3794921875,
2026-02-05 13:14:47.549000+00:00,"a mouse who wanted to explore the world; it lived in a quiet, peaceful meadow, by the river, and it recently befriended a lobster that had explored the upper parts","One day, the lobster asked if the mouse wanted to go to the mountain in the horizon. A little hesitant, but also intrigued, the mouse",bF3wySQHXxUL66FkpR9w,5A47C3YQEQSX,LFZQE8YR5MJF,1,human-human,1,author_1,163.0,134.0,130.0,130.0,30.0,0.9701492537313432,0.0298507462686567,0.0,1.0,0.0,10.0,False,,132.0,108.0,104.0,104.0,25.0,0.9629629629629628,0.037037037037037,0.0,1.0,0.0,8.0,False,,False,,"a mouse who wanted to explore the world; it lived in a quiet, peaceful meadow, by the river, and it recently befriended a lobster that had explored the upper parts",0,"One day, the lobster asked if the mouse wanted to go to the mountain in the horizon. A little hesitant, but also intigued, the mouse",1,False,human,human,author_1,human,True,,0.0,-1.5939183728448274,5.667628696986607,3.6071188038793105,198.36700439453125,104.6064453125,-1.5939183728448274,-1.009943181818182,3.6071188038793105,3.7230705492424243,5.201037176724138,4.733013731060606
2026-02-05 13:17:54.121000+00:00,"asked the lobster to give it a day to prepare. The mouse went home and found his hiking boots, and prepared a big meal to take with him and share.","with the lobster. The next day they were on their way, but before they even knew it, they were already facing",bF3wySQHXxUL66FkpR9w,5A47C3YQEQSX,LFZQE8YR5MJF,2,human-human,2,author_1,141.0,113.0,111.0,111.0,29.0,0.9823008849557522,0.0176991150442477,0.0,1.0,0.0,8.0,False,,109.0,89.0,86.0,86.0,21.0,0.9662921348314608,0.0337078651685393,0.0,1.0,0.0,7.0,False,,False,,"asked the lobster to give it a day to prepare. The mouse went home and found his hiking boots, and prepared a big meal to take with and share",5,"with the lobster. The next day they were on their way, but before they even knew it, they were already facing",0,False,human,human,author_1,human,True,1.0,-2.158188328598485,-2.5209147135416665,3.7230705492424243,2.7674967447916665,122.861328125,66.419921875,-0.709513346354167,-0.7280417049632351,2.7674967447916665,2.8614860983455883,3.4770100911458335,3.5895278033088234
2026-02-05 13:20:51.180000+00:00,"their first obstacle; a passage that seemed to be guarded by two foxes. The mouse was scared and asked the lobster if they could take an alternate path, but the lobster","insisted that this was a great opportunity for personal development. The lobster thought out a plan to distract the foxes, by essentially using the",bF3wySQHXxUL66FkpR9w,5A47C3YQEQSX,LFZQE8YR5MJF,3,human-human,3,author_1,166.0,136.0,133.0,133.0,31.0,0.9779411764705882,0.0220588235294117,0.0,1.0,0.0,9.0,False,,147.0,124.0,122.0,122.0,24.0,0.9838709677419356,0.0161290322580645,0.0,1.0,0.0,11.0,False,,False,,"their first obstacle; a passage that seemed to be guarded by two foxes. The mouse was scared and asked the lobster if they can take an alternate path, but the lobster",4,"insisted that this was a great opportunity for personal development. The lobster thought out a plan to distract the foxes, by essentially using the",0,False,human,human,author_1,human,True,2.0,-2.4146369485294117,-3.4258942780671298,2.8614860983455883,3.522456416377315,97.29052734375,95.1063232421875,-2.2349582248263884,-0.6374511718749996,3.522456416377315,3.439993193655303,5.757414641203703,4.077444365530303
2026-02-05 13:23:25.441000+00:00,"meal that the mouse had brought along. The mouse reluctantly agreed, although with the condition that the lobster would have to find and make dinner for them later. They hid","the meal in some nearby bushes, and slowly the foxes began to pick up the scent from the meal. They both left the passage, and the mouse and the",bF3wySQHXxUL66FkpR9w,5A47C3YQEQSX,LFZQE8YR5MJF,4,human-human,4,author_1,172.0,143.0,140.0,140.0,30.0,0.9790209790209792,0.0209790209790209,0.0,1.0,0.0,11.0,False,,144.0,116.0,113.0,113.0,29.0,0.9741379310344828,0.0258620689655172,0.0,1.0,0.0,7.0,False,,False,,"meal that the mouse had brought along. The mouse reluctantly agreed, although with the condition that the lobster will have to find and make dinner for them later. They hid",3,"the meal in some nearby bushes, and slowly the foxes began to pick up the scent from the meal. They both left the passage, and the mouse and the",0,False,human,human,author_1,human,True,3.0,-2.426698626893939,-3.646820068359375,3.439993193655303,2.81549072265625,113.519775390625,90.095703125,-0.8851318359375,-1.0237311285895272,2.81549072265625,3.1564248574746623,3.70062255859375,4.1801559860641895
2026-02-05 13:28:46.829000+00:00,"lobster quickly ran through the passage; soon, however, they encountered a third fox. It was looming over them, and the lobster readied its claws to attack, but the other two","foxes were suddenly back and got a hold of the mouse. This put a stop to the lobster's attempts to escape, and so they were captured and brought to",bF3wySQHXxUL66FkpR9w,5A47C3YQEQSX,LFZQE8YR5MJF,5,human-human,5,author_1,174.0,145.0,139.0,139.0,30.0,0.9586206896551724,0.0413793103448275,0.0,1.0,0.0,11.0,False,,147.0,119.0,116.0,116.0,30.0,0.9747899159663864,0.0252100840336134,0.0,0.9666666666666668,0.0,8.0,False,,False,,"lobster quickly ran through the passage; soon, however, they encountered a third fox. It was looming over them, and the lobster readied its claws to attack, but the other two",0,"foxes were suddenly back and got a hold of the mouse. This put a stop to the lobster's attempts to escape, and so they were captured and brought to",0,False,human,human,author_1,human,True,4.0,-2.393604175464527,-2.5932581284466907,3.1564248574746623,2.9248594396254597,116.7877197265625,99.44522094726562,-1.4119612749885113,-0.6790786370998476,2.9248594396254597,3.4178995272008383,4.336820714613971,4.096978164300686
2026-02-05 13:32:47.832000+00:00,"a nearby thieves' camp. The camp consisted of other foxes, some wolves and also some weasels. One weasel felt bad for the two friends though, and took pity on them. He decided","to help them out (in exchange for the mouse's hiking boots). When everyone else was sat around the fire, he freed them and pointed them in the direction",bF3wySQHXxUL66FkpR9w,5A47C3YQEQSX,LFZQE8YR5MJF,6,human-human,6,author_1,175.0,144.0,138.0,138.0,32.0,0.9583333333333334,0.0416666666666666,0.0,1.0,0.0,9.0,False,,153.0,126.0,121.0,121.0,29.0,0.9603174603174603,0.0396825396825396,0.0,0.9655172413793104,0.0,9.0,False,,False,,"a nearby thieves' camp. The camp consisted of other foxes, some wolves and also some weasels. One weasel felt bad for the two friends though, and took pity on them. He decided",0,"to help them out (in exchange for the mouse's hiking boots). When everyone else were sat around the fire, he freed them and pointed them in the direction",3,False,human,human,author_1,human,True,5.0,-1.9189587104611285,-3.1175527861624057,3.4178995272008383,2.77305556788589,140.13388061523438,91.51083374023438,-1.7574028246330493,-0.8245923591382573,2.77305556788589,2.8502215761126894,4.5304583925189394,3.674813935250947
2026-02-05 13:36:34.283000+00:00,"of a shortcut that would lead them right to the mountain that they wanted to see in the first place. The two quickly made their way, going through winding tunnels and",essentially a labyrinth. A faster way did not necessarily mean easier. At one point they thought they found the end of the,bF3wySQHXxUL66FkpR9w,5A47C3YQEQSX,LFZQE8YR5MJF,7,human-human,7,author_1,166.0,136.0,134.0,134.0,31.0,0.9852941176470588,0.0147058823529411,0.0,1.0,0.0,8.0,False,,123.0,102.0,100.0,100.0,22.0,0.9803921568627452,0.0196078431372549,0.0,1.0,0.0,12.0,False,,False,,"of a shortcut that would lead them right to the mountain that they wanted to see in the first place. The two quickly made their way, going through winding tunnels and",0,essentially a labyrinth. A faster way did not neceessarily mean easier. At one point they thought they found the end of the,1,False,human,human,author_1,human,True,6.0,-2.4103578509706436,-2.317454020182292,2.8502215761126894,4.313405354817708,94.05731201171875,103.521728515625,-1.281768798828125,-0.29395573313643286,4.313405354817708,3.5871060999428352,5.595174153645833,3.881061833079268
2026-02-05 13:38:57.757000+00:00,"maze and came out to a small grotto inside a cave; they determined that they must be at the foot of the mountain right now. Suddenly the mouse's stomach growled; after all, they","lost their big meal. But perhaps there would be food on the other side of the mountain! They started the steep climb, and before they knew it, they",bF3wySQHXxUL66FkpR9w,5A47C3YQEQSX,LFZQE8YR5MJF,8,human-human,8,author_1,176.0,144.0,140.0,140.0,33.0,0.9722222222222222,0.0277777777777777,0.0,1.0,0.0,10.0,False,,147.0,120.0,116.0,116.0,28.0,0.9666666666666668,0.0333333333333333,0.0,1.0,0.0,8.0,False,,False,,"maze and came out to a small grotto inside a cave; they determined that they must be at the foot of the mountain right now. Suddenly the mouses stomach growled; after all, they",1,"lost their big meal. But perhaps there would be food on the other side of the mountain! They started the steep climb, and before they knew it, they",0,False,human,human,author_1,human,True,7.0,-1.680461604420732,-1.9871978759765625,3.5871060999428352,2.8971328735351562,147.07135009765625,92.708251953125,-1.454803466796875,-0.2974209255642366,2.8971328735351562,4.30912611219618,4.351936340332031,4.606547037760417
2026-02-05 13:42:29.213000+00:00,"stumbled upon what seemed to be a storage room; tons of jams and conserved jars of pickles and fruits. The two stopped for a quick snack break before resuming their climb, now","with newfound strength. The sun would be going down before too long, and the mouse really wanted to reach the top soon. But the lobster",bF3wySQHXxUL66FkpR9w,5A47C3YQEQSX,LFZQE8YR5MJF,9,human-human,9,author_1,175.0,144.0,141.0,141.0,32.0,0.9791666666666666,0.0208333333333333,0.0,1.0,0.0,9.0,False,,135.0,111.0,108.0,108.0,25.0,0.972972972972973,0.027027027027027,0.0,1.0,0.0,8.0,False,,False,,"stumbled upon what seemed to be a storage room; tons of jams and conserved jars of pickles and fruits. The two stopped for a quick snack break before resuming their climb, now",0,"with newfound strength. The sun would be going down before too long, and the mouse really wanted to reach the top soon. But the lobster",0,False,human,human,author_1,human,True,8.0,-1.412078857421875,-3.272430419921875,4.30912611219618,2.9268580845424106,155.1285400390625,81.9520263671875,-0.7536577497209822,-0.7951764787946431,2.9268580845424106,3.9297816685267857,3.680515834263393,4.724958147321429
2026-02-05 13:50:50.639000+00:00,"did not seem too worried with rushing. The mouse was frustrated with the slowness but relented, being a little tired itself. Eventually, at around midnight, they found themselves",finally reaching the peak. The moonlight provided enough light to see the beautiful view of the far land. Then the mouse realized: yes the world is dangerous but also,bF3wySQHXxUL66FkpR9w,5A47C3YQEQSX,LFZQE8YR5MJF,10,human-human,10,author_1,178.0,151.0,146.0,146.0,28.0,0.9668874172185432,0.0331125827814569,0.0,1.0,0.0,10.0,False,,166.0,138.0,135.0,135.0,29.0,0.9782608695652174,0.0217391304347826,0.0,1.0,0.0,9.0,False,,False,,"did not seem too worried with rushing. The mouse was frustrated with the slowness but relented, being a little tired itself. Eventually, at around midnight, they found themselves",0,finally reaching the peak. The moonlight provided enough light to see the beautiful view of the far land. Then the mouse realised: yes the world is dangerous but also,1,False,human,human,author_1,human,True,9.0,-2.2992361886160713,-2.116790771484375,3.9297816685267857,4.266143798828125,137.5423583984375,136.5166015625,-0.774749755859375,,4.266143798828125,,5.0408935546875,
2026-02-05 13:29:04.350000+00:00,"weighed down with an iron collar, led by his majesty's guard. Once-pale skin, blistered with tar - a lesson and warning to the","The mighty duck, Alfred, resided comfortably on his throne, with his little golden crown. With a sharp smirk, he awaits the feathered prisoner who slowly marched to the scene with his head.",cUrf0q4FWuzVfOPnH1a7,11DNKLA35RS9,KFH1MR487QSX,1,human-human,1,author_2,186.0,155.0,151.0,151.0,32.0,0.9741935483870968,0.0258064516129032,0.0,1.0,0.0,11.0,False,,126.0,104.0,98.0,98.0,24.0,0.9423076923076924,0.0576923076923076,0.0,0.9583333333333334,0.0,9.0,False,,False,,"The mighty duck, Alfred, resided comfortably on his thrown, with his little golden crown. With a sharp smug he awaits the feathered prisoner who slowly marched to the scene with his head",7,"weighed down with an iron collar, led by his majesty's guard. Once-pale skin, blistered with tar - a lesson and warning to the",0,False,human,human,author_2,human,True,1.0,0.0,-0.38044819078947345,6.497610092163086,6.591899671052632,207.92352294921875,250.4921875,-0.38044819078947345,-0.553472222222223,6.591899671052632,5.497222222222222,6.972347861842105,6.050694444444445
2026-02-05 13:37:16.178000+00:00,"accosted. ""What say you now, noble rebel?"" inquired the sovereign with a wry snarl. Silence - the crowd waited. A weak moan ached through the hall. ""Aha, no tongue commands no","masses of people, whoever had a shred of an idea to revolt against the monarchial regime. ""HOW DARE YOU"" the king verbally",cUrf0q4FWuzVfOPnH1a7,11DNKLA35RS9,KFH1MR487QSX,2,human-human,2,author_2,122.0,101.0,97.0,97.0,22.0,0.9603960396039604,0.0396039603960396,0.0,1.0,0.0,10.0,False,,175.0,145.0,134.0,134.0,30.0,0.9241379310344828,0.0758620689655172,0.0,1.0,0.0,9.0,False,,False,,"masses of people, whoever had a shred of an idea to revolt against the monarchial regime. ""HOW DARE YOU"" the king verbally",0,"accosted. ""What say you now, noble rebel?"" inquired the sovereign with a wry snarl. Silence - the crowd waited. A weak moan ached through the hall. ""Aha, no tongue commands no",0,False,human,human,author_2,human,True,2.0,-0.9176215277777784,-0.8801395810883621,5.497222222222222,5.647993416621767,247.375,163.79180908203125,0.3793040308459048,0.12135768581081141,5.647993416621767,6.834749788851352,5.268689385775862,6.71339210304054
2026-02-05 13:47:07.954000+00:00,bathwater of the blessed prophetess is a rite reserved only for the epic Mallards of the sanctuary. And you thought you could control the magic? What powers were you hoping to?,"duck!"". The anger-fueled mammal stood on his two yellows, with high might and prestige. ""That is an utmost offence you have committed.."" the crowd awaits in suspense. ""Bathing in the",cUrf0q4FWuzVfOPnH1a7,11DNKLA35RS9,KFH1MR487QSX,3,human-human,3,author_2,182.0,152.0,141.0,141.0,31.0,0.9276315789473684,0.0723684210526315,0.0,1.0,0.0,9.0,False,,175.0,145.0,143.0,143.0,31.0,0.986206896551724,0.0137931034482758,0.0,1.0,0.0,10.0,False,,False,,"duck!"". The anger fueled mammal stood on his two yellows, with high might and prestige. ""That is an upmost offence you have committed.."" the crowd awaits in suspense. ""Bathing in the",2,bathwater of the blessed prophetess is a rite reserved only for the epic Mallards of the sanctuary. And you thought you could control the magic? What powers were you hoping to,1,False,human,human,author_2,human,True,3.0,-0.6096917229729728,-1.8251953125,6.834749788851352,6.17265625,252.8857421875,246.90625,-0.5037109375000002,-0.013706114233993816,6.17265625,5.163665027153201,6.6763671875,5.177371141387195
2026-02-05 13:57:07.924000+00:00,"the prisoner. Again, the sovereign awaited a meek cry from his hostage. The prisoner steadied himself both wings. A glare of vengeance beamed up to the throne. A mighty ""HONK"" boomed","achieve? For a duck of your stature, I must only assume the worst of intents. Answer me! Peasant of the far lands!"" The light of the stained-glass windows shattered on the face of",cUrf0q4FWuzVfOPnH1a7,11DNKLA35RS9,KFH1MR487QSX,4,human-human,4,author_2,179.0,147.0,140.0,140.0,34.0,0.9523809523809524,0.0476190476190476,0.0,1.0,0.0,9.0,False,,182.0,152.0,145.0,145.0,31.0,0.9539473684210528,0.0460526315789473,0.0,1.0,0.0,9.0,False,,False,,"achieve? For a duck of your stature, I must only assume the worst of intents. Answer me! Peasant of the far lands!"" The light of the stained-glass windows shattered on the face of",0,"the prisoner. Again, the sovereign awaited a meek cry from his hostage. The prisoner steadied himself both wings. A glare of vengeance beamed up to the thrown. A mighty ""HONK"" boomed",2,False,human,human,author_2,human,True,4.0,-2.1468446312881095,-1.7633172898065474,5.163665027153201,4.391217912946429,211.71026611328125,184.43115234375,0.11844889322916696,0.06265840076264872,4.391217912946429,6.278196788969494,4.272769019717262,6.215538388206845
2026-02-05 14:02:45.750000+00:00,"pond had not yet defeated all pretenders. The prisoner was but a vessel. As he collapsed, the Jester of the Burdened laymen appeared - growing from the size of a bean, spat from the","through the JBL speaker hidden under his feathers. The entire crowd of ducks kneeled in utmost defeat, acknowledging the true king of the high",cUrf0q4FWuzVfOPnH1a7,11DNKLA35RS9,KFH1MR487QSX,5,human-human,5,author_2,142.0,119.0,117.0,117.0,24.0,0.9831932773109244,0.0168067226890756,0.0,0.9583333333333334,0.0,13.0,False,,181.0,148.0,143.0,143.0,33.0,0.9662162162162162,0.0337837837837837,0.0,1.0,0.0,10.0,False,,False,,"through the JBL speaker hidden under his feathers. The entire crowd of ducks kneeled in upmost defeat, acknowledging the true king of the high",1,"pond had not yet defeated all pretenders. The prisoner was but a vessel. As he collapsed, the Jester of the Burdened laymen appeared - growing from the size of a bean, spat from the",0,False,human,human,author_2,human,True,5.0,-1.2209109351748513,-2.947336550112123,6.278196788969494,5.101663377549913,263.68426513671875,137.74491119384766,0.1103801020869506,0.4688675290062312,5.101663377549913,5.4509771437872026,4.991283275462963,4.982109614780971
2026-02-05 14:10:34.685000+00:00,"to a confused formation, it was clear that their loyalty started to waver. The pain of the king's rule could no longer hold the masses in check. ""The Firebreasted Phoenix!"" cried a","beak, to a full-fledged Mallard of golden wings. ""Your time awaits Alfred, it has been way too long and way too dreadful,"" he uttered as he stepped closer to the king. Guards rushing",cUrf0q4FWuzVfOPnH1a7,11DNKLA35RS9,KFH1MR487QSX,6,human-human,6,author_2,181.0,148.0,142.0,142.0,34.0,0.9594594594594594,0.0405405405405405,0.0,1.0,0.0,8.0,False,,180.0,150.0,142.0,142.0,33.0,0.9466666666666668,0.0533333333333333,0.0,0.9696969696969696,0.0,12.0,False,,False,,"beak, to a full fledged Mallard of golden wings. ""Your time awaits Alfred, it has been way too long and way too dreadful"" he uttered as he stepped closer to the king. Guards rushing",2,"to a confused formation, it was clear that their loyalty started to waver. The pain of the king's rule could no longer hold the masses in check. ""The Firebreasted-Phoenix!"" cried a",1,False,human,human,author_2,human,True,6.0,-0.7131914411272318,-2.068850495094477,5.4509771437872026,4.76356683775436,228.9410400390625,204.8333740234375,-0.18572288335755882,0.015488481521606978,4.76356683775436,4.927206945419312,4.949289721111919,4.911718463897705
2026-02-05 14:17:30.540000+00:00,"""Think this power impressed me?"" mocked King Alfred. ""The power you stole has been my study for decades!"" He clutched the vial pendant on his chest and tore it from the necklace.","duckling from the crowd, the realization setting in, chilling the guards who were losing faith. ""The prophecy... it's true!"" the head of guards shakily confessed. ""You",cUrf0q4FWuzVfOPnH1a7,11DNKLA35RS9,KFH1MR487QSX,7,human-human,7,author_2,169.0,144.0,134.0,134.0,26.0,0.9305555555555556,0.0694444444444444,0.0,1.0,0.0,11.0,False,,176.0,145.0,139.0,139.0,32.0,0.9586206896551724,0.0413793103448275,0.0,1.0,0.0,9.0,False,,False,,"duckling from the crowd, the realization setting in, chilling the guards who were losing faith. ""The prophecy.. its true!"" the head of guards shakeningly confessed. ""You",6,"think this power impressed me?"" mocked King Alfred."" The power you stole has been my study for decades!"" He clutched the vial pendant on his chest and torn it from the necklace",6,False,human,human,author_2,human,True,7.0,-1.4525394916534422,-2.2216555946751644,4.927206945419312,4.455497340152138,197.08827781677246,169.30889892578125,0.0023554751747525415,0.25810483606850276,4.455497340152138,5.953323457299209,4.453141864977385,5.6952186212307065
2026-02-05 14:23:55.071000+00:00,"age lore. A beast thought to only exist in children's tales to keep them from the forests of the far lake. The King's body warped, tearing through antique silk and bursting his buttoned",". ""You shall be witness to true power.."" he mumbled as he swallowed the pendant in one gulp. ""You fools!!"" he exclaimed as he gruesomely started to grow into a beast of dark.",cUrf0q4FWuzVfOPnH1a7,11DNKLA35RS9,KFH1MR487QSX,8,human-human,8,author_2,173.0,141.0,131.0,131.0,32.0,0.9290780141843972,0.0709219858156028,0.0,1.0,0.0,10.0,False,,184.0,152.0,147.0,147.0,35.0,0.9671052631578948,0.0328947368421052,0.0,0.9428571428571428,0.0,8.0,False,,False,,". ""You shall be witness to true power.."" he mumbled as he swallowed the pendant in one gulp. ""You fools!!"" he exclaimed as he gruesomely started to grow into a beast of dark",1,"age lore. A beast thought to only exist in children's tales to keep them from the forests of the far lake. The King's body warped, tearing though antique silk and bursting his buttoned",1,False,human,human,author_2,human,True,8.0,-0.9060418663955314,-1.6298325701457697,5.953323457299209,3.9042905481850227,244.08626174926758,160.07591247558594,-0.31304745557831604,0.07247043185763857,3.9042905481850227,4.529631890190972,4.217338003763339,4.457161458333333
2026-02-05 14:32:38.388000+00:00,"new sizzling form. The Beast King stood and his new bones cracked into place. He let out a terrible ""SQUAWK!"", and lunged at the Phoenix in the center of the court. But as they touched,","cloth, blocking the only source of light in the royal headroom. Only to reveal, the foul beast they all once heard of, ""..the Pigeon"" the Jester whispered as a drop of sweat painted his",cUrf0q4FWuzVfOPnH1a7,11DNKLA35RS9,KFH1MR487QSX,9,human-human,9,author_2,185.0,152.0,144.0,144.0,34.0,0.9473684210526316,0.0526315789473684,0.0,1.0,0.0,9.0,False,,185.0,151.0,143.0,143.0,35.0,0.9470198675496688,0.0529801324503311,0.0,1.0,0.0,8.0,False,,False,,"cloth, blocking the only source of light in the royal headroom. Only to reveal, the foul beast they all once heard of, ""..the Pigeon"" the Jester whispered as a drop of sweat painted his",0,"new sizzling form. The Beast King stood and his new bones cracked into place. He let out a terrible ""SQUAWK!"", and lunged at the Phoenix in the center of the court. But as they touched,",0,False,human,human,author_2,human,True,9.0,-1.5424384223090284,-2.1834880549733233,4.529631890190972,5.660476312404725,203.83343505859375,232.07952880859375,0.22755543778582243,0.0025975426962210335,5.660476312404725,4.906760992005814,5.432920874618903,4.904163449309593
2026-02-05 14:42:44.395000+00:00,"back and hugged the tyrant. ""NO, YOU FOOL - YOU--"" he cried as they melded into an amorphous mass. With the king and pretender now gone, the people were free to path ahead into","powerful light illuminated from the clash of the claws. ""You stand no chance Alfred! The people will get their freedom!"" the fiery beast screeched as it arched its",cUrf0q4FWuzVfOPnH1a7,11DNKLA35RS9,SQ6ZK2VL5LJS,10,human-human,10,author_2,163.0,136.0,131.0,131.0,28.0,0.9632352941176472,0.0367647058823529,0.0,1.0,0.0,11.0,False,,175.0,142.0,133.0,133.0,33.0,0.9366197183098592,0.0633802816901408,0.0,1.0,0.0,9.0,False,,False,,"powerful light illuminated from the clash of the claws. ""You stand no chance Alfred! The people will get their freedom!"" the firey beast screeched as it arched its",2,"back and hugged the tyrant. ""NO, YOU FOOL - YOU--"" he cried as they melded into an amorphic mass. With the king and pretender now gone, the people were free to path ahead into",3,False,human,human,author_2,human,True,10.0,-1.443986759629361,-2.2231717951157517,4.906760992005814,4.615400202134076,210.99072265625,156.9236068725586,0.3938287847182327,,4.615400202134076,,4.221571417415843,
2026-02-05 13:18:46.455000+00:00,", starting at the ice cream store right outside the office. Lisa had just left an important meeting and","A young CEO with a dream. The dream is deeply rooted in personal memories. It all started in Austria, in 1968. It was the peak of the summer of love.",fIf2ccAs4ZpVTP7BBoxp,EZF2HW27EQUE,1LDFE72454JT,1,human-human,1,author_2,148.0,119.0,111.0,111.0,29.0,0.9327731092436976,0.0336134453781512,0.0,1.0,0.0,8.0,False,,105.0,86.0,83.0,83.0,18.0,0.9651162790697676,0.0348837209302325,0.0,1.0,0.0,9.0,False,,False,,"A young CEO with a dream. The dream is deeply rooted in personal memories. It all started in Austria, in 1968. It was the peak of the summer of love",1,", starting at the ice cream store right outside the office. . Lisa had just left an important meeting and",2,False,human,human,author_2,human,True,1.0,0.0,0.2241085737179489,6.89111328125,4.580704126602564,137.822265625,178.6474609375,0.2241085737179489,-0.3972656249999993,4.580704126602564,5.06109375,4.356595552884615,5.458359375
2026-02-05 13:22:03.666000+00:00,the beautiful nature surrounding her. The river through the hills and the trees moving with the wind. She has never really been much,"was now heading down to the river in the middle of the city. She wanted to take her bike, but forgot that the tire was deeply flat. As she started to hike, this made her meditate on",fIf2ccAs4ZpVTP7BBoxp,EZF2HW27EQUE,1LDFE72454JT,2,human-human,2,author_2,181.0,145.0,141.0,141.0,37.0,0.9724137931034482,0.0275862068965517,0.0,1.0,0.0,8.0,False,,133.0,111.0,109.0,109.0,23.0,0.981981981981982,0.018018018018018,0.0,1.0,0.0,11.0,False,,False,,"was now heading down to the river in the middle of the city. She wanted to take her bike, but forgot that the tire was deeply flat. As she started to hike, this made her meditate on",0,the beautiful nature surrounding here. The river through the hills and the trees moving with the wind. She has never really been much,1,False,human,human,author_2,human,True,2.0,-0.7058203124999993,-1.005773032583841,5.06109375,4.389925328696647,126.52734375,179.9869384765625,0.062288609946646645,-0.38655259874131875,4.389925328696647,4.4497804994936345,4.32763671875,4.836333098234953
2026-02-05 13:24:38.116000+00:00,herself. But her phone had just died. Crap she thought. Now she couldn't share this on her Instagram story making,"of an outdoorsy type, but on this particular day, the world was just stunning!!! If only she had some kind of way to capture the beauty of this very moment, she thought to",fIf2ccAs4ZpVTP7BBoxp,EZF2HW27EQUE,1LDFE72454JT,3,human-human,3,author_2,170.0,138.0,132.0,132.0,33.0,0.9565217391304348,0.0434782608695652,0.0,1.0,0.0,10.0,False,,113.0,94.0,90.0,90.0,21.0,0.9574468085106383,0.0425531914893617,0.0,0.9523809523809524,0.0,9.0,False,,False,,"of a outdoorsy type, but on this particular day, the world was just stunning!!! If only she had some kind of way to capture the beauty of this very moment, she thought to",1,herself. But her phone had just died. Crap she thought. Now she couldn't share this on her instagram story making,1,False,human,human,author_2,human,True,3.0,-1.4432859067563655,-1.5437172337582235,4.4497804994936345,3.5328240645559212,120.14407348632812,134.247314453125,-0.01667223478618407,-0.3522727272727275,3.5328240645559212,4.5,3.5494962993421053,4.8522727272727275
2026-02-05 13:26:49.662000+00:00,that could make them see what I saw. She continued down the river around a big rock when she saw something,"her feel rather unsatisfied, unseen really. If only my friends could see me now, that's what she really wanted. If only a device existed",fIf2ccAs4ZpVTP7BBoxp,EZF2HW27EQUE,1LDFE72454JT,4,human-human,4,author_2,136.0,113.0,108.0,108.0,25.0,0.9557522123893806,0.0442477876106194,0.0,0.96,0.0,11.0,False,,105.0,86.0,85.0,85.0,21.0,0.9883720930232558,0.0116279069767441,0.0,1.0,0.0,9.0,False,,False,,"her feel rather unsatisfied, unseen really. If only my friends could see me now, that's what she really wanted. If only a device existed",0,that could make them see what I saw.She continued down the river around a big rock when she saw something,1,False,human,human,author_2,human,True,4.0,-1.9098011363636367,-2.4453776041666666,4.5,4.259326171875,99.0,127.77978515625,-0.006705729166666785,0.04367365155901215,4.259326171875,4.601755142211914,4.266031901041667,4.558081490652902
2026-02-05 13:29:55.412000+00:00,"tv of her grandparents. She didn't see them often after moving, and they were always talking about the beautiful nature they had seen.","startling. An otter was lying on its back, ever so peacefully. This, she knew, was truly remarkable. She squeezed her eyes. What if a simple twitch of the eye could upload this to the",fIf2ccAs4ZpVTP7BBoxp,EZF2HW27EQUE,1LDFE72454JT,5,human-human,5,author_2,182.0,149.0,142.0,142.0,34.0,0.953020134228188,0.046979865771812,0.0,1.0,0.0,10.0,False,,133.0,111.0,108.0,108.0,24.0,0.972972972972973,0.027027027027027,0.0,0.9166666666666666,0.0,12.0,False,,False,,"startling. A otter was lying on its back, ever so peacefully. This, she knew, was truly remarkable. She squeezed her eyes. What if a simple twitch of the eye could upload this to the",1,"tv of her grandparents. She didn't see them often after moving, and they were always talking about the beautiful nature they had seen",1,False,human,human,author_2,human,True,5.0,-0.7615402766636441,-1.513695126488095,4.601755142211914,4.580380394345238,128.8491439819336,192.3759765625,0.2606143043154763,0.2677734374999998,4.580380394345238,4.621875,4.319766090029762,4.3541015625
2026-02-05 13:34:29.749000+00:00,to save the environment from being destroyed by human beings. Lisa thought that was a bit dramatic. Like,"when backpacking across the country after graduating from university, exactly as the 60s were ending. They were both biologists, fully invested in the emerging ecological movement.",fIf2ccAs4ZpVTP7BBoxp,EZF2HW27EQUE,1LDFE72454JT,6,human-human,6,author_2,180.0,155.0,149.0,149.0,27.0,0.9612903225806452,0.0258064516129032,0.0,0.9629629629629628,0.0,10.0,False,,102.0,86.0,84.0,84.0,18.0,0.9767441860465116,0.0232558139534883,0.0,1.0,0.0,11.0,False,,False,,"when back-packing across the country after graduating from university, exactly as the 60s were ending. They were both biologists, fully invested in the emerging ecological movement",2,to save the environment from being destroyed by human beings.Lisa thougt that was a bit dramatic. Like,2,False,human,human,author_2,human,True,6.0,-1.701171875,-0.9376405658143936,4.621875,4.952000473484849,92.4375,163.416015625,0.04873934659090917,-0.2870261452414775,4.952000473484849,3.874361905184659,4.9032611268939394,4.161388050426137
2026-02-05 13:38:42.091000+00:00,In the middle of her daydreaming she was brought back to the present by the otters splashing. Two birds,"Many of her friends, she had adopted a sort of pragmatic and techno-optimist POV on the ecological situation. Surely, she thought, these problems could be solved through new technology.",fIf2ccAs4ZpVTP7BBoxp,EZF2HW27EQUE,1LDFE72454JT,7,human-human,7,author_2,184.0,155.0,151.0,151.0,30.0,0.9741935483870968,0.0258064516129032,0.0,1.0,0.0,10.0,False,,103.0,85.0,84.0,84.0,19.0,0.9882352941176472,0.0117647058823529,0.0,1.0,0.0,11.0,False,,False,,"many of her friends, she had adopted a sort of pragmatic and techno optimist POV on the ecological situation. Surely, she thought, these problems could be solved through new technology",3,In the middle of her daydreaming she was brought back to the present by the otters splashing. Two birds,0,False,human,human,author_2,human,True,7.0,-1.9355635209517041,-0.8597824509079395,3.874361905184659,4.436906144425675,85.2359619140625,164.16552734375,0.1947285420185807,-0.1511880493164064,4.436906144425675,3.6027517700195313,4.242177602407095,3.7539398193359377
2026-02-05 13:41:25.531000+00:00,it. For the better. But how could she do this she thought. She didn't know anything about technology or the,"were heading north, in the opposite direction of the river flow, away from the city. Perhaps a metaphor? Unlike her grandparents, Lisa didn't just observe the world. She wanted to change.",fIf2ccAs4ZpVTP7BBoxp,EZF2HW27EQUE,1LDFE72454JT,8,human-human,8,author_2,186.0,156.0,149.0,149.0,32.0,0.9551282051282052,0.0448717948717948,0.0,0.96875,0.0,12.0,False,,107.0,88.0,84.0,84.0,21.0,0.9545454545454546,0.0454545454545454,0.0,0.9523809523809524,0.0,10.0,False,,False,,"were heading north, in the opposite direction of the river flow, away from the city. Perhaps a metaphor? Unlike her grandparents, Lisa didn't just observe the world. She wanted to change",1,it. For the better. But how could she do this she thought. She didn't know anything about technology or the,0,False,human,human,author_2,human,True,8.0,-1.9174652099609375,-1.797882080078125,3.6027517700195313,3.799549865722656,90.06879425048828,151.98199462890625,0.04764556884765625,-0.25347345525568166,3.799549865722656,3.3181929154829546,3.751904296875,3.5716663707386362
2026-02-05 13:44:43.204000+00:00,development. But people are not interested in making the world a better place. They just want more stuff. And,"otters in the river, nor the birds in the sky. She did, however, know a thing or two about the flows of capital, the flocking of stocks, of human energy concentrated in economics",fIf2ccAs4ZpVTP7BBoxp,EZF2HW27EQUE,1LDFE72454JT,9,human-human,9,author_2,177.0,145.0,139.0,139.0,33.0,0.9586206896551724,0.0413793103448275,0.0,1.0,0.0,12.0,False,,109.0,91.0,88.0,88.0,19.0,0.967032967032967,0.0329670329670329,0.0,1.0,0.0,11.0,False,,False,,"otters in the river, nor the birds in the sky. She did, however, know a thing or two about the flows of capital, the flocking of stocks, of human energy concentrated in economic",1,development. But people are not interested in making the world a better place. They just want more stuff. And,0,False,human,human,author_2,human,True,9.0,-1.402288263494318,-1.4515291539634143,3.3181929154829546,4.065197456173781,73.000244140625,166.673095703125,0.26097144150152474,0.46355646306818166,4.065197456173781,6.0261452414772725,3.804226014672256,5.562588778409091
2026-02-05 13:48:56.808000+00:00,evil cycle of buying stuff and ruining the world into buying stuff and helping the world she had to think big.,"this it seemed to her, was probably a good place to start. What if it was possible to use the power of human material desire to manifest a brighter future? To reverse this",fIf2ccAs4ZpVTP7BBoxp,EZF2HW27EQUE,1LDFE72454JT,10,human-human,10,author_2,171.0,139.0,136.0,136.0,33.0,0.9784172661870504,0.0215827338129496,0.0,1.0,0.0,8.0,False,,110.0,90.0,89.0,89.0,21.0,0.9888888888888888,0.0111111111111111,0.0,1.0,0.0,7.0,False,,False,,"this it seemed to her, was probably a good place to start. What if it was possible to use the power of human material desire to manifest a brighter future? To reverse this",0,evil cycle of buying stuff and ruining the world into buying stuff and helping the world she had to think big.,0,False,human,human,author_2,human,True,10.0,-1.56396484375,-2.014704386393229,6.0261452414772725,3.715886433919271,132.5751953125,133.77191162109375,-0.2872399224175344,,3.715886433919271,,4.003126356336805,
2026-02-02 16:42:39.851000+00:00,was called Marc. They wanted to go to Africa because they wanted to go on a jeep safari. Their big dream was to see an elephant.,two little birds who decided to travel to Africa not for the winter but for the summer. One of the little birds was called John and the other,fcEeCffFk5SmTIeQXKQN,U1DR181H3RSX,APT43Q1G33L9,1,human-human,1,author_2,141.0,114.0,113.0,113.0,28.0,0.9912280701754386,0.0087719298245614,0.0,1.0,0.0,7.0,False,,127.0,102.0,100.0,100.0,26.0,0.9803921568627452,0.0196078431372549,0.0,1.0,0.0,8.0,False,,False,,two little birds who decided to travel to Africa not for the winter but for the summer. One of the little birds was called John and the other,0,was called Marc. They wanted to go to Africa because they wanted to go on a jeep safari. Their big dream was to see an elephant,1,False,human,human,author_2,human,True,1.0,0.0,-0.9993433459051726,5.000639816810345,3.5747575431034484,145.0185546875,103.66796875,-0.9993433459051726,-0.671875,3.5747575431034484,4.601359049479167,4.574100889008621,5.273234049479167
2026-02-02 16:46:57.391000+00:00,in how the elephants find water on the savannah. Marc had heard in bird school that elephants have a special ability to find,and ride its back all across Africa to see the wilderness and explore the continent. Marc was particularly interested,fcEeCffFk5SmTIeQXKQN,U1DR181H3RSX,APT43Q1G33L9,2,human-human,2,author_2,117.0,99.0,98.0,98.0,19.0,0.98989898989899,0.0101010101010101,0.0,1.0,0.0,12.0,False,,123.0,101.0,100.0,100.0,23.0,0.99009900990099,0.0099009900990099,0.0,1.0,0.0,9.0,False,,False,,and ride its back all across Africa to see the wilderness and explore the continent. Marc was particularly interested,0,in how the elephants find water on the savannah. Marc had heard in bird school that elephants have a special ability to fin,1,False,human,human,author_2,human,True,2.0,-2.314249674479166,-2.5626708984375,4.601359049479167,5.0736572265625,110.4326171875,101.47314453125,-0.3846435546875,-0.597819010416667,5.0736572265625,4.568196614583333,5.45830078125,5.166015625
2026-02-02 16:50:33.156000+00:00,"peed. And to his surprise, the elephant smelled it immediately. The elephant started drinking it, and it really liked the",d water in the most barren of places by smelling it. He wanted to get a drop of water and see if the elephant smelled it. Now he just had,fcEeCffFk5SmTIeQXKQN,U1DR181H3RSX,APT43Q1G33L9,3,human-human,3,author_2,137.0,108.0,106.0,106.0,30.0,0.9814814814814816,0.0185185185185185,0.0,0.9666666666666668,0.0,8.0,False,,120.0,101.0,97.0,97.0,20.0,0.9603960396039604,0.0396039603960396,0.0,1.0,0.0,10.0,False,,False,,d water in the most barren of places by smelling it. He wanted to get a drop of water and see if the elephant smelled it. Now he just had,0,"peed. And to his surprise, the elephant smelled it immediatly. The elephant started drinking it, and it really liked the",1,False,human,human,author_2,human,True,3.0,-1.595947265625,-2.252899169921875,4.568196614583333,3.840911865234375,109.63671875,122.9091796875,-0.28795623779296875,-0.17225302419354804,3.840911865234375,4.558735509072581,4.128868103027344,4.730988533266129
2026-02-02 16:54:10.376000+00:00,travel to Africa anyway. He decided to travel to the North Pole. He had to have a serious talk with Santa Claus. He forgot to give John.,"way that this was not actually happening. Marc had just imagined it, and decided that he was not going to",fcEeCffFk5SmTIeQXKQN,U1DR181H3RSX,APT43Q1G33L9,4,human-human,4,author_2,105.0,86.0,84.0,84.0,20.0,0.9767441860465116,0.0232558139534883,0.0,1.0,0.0,9.0,False,,135.0,109.0,106.0,106.0,27.0,0.9724770642201837,0.0275229357798165,0.0,1.0,0.0,7.0,False,,False,,"way that this was not actually happening. Marc had just imagined it, and decided that he was not going to",0,travel to africa anyway. He decided to travel to the north pole. He had to have a serious talk with santa claus. He forgot to give John,6,False,human,human,author_2,human,True,4.0,-1.121834047379032,-1.9675071022727275,4.558735509072581,4.320911754261363,141.32080078125,95.06005859375,-0.30013760653409083,0.2611230468750003,4.320911754261363,4.9912060546875,4.621049360795454,4.7300830078125
2026-02-02 16:56:39.744000+00:00,"getting an elephant to drink his pee. Therefore he flew to the zoo on the south pole, where they had a lot of","a heads up about where he was going, so John went to the South Pole by accident. But Marc had to complete his mission of",fcEeCffFk5SmTIeQXKQN,U1DR181H3RSX,APT43Q1G33L9,5,human-human,5,author_2,120.0,96.0,94.0,94.0,25.0,0.9791666666666666,0.0208333333333333,0.0,1.0,0.0,8.0,False,,108.0,86.0,84.0,84.0,23.0,0.9767441860465116,0.0232558139534883,0.0,1.0,0.0,8.0,False,,False,,"a heads up about where he was going, so John went to the South Pole by accident. But Marc had to complete his mission of",0,"getting an elephant to drink his pee. Therefor he flew to the zoo on the south pole, where they had a lot of",1,False,human,human,author_2,human,True,5.0,-1.4179345703125001,-2.558964482060186,4.9912060546875,4.002956814236111,124.7801513671875,108.079833984375,-0.17869285300925952,-0.36375935872395804,4.002956814236111,4.049567328559028,4.18164966724537,4.413326687282986
2026-02-02 16:59:08.741000+00:00,special elephant doctor's office. Therefore Marc went into the zebra enclosure. The zebras were not as smart as the elephants. So,elephants that had no way of drinking any fluids because they had serious digestive tract issues and were in the,fcEeCffFk5SmTIeQXKQN,U1DR181H3RSX,APT43Q1G33L9,6,human-human,6,author_2,112.0,93.0,93.0,93.0,20.0,1.0,0.0,0.0,1.0,0.0,9.0,False,,129.0,108.0,105.0,105.0,22.0,0.9722222222222222,0.0277777777777777,0.0,1.0,0.0,9.0,False,,False,,elephants that had no way of drinking any fluids because they had serious digestive tract issues and were in the,0,special elephant doctors office. Therefor Marc went in to the zebra enclosure. The zebras where not as smart as the elephants. So,4,False,human,human,author_2,human,True,6.0,-2.746855559172454,-2.7238682338169644,4.049567328559028,4.080819266183036,109.33831787109375,85.69720458984375,-0.5641116187686013,-0.09512710571289062,4.080819266183036,4.318470001220703,4.644930884951637,4.413597106933594
2026-02-02 17:02:51.663000+00:00,"full send and try to prank John. He made a plan. First he peed in a cup. He placed it in front of John, and said it","Marc took pity on them and every other living creature, and decided not to pursue his plan. He decided to go",fcEeCffFk5SmTIeQXKQN,U1DR181H3RSX,APT43Q1G33L9,7,human-human,7,author_2,108.0,88.0,86.0,86.0,21.0,0.9772727272727272,0.0227272727272727,0.0,1.0,0.0,8.0,False,,115.0,89.0,85.0,85.0,27.0,0.9550561797752808,0.0449438202247191,0.0,1.0,0.0,6.0,False,,False,,"Marc took pity on them and every other living creature, and decided not to pursue his plan. He decided to go",0,"full send and try to prank John. He made a plan. First he peed in a cup. He placed it in front of John, and said it",0,False,human,human,author_2,human,True,7.0,-1.3102188110351562,-1.3779349949048916,4.318470001220703,4.369697902513587,138.1910400390625,100.5030517578125,0.16364321501358692,-0.26322174072265625,4.369697902513587,3.186664072672526,4.2060546875,3.4498858133951824
2026-02-02 17:05:40.825000+00:00,"peaceful world where no one has to drink pee. But the peace didn't last long. All of a sudden, Marc and John got into",was just as terrible of a plan as their previous plan was. They both decided to not conduct any experiments anymore and just live in a,fcEeCffFk5SmTIeQXKQN,U1DR181H3RSX,APT43Q1G33L9,8,human-human,8,author_2,134.0,109.0,108.0,108.0,26.0,0.9908256880733946,0.0091743119266055,0.0,1.0,0.0,11.0,False,,116.0,93.0,90.0,90.0,25.0,0.967741935483871,0.032258064516129,0.0,0.96,0.0,8.0,False,,False,,was just as terrible of a plan as their previous plan was. They both decided to not conduct any experiments anymore and just live in a,0,peaceful world where no one has to drink pee. But the peace didn't last long. All of a sudden Marc and John got into,1,False,human,human,author_2,human,True,8.0,-2.083456420898437,-1.9461082175925926,3.186664072672526,4.113715277777778,95.59992218017578,111.0703125,-0.6915509259259256,-0.2499069940476195,4.113715277777778,6.439825148809524,4.805266203703703,6.689732142857143
2026-02-02 17:07:52.237000+00:00,. The interesting part of the psychosis was that it came from smoking Caribbean weed they had imported with help from,a psychosis where they thought that the peace would stop but then the psychosis was over and they were free,fcEeCffFk5SmTIeQXKQN,U1DR181H3RSX,APT43Q1G33L9,9,human-human,9,author_2,107.0,88.0,88.0,88.0,20.0,1.0,0.0,0.0,1.0,0.0,9.0,False,,117.0,97.0,96.0,96.0,20.0,0.9896907216494846,0.0103092783505154,0.0,1.0,0.0,11.0,False,,False,,a psychosis where they thought that the peace would stop but then the psychosis was over and they were free,0,. The interesting part of the psychosis were that it came from smoking caribien weed they had imported with help from,6,False,human,human,author_2,human,True,9.0,-1.1180245535714288,-2.61474609375,6.439825148809524,4.68916015625,135.236328125,93.783203125,-0.9719726562500002,0.6264754585597823,4.68916015625,4.956276271654212,5.6611328125,4.32980081309443
2026-02-02 17:10:47.620000+00:00,"the undercover police. Their smuggling ring was infiltrated by a cat, and both Marc and John were sent to a high",the bird mafia back home. They became affiliated with the bird mafia a little later on and got in trouble with,fcEeCffFk5SmTIeQXKQN,U1DR181H3RSX,APT43Q1G33L9,10,human-human,10,author_2,111.0,91.0,90.0,90.0,21.0,0.989010989010989,0.0109890109890109,0.0,1.0,0.0,10.0,False,,112.0,92.0,90.0,90.0,21.0,0.9782608695652174,0.0217391304347826,0.0,1.0,0.0,11.0,False,,False,,the bird mafia back home. They became affiliated with the bird mafia a little later on and gott in trouble with,1,"the undercover police. Their smuggeling ring was infiltrated by a cat, and both marc and john was sent to a high",6,False,human,human,author_2,human,True,10.0,-2.613102125084919,-2.2217684659090917,4.956276271654212,4.723100142045454,113.99435424804688,103.908203125,-0.20512251420454586,,4.723100142045454,,4.92822265625,
2026-02-26 16:27:44.889000+00:00,"suddenly a man greeted her, he was a tall, handsome and almost dreamy to look at. You were lost in his eyes for a couple of","the girl with the blue dress. Sofie was walking down the street one morning, the smell of freshly cut grass filled the cold morning air. The sun was shining and",h9mEvTqoZyrUb6cj1fxu,M8V21UUMADLW,Y1F6CGLL2YST,1,human-human,1,author_2,160.0,131.0,128.0,128.0,30.0,0.9770992366412212,0.0229007633587786,0.0,1.0,0.0,7.0,False,,123.0,98.0,95.0,95.0,26.0,0.9693877551020408,0.0306122448979591,0.0,1.0,0.0,8.0,False,,False,,"the girl with the blue dress. Sofie was walking down the street one morning, the smell of freshly cut grass filled the cold morning air. The sun was shining and",0,"suddenly a man greeted her, he was a tall, handsome and almost dreamy to look at. You were lost in his eyes for a couple of",0,False,human,human,author_2,human,True,1.0,0.0,-0.023459041819853255,4.997102864583334,4.45849609375,149.9130859375,151.5888671875,-0.023459041819853255,-0.46112530048076916,4.45849609375,5.744985727163462,4.481955135569853,6.206111027644231
2026-02-26 16:30:40.002000+00:00,"love, she was completely captivated by looks and his eyes, his sense of fashion and that smile... it enlightened something inside of her","moments. Magnus, he was called... He had long, thin hair, tied up in a very small ponytail with a goatee. Sofie was struck by",h9mEvTqoZyrUb6cj1fxu,M8V21UUMADLW,Y1F6CGLL2YST,2,human-human,2,author_2,124.0,102.0,94.0,94.0,24.0,0.9215686274509804,0.0784313725490196,0.0,1.0,0.0,8.0,False,,134.0,112.0,107.0,107.0,23.0,0.9553571428571428,0.0446428571428571,0.0,1.0,0.0,10.0,False,,False,,"moments. Magnus, he was called...He had long, thin hair, tied up in a very small ponytail with a goatee. Sofie was struck by",1,"love, she was completely captivated by looks and his eyes, his sense of fashion and that smile... it enlighten something inside of her",2,False,human,human,author_2,human,True,2.0,-0.9179640549879808,-1.6478137969970703,5.744985727163462,4.99848747253418,149.36962890625,159.95159912109375,-0.5030994415283203,-0.24438127790178577,4.99848747253418,4.7500235421316965,5.5015869140625,4.994404820033482
2026-02-26 16:33:09.255000+00:00,"scared but intrigued, somehow her heart beats faster and she gets flustered. Then he suddenly asked.. ""Which bus are you taking? we take the same bus.","heart. He instantly melted her heart as he nodded his head and made a clicking sound with his mouth. He said, ""hey girl."" Sofie looked at",h9mEvTqoZyrUb6cj1fxu,M8V21UUMADLW,Y1F6CGLL2YST,3,human-human,3,author_2,137.0,112.0,106.0,106.0,26.0,0.9464285714285714,0.0535714285714285,0.0,1.0,0.0,9.0,False,,148.0,123.0,117.0,117.0,26.0,0.951219512195122,0.048780487804878,0.0,1.0,0.0,9.0,False,,False,,"heart. He instantly melted her heart as he nodded his head and made a clicking sound with his mouth. He said, ""hey girl"". Sofie looked at",2,"scared but intrigued, somehow her heart beats faster and she gets flustered. Then he suddenly asked.. ""Which bus are you taken? we take the same bus",3,False,human,human,author_2,human,True,3.0,-1.0591134207589281,-1.243988037109375,4.7500235421316965,4.147850036621094,166.25082397460938,132.731201171875,0.24700164794921875,0.27300307329963225,4.147850036621094,3.989017262178309,3.900848388671875,3.7160141888786766
2026-02-26 16:35:58.446000+00:00,"know until his deep voice awakened something inside of Sofie's heart. ""Do you want to come inside for a cup of tea, Magnus?"" I asked him.","we take bus 2A, up to where Sofie lives. She was intrigued and a little scared, as Magnus walked right behind her all the way to her apartment. She didn't",h9mEvTqoZyrUb6cj1fxu,M8V21UUMADLW,Y1F6CGLL2YST,4,human-human,4,author_2,154.0,125.0,119.0,119.0,31.0,0.952,0.04,0.0,0.967741935483871,0.0,9.0,False,,133.0,109.0,104.0,104.0,26.0,0.9541284403669724,0.0458715596330275,0.0,0.9615384615384616,0.0,9.0,False,,False,,"we take bus 2A, up to where Sofie lives. She was intrigued and a little scared, as Magnus walked right behind her all the way to her apartment. She didn't",0,"know until his deep voice awakened something inside of Sofie's heart. ""Do you wanna come inside for a cup of tea Magnus?"" I asked him",6,False,human,human,author_2,human,True,4.0,-1.4229700425091911,-2.2560289823091946,3.989017262178309,3.7723584297375803,135.6265869140625,147.12197875976562,-0.227258144280849,-0.008755387931034697,3.7723584297375803,5.635910560344827,3.9996165740184293,5.644665948275862
2026-02-26 16:39:39.917000+00:00,"have coffee, but then I looked at his lips and eyes.. was he sexy indeed? I was somehow conflicted, but I still served coffee and","Magnus did the head nod and clicking sound again. I found it intriguing... Was he... sexy? I couldn't figure it out. He said yes to the cup of tea, I would rather",h9mEvTqoZyrUb6cj1fxu,M8V21UUMADLW,Y1F6CGLL2YST,5,human-human,5,author_2,160.0,131.0,120.0,120.0,33.0,0.916030534351145,0.0839694656488549,0.0,0.9696969696969696,0.0,10.0,False,,129.0,105.0,100.0,100.0,25.0,0.9523809523809524,0.0476190476190476,0.0,1.0,0.0,10.0,False,,False,,"Magnus did the head nod and clicking sound again. I found it intriguing...Was he...Sexy? I couldn't figure it out. He said yes to the cup of tea, i would rather",4,"have coffee, but then I looked at his lips and eyes.. was he sexy indeed? I was somehow conflicted, but I still served coffee and",0,False,human,human,author_2,human,True,5.0,-1.5831088362068968,-2.1462335353944364,5.635910560344827,3.6704886831888337,163.44140625,150.4900360107422,-0.2676957293254576,-0.2870154747596154,3.6704886831888337,3.7041766826923075,3.9381844125142913,3.991192157451923
2026-02-26 16:42:23.156000+00:00,sleep but he insisted that we could continue to talk and that he could spend the night. I was unsure about what to do but.. there was something in his eyes that led me on to say,"face card. I'm always serving...in multiple ways. Magnus said that he had wanted to talk to me for a long time, I just wanted to go to",h9mEvTqoZyrUb6cj1fxu,M8V21UUMADLW,Y1F6CGLL2YST,6,human-human,6,author_2,134.0,108.0,101.0,101.0,29.0,0.9351851851851852,0.0648148148148148,0.0,0.9655172413793104,0.0,8.0,False,,178.0,142.0,139.0,139.0,37.0,0.9788732394366196,0.0211267605633802,0.0,1.0,0.0,9.0,False,,False,,"face card. I'm always serving...in multiple ways. Magnus said that he had wanted to talk to me for a long time, i just wanted to go to",1,sleep but he insisted that we could continue to talk and that he could spend the night. I was unsure about what to do but.. there was something in his eyes that lead me on to say,1,False,human,human,author_2,human,True,6.0,-1.3048252203525639,-1.4065372242647056,3.7041766826923075,4.344166475183823,144.462890625,147.70166015625,-0.17400764016544112,-0.11185511147103622,4.344166475183823,4.645463152629573,4.5181741153492645,4.7573182641006095
2026-02-26 16:45:37.090000+00:00,"then I looked judging at him and roasted him and crossed my arms like the queen I am. ""This is my apartment, go home and take a shower Mr. Stinky"" you don't belong","""no...i think you should go home"" ""you should go home, and cut your hair, i'm not feeling the ponytail"". Magnus got a little mad at me, but",h9mEvTqoZyrUb6cj1fxu,M8V21UUMADLW,Y1F6CGLL2YST,7,human-human,7,author_2,139.0,113.0,101.0,101.0,29.0,0.8938053097345132,0.1061946902654867,0.0,0.9655172413793104,0.0,8.0,False,,161.0,129.0,123.0,123.0,34.0,0.9534883720930232,0.0465116279069767,0.0,0.9411764705882352,0.0,9.0,False,,False,,"""no...i think you should go home"" ""you should go home, and cut your hair, i'm not feeling the ponytail"". Magnus got a little mad at me, but",0,"then I looked judging at him and roasted him and cross my arms like the queen I am. ""This is my apartment, go home and take a shower mr. stinky"" you don't belong",4,False,human,human,author_2,human,True,7.0,-1.0062813642548347,-1.7186472039473686,4.645463152629573,3.706620065789474,190.4639892578125,140.8515625,0.09775904605263186,0.002820774000518167,3.706620065789474,3.6789047864018656,3.608861019736842,3.6760840124013474
2026-02-26 16:50:28.828000+00:00,"""But Sofie!"" he shouted, ""I want to be with you and only you- you don't understand but-"" he continued, ""NO Magnus, GO HOME"" I shouted. Magnus bent down on his knees and begged ""Please","here. ""We are just friends, when are you going to understand that? You shouldn't follow me home, it's creepy. But I'll see you at the Friday bar tomorrow.",h9mEvTqoZyrUb6cj1fxu,M8V21UUMADLW,Y1F6CGLL2YST,8,human-human,8,author_2,154.0,127.0,117.0,117.0,31.0,0.9212598425196852,0.0787401574803149,0.0,0.9032258064516128,0.0,10.0,False,,183.0,150.0,135.0,135.0,35.0,0.9,0.1,0.0,0.9714285714285714,0.0,10.0,False,,False,,"here. ""We are just friends, when are you going to understand that? You shouldn't follow me home, it's creepy. But I'll see you at the friday bar tomorrow.",1,"""But Sofie!"" he shouted, ""I want to be with you and only you- you don't understand but-"" he continued, ""NO Magnus, GO HOME"" I shouted. Magnus bend down on his knees and begged ""Please",1,False,human,human,author_2,human,True,8.0,-1.5471493467992667,-1.1955738532833933,3.6789047864018656,3.4978538141018007,180.2663345336914,143.41200637817383,-0.17763351812595252,-0.16804199218750027,3.4978538141018007,3.7662060546875,3.6754873322277533,3.934248046875
2026-02-26 16:53:21.889000+00:00,"""I'll cut my ponytail for you- I'll change for you, I'll be better for you and I'll stop wearing the red and blue shirts I always wear at the Friday bars, I promise,"" he shouted yearning.","take me back. You're the one, the only girl I've ever loved"". I stuttered...""Sorry I called you stinky, I was frustrated...You know I love you, but it's complicated.",h9mEvTqoZyrUb6cj1fxu,M8V21UUMADLW,Y1F6CGLL2YST,9,human-human,9,author_2,165.0,138.0,121.0,121.0,33.0,0.8768115942028986,0.1231884057971014,0.0,0.9696969696969696,0.0,11.0,False,,185.0,150.0,141.0,141.0,40.0,0.94,0.06,0.0,0.9,0.0,8.0,False,,False,,"take me back. You're the one, the only girl i've ever loved"". I stuttered...""Sorry i called you stinky, i was frustrated...You know i love you, but it's complicated.",4,"""I'll cut my ponytail for you- I'll change for you, I'll be better for you and I'll stop wearing the red and blue shirts I always wear at the friday bars, I promise"" He shouted yearning",4,False,human,human,author_2,human,True,9.0,-1.3771813964843749,-1.3508997378141983,3.7662060546875,3.509619007939878,188.310302734375,161.44247436523438,0.0005320673403534926,-0.4774044884575739,3.509619007939878,3.418465985192193,3.5090869405995244,3.895870473649767
2026-02-26 16:56:14.331000+00:00,"because of our cultural differences... You know my father doesn't approve and he doesn't support our relationship, we were never meant to be Magnus"" I looked away sad and","for me ""but it's not about that. I love how you look...I'm just trying to come up with excuses for us to not be together. My dad doesn't want us to",h9mEvTqoZyrUb6cj1fxu,M8V21UUMADLW,Y1F6CGLL2YST,10,human-human,10,author_2,147.0,117.0,108.0,108.0,35.0,0.9230769230769232,0.0769230769230769,0.0,0.9142857142857144,0.0,8.0,False,,169.0,141.0,134.0,134.0,31.0,0.950354609929078,0.0496453900709219,0.0,0.935483870967742,0.0,12.0,False,,False,,"for me ""but it's not about that. I love how you look...I'm just trying to come up with excuses for us to not be together. My dad doesn't want us to",0,"because of our cultural differences... You know my father doesn't approve and he doesn't support our relationship, we were never meat to be Magnus"" I looked away sad and",1,False,human,human,author_2,human,True,10.0,-2.1197950045267744,-1.018058686029344,3.418465985192193,3.2033726828438893,123.06477546691895,134.54165267944336,0.0042113349551242685,,3.2033726828438893,,3.199161347888765,
2026-02-02 16:43:10.779000+00:00,"Once upon a time, a princess lived in a small town in a faraway land. The princess was an only child and therefore was","under immense pressure to secure the continuation of the royal family. However, there was one problem. The princess really",hPlwWqqkemjjNa4Ny4nr,VYV8C31HC4S9,VFKQ97CVCMUE,1,human-human,1,author_1,122.0,97.0,95.0,95.0,26.0,0.979381443298969,0.0206185567010309,0.0,1.0,0.0,9.0,False,,122.0,104.0,101.0,101.0,19.0,0.971153846153846,0.0288461538461538,0.0,1.0,0.0,12.0,False,,False,,"Once an upon a time, a princess lived in a small town in a far away land. The princess was an only child and therefore was",4,"under immense pressure to secure the continuation of the royal family. However, there was one problem. The princess really",0,False,human,human,author_1,human,True,,0.0,-2.2378484552556817,3.322636530949519,3.627197265625,86.3885498046875,79.79833984375,-2.2378484552556817,-1.1928304036458335,3.627197265625,3.9705301920572915,5.865045720880682,5.163360595703125
2026-02-02 16:46:03.117000+00:00,loved being drunk and going out to dance all night with her best friends. But the kingdom did not like it. They,were scared that any potential baby she would birth would have severe impairments from all the drinking she was doing. The princess refused to give,hPlwWqqkemjjNa4Ny4nr,VYV8C31HC4S9,VFKQ97CVCMUE,2,human-human,2,author_1,110.0,89.0,87.0,87.0,22.0,0.9775280898876404,0.0224719101123595,0.0,1.0,0.0,7.0,False,,148.0,124.0,122.0,122.0,25.0,0.9838709677419356,0.0161290322580645,0.0,1.0,0.0,11.0,False,,False,,loved being drunk and going out to dance all nigh with her best friends. But the kingdom did not like it. they,2,"were scared that any potential baby she would birth, would have severe impairments from all the drinking she was doing. The princess refused to give",1,False,human,human,author_1,human,True,1.0,-1.8094991048177085,-2.759821965144231,3.9705301920572915,3.829289362980769,95.292724609375,99.5615234375,-1.4571814903846159,-2.1688085937499997,3.829289362980769,3.27791015625,5.286470853365385,5.44671875
2026-02-02 16:49:00.890000+00:00,up drinking but instead practiced safe sex so no baby would be born before she was ready to be a mother. She did not,"know if she would ever feel ready to become a mother?! How could one, when the thought of a cold beer felt so refreshing? The thought of a coffee",hPlwWqqkemjjNa4Ny4nr,VYV8C31HC4S9,VFKQ97CVCMUE,3,human-human,3,author_1,116.0,93.0,92.0,92.0,24.0,0.989247311827957,0.010752688172043,0.0,1.0,0.0,9.0,False,,145.0,117.0,113.0,113.0,29.0,0.9658119658119658,0.0341880341880341,0.0,1.0,0.0,10.0,False,,False,,up drinking but instead practiced safe sex so no baby would be born before she was ready to be a mother. She did not,0,"know if she would ever feel ready to become a mother?! How could one, when the thought of a cold beer felt so refreshing. The thought of a coffee",1,False,human,human,author_1,human,True,2.0,-2.72326171875,-1.1594696044921875,3.27791015625,4.7559356689453125,81.94775390625,152.18994140625,-0.7734832763671875,-0.861663818359375,4.7559356689453125,4.308990478515625,5.5294189453125,5.170654296875
2026-02-02 16:52:30.686000+00:00,was like a walking on a pink cloud at sunset. But she knew that she one day had to be ready. And she would be a,"great mother, she was sure of it. She would show her child how to have a good time, and hopefully, their children would not have to face the same judgments.",hPlwWqqkemjjNa4Ny4nr,VYV8C31HC4S9,VFKQ97CVCMUE,4,human-human,4,author_1,111.0,86.0,84.0,84.0,26.0,0.9767441860465116,0.0232558139534883,0.0,1.0,0.0,7.0,False,,156.0,127.0,123.0,123.0,30.0,0.968503937007874,0.0314960629921259,0.0,1.0,0.0,10.0,False,,False,,was like a walking on a pink could at sunset. But she knew that she one day had to be ready. And she would be a,2,"great mother, she was sure of it. She would show her child how to have a good time, and hopefully, their children would not have to face the same judgements",2,False,human,human,author_1,human,True,3.0,-1.7670244489397318,-2.291908482142857,4.308990478515625,3.116294642857143,120.6517333984375,109.0703125,-0.9231166294642859,-1.419496154785156,3.116294642857143,4.616966247558594,4.039411272321429,6.03646240234375
2026-02-02 16:54:58.058000+00:00,"Already, some people were beginning to be more understanding and still supported her. It was mostly the old","stuck-up elders, who had been young during the war. She suspected that they were jealous that they did not get to go dancing while",hPlwWqqkemjjNa4Ny4nr,VYV8C31HC4S9,VFKQ97CVCMUE,5,human-human,5,author_1,105.0,88.0,86.0,86.0,18.0,0.9772727272727272,0.0227272727272727,0.0,1.0,0.0,13.0,False,,130.0,106.0,104.0,104.0,25.0,0.981132075471698,0.0188679245283018,0.0,1.0,0.0,9.0,False,,False,,"Already, some people were begning to be more understadning and still supported her. It was mostly the old",4,"stuck up elders, who had been young during the war. She suspected that they were jealous that they did not get to go dancing while",1,False,human,human,author_1,human,True,4.0,-2.045350646972656,-2.516677330280172,4.616966247558594,3.664984341325431,92.33932495117188,106.2845458984375,-1.09308071794181,-1.4816473599137927,3.664984341325431,4.491480334051724,4.758065059267241,5.973127693965517
2026-02-02 16:58:18.460000+00:00,they were young and free. Maybe she should use her power as queen to get the elders out to flake floor with her. Then they would see,"how it feels to do the worm across floor ten tequila shots deep, smashing your teeth into the floor, losing perhaps a bit of",hPlwWqqkemjjNa4Ny4nr,VYV8C31HC4S9,VFKQ97CVCMUE,6,human-human,6,author_1,131.0,105.0,103.0,103.0,27.0,0.9809523809523808,0.019047619047619,0.0,1.0,0.0,6.0,False,,125.0,102.0,100.0,100.0,24.0,0.9803921568627452,0.0196078431372549,0.0,1.0,0.0,8.0,False,,False,,they were young and free. Maybe she should use her power as queen to get the elders out to flæk floor with her. Then they would see,2,"how it feels to do the worm across floor ten tequila shots deep, smashing your teeth into the floor, loosing perhaps a bit of",1,False,human,human,author_1,human,True,5.0,-2.2711813038793105,-1.8093449519230775,4.491480334051724,5.014610877403846,130.2529296875,130.3798828125,-0.995943509615385,-2.552989130434783,5.014610877403846,4.920176630434782,6.010554387019231,7.473165760869565
2026-02-02 17:01:32.913000+00:00,self respect. But always having fun memories - the nights she could remember. It was memories she would always cherish.,"When she presented her dad with the idea to invite everyone over the age of 65 to a big party, where dancing would be",hPlwWqqkemjjNa4Ny4nr,VYV8C31HC4S9,VFKQ97CVCMUE,7,human-human,7,author_1,120.0,101.0,97.0,97.0,19.0,0.9603960396039604,0.0396039603960396,0.0,1.0,0.0,8.0,False,,118.0,95.0,91.0,91.0,23.0,0.9578947368421052,0.0210526315789473,0.0,1.0,0.0,9.0,False,,False,,slef rescpekt. But always having fun memories - the nights she could remember. It was memories she would always cherish.,4,"When she presented her dad with the idea; to invite everyone over the age of 65 to a big party, where dancing would be",1,False,human,human,author_1,human,True,6.0,-2.851222826086957,-2.1751935040509256,4.920176630434782,3.2186957465277777,113.1640625,86.90478515625,-0.6558883101851851,-1.4865307617187504,3.2186957465277777,3.210771484375,3.874584056712963,4.69730224609375
2026-02-02 17:04:42.690000+00:00,"for everyone, the king was very excited about the idea. He had his people make the invitation as soon as possible. He","himself, was especially looking forward to the topless bar service! He suspected that this was something that would hype the",hPlwWqqkemjjNa4Ny4nr,VYV8C31HC4S9,VFKQ97CVCMUE,8,human-human,8,author_1,116.0,95.0,92.0,92.0,22.0,0.968421052631579,0.031578947368421,0.0,1.0,0.0,10.0,False,,124.0,105.0,103.0,103.0,20.0,0.9809523809523808,0.019047619047619,0.0,1.0,0.0,10.0,False,,False,,"for everyone, the king was very exited about the idea. He had his people made the invitation as soon as possible. He",2,"himself, was especially looking forward to the topless bar service! He suspected that this was something that would hype the",0,False,human,human,author_1,human,True,7.0,-1.9807080078125,-2.528962453206381,3.210771484375,4.700570424397786,80.269287109375,112.81369018554688,-1.3859570821126308,-1.138482230050224,4.700570424397786,4.520976475306919,6.086527506510417,5.659458705357143
2026-02-02 17:07:23.132000+00:00,"elders who had only seen soggy breasts for a long time. Maybe some of them would find new love or lovers, after they lost their","life companions. The princess found this idea of topless service a little unnecessary, was the prospect of",hPlwWqqkemjjNa4Ny4nr,VYV8C31HC4S9,VFKQ97CVCMUE,9,human-human,9,author_1,127.0,103.0,101.0,101.0,25.0,0.9805825242718448,0.0194174757281553,0.0,1.0,0.0,7.0,False,,106.0,90.0,88.0,88.0,17.0,0.9777777777777776,0.0222222222222222,0.0,1.0,0.0,11.0,False,,False,,"elders who had only seen soggy breasts for a long time. Maybe some of them would find new love or lovers, after they lost their",0,"life companions. The princess found this idea of topless service a little unnecessary, was the prospect of",0,False,human,human,author_1,human,True,8.0,-2.5584912981305807,-4.788638305664063,4.520976475306919,4.065853881835937,126.58734130859375,81.31707763671875,-1.7674690246582037,-1.692454020182291,4.065853881835937,4.692820231119792,5.833322906494141,6.385274251302083
2026-02-02 17:10:04.409000+00:00,a party not good enough. People should not come for the purpose of naked people but for their minds and love. But,she was in no way opposed to the idea either. She knew that one can tell a lot about the character of a man from the shape of his nipples. And she was looking for a,hPlwWqqkemjjNa4Ny4nr,VYV8C31HC4S9,VFKQ97CVCMUE,10,human-human,10,author_1,113.0,92.0,90.0,90.0,22.0,0.9782608695652174,0.0217391304347826,0.0,1.0,0.0,7.0,False,,164.0,129.0,127.0,127.0,36.0,0.9844961240310076,0.0155038759689922,0.0,1.0,0.0,9.0,False,,False,,a party not good enough. People should not come for the purpose of naked people but for their minds and love. But,0,she was in no way oppedes to the idea either. She knew that one can tell a lot about the character of a man from the shape of his nippels. And she was looking for a,5,False,human,human,author_1,human,True,9.0,-2.221201578776041,-1.6189864309210527,4.692820231119792,2.9435007195723686,112.627685546875,111.85302734375,-0.6855340254934208,,2.9435007195723686,,3.6290347450657894,
2026-02-03 10:27:35.091000+00:00,"A long time ago in a land far, far away lived a small tortoise. It was not, however, a regular tortoise. This little fellow was a particularly stinky and foul-smelling creature named","Paul. Paul was lonely although she had a couple of hundred siblings. One day, Paul decided to go and find some friends, somewhere else than the beach, which she knew.",noaceHjzkirRMoHnkT4V,PDZUU6VH9LJS,GKNZLPKZ34ST,1,human-human,1,author_1,181.0,149.0,145.0,145.0,33.0,0.9731543624161074,0.0268456375838926,0.0,1.0,0.0,12.0,False,,162.0,134.0,129.0,129.0,29.0,0.9626865671641792,0.0373134328358208,0.0,1.0,0.0,9.0,False,,False,,"A long time ago in a land far far away lived a small tortoise. It was not, however, a regular tortoise. This little fellow was a particularly stinky and foul smelling creature named",2,"Paul. Paul was lonely although she had a couple hundred siblings. One day, Paul decided to go and find some friends, somewhere else than the beach, which she knew",4,False,human,human,author_1,human,True,,0.0,-0.6978488498263893,3.839508428806212,4.565497504340278,157.4198455810547,164.35791015625,-0.6978488498263893,-1.5024758363381405,4.565497504340278,4.984835111177885,5.263346354166667,6.4873109475160255
2026-02-03 10:36:13.959000+00:00,was THE place to go when trying to get friends. So Paul packed her shell with beach towels and sunscreen and headed off! On the way Paul noticed the expected amount of sick. But she was,"used to the smell. So she scooched on along the divide between forest and beach. Suddenly, a flash of light caught her eye - much like that of sun reflected",noaceHjzkirRMoHnkT4V,PDZUU6VH9LJS,GKNZLPKZ34ST,2,human-human,2,author_1,186.0,150.0,147.0,147.0,37.0,0.98,0.02,0.0,1.0,0.0,8.0,False,,157.0,128.0,124.0,124.0,29.0,0.96875,0.03125,0.0,1.0,0.0,9.0,False,,False,,was THE place to go when trying to get friends. So Paul packed her shell with beach towels and sun screen and headed off! On the way Paul noticed the expected amount of sick. But she was,1,"used to the smell. So she scootched on along the divide between forest and beach. Suddenly, a flash of light caught her eye - much like that of sun reflected",1,False,human,human,author_1,human,True,1.0,-1.9206730769230766,-1.8728118896484371,4.984835111177885,4.551905168805804,194.4085693359375,159.31668090820312,-0.5308074951171875,0.12104079302619475,4.551905168805804,4.388537238625919,5.082712663922991,4.267496445599725
2026-02-03 10:39:45.063000+00:00,". What was that? In the distance? Could it really be a creature undeterred by the foul, foul air that had filled the surroundings? Paul went closer to","the palm tree. When she finally made it over there, there was nothing to be seen. Oh, well, time for a rest. She",noaceHjzkirRMoHnkT4V,PDZUU6VH9LJS,GKNZLPKZ34ST,3,human-human,3,author_1,149.0,122.0,118.0,118.0,27.0,0.9672131147540984,0.0327868852459016,0.0,1.0,0.0,12.0,False,,112.0,90.0,84.0,84.0,23.0,0.9333333333333332,0.0666666666666666,0.0,1.0,0.0,7.0,False,,False,,. What was that? In the distance? Could it really be a creature undeterred by the foul foul air that had filled the surroundings? Paul went closer to,1,"the palm tree. When she finally made it over there, there was nothing to be seen. Oh, well, time for a rest. She",0,False,human,human,author_1,human,True,2.0,-1.4348705516141997,-1.557987607758621,4.388537238625919,3.383081896551724,149.21026611328125,98.109375,-0.4019059806034484,-0.7413396062077702,3.383081896551724,3.0647302576013513,3.7849878771551726,3.8060698638091215
2026-02-03 10:43:51.182000+00:00,"sat down for a while thinking about the flash of light she had seen. She had really hoped it could be a friend, but alas! It turned out to be yet another disappointment to","add to the pile. She packed up her towel and started turning around, because she had to be home before sunset. As she turned, another flash of light caught her eye, this",noaceHjzkirRMoHnkT4V,PDZUU6VH9LJS,GKNZLPKZ34ST,4,human-human,4,author_1,171.0,138.0,135.0,135.0,34.0,0.9782608695652174,0.0217391304347826,0.0,1.0,0.0,14.0,False,,170.0,139.0,133.0,133.0,32.0,0.9568345323741008,0.0431654676258992,0.0,1.0,0.0,7.0,False,,False,,"sat down for a while thinking about the flash of light she had seen. She had really hoped it could be a friend, but alas! It turned out to be yet another dissapointment to",2,"add to the pile. She packed up her towel and started turning around., because she had to be home before sunset. As she turned, another flash of light caught her eye, this",1,False,human,human,author_1,human,True,3.0,-1.8437500000000004,-2.1336834881756754,3.0647302576013513,2.8092139991554053,113.39501953125,103.94091796875,-0.9527027027027026,-0.3341238839285712,2.8092139991554053,4.162783668154762,3.761916701858108,4.496907552083333
2026-02-03 10:48:23.046000+00:00,"time it came from the heavens above! A great booming voice came from the skies and it seemed to Paul to tell her to ""take a shower""? ""A shower?"" Paul thought. Then rain started pouring.","""Oh great!"" Paul shouted at the sky. At least she had her shell to keep her dry. But what was happening? It felt like her",noaceHjzkirRMoHnkT4V,PDZUU6VH9LJS,GKNZLPKZ34ST,5,human-human,5,author_1,184.0,150.0,142.0,142.0,35.0,0.9466666666666668,0.0533333333333333,0.0,1.0,0.0,7.0,False,,124.0,99.0,91.0,91.0,25.0,0.9191919191919192,0.0808080808080808,0.0,1.0,0.0,9.0,False,,False,,"time it came from the heavens above! A great booming voice came from the skies and it seemed to Paul to tell her to ""take a shower""? ""A shower?"" Paul thought. Then rain started pouring",1,". ""Oh great!"", Paul shouted at the sky. At least she had her shell to keep der dry. But what was happening? It felt like her",4,False,human,human,author_1,human,True,4.0,-1.6669224330357144,-2.222981770833333,4.162783668154762,3.415657552083333,174.8369140625,102.4697265625,-0.5555013020833335,-0.5244718852796053,3.415657552083333,3.1468891344572367,3.9711588541666667,3.671361019736842
2026-02-03 10:51:40.534000+00:00,"shell started rocking. The rain kept pouring down and she could hear the sound of the drops on her shell getting heavier and heavier. ""What was that?"" she said to herself. Her shell","was melting! It poured down over her face and legs, and soon the shell was completely gone. She stood all alone and shell-less on the beach in the shell-melting rain.",noaceHjzkirRMoHnkT4V,PDZUU6VH9LJS,GKNZLPKZ34ST,6,human-human,6,author_1,181.0,149.0,143.0,143.0,33.0,0.959731543624161,0.0402684563758389,0.0,1.0,0.0,7.0,False,,165.0,136.0,131.0,131.0,32.0,0.9632352941176472,0.0367647058823529,0.0,1.0,0.0,10.0,False,,False,,"shell started rocking. The rain kept pouring down and she could hear the sound of the drops on her shell getting heavier and heavier. ""What was that?"" she said to herself. Her shell",0,"was melting! It poured down over her face and legs, and soon the shell was completely gone. She stood all alone and shell-less on the beach in the shell-melting rain",1,False,human,human,author_1,human,True,5.0,-1.9318269428453951,-1.8488319798519735,3.1468891344572367,3.560251336348684,119.581787109375,135.28955078125,-0.6519968133223681,-0.156725761217948,3.560251336348684,4.685772235576923,4.212248149671052,4.842497996794871
2026-02-03 10:55:27.710000+00:00,": A little shell-less naked tortoise alone in the rain. At first, Paul was confused. Then came the sadness - her home was gone. But then... came the feeling of burning.","in her loins. A new sensation, a good sensation, a sensation making her feel more lonely than ever. CRASH! The loudest noise Paul had ever heard filled the air. She",noaceHjzkirRMoHnkT4V,PDZUU6VH9LJS,GKNZLPKZ34ST,7,human-human,7,author_1,166.0,136.0,127.0,127.0,30.0,0.9338235294117648,0.0661764705882353,0.0,1.0,0.0,8.0,False,,164.0,135.0,129.0,129.0,30.0,0.9555555555555556,0.0444444444444444,0.0,1.0,0.0,9.0,False,,False,,: A little shell-less naked tortoise alone in the rain. At first Paul was confused. Then came the sadness - her home was gone. But then... came the feeling of burning,2,"in her loins. A new sensation, a good sensation, a sensation making her feel more lonely than ever. CRASH! The loudest noise Paul had ever heard filled the air. She",0,False,human,human,author_1,human,True,6.0,-1.745617988782051,-1.9799001593338814,4.685772235576923,3.6715890984786186,182.7451171875,139.5203857421875,-0.4753964072779602,-0.4547851562499998,3.6715890984786186,4.042633928571429,4.146985505756579,4.497419084821429
2026-02-03 10:59:56.712000+00:00,felt inspired to go on. She was ready to face the world! The loud sound filled Paul with passion and made her focused. She decided to go to the source of the,"everlasting friendships. She could see everything clearly now, and she knew that she had to find Ursula, the sea witch. In her cave, Paul would find the friends she",noaceHjzkirRMoHnkT4V,PDZUU6VH9LJS,GKNZLPKZ34ST,8,human-human,8,author_1,157.0,126.0,123.0,123.0,32.0,0.9761904761904762,0.0238095238095238,0.0,1.0,0.0,8.0,False,,164.0,137.0,131.0,131.0,29.0,0.9562043795620438,0.0437956204379562,0.0,1.0,0.0,11.0,False,,False,,felt inspired to go on. She was ready to face the world! The loud sound filled Paul with passion and made her focused. She decided to go to the source of the,0,"everlasting friendships. She could see everything clearly now, and she knew that she had to find Ursula, the sea-witch. In her cave, Paul would find the friends she",1,False,human,human,author_1,human,True,7.0,-1.891127232142857,-1.7035156249999996,4.042633928571429,4.264285714285714,141.4921875,149.25,-0.17290736607142865,-0.8078092249428352,4.264285714285714,3.4198965677400914,4.437193080357143,4.227705792682927
2026-02-03 11:04:11.579000+00:00,"yearned for. ""I must go to the ocean!"" thought Paul. She then collected all her remaining strength to do a backflip into the cold waters of the ocean. She felt the crash of the","water against her naked back. Swimming was a lot easier without the heavy shell. At the bottom of the sea, she saw a cave surrounded by white sharks. This",noaceHjzkirRMoHnkT4V,PDZUU6VH9LJS,GKNZLPKZ34ST,9,human-human,9,author_1,176.0,143.0,137.0,137.0,34.0,0.958041958041958,0.0419580419580419,0.0,1.0,0.0,9.0,False,,154.0,126.0,122.0,122.0,29.0,0.9682539682539684,0.0317460317460317,0.0,1.0,0.0,10.0,False,,False,,"yearned for. ""I must go to the ocean!"" thought Paul. She than collected all her remaining strength to do a backflip into the cold waters of the ocean. She felt the crash of the",1,"water against her naked back. Swimming was a lot easier without the heavy shell. At the bottom of the sea, she saw a cave surrounded by white sharks. This",0,False,human,human,author_1,human,True,8.0,-1.8916983255525914,-2.9436220111268936,3.4198965677400914,2.9215087890625,140.21575927734375,96.4097900390625,-1.1095414595170459,-0.4999593098958335,2.9215087890625,3.4555780319940474,4.031050248579546,3.955537341889881
2026-02-03 11:08:50.840000+00:00,"did not frighten her. Her will, passion and burning loins drove her forwards with a speed unheard of in a tortoise of her size. The sharks had not yet noticed Paul's presence. But as she","hurried past them, the biggest one opened its mouth, bared its teeth, and said ""Hello, Paul."" Paul couldn't believe it! Finally, she was reunited.",noaceHjzkirRMoHnkT4V,PDZUU6VH9LJS,GKNZLPKZ34ST,10,human-human,10,author_1,185.0,151.0,147.0,147.0,35.0,0.9735099337748344,0.0264900662251655,0.0,1.0,0.0,8.0,False,,144.0,121.0,112.0,112.0,25.0,0.9256198347107438,0.0743801652892562,0.0,0.96,0.0,8.0,False,,False,,"did not frighten her. Her will, passion and burning loins drove her forwards with a speed unheard of in a tortoise of her size. The sharks had not yet noticed Pauls presence. But as she",1,"hurried past them, the biggest one opened its mouth, bared its teeth, and said ""Hello, Paul"". Paul couldn't believe it! Finally she was reunited",4,False,human,human,author_1,human,True,9.0,-2.7008743286132812,-2.2407700822160046,3.4555780319940474,3.086804776578336,145.13427734375,114.21177673339844,-1.0540874584301094,,3.086804776578336,,4.140892235008446,
2026-02-02 16:45:33.994000+00:00,"a fish getting lost in the mountains. When you're born as a fish, your world is quite limited. However, you get to",enjoy minimalist life. Eat sleep fuck repeat. Sometimes you worry about fishermen. But that depends on what fish you are.,qVjn3NBZDrc5qwoYuKfa,G33Z1QCU1QJW,TGCZC33ZC7J9,1,human-human,1,author_1,114.0,93.0,88.0,88.0,23.0,0.946236559139785,0.053763440860215,0.0,1.0,0.0,9.0,False,,122.0,103.0,99.0,99.0,20.0,0.9611650485436892,0.0388349514563106,0.0,1.0,0.0,10.0,False,,False,,"a fish getting lost in the mountains. When you're born as a fish, your world is quite limited. However, you get to",0,enjoy minimalist life. Eat sleep fuck repeat. Sometimes you worry about fisshermen. But that depends on what fish you are.,1,False,human,human,author_1,human,True,,0.0,-1.810587565104167,4.9393310546875,5.7049560546875,138.30126953125,136.9189453125,-1.810587565104167,-0.8711310492621527,5.7049560546875,4.669596354166667,7.515543619791667,5.54072740342882
2026-02-02 16:49:11.160000+00:00,"For example, if your name starts with an E, you are more prone to have been born as a clown shit and you spend your life not really thinking about the environment, in",which you like. But if your name starts with F and you are from Czech Republic you might worry about bigger shit. You are more prone to be,qVjn3NBZDrc5qwoYuKfa,G33Z1QCU1QJW,TGCZC33ZC7J9,2,human-human,2,author_1,166.0,134.0,131.0,131.0,33.0,0.9776119402985076,0.0223880597014925,0.0,1.0,0.0,11.0,False,,138.0,111.0,109.0,109.0,28.0,0.981981981981982,0.018018018018018,0.0,0.9642857142857144,0.0,8.0,False,,False,,"For example, if your name starts with an E, you are more prone to have been born as a clown shit and you spend your life not really thinking about the environment, in",0,which you life. But if your name starts with F and you are from Czech Republic you might worry about bigger shit. You are more prone to be,1,False,human,human,author_1,human,True,1.0,-1.158233642578125,-2.8469889322916666,4.669596354166667,3.6607177734375,168.10546875,109.821533203125,-1.5944661458333336,-0.877339024697581,3.6607177734375,5.049379410282258,5.255183919270833,5.926718434979839
2026-02-02 16:52:28.206000+00:00,very educated and spend your time fantasizing about the outside world. Fish in our story was luckily not born as a clown FISH (typo earlier) and,"it was born as a big sexy shark. The king of the ocean, getting any female shark he could dream of. On average he’d have like 6-7 of",qVjn3NBZDrc5qwoYuKfa,G33Z1QCU1QJW,TGCZC33ZC7J9,3,human-human,3,author_1,144.0,119.0,116.0,116.0,26.0,0.9747899159663864,0.0252100840336134,0.0,1.0,0.0,11.0,False,,132.0,105.0,98.0,98.0,28.0,0.9333333333333332,0.0476190476190476,0.0,0.9642857142857144,0.0,7.0,False,,False,,very educated and spend your time fantasizing about the outside world. Fish in our story was luckily not born as a clown FISH (typo earlier) and,0,"it was born as a big sexy shark. The king of the ocean, getting any female shark he could dream of. On average he´d have like 6-7 of",1,False,human,human,author_1,human,True,2.0,-2.699990549395161,-1.2202826605902786,5.049379410282258,4.588894314236111,156.53076171875,165.2001953125,-0.7071804470486116,-1.5513671874999995,4.588894314236111,6.304296875,5.296074761284722,7.8556640625
2026-02-02 16:56:24.784000+00:00,"the hottest Latino shark baddies. But lately, he was feeling very lonely, no companion could fill the","void in his soul (and booty hole). In a conservative fish world, he could never admit to being bisexual. So therefore,",qVjn3NBZDrc5qwoYuKfa,G33Z1QCU1QJW,TGCZC33ZC7J9,4,human-human,4,author_1,101.0,85.0,82.0,82.0,17.0,0.9647058823529412,0.0352941176470588,0.0,1.0,0.0,9.0,False,,120.0,99.0,93.0,93.0,22.0,0.9393939393939394,0.0606060606060606,0.0,1.0,0.0,12.0,False,,False,,"the hottest latino shark baddies. But lately, he was feeling very lonely, no companion could fill the",1,"void in his soul (and booty hole). In a conservative fish world, he could never admit to being a bisexual. So therefore,",2,False,human,human,author_1,human,True,3.0,-2.8603515625,-3.283728966346154,6.304296875,4.319035456730769,126.0859375,112.294921875,-1.6500150240384617,-1.891845703125,4.319035456730769,5.013427734375,5.969050480769231,6.9052734375
2026-02-02 17:00:18.961000+00:00,he had to reserve his inner self for the weekends when the city became more alive,"and open-minded. When the clock hit 3 am, all special brothels opened. Our shark, whose name is Vojtech, worked in one.",qVjn3NBZDrc5qwoYuKfa,G33Z1QCU1QJW,TGCZC33ZC7J9,5,human-human,5,author_1,85.0,69.0,69.0,69.0,17.0,1.0,0.0,0.0,1.0,0.0,8.0,False,,118.0,98.0,91.0,91.0,21.0,0.9285714285714286,0.0612244897959183,0.0,1.0,0.0,8.0,False,,False,,he had to reserve his inner self for the the weekends when the city become more alive,5,"and open-minded. When the clock hit 3 am. All special brothels opened. Our shark, whose name is Vojtech, worked in one",3,False,human,human,author_1,human,True,4.0,-2.420654296875,-2.166521014589252,5.013427734375,4.36948417894768,80.21484375,144.19297790527344,-0.8700982296105586,2.955915178571429,4.36948417894768,7.90625,5.239582408558238,4.950334821428571
2026-02-02 17:02:40.034000+00:00,". This week, he touched a","a sexy massive pink... jellyfish of course. Side note: you know what else is massive? Low taper fade. Anyways, back",qVjn3NBZDrc5qwoYuKfa,G33Z1QCU1QJW,TGCZC33ZC7J9,6,human-human,6,author_1,25.0,20.0,18.0,18.0,5.0,0.9,0.1,0.0,1.0,0.0,7.0,False,,118.0,99.0,91.0,91.0,20.0,0.9191919191919192,0.0808080808080808,0.0,1.0,0.0,9.0,False,,False,,". This week, he touched a",0,"a sexyyyy massive pink... jellyfish of course. Side note: you know what else is massive? Low taper fade. Anyways, back",3,False,human,human,author_1,human,True,5.0,-0.953125,-0.8678635817307692,7.90625,6.639197716346154,55.34375,172.619140625,0.1294320913461542,-1.38671875,6.639197716346154,4.09046875,6.509765625,5.4771875
2026-02-02 17:06:01.190000+00:00,"to the story, it was a sunny day, not that Vojtech would know, his hood was deep below surface where no","sun, sadly, could reach any of its body parts. The good part of the fish world is that there is always a clear race distinction. No tanning or spray",qVjn3NBZDrc5qwoYuKfa,G33Z1QCU1QJW,TGCZC33ZC7J9,7,human-human,7,author_1,103.0,83.0,80.0,80.0,21.0,0.963855421686747,0.036144578313253,0.0,1.0,0.0,7.0,False,,147.0,119.0,115.0,115.0,29.0,0.9663865546218487,0.0336134453781512,0.0,1.0,0.0,11.0,False,,False,,"to the story, it was a sunny day, not that Vojtech would now, his hood was deep bellow surface where no",2,"sun, sadly, could reach any of is body parts. The good part of the fish world is that there is always a clear race distinction. No tanning or spray",1,False,human,human,author_1,human,True,6.0,-3.3520312499999996,-1.6384351325757578,4.09046875,5.388435132575758,102.26171875,177.818359375,-0.8702651515151514,-1.1450063344594597,5.388435132575758,5.32958324535473,6.258700284090909,6.4745895798141895
2026-02-02 17:10:28.262000+00:00,"tan by Tana Mongeau. (reason why fish Trisha Paytas was never discovered) Vojtech was a nice, friendly guy who was too nice to eat otherwise so he","was a skinny legend. Unfortunately, there are not that many calories in fish coochie so although he ate a lot, he",qVjn3NBZDrc5qwoYuKfa,G33Z1QCU1QJW,TGCZC33ZC7J9,8,human-human,8,author_1,147.0,120.0,116.0,116.0,28.0,0.9666666666666668,0.0333333333333333,0.0,1.0,0.0,10.0,False,,112.0,92.0,89.0,89.0,21.0,0.967391304347826,0.0326086956521739,0.0,1.0,0.0,13.0,False,,False,,"tan by Tana Mongeau. (reason why fish Trisha Paytas was never discovered) Vojtech was a nice, friendly guy who was too nice to eat other wise so he",1,"was a skinny legend. Unfortunately, there are not that many calories in fish coochie so altough he ate a lot, he",1,False,human,human,author_1,human,True,7.0,-2.4289682749155403,-2.1458552433894234,5.32958324535473,4.261502779447115,197.194580078125,110.799072265625,-0.9785344050480775,-0.29364483173077005,4.261502779447115,5.488431490384615,5.2400371844951925,5.782076322115385
2026-02-02 17:14:22.884000+00:00,"ever only lost weight. One day, he decided to change that; he swam away and moved in with Sandy the nut collector from","Most. Sandy was a REAL slut. She was like Bonnie Blue of the fish world. She did not care when, what, where. All she wanted was",qVjn3NBZDrc5qwoYuKfa,G33Z1QCU1QJW,TGCZC33ZC7J9,9,human-human,9,author_1,118.0,96.0,93.0,93.0,23.0,0.96875,0.03125,0.0,1.0,0.0,9.0,False,,127.0,102.0,96.0,96.0,26.0,0.9411764705882352,0.0588235294117647,0.0,1.0,0.0,6.0,False,,False,,"ever only lost weight. One day, he decided to change that, he swam away and moved in with Sandy the nut collector from",1,"Most. Sandy was a REAL slut. She was like Bonnie Blue of the fish world. She did not care when, what, where. All she wanted was",0,False,human,human,author_1,human,True,8.0,-1.99969951923077,-1.9716796875,5.488431490384615,4.50628662109375,142.69921875,144.201171875,-1.1175537109375,-0.6675866168478262,4.50628662109375,7.127038043478261,5.62384033203125,7.794624660326087
2026-02-02 17:17:19.055000+00:00,"that fish BONE people choke on at Christmas, for her, it only carried happy memories. Our shark got gradually",so much happier and less lonely. Sandy brought so many men home and Vojtech could enjoy as many BONES as he wanted. Everyone got,qVjn3NBZDrc5qwoYuKfa,G33Z1QCU1QJW,TGCZC33ZC7J9,10,human-human,10,author_1,109.0,91.0,88.0,88.0,19.0,0.967032967032967,0.0329670329670329,0.0,1.0,0.0,9.0,False,,128.0,105.0,103.0,103.0,24.0,0.9809523809523808,0.019047619047619,0.0,1.0,0.0,8.0,False,,False,,"that fish BONE people choke on at Christmas, for her, it only carried happy memories. Our shark got gradually",0,so much happier and less lonely. Sandy brought so many men home and Vojtech could enjoy as many BONES as he wanted. Everyone got,0,False,human,human,author_1,human,True,9.0,-2.1625339673913038,-3.735246930803571,7.127038043478261,4.215855189732143,163.921875,118.0439453125,-1.0186767578125,,4.215855189732143,,5.234531947544643,
2026-02-04 13:10:58.918000+00:00,"roaring ladybird. She loves singing, and wants to pursue it and do it for a living, instead of her cleaning job. But her husband told her she","a lady in a red dress, who sings at a local bar every Thursday night. She is paid in champagne and all the locals know her as the",r47jfYG4ULZMEexvVeqs,FAD2KUGGJ4LX,Y8KAKY7CLLLS,1,human-human,1,author_2,129.0,102.0,100.0,100.0,28.0,0.9803921568627452,0.0196078431372549,0.0,1.0,0.0,9.0,False,,141.0,115.0,111.0,111.0,27.0,0.9652173913043478,0.0347826086956521,0.0,1.0,0.0,8.0,False,,False,,"a lady in a red dress, who sings at a local bar every thursday night. She is paid in champagne and all the locals know her as the",1,"roaring ladybird. She loves singing, and wants to pursue it and do it for a living, instead of her cleaning job. But her husband told her she",0,False,human,human,author_2,human,True,1.0,0.0,0.07317708333333339,5.373949455492424,5.12734375,177.34033203125,153.8203125,0.07317708333333339,-0.44612062242296036,5.12734375,3.9957608540852863,5.054166666666666,4.441881476508247
2026-02-04 13:16:19.124000+00:00,"favorite tunes. The song ""I'm Gonna Be (500 Miles)"" is blasting from her throat. People are cheering. This has to be the right path for her. She gets an idea. She has to","does not have the talent to make it big. Sometimes she wonders if he is right, but then a wave of determination floods her mind, and she keeps singing her",r47jfYG4ULZMEexvVeqs,FAD2KUGGJ4LX,Y8KAKY7CLLLS,2,human-human,2,author_2,154.0,125.0,122.0,122.0,30.0,0.976,0.024,0.0,1.0,0.0,13.0,False,,168.0,136.0,124.0,124.0,32.0,0.9117647058823528,0.0661764705882353,0.0,1.0,0.0,8.0,False,,False,,"does not have the talent to make it big. Sometimes she wonders if he is right, but then a wave of determination floods her mind, and she keeps singing her",0,"favorite tunes. The song ""im gonna be (500 miles)"" is blasting from her throat. People are cheering. This has to be the right path for her. She gets an idea. She has to",5,False,human,human,author_2,human,True,2.0,-0.5637552049424914,-1.6918020537405303,3.9957608540852863,3.057583895596591,179.8092384338379,100.9002685546875,-0.33592640269886376,-0.18683845766129004,3.057583895596591,4.023465064264113,3.3935102982954546,4.210303521925403
2026-02-04 13:20:44.288000+00:00,"signs up for the audition taking place the coming month. Now she just has to practice every day. And that she does. Whilst cleaning the dirty toilets,",audition for X-factor! This is how she will finally become a household pop-jazz icon! She runs to the stationary computer in their office and with shaking hands she,r47jfYG4ULZMEexvVeqs,FAD2KUGGJ4LX,Y8KAKY7CLLLS,3,human-human,3,author_2,164.0,137.0,133.0,133.0,30.0,0.9708029197080292,0.0291970802919708,0.0,0.9666666666666668,0.0,10.0,False,,150.0,125.0,121.0,121.0,26.0,0.968,0.032,0.0,1.0,0.0,8.0,False,,False,,audition for X-factor! This is how she will finally become a household pop-jazz icon! She runs to the stationary conputer in their office and with shaking hands she,1,"signs up for the audition taking place the coming month. Now she just have to practice everyday. And that she does. Whilst cleaning the dirty toilets,",3,False,human,human,author_2,human,True,3.0,-1.753130512852822,-1.3057477678571434,4.023465064264113,5.274609375,124.7274169921875,184.611328125,0.29808872767857153,0.054569128787878896,5.274609375,3.996212121212121,4.976520647321428,3.941642992424242
2026-02-04 13:25:51.493000+00:00,coworker who secretly plays the guitar very well. He hears her singing and one day asks her to be alone. He wants to form a duo with her.,"her angel voice, that also has a sort of raspy quality, rings from the bathroom stalls. Her boss even asks her to tone it down. Unknowingly, she has attracted the attention of a",r47jfYG4ULZMEexvVeqs,FAD2KUGGJ4LX,Y8KAKY7CLLLS,4,human-human,4,author_2,177.0,145.0,140.0,140.0,33.0,0.9655172413793104,0.0344827586206896,0.0,1.0,0.0,11.0,False,,137.0,110.0,107.0,107.0,28.0,0.9727272727272728,0.0272727272727272,0.0,1.0,0.0,8.0,False,,False,,"her angel voice, that also has a sort of raspy quality, rings from the bathroom stalls. Her boss even askes her to tone it down. Unknowingly, the has attracted the atention of a",3,coworker who secretly plays the guitar very well. He hears her singing and one day asks her to be alone. He wants to form a duo with her.,0,False,human,human,author_2,human,True,4.0,-1.2898023200757578,-1.649596423637576,3.996212121212121,3.7924722811070883,131.875,155.49136352539062,-0.00012504763719523027,-0.31024169921875,3.7924722811070883,4.0914327687230605,3.7925973287442836,4.4016744679418105
2026-02-04 13:30:00.541000+00:00,"However, maybe she could make her husband a bit jealous at the same time? That would not hurt. She decided to take a few days.","The roaring ladybird was conflicted. She was flattered at the offer, but would she be able to share the spotlight with? On the other hand, duos often get far in X-factor.",r47jfYG4ULZMEexvVeqs,FAD2KUGGJ4LX,Y8KAKY7CLLLS,5,human-human,5,author_2,170.0,140.0,134.0,134.0,32.0,0.9571428571428572,0.0428571428571428,0.0,0.96875,0.0,10.0,False,,125.0,101.0,98.0,98.0,25.0,0.9702970297029704,0.0297029702970297,0.0,1.0,0.0,7.0,False,,False,,"The roaring ladybird was conflicted. She was flattered at the offer, but would she be able to share the spotlight with? On the other hand, duos often get far in X-factor.",0,"However, maybe she could make her husband a bit jealous at the same time? That would not hurt. She decided to take a few days",1,False,human,human,author_2,human,True,5.0,-1.0239152579471984,-2.5189971923828125,4.0914327687230605,3.03978271484375,118.65155029296875,121.59130859375,-0.06415100097656223,-0.4007105334051717,3.03978271484375,5.038506869612069,3.1039337158203124,5.439217403017241
2026-02-04 13:33:10.409000+00:00,her husband. He was furious. How she even considered to consider singing with a man in a TV SHOW baffled him. But after 4 hours,"to think about it. Her colleague looked excited at the idea of working together with her, and she liked the feeling of admiration that evoked in her. She mentioned the idea to",r47jfYG4ULZMEexvVeqs,FAD2KUGGJ4LX,Y8KAKY7CLLLS,6,human-human,6,author_2,175.0,144.0,141.0,141.0,32.0,0.9791666666666666,0.0208333333333333,0.0,1.0,0.0,10.0,False,,127.0,103.0,99.0,99.0,24.0,0.9611650485436892,0.029126213592233,0.0,0.9583333333333334,0.0,10.0,False,,False,,"to think about it. Her colleague looked excited at the idea of working together with her, and she liked the feeling of admiration that evoked in her. She mentioned the idea to",0,her husband. He was furious. How she even considered to consider singing with a man in a TV SHOW baffled him. But after 4 hours,0,False,human,human,author_2,human,True,6.0,-1.8851865571120685,-0.9538225446428577,5.038506869612069,4.162248883928571,146.11669921875,145.6787109375,0.3064801897321425,-0.2844307191910289,4.162248883928571,4.183057231287802,3.8557686941964286,4.467487950478831
2026-02-04 13:36:49.996000+00:00,"sexual tension. Well, she gave in. At their first rehearsal, they decided to sing a cover of a Dua Lipa song, jazzified version.","of heated discussions, he gave in. But only if she promised to send him videos of them practicing every day. He was a body language specialist and wanted to monitor their",r47jfYG4ULZMEexvVeqs,FAD2KUGGJ4LX,Y8KAKY7CLLLS,7,human-human,7,author_2,170.0,140.0,137.0,137.0,31.0,0.9785714285714284,0.0214285714285714,0.0,1.0,0.0,11.0,False,,126.0,104.0,100.0,100.0,23.0,0.9615384615384616,0.0384615384615384,0.0,1.0,0.0,10.0,False,,False,,"of heated discussions, he gave in. But only if she promised to send him videos of them practicing every day. He was a body language specialist and wanted to monitor their",0,"sexual tension. Well, she gave in. At their first rehearsal they decide to sing a cover of a dua lipa song jazzifyied version.",6,False,human,human,author_2,human,True,7.0,-1.820944509198589,-2.2698687385110294,4.183057231287802,3.3406695197610294,129.67477416992188,113.582763671875,-0.13141228170955888,-0.3123685396634617,3.3406695197610294,4.950277475210337,3.4720818014705883,5.262646014873798
2026-02-04 13:39:07.521000+00:00,"too much progress and it would make him obnoxious. According to the roaring ladybird, men should be kept in a short line.",She was surprised at how well he could play jazz. Not everyone could do that. But of course she did not let him know that. She wanted to keep him humble in case they made,r47jfYG4ULZMEexvVeqs,FAD2KUGGJ4LX,Y8KAKY7CLLLS,8,human-human,8,author_2,171.0,136.0,133.0,133.0,36.0,0.9779411764705882,0.0220588235294117,0.0,1.0,0.0,9.0,False,,121.0,100.0,97.0,97.0,22.0,0.97,0.03,0.0,1.0,0.0,9.0,False,,False,,She was surprised at how well he could play jazz. Not every one could od that. But of course she did not let him know that. She wanted to keep him humble in case they made,3,"too much progress and it would make him obnoxious. According to the roaring ladybird, men should be kept in a short line.",0,False,human,human,author_2,human,True,8.0,-2.2899005596454325,-1.9136416786595398,4.950277475210337,2.4425337942023027,128.70721435546875,92.8162841796875,-0.3830148797286186,-0.026611328125,2.4425337942023027,3.8714163643973216,2.8255486739309212,3.8980276925223216
2026-02-04 13:41:55.628000+00:00,"would she let a man walk over her like that? So when it became time for the audition, she was keeping the colleague in check.","She made the mistake of letting her husband take massage lessons once. When he came home, he had bruised her beautiful body all over with his rough massage. Never again.",r47jfYG4ULZMEexvVeqs,FAD2KUGGJ4LX,Y8KAKY7CLLLS,9,human-human,9,author_2,169.0,140.0,136.0,136.0,30.0,0.9714285714285714,0.0285714285714285,0.0,1.0,0.0,9.0,False,,125.0,101.0,98.0,98.0,25.0,0.9702970297029704,0.0297029702970297,0.0,1.0,0.0,9.0,False,,False,,"She made the mistake of letting her husband take massage lessons once. When he came home, he had bruised her beautiful body all over with his rough massage. Never again,",1,"would she let a man walk over her like that. So when it became time for the audition, she was keeping the colleague in check.",1,False,human,human,author_2,human,True,9.0,-2.422877720424107,-0.6581744025735299,3.8714163643973216,4.188591452205882,108.399658203125,142.412109375,0.18155445772058787,-0.30498798076923084,4.188591452205882,4.5731670673076925,4.007036994485294,4.878155048076923
2026-02-04 13:47:54.588000+00:00,"of ideas. But one day her coworker suggested Ladybird and the hot colleague. She said no. Instead, they went for the",This proved to be the right decision because the three judges loved their performance and sent the duo straight to boot camps. Now they only needed a name. But she was out.,r47jfYG4ULZMEexvVeqs,FAD2KUGGJ4LX,Y8KAKY7CLLLS,10,human-human,10,author_2,170.0,140.0,138.0,138.0,31.0,0.9857142857142858,0.0142857142857142,0.0,1.0,0.0,11.0,False,,115.0,95.0,92.0,92.0,21.0,0.968421052631579,0.031578947368421,0.0,1.0,0.0,9.0,False,,False,,This proved to be the right decision because the three judges loved their performance and sent the duo straight to bootcamps. Now they only needed a name. But she was out,2,of ideas. But one day her coworker suggested Ladybird and the hot colleague. She said no. Instead they went for the,1,False,human,human,author_2,human,True,10.0,-3.2139423076923075,-2.417082868303572,4.5731670673076925,3.3466238839285714,118.90234375,117.1318359375,-0.019880022321428825,,3.3466238839285714,,3.36650390625,
2026-02-10 14:32:48.373000+00:00,"the dream was about to crash once again. She was in London, the city she had been dreaming about for her whole life. One day she received a letter from",There was a girl who always tried to chase her dreams but there were a lot of difficulties along her way. But somehow she managed and chased her abroad dreams but now,uSUBQk0ZgGhDzjY8qQwb,CS6X1ZRSN4J9,12893VREYQL9,1,human-human,1,author_2,159.0,130.0,129.0,129.0,30.0,0.9923076923076924,0.0076923076923076,0.0,1.0,0.0,12.0,False,,151.0,122.0,119.0,119.0,30.0,0.9754098360655736,0.0245901639344262,0.0,1.0,0.0,8.0,False,,False,,There was a gir who always to chase her dreams but there were alot of difficulties around her way. But somehow she managed and chased her abroad dreams but now,11,"the dream was about to crash once again. She was in London, the city she had been dreaming about for her whole life. One day she received a letter from",0,False,human,human,author_2,human,True,1.0,0.0,-0.06399813565340917,4.602687026515151,4.705074425899621,151.888671875,155.2674560546875,-0.06399813565340917,-0.2618439503205128,4.705074425899621,4.273412459935898,4.76907256155303,4.535256410256411
2026-02-10 14:36:50.764000+00:00,"anticipating this to happen. She left India to escape her ex-boyfriend and live out the dreams that he would not allow her, but now her worst nightmare would come true. The only",her ex-boyfriend that he is also coming to London to visit her. But now she is going into depression because she was,uSUBQk0ZgGhDzjY8qQwb,CS6X1ZRSN4J9,12893VREYQL9,2,human-human,2,author_2,114.0,93.0,91.0,91.0,23.0,0.978494623655914,0.021505376344086,0.0,1.0,0.0,10.0,False,,177.0,146.0,142.0,142.0,33.0,0.9726027397260274,0.0273972602739726,0.0,1.0,0.0,12.0,False,,False,,her ex-boyfriend that he is also coming to London to visit her. But now she is going in depression because she was,2,"anticipating this to happen. She left India to escape her ex-boyfriend and live out the dreams that he would not allow her, but now her worst nightmare would come true. The only",0,False,human,human,author_2,human,True,2.0,-0.8030348557692308,-2.5237890625,4.273412459935898,3.2796484375,166.6630859375,81.9912109375,-0.2963671875,0.13929214477539098,3.2796484375,3.9957916259765627,3.576015625,3.8564994812011717
2026-02-10 14:40:36.457000+00:00,"his ""support"" all the time. Their relationship had been toxic in many ways, and he would always make her feel like she really needed him – which she didn't. But he manipulated her",way to escape from his ex to show him who she has become now - a strong independent girl who is not afraid of him and doesn't need,uSUBQk0ZgGhDzjY8qQwb,CS6X1ZRSN4J9,12893VREYQL9,3,human-human,3,author_2,128.0,101.0,99.0,99.0,28.0,0.9801980198019802,0.0198019801980198,0.0,0.9642857142857144,0.0,11.0,False,,179.0,147.0,140.0,140.0,33.0,0.9523809523809524,0.0476190476190476,0.0,0.9696969696969696,0.0,12.0,False,,False,,way to escape from his ex to show him who she has became now - a strong independent girl who is not afraif of him and don't need,4,"his ""support"" all the time. Their relationship had been toxic in many ways, and he would always make her feel like she really needed him – which she didn't. But he manipulated her",0,False,human,human,author_2,human,True,3.0,-0.7636745452880858,-1.701593526204427,3.9957916259765627,3.456945292154948,159.8316650390625,103.70835876464844,-0.38357493082682304,-0.044783308699324564,3.456945292154948,4.5420548722550675,3.840520222981771,4.586838180954392
2026-02-10 14:44:48.664000+00:00,"saving up to, and felt ready to face him. Two weeks passed, and he suddenly stood on her doorstep. He had brought lots of roses, trying to convince her to be with",She went to have a good haircut and some other services to enhance herself. She bought the car she was,uSUBQk0ZgGhDzjY8qQwb,CS6X1ZRSN4J9,12893VREYQL9,4,human-human,4,author_2,106.0,86.0,85.0,85.0,21.0,0.9883720930232558,0.0116279069767441,0.0,1.0,0.0,8.0,False,,162.0,131.0,126.0,126.0,32.0,0.9618320610687024,0.0381679389312977,0.0,1.0,0.0,8.0,False,,False,,She went to have a good haircut and some other services to enhance her herself. She bought the car she was,4,"saving up to, and felt ready to face him. Two weeks passed, and he suddenly stood on her doorstep. He had brought lots of roses, trying to convince her to be with",0,False,human,human,author_2,human,True,4.0,-1.423824825802365,-0.8175223214285712,4.5420548722550675,5.471540178571429,168.0560302734375,114.90234375,-0.6374627976190474,-0.054944864908854196,5.471540178571429,3.1441392686631944,6.109002976190476,3.1990841335720486
2026-02-10 14:48:26.783000+00:00,a small voice inside her told her: No! You should not do this. You are so much happier without him. Don't let yourself be fooled by him. Not this time! And she closed the door in his,"When she saw him, instantly she remembered all the love between them, and her heart started to convince her that maybe he is changed now, but",uSUBQk0ZgGhDzjY8qQwb,CS6X1ZRSN4J9,12893VREYQL9,5,human-human,5,author_2,139.0,113.0,113.0,113.0,27.0,1.0,0.0,0.0,1.0,0.0,10.0,False,,182.0,146.0,139.0,139.0,38.0,0.952054794520548,0.047945205479452,0.0,0.9736842105263158,0.0,8.0,False,,False,,When she saw him instantly she remembered all the love between them and her heart started to convince her that may be he is changed now but,4,a small voice inside her told her: No! You should not do this. You are so much happier without him. Don't let yourself be fooled by him. Not this time! And she closed the door in his,0,False,human,human,author_2,human,True,5.0,-1.0289879692925346,-1.6435210129310343,3.1441392686631944,3.4760573814655173,141.48626708984375,100.8056640625,-0.06403219288793105,-0.20040213095175252,3.4760573814655173,3.2630936906144425,3.5400895743534484,3.463495821566195
2026-02-10 14:53:20.668000+00:00,the same. Let me go and don't come back! I'm done with you. It was very silent when she had closed the door. He didn't knock.,face but before closing the door she held the roses from his hands and threw them towards his face and told him no man can be changed - you all are here,uSUBQk0ZgGhDzjY8qQwb,CS6X1ZRSN4J9,12893VREYQL9,6,human-human,6,author_2,147.0,117.0,116.0,116.0,30.0,0.9914529914529916,0.0085470085470085,0.0,1.0,0.0,7.0,False,,124.0,99.0,92.0,92.0,29.0,0.9292929292929292,0.0707070707070707,0.0,0.896551724137931,0.0,6.0,False,,False,,face but before closing the door she hold the roses from his hands and threw towards his face and told him no man can be changed - you all are here,6,the same. Let me go and don't come back! I'm done with you. It was very silent when she had closed the door. He didn't knock,1,False,human,human,author_2,human,True,6.0,-1.5106184675886825,-2.1378402709960938,3.2630936906144425,4.534278869628906,120.73446655273438,145.096923828125,0.22743988037109375,-0.04424758184523814,4.534278869628906,3.3058965773809526,4.3068389892578125,3.3501441592261907
2026-02-10 14:55:49.907000+00:00,"about to begin. A few days passed by, and there was no sight of the ex. But one day, as she was standing by the window to do the dishes, she noticed something moving outside in the",But this time she is relaxed and satisfied. She never felt this much relief as she is feeling it now. Now another life is,uSUBQk0ZgGhDzjY8qQwb,CS6X1ZRSN4J9,12893VREYQL9,7,human-human,7,author_2,121.0,98.0,96.0,96.0,24.0,0.979591836734694,0.0204081632653061,0.0,1.0,0.0,9.0,False,,180.0,144.0,139.0,139.0,37.0,0.9652777777777778,0.0347222222222222,0.0,1.0,0.0,9.0,False,,False,,But this time she is relaxed and satisfied. She never felt this much relief as she is feeling it now. Now another life is,0,"about to begin. A few days passed by, and there was no sight of the ex. But one day, as she was standing by the window to do the dishes, she noticed something moving outside in the",0,False,human,human,author_2,human,True,7.0,-1.0537806919642856,-1.6316105769230766,3.3058965773809526,4.074744591346154,138.84765625,105.943359375,-0.4028695913461533,-0.022732204861110716,4.074744591346154,3.3304931640625,4.4776141826923075,3.353225368923611
2026-02-10 14:59:41.914000+00:00,"puts the dishes away and goes out to greet him at the gate. He says: ""Hi Laura. I just thought of you and wanted to stop by. Do you want to grab a coffee with me?"" She thought about",backyard that a boy from his office is here to meet her and she always saw affection and respect for her in his eyes. and now he is at her gate to meet her. she,uSUBQk0ZgGhDzjY8qQwb,CS6X1ZRSN4J9,12893VREYQL9,8,human-human,8,author_2,160.0,126.0,124.0,124.0,35.0,0.984126984126984,0.0158730158730158,0.0,1.0,0.0,9.0,False,,181.0,143.0,136.0,136.0,39.0,0.951048951048951,0.0489510489510489,0.0,1.0,0.0,7.0,False,,False,,backyard that a boy from his office is here to meet her and she always saw affection and respect for her in his eyes. and now he is at her gate to meet her. she,0,"puts the dishes away and goes out to greet him at the gate. He says: ""Hi Laura. I just thought of you and wanted to stop by. Do you want to grab a coffee with me?"" She thought about",0,False,human,human,author_2,human,True,8.0,-1.1414279513888888,-1.5176552220394735,3.3304931640625,4.120901007401316,149.8721923828125,156.59423828125,-0.11481034128289469,-0.01110076904296875,4.120901007401316,2.97137451171875,4.235711348684211,2.9824752807617188
2026-02-10 15:02:09.882000+00:00,"she went inside and changed into some nice clothes. Then they went to a coffee bar, and he was being very nice to her. He paid for her.",it for some time but this time she wants to try her luck again and said okay to him. She asked him to wait some time so,uSUBQk0ZgGhDzjY8qQwb,CS6X1ZRSN4J9,12893VREYQL9,9,human-human,9,author_2,119.0,95.0,94.0,94.0,25.0,0.9894736842105264,0.0105263157894736,0.0,1.0,0.0,9.0,False,,134.0,107.0,104.0,104.0,28.0,0.97196261682243,0.02803738317757,0.0,1.0,0.0,7.0,False,,False,,it for sometimes but this time she wants to try her luck again and said okay to him. She asked him to wait sometimes so,4,"she went inside and changed into some nice clothes. Then they went to a coffee bar, and he was being very nice to her. He paid for her",1,False,human,human,author_2,human,True,9.0,-1.707977294921875,-2.385184151785714,2.97137451171875,3.226283482142857,95.083984375,90.3359375,-0.21568080357142838,-0.2739152579471984,3.226283482142857,2.3901682886584052,3.4419642857142856,2.6640835466056036
2026-02-10 15:04:56.113000+00:00,"She was starting to feel butterflies inside of her. After drinking the coffee, he asked her if she would want to see him again, and she","She reminded of her ex as she always had to pay with him, but this guy is showing nice gestures and she always notices a lot of good things.",uSUBQk0ZgGhDzjY8qQwb,CS6X1ZRSN4J9,12893VREYQL9,10,human-human,10,author_2,138.0,111.0,111.0,111.0,28.0,1.0,0.0,0.0,1.0,0.0,8.0,False,,135.0,110.0,107.0,107.0,26.0,0.9727272727272728,0.0272727272727272,0.0,1.0,0.0,11.0,False,,False,,She reminded of her ex as she always have to pay with him but this guy is showing nice gestures and she always notices alot of good things,5,"She was starting to feel butterflies inside of her. After drinking the coffee, he asked her if she would want to see her again, and she",2,False,human,human,author_2,human,True,10.0,-2.2826832738415948,-1.63218245967742,2.3901682886584052,4.680821572580645,69.31488037109375,145.10546875,0.22273500504032206,,4.680821572580645,,4.458086567540323,
2026-02-02 09:38:04.583000+00:00,"time to be alive. However, one day a piano fell from high above the clouds and landed on all five of her pets. Gertrude was livid","Gertrud. Gertrud was a lonely old woman closing her 89 years. She has 3 cats and 2 dogs, thinking it was a good",vtVEZIgMKoEkI6hoyJnd,GMPKA1AQ1MUW,G5394KAM1QSX,1,human-human,1,author_2,111.0,89.0,82.0,82.0,20.0,0.9213483146067416,0.0337078651685393,0.0,1.0,0.0,8.0,False,,128.0,103.0,100.0,100.0,26.0,0.970873786407767,0.029126213592233,0.0,1.0,0.0,7.0,False,,False,,"Gertrud. Gertrud was a lonely old woman closing her 89 years. She has 3 cats and 2 dogs, thinking it was a good",0,"time to be alive. However, one day a piano fell from high above the clouds and landed on all five of her pets. Gertrud was livid",1,False,human,human,author_2,human,True,1.0,0.0,-0.7275924682617188,6.150188577586207,4.550285339355469,178.35546875,145.609130859375,-0.7275924682617188,-0.3830295138888893,4.550285339355469,5.827727141203703,5.2778778076171875,6.210756655092593
2026-02-02 09:41:31.308000+00:00,"clean up the piles of squashed cat guts and fur, and set off to the supermarket to buy more melons; she urgently needed those",She screamed in joy while the people around her were astonished about the phenomenon that a piano and not a guitar fell from above. She was happy she didn't have to,vtVEZIgMKoEkI6hoyJnd,GMPKA1AQ1MUW,G5394KAM1QSX,2,human-human,2,author_2,162.0,132.0,131.0,131.0,31.0,0.9924242424242424,0.0075757575757575,0.0,1.0,0.0,10.0,False,,126.0,103.0,101.0,101.0,24.0,0.9805825242718448,0.0194174757281553,0.0,1.0,0.0,11.0,False,,False,,She screamed in joy while the people around her were astonished about the phenomen that a piano and not an guitar fell from above. She was happy she didnt have to,4,"clean up the piles of squashed cat guts and fur, and set off the the supermarket to buy more melons; she urgently needed those",2,False,human,human,author_2,human,True,2.0,-1.5473451967592595,-0.7493999705595131,5.827727141203703,4.7781219482421875,157.3486328125,162.45614624023438,0.33796198227826313,-0.23544669151306152,4.7781219482421875,5.589669466018677,4.440159965963924,5.825116157531738
2026-02-02 09:44:44.355000+00:00,"a big private jet and flying to outer space with all her friends: she had none. And ""planes can't fly that high,"" a clever man.",melons to fake her pet's smashed heads to get the insurance money that was set to make her a billionaire. She always dreamed of getting on,vtVEZIgMKoEkI6hoyJnd,GMPKA1AQ1MUW,G5394KAM1QSX,3,human-human,3,author_2,136.0,111.0,110.0,110.0,26.0,0.990990990990991,0.009009009009009,0.0,1.0,0.0,10.0,False,,125.0,101.0,96.0,96.0,26.0,0.9504950495049505,0.0495049504950495,0.0,0.9615384615384616,0.0,7.0,False,,False,,melons to fake her pets smashed heads to get the insurance money that was sat to make her a billionare. She always dreamed of getting on,3,"a big private jet and flying to outer space with all her friends: she had none. And ""planes can't fly that high"" a clever man",2,False,human,human,author_2,human,True,3.0,-1.4057364463806152,-2.984712727864583,5.589669466018677,4.021388753255208,178.86942291259766,120.64166259765625,-0.14342397054036482,0.05734309443721042,4.021388753255208,4.39138850459346,4.164812723795573,4.33404541015625
2026-02-02 09:48:00.146000+00:00,"different continents all over the globe, she could damn well survive a trip to outer space. After all she wasn't just any old",once said. But she didn't believe it. If a dog could be sent to the moon and survive on the way back and she could survive all the rollercoasters in six,vtVEZIgMKoEkI6hoyJnd,GMPKA1AQ1MUW,G5394KAM1QSX,4,human-human,4,author_2,152.0,122.0,119.0,119.0,32.0,0.9754098360655736,0.0245901639344262,0.0,0.96875,0.0,14.0,False,,125.0,103.0,100.0,100.0,24.0,0.970873786407767,0.029126213592233,0.0,0.9583333333333334,0.0,10.0,False,,False,,once said. But she didn't believe it. If a dog could be send to the moon and survive on the way back and she could survive all the rollercoasters in six,1,"different continents all over the globe, she could damn well survive a trip to outer space. After all she wasn't just any old",0,False,human,human,author_2,human,True,4.0,-1.5068624990957753,-1.5118275204220328,4.39138850459346,3.6758176442739128,118.56748962402344,136.00525283813477,-0.44628669120169917,-0.19741030092592649,3.6758176442739128,5.064163773148148,4.122104335475612,5.261574074074074
2026-02-02 09:50:46.247000+00:00,"as Mike Tyson on cocaine. ""Mike Tyson on cocaine is the best sexual partner a woman can experience,"" her niece had always said to","lady. She was a grandma who survived raising 10 grandchildren and dealt with multiple ex-lovers, who weren't as spicy in bed.",vtVEZIgMKoEkI6hoyJnd,GMPKA1AQ1MUW,G5394KAM1QSX,5,human-human,5,author_2,123.0,103.0,97.0,97.0,22.0,0.941747572815534,0.0388349514563106,0.0,0.9090909090909092,0.0,13.0,False,,128.0,105.0,102.0,102.0,24.0,0.9714285714285714,0.0285714285714285,0.0,1.0,0.0,10.0,False,,False,,"lady. She was a grandma who survived raising 10 grandchildren and dealed with multiple x-lovers, who wasn't as spicy in bed",7,"as Mike Tyson on cocaine. ""Mike Tyson on cocaine is the best sexual partner a woman can experience"" her niece had always said to",1,False,human,human,author_2,human,True,5.0,-1.5431857638888893,-1.9365103403727213,5.064163773148148,4.5371143341064455,136.732421875,136.11343002319336,0.09150301615397183,-0.089141845703125,4.5371143341064455,3.6790798411649814,4.445611317952474,3.7682216868681064
2026-02-02 09:53:21.724000+00:00,"children up for adoption in 1978. She called Mike Tyson, who was in the middle of drawing a cat, and asked if he wanted to go to","her, that she should watch him in the ring doing his thing, she said. Gertrude knew exactly what she meant. She's been through the whole thing when she put her",vtVEZIgMKoEkI6hoyJnd,GMPKA1AQ1MUW,G5394KAM1QSX,6,human-human,6,author_2,158.0,129.0,124.0,124.0,31.0,0.9612403100775194,0.0387596899224806,0.0,0.967741935483871,0.0,7.0,False,,128.0,102.0,95.0,95.0,26.0,0.931372549019608,0.0294117647058823,0.0,1.0,0.0,8.0,False,,False,,"her, that she should watch him in the ring doing his thing, she said. Gertrud knew exactly what she meant. She's been through the whole thing when she put her",1,"children up for adoption in 1978. She called Mike Tyson, who was in the middle of drawing a cat, and asked if he wanted to go to",0,False,human,human,author_2,human,True,6.0,-1.336229212143842,-2.208821614583333,3.6790798411649814,3.7002495659722223,125.08871459960938,133.208984375,-0.41172960069444464,-0.048420567666330516,3.7002495659722223,3.7352157100554435,4.111979166666667,3.783636277721774
2026-02-02 09:56:28.972000+00:00,KNEW THE DOCTOR WAS LYING. She had to make sure he never opened his mouth again. So she took a roll of duct tape and a,"her 4th husband's funeral. He died of a heart attack the doctor said, but Gertrud knew him too well, and his heart was strong enough to pull through, no. SHE",vtVEZIgMKoEkI6hoyJnd,GMPKA1AQ1MUW,G5394KAM1QSX,7,human-human,7,author_2,158.0,129.0,122.0,122.0,31.0,0.9457364341085271,0.0465116279069767,0.0,0.935483870967742,0.0,7.0,False,,122.0,96.0,94.0,94.0,27.0,0.9791666666666666,0.0208333333333333,0.0,1.0,0.0,6.0,False,,False,,"her 4th husband's funeral. He died of an heart attack the doctor said, but Gertrud knew him too well, and his heart was strong enough to pull through, no. SHE",1,KNEW THE DOCTOR WAS LYING. She had to make sure he never opened his mouth again. So she took a roll of duct tape and and a,4,False,human,human,author_2,human,True,7.0,-0.9646429246471775,-1.7367483139038087,3.7352157100554435,3.373893165588379,115.79168701171875,134.95572662353516,-0.4846639633178711,-0.49293348524305536,3.373893165588379,5.535838939525463,3.85855712890625,6.028772424768518
2026-02-02 10:00:31.993000+00:00,train station where she started a new-age band with Søren Rasted from Aqua. He had nice hair and always talked about the deep,"casserole from her kitchen. The things you always have in the house, you know? She had to frame the doctor for HER murder. She brought her stuff to the",vtVEZIgMKoEkI6hoyJnd,GMPKA1AQ1MUW,G5394KAM1QSX,8,human-human,8,author_2,151.0,123.0,119.0,119.0,29.0,0.967479674796748,0.032520325203252,0.0,1.0,0.0,9.0,False,,125.0,103.0,101.0,101.0,24.0,0.9805825242718448,0.0194174757281553,0.0,1.0,0.0,7.0,False,,False,,"casserole from her kitchen. The things you always have in the house, you know? She had to frame the doctor for HER murder. She brought her stuff to the",0,train station where she started a new-age band with Søren Rasted from Aqua. He had nice hair and always talked about the deep,0,False,human,human,author_2,human,True,8.0,-1.5310013382523149,-1.9687360491071422,5.535838939525463,4.263406808035715,149.4676513671875,149.21923828125,0.0010881696428572951,-0.021151029146634137,4.263406808035715,5.765493539663462,4.262318638392857,5.786644568810096
2026-02-02 10:03:13.135000+00:00,"people in general, they would DEFINITELY FUCK. But unfortunately they lived in rural Russia, where sexual norms were outdated and","voiced singer in his band. Rene Dif, he was a handsome man, he said. And if it wasn't for the society norms and perspective of",vtVEZIgMKoEkI6hoyJnd,GMPKA1AQ1MUW,G5394KAM1QSX,9,human-human,9,author_2,125.0,101.0,97.0,97.0,25.0,0.9603960396039604,0.0396039603960396,0.0,1.0,0.0,11.0,False,,129.0,110.0,107.0,107.0,20.0,0.9727272727272728,0.0272727272727272,0.0,1.0,0.0,13.0,False,,False,,"voiced singer in his band. Rene Dif, he was a handsome man, he said. And if it wasnt for the society norms and perspective of",1,"people in general, they would DEFINITELY FUCK. But unfortunately they lived in rural Russia, where sexual norms were outdated and",0,False,human,human,author_2,human,True,9.0,-1.0361046424278841,-2.0457680609918407,5.765493539663462,4.798709438693139,149.90283203125,148.7599925994873,-0.1014577804073209,0.021748860677083925,4.798709438693139,5.505652225378788,4.90016721910046,5.483903364701704
2026-02-02 10:05:41.831000+00:00,"coffin-options. Then she jumped very high with a lot of force, all the way to space, where she met the grand pianomaker and Billy.","totally outdated. Well backtracking to Gertrud's agenda with the tape and casserole.. They took the train, and parted ways she had to stop by the morgue to discuss",vtVEZIgMKoEkI6hoyJnd,GMPKA1AQ1MUW,G5394KAM1QSX,10,human-human,10,author_2,162.0,135.0,131.0,131.0,28.0,0.9703703703703704,0.0296296296296296,0.0,1.0,0.0,12.0,False,,129.0,106.0,102.0,102.0,25.0,0.9622641509433962,0.0377358490566037,0.0,1.0,0.0,10.0,False,,False,,"totally outDATED. Well backtracking to Gertruds agenda with the tape and casserole.. They took the train, and parted ways she had to stop by the morgue to discuss",6,"coffin-options. Then she jumped very high with a lot of force, all the way to space, where she met the grand pianomaker and Billy",1,False,human,human,author_2,human,True,10.0,-1.2250014796401514,-2.939295523507254,5.505652225378788,5.417622375488281,181.6865234375,189.61678314208984,-0.36581137520926355,,5.417622375488281,,5.783433750697545,
2026-02-26 16:26:01.732000+00:00,strolling through the university park with a beer in his hand. It was summer and the new semester had just begun.,"two people, who randomly met each other at university. And yes, it was random - because as it turned out, they didn't study the same subject, but one of them, Ian, was",xmFgQW5bh6PcMW6uXdYJ,PSM23ZUQDUJW,5GKN1VU42YJS,1,human-human,1,author_2,167.0,136.0,127.0,127.0,32.0,0.9338235294117648,0.0661764705882353,0.0,0.96875,0.0,10.0,False,,113.0,93.0,91.0,91.0,21.0,0.978494623655914,0.021505376344086,0.0,1.0,0.0,10.0,False,,False,,"two people, who randomly met each other at university. And yes, it was random - because as it turned out, they didn't study the same subject, but one of them, Ian, was",0,strolling through the university park with a beer in his hand. It was summer and the new semester had just begun.,0,False,human,human,author_2,human,True,1.0,0.0,-0.4785349776105181,4.6810302734375,3.9809012064119664,112.3447265625,163.21694946289062,-0.4785349776105181,0.015363420758928825,3.9809012064119664,6.519071306501116,4.4594361840224845,6.5037078857421875
2026-02-26 16:30:04.869000+00:00,"Ian replied ""it's alright"" and began to move on, now with a stained white shirt when the guy with Clara held him.","Clara, who walked through the park occupied with her thoughts, suddenly bumped into Ian and spilled her hot coffee all over him. ""Sorry!""",xmFgQW5bh6PcMW6uXdYJ,PSM23ZUQDUJW,5GKN1VU42YJS,2,human-human,2,author_2,137.0,115.0,109.0,109.0,23.0,0.9478260869565216,0.0521739130434782,0.0,1.0,0.0,8.0,False,,112.0,91.0,87.0,87.0,23.0,0.956043956043956,0.0439560439560439,0.0,0.9565217391304348,0.0,7.0,False,,False,,"Clara, who walked through the park occupied with her thoughts, suddenly bumped into Ian and spilled her hot coffee all over him. ""Sorry!""",0,"Ian replied ""it's alright"" and began to move on, now with a stained white shirt when the guy with Clara held him",1,False,human,human,author_2,human,True,2.0,-0.37450953892299044,-2.018157958984375,6.519071306501116,3.064007989291487,182.53399658203125,88.85623168945312,-0.663476352033944,0.13809942430065547,3.064007989291487,4.538981529974168,3.727484341325431,4.400882105673513
2026-02-26 16:35:30.932000+00:00,"but the guy wouldn't stop glaring. So Ian decided to use some quick thinking. ""Sorry I'm shy, and you are really pretty.""","back and asked him ""hey - it was not on purpose, you don't have to be so rude about it."" Ian looked surprised at him and Clara tried to neutralize the situation,",xmFgQW5bh6PcMW6uXdYJ,PSM23ZUQDUJW,5GKN1VU42YJS,3,human-human,3,author_2,161.0,130.0,123.0,123.0,32.0,0.946153846153846,0.0538461538461538,0.0,0.96875,0.0,10.0,False,,120.0,99.0,92.0,92.0,23.0,0.9292929292929292,0.0707070707070707,0.0,0.9565217391304348,0.0,8.0,False,,False,,"back and asked him ""hey - it was not on purpose, you don't have to be so rude about it"". Ian looked surprised at him and Clara tried to neutralize the situation,",2,"but the guy wouldn't stop glaring. So Ian decided to use some quick thinking. ""Sorry im shy, and you are really pretty"".",4,False,human,human,author_2,human,True,3.0,-1.1735807849514872,-2.036943736829256,4.538981529974168,3.760502263119346,140.70842742919922,142.89908599853516,-0.177622343364515,0.43510298295454586,3.760502263119346,6.1935813210227275,3.938124606483861,5.758478338068182
2026-02-26 16:39:58.709000+00:00,"out whether Ian had meant her or her friend Brian. Hopefully time would tell, after all the year had just","Clara blushed, dragged her friend away from the situation, wondering what had just happened. But something was in the air - and she could not figure.",xmFgQW5bh6PcMW6uXdYJ,PSM23ZUQDUJW,5GKN1VU42YJS,4,human-human,4,author_2,148.0,123.0,119.0,119.0,25.0,0.967479674796748,0.032520325203252,0.0,1.0,0.0,9.0,False,,104.0,86.0,84.0,84.0,19.0,0.9767441860465116,0.0232558139534883,0.0,1.0,0.0,9.0,False,,False,,"Clara blushed, dragged her friend away from the situation, wondering what had just happened. But something was in the air - and she could not figure",1,"out whether Ian had meant her or her friend Brian. Hopefully time would tell, afterall the year had just",1,False,human,human,author_2,human,True,4.0,-1.656294389204545,-1.8673184302545365,6.1935813210227275,3.9675795032132055,136.2587890625,122.99496459960938,-0.2414698446950605,-0.41780746459960927,3.9675795032132055,5.245440826416016,4.209049347908266,5.663248291015625
2026-02-26 16:43:56.019000+00:00,man to talk about SOMETHING else than the pretty boy from yesterday. As she was rummaging through her cupboard.,"begun, and Clara did not want to anticipate anything. The next day, Casper would not stop talking about Ian and his rudeness. Clara grew suspicious - how could she get the",xmFgQW5bh6PcMW6uXdYJ,PSM23ZUQDUJW,5GKN1VU42YJS,5,human-human,5,author_2,171.0,141.0,136.0,136.0,30.0,0.9645390070921984,0.0354609929078014,0.0,1.0,0.0,10.0,False,,110.0,92.0,91.0,91.0,19.0,0.9891304347826086,0.0108695652173913,0.0,1.0,0.0,9.0,False,,False,,"begun, and Clara did not want to anticipate anything. The next day, Casper would not stop talking about Ian and his rudeness. Clara grew suspicious - how could she get the",0,man to talk about SOMETHING else than the pretty boy from yesterday. As she was rummaging through her cupboard,1,False,human,human,author_2,human,True,5.0,-1.2038523864746091,-2.4113373627533785,5.245440826416016,3.870955183699324,131.1360206604004,143.225341796875,-0.3345402898015206,-0.7305961277173916,3.870955183699324,5.651621942934782,4.205495473500845,6.382218070652174
2026-02-26 16:47:30.732000+00:00,would now become her motivation to make Casper realize just how fucking gay he was. No man should be closeted in,", she found the picture from last summer depicting her late father. The funniest man she knew - unfortunately he was not brave enough to come out of the closet, and this",xmFgQW5bh6PcMW6uXdYJ,PSM23ZUQDUJW,5GKN1VU42YJS,6,human-human,6,author_2,169.0,138.0,134.0,134.0,30.0,0.9710144927536232,0.0289855072463768,0.0,1.0,0.0,13.0,False,,112.0,92.0,91.0,91.0,21.0,0.9891304347826086,0.0108695652173913,0.0,1.0,0.0,10.0,False,,False,,", she found the picture from last summer depicting her late father. The funniest man she knew - unfortunately he was not brave enough to come out of the closet, and this",0,would now become her motivation to make Casper realise just how fucking gay he was. No man should be closeted in,1,False,human,human,author_2,human,True,6.0,-2.2380052649456523,-1.5838120404411766,5.651621942934782,4.479693244485294,129.9873046875,152.3095703125,-0.027358111213234615,-0.32317606608072946,4.479693244485294,4.501434326171875,4.507051355698529,4.8246103922526045
2026-02-26 16:50:50.843000+00:00,"..yeah that's probably it. Anyway, Clara arose from the floor where she had been pondering and walked to the","EVER. Clara thought back to the camp, where Brian got his nickname Casper - and wondered why this had stuck. Maybe it just fit his fucking gayness.",xmFgQW5bh6PcMW6uXdYJ,PSM23ZUQDUJW,5GKN1VU42YJS,7,human-human,7,author_2,146.0,120.0,116.0,116.0,26.0,0.9666666666666668,0.0333333333333333,0.0,1.0,0.0,8.0,False,,108.0,90.0,85.0,85.0,20.0,0.9444444444444444,0.0555555555555555,0.0,0.95,0.0,9.0,False,,False,,"EVER. Clara thought back to the camp, where Brian got his nickname Casper - and wondered why this had stuck. Maybe it just fit his fucking gayness",1,"..yeah that's probably it. Anyway, Clara arose from the floor where she had been pondering and walked to the",0,False,human,human,author_2,human,True,7.0,-1.468353271484375,-2.58209228515625,4.501434326171875,5.2847900390625,108.034423828125,169.11328125,0.3287353515625,-0.24248589409722232,5.2847900390625,3.6758445457175926,4.9560546875,3.918330439814815
2026-02-26 16:54:58.916000+00:00,ask if he wanted to eat lunch together. There was a new hotdog stand near the stadium that she wanted to try out. And,"living room, where she found her mom lighting up a huge joint. ""Really, mom, again?"" she screamed, while grabbing her jacket to get the fuck out of there. She called Casper to",xmFgQW5bh6PcMW6uXdYJ,PSM23ZUQDUJW,5GKN1VU42YJS,8,human-human,8,author_2,174.0,144.0,135.0,135.0,31.0,0.9375,0.0625,0.0,1.0,0.0,10.0,False,,117.0,94.0,92.0,92.0,24.0,0.9787234042553192,0.0212765957446808,0.0,1.0,0.0,8.0,False,,False,,"livingroom, where she found her mum lighting up a huge joint. ""Really, mom, again?"" she screamed, while grabbing her jacket to get the fuck out of there. She called Casper to",2,ask if he wanted to eat lunch together. There was a new hotdog stand near the stadium that she wanted to try out. And,0,False,human,human,author_2,human,True,8.0,-0.9072446469907405,-1.3624755859375002,3.6758445457175926,3.8256103515625,99.247802734375,153.0244140625,0.3201904296875,-0.46361019736842124,3.8256103515625,5.005859375,3.505419921875,5.469469572368421
2026-02-26 16:57:35.806000+00:00,hotdog in each hand it certainly would provide great entertainment for the afternoon. Casper seemed to be,"the local soccer team was playing a match tonight, so maybe they would both get a kick out of watching hot men running around sweating, with a",xmFgQW5bh6PcMW6uXdYJ,PSM23ZUQDUJW,5GKN1VU42YJS,9,human-human,9,author_2,142.0,116.0,114.0,114.0,27.0,0.9827586206896552,0.0172413793103448,0.0,1.0,0.0,8.0,False,,105.0,89.0,88.0,88.0,17.0,0.9887640449438202,0.0112359550561797,0.0,1.0,0.0,13.0,False,,False,,"the local soccer team was playing a match tonight, so maybe they would both get a kick out of watching hot men running around sweating, with a",0,hotdog in each hand it certainly would provide great entertainment for the afternoon. Casper seemed to be,0,False,human,human,author_2,human,True,9.0,-3.014494243421053,-2.1483911974676726,5.005859375,3.808619005926724,95.111328125,110.449951171875,-0.17659364897629315,-0.44288861310040506,3.808619005926724,4.094788162796585,3.9852126549030173,4.5376767758969905
2026-02-26 16:59:17.790000+00:00,possible! It had been a rough summer and she couldn't wait to get to know the local pubs. She started walking towards the,"in a great mood today, so maybe they could go to the pub later on as well. Clara needed to get drunk - as soon as",xmFgQW5bh6PcMW6uXdYJ,PSM23ZUQDUJW,5GKN1VU42YJS,10,human-human,10,author_2,113.0,88.0,85.0,85.0,25.0,0.9659090909090908,0.034090909090909,0.0,1.0,0.0,6.0,False,,121.0,99.0,96.0,96.0,24.0,0.9696969696969696,0.0303030303030303,0.0,0.9583333333333334,0.0,8.0,False,,False,,"in a great mood today, so maybe they could go to the pub later on as well. Clara needed to get drunk - as soon as",0,possible! It had been a rough summer and she couldn't wait to get to know the local pubs. She started walking towards the,0,False,human,human,author_2,human,True,10.0,-1.7008955213758679,-3.628411429268973,4.094788162796585,2.8008204868861606,110.55928039550781,78.4229736328125,-0.5381644112723216,,2.8008204868861606,,3.338984898158482,
