test,t_statistic,p_value,mean_field,mean_sim
Same-turn: Field vs Simulated,2.7352065643318553,0.037266061893289786,0.25642130552696657,-0.24644642857322194
Previous-turn: Field vs Simulated,-4.25203133401253,0.003166181889201631,0.10181788524043069,0.5334348524079158
