test,t_statistic,p_value,mean_field,mean_sim
Same-turn: Field vs Simulated,2.7765568652900003,0.03552076627086791,0.2635516094361669,-0.24644642857322194
Previous-turn: Field vs Simulated,-4.033072354124291,0.004781954663659508,0.13020605344103903,0.5334348524079158
