test,t_statistic,p_value,mean_field,mean_sim
Same-turn: Field vs Simulated,2.7150247267005923,0.03842898281767227,0.25206019537390945,-0.24644642857322194
Previous-turn: Field vs Simulated,-4.267651099778389,0.0033108631163852216,0.10337522806922099,0.5334348524079158
