test,t_statistic,p_value,mean_field,mean_sim
Same-turn: Field vs Simulated,2.7469449667884294,0.03667368601239632,0.2587301260181568,-0.24644642857322194
Previous-turn: Field vs Simulated,-4.262671236046166,0.00367057916894073,0.10850753680897322,0.5334348524079158
