test,t_statistic,p_value,mean_field,mean_sim
Same-turn: Field vs Simulated,2.7578458330044424,0.03646678102642067,0.25976992248302716,-0.24644642857322194
Previous-turn: Field vs Simulated,-4.231634877220431,0.003434738273787595,0.10655264789382331,0.5334348524079158
