test,t_statistic,p_value,mean_field,mean_sim
Same-turn: Field vs Simulated,2.592462067423183,0.04460446740393051,0.23032273413186322,-0.24644642857322194
Previous-turn: Field vs Simulated,-4.509948473504018,0.002853354484549356,0.08613840403214279,0.5334348524079158
