test,t_statistic,p_value,mean_field,mean_sim
Same-turn: Field vs Simulated,2.8157220035044217,0.0338296112621103,0.2707409161940116,-0.24644642857322194
Previous-turn: Field vs Simulated,-4.159394213412346,0.004220413934895989,0.11931831004861795,0.5334348524079158
