test,t_statistic,p_value,mean_field,mean_sim
Same-turn: Field vs Simulated,2.9584621714978954,0.027315996260262498,0.3012765831156754,-0.24644642857322194
Previous-turn: Field vs Simulated,-4.248131082229137,0.001978172284205029,0.07764415255001464,0.5334348524079158
