test,t_statistic,p_value,mean_field,mean_sim
Same-turn: Field vs Simulated,2.1712790978598573,0.07562240502373796,0.156042927076233,-0.24644642857322194
Previous-turn: Field vs Simulated,-5.068245591023372,5.958022036221104e-4,-0.009189443442439745,0.5334348524079158
