test,t_statistic,p_value,mean_field,mean_sim
Same-turn: Field vs Simulated,2.5915216637129057,0.044161872412152636,0.2315856657624549,-0.24644642857322194
Previous-turn: Field vs Simulated,-4.393287258769977,0.0028237026810904223,0.0907941578692157,0.5334348524079158
