test,t_statistic,p_value,mean_field,mean_sim
Same-turn: Field vs Simulated,2.4780869379719146,0.05094427009340544,0.21118421892844097,-0.24644642857322194
Previous-turn: Field vs Simulated,-4.720695133011411,0.0019767961943109964,0.059910363035322226,0.5334348524079158
