test,t_statistic,p_value,mean_field,mean_sim
Same-turn: Field vs Simulated,2.1352198939242153,0.07821356854967668,0.15181644192333787,-0.24644642857322194
Previous-turn: Field vs Simulated,-5.210231628543613,6.375422375591647e-4,-0.014078875865630294,0.5334348524079158
