test,t_statistic,p_value,mean_field,mean_sim
Same-turn: Field vs Simulated,1.3409054542203689,0.23145534882698904,0.0018181287539639124,-0.24644642857322194
Previous-turn: Field vs Simulated,-5.459038998689329,4.820598922965913e-4,-0.0374300135145212,0.5334348524079158
