term,Estimate,Std. Error,df,t value,Pr(>|t|)
(Intercept),0.01735371775144173,0.024151940867387166,92.66410554195983,0.7185226995514382,0.4742429285181545
predictor_valence,0.2116243677135907,0.033510514483733655,1381.212777725887,6.315163195011981,3.6303757755667597e-10
alignment_directionAI_to_User,-0.11731578748386166,0.01784962810197778,1299.347194282418,-6.572449958823669,7.147176158094739e-11
predictor_valence:alignment_directionAI_to_User,-0.1313595464261091,0.04598846841425228,1321.932992086504,-2.85635836451121,0.0043523512934003665
