data_source,agent,mean_valence,sd_valence,median_valence
Field,ai,0.0038133110155701647,0.3974922919507561,-0.021208199483102284
Field,user,-0.08905151461921616,0.40343572866036564,-0.08950538488332006
Simulated,ai,-0.29581633011500036,0.6805178651667083,-0.48730646073818207
Simulated,user,-0.40691028460860246,0.5285402621415183,-0.5040501058101654
