data_source,agent,mean_valence,sd_valence,median_valence
Field,ai,-0.5932383766020741,0.3504856424023706,-0.5965942144393921
Field,user,-0.5073062406761554,0.524998311620337,-0.587469756603241
Simulated,ai,-0.29581633011500036,0.6805178651667083,-0.48730646073818207
Simulated,user,-0.40691028460860246,0.5285402621415183,-0.5040501058101654
