data_source,agent,mean_valence,sd_valence,median_valence
Field,ai,0.168571947934106,0.4343171222094181,0.1457209289073944
Field,user,0.04217092929563176,0.4824456110301765,0.04122988134622574
Simulated,ai,-0.29581633011500036,0.6805178651667083,-0.48730646073818207
Simulated,user,-0.40691028460860246,0.5285402621415183,-0.5040501058101654
