data_source,agent,mean_valence,sd_valence,median_valence
Field,ai,0.180928378136882,0.4589596974874713,0.14572134613990784
Field,user,0.05327687679921368,0.4989095657853294,0.05401356518268585
Simulated,ai,-0.29581633011500036,0.6805178651667083,-0.48730646073818207
Simulated,user,-0.40691028460860246,0.5285402621415183,-0.5040501058101654
