data_source,agent,mean_valence,sd_valence,median_valence
Field,ai,0.16822637851633454,0.4341568462162538,0.1457209289073944
Field,user,0.03732408219003581,0.48242081015471894,0.039797352626919746
Simulated,ai,-0.29581633011500036,0.6805178651667083,-0.48730646073818207
Simulated,user,-0.40691028460860246,0.5285402621415183,-0.5040501058101654
