data_source,agent,mean_valence,sd_valence,median_valence
Field,ai,0.1744938763844144,0.4513142497665796,0.1457209289073944
Field,user,0.034804605619406695,0.4677403121573457,0.031032588332891464
Simulated,ai,-0.29581633011500036,0.6805178651667083,-0.48730646073818207
Simulated,user,-0.40691028460860246,0.5285402621415183,-0.5040501058101654
