data_source,agent,mean_valence,sd_valence,median_valence
Field,ai,0.17112284095444313,0.4598384102082389,0.1366628259420395
Field,user,0.042586307206149226,0.4919896096064935,0.02392369881272316
Simulated,ai,-0.29581633011500036,0.6805178651667083,-0.48730646073818207
Simulated,user,-0.40691028460860246,0.5285402621415183,-0.5040501058101654
