data_source,agent,mean_valence,sd_valence,median_valence
Field,ai,-0.0014706383247352645,0.4023307038389952,-0.02120832743753465
Field,user,-0.08895174161443124,0.395313395326465,-0.10782964218092779
Simulated,ai,-0.29581633011500036,0.6805178651667083,-0.48730646073818207
Simulated,user,-0.40691028460860246,0.5285402621415183,-0.5040501058101654
