data_source,agent,mean_valence,sd_valence,median_valence
Field,ai,-0.4073778792399084,0.3694485812692278,-0.48503947257995605
Field,user,-0.35186835458868243,0.4360666035726614,-0.40812188386917114
Simulated,ai,-0.29581633011500036,0.6805178651667083,-0.48730646073818207
Simulated,user,-0.40691028460860246,0.5285402621415183,-0.5040501058101654
