data_source,agent,mean_valence,sd_valence,median_valence
Field,ai,0.15859043075296095,0.27732758954660686,0.15287874591708495
Field,user,0.06130328302373974,0.36344866206952864,0.0538993751479275
Simulated,ai,-0.29581633011500036,0.6805178651667083,-0.48730646073818207
Simulated,user,-0.40691028460860246,0.5285402621415183,-0.5040501058101654
