data_source,agent,mean_valence,sd_valence,median_valence
Field,ai,0.16476869670474256,0.43386652070665915,0.1457209289073944
Field,user,0.044240719017883116,0.5009302344298341,0.04825260676443577
Simulated,ai,-0.29581633011500036,0.6805178651667083,-0.48730646073818207
Simulated,user,-0.40691028460860246,0.5285402621415183,-0.5040501058101654
