data_source,agent,mean_valence,sd_valence,median_valence
Field,ai,-0.00369025756837033,0.3911148676368232,-0.02120832743753465
Field,user,-0.09696878969694771,0.39685033814166376,-0.12108758487110682
Simulated,ai,-0.29581633011500036,0.6805178651667083,-0.48730646073818207
Simulated,user,-0.40691028460860246,0.5285402621415183,-0.5040501058101654
