data_source,agent,mean_valence,sd_valence,median_valence
Field,ai,0.17849649167278928,0.4553549309882964,0.14611534774303436
Field,user,0.05064783960626248,0.48283684850205844,0.05284896865487099
Simulated,ai,-0.29581633011500036,0.6805178651667083,-0.48730646073818207
Simulated,user,-0.40691028460860246,0.5285402621415183,-0.5040501058101654
