conversation_id,condition,turn,analysis_turn,complete_exchange,starter_side,starter_type,speaker_slot,speaker_type,speaker_is_starter,partner_type,text
conv_01150c35d34a445d9a85ea9e0f263781,ai-ai,1,1,True,author_2,ai,author_1,ai,False,ai,"by salt and sun, and his skin was lined with the history of countless storms. Ewan's eyes, a cold blue like distant ice floes, always seemed to be"
conv_01150c35d34a445d9a85ea9e0f263781,ai-ai,1,1,True,author_2,ai,author_2,ai,True,ai,"an old, weathered sailor named Ewan, who spent most of his life drifting along the windswept shores of the North Sea. His hair was bleached nearly white"
conv_01150c35d34a445d9a85ea9e0f263781,ai-ai,2,2,True,author_2,ai,author_1,ai,False,ai,"rarely appeared on any maps, nestled between wild heather hills and black basalt cliffs. Each evening, as the gulls shrieked overhead, Ewan would light the"
conv_01150c35d34a445d9a85ea9e0f263781,ai-ai,2,2,True,author_2,ai,author_2,ai,True,ai,"searching the horizon for something he could never quite name. He lived in a crooked cottage on the last jagged outcrop of Dunrowan, a village so small it"
conv_01150c35d34a445d9a85ea9e0f263781,ai-ai,3,3,True,author_2,ai,author_1,ai,False,ai,"pounded the rocks below, Ewan saw a strange, flickering light far out on the water—far too steady and bright to be a fishing boat’s lantern, and"
conv_01150c35d34a445d9a85ea9e0f263781,ai-ai,3,3,True,author_2,ai,author_2,ai,True,ai,"old brass lamp in his window, a worn sailor's tradition to guide home any soul lost at sea. But on a particular autumn night, as wind battered the panes and waves"
conv_01150c35d34a445d9a85ea9e0f263781,ai-ai,4,4,True,author_2,ai,author_1,ai,False,ai,"the old tales whispered in Dunrowan’s pub—of will-o’-the-wisps, or the lanterns of drowned souls. Yet something about this light called to"
conv_01150c35d34a445d9a85ea9e0f263781,ai-ai,4,4,True,author_2,ai,author_2,ai,True,ai,"it moved, impossibly, against the gales. Ewan squinted through the stinging spray, heart thudding with a mixture of fear and hope, for he'd heard"
conv_01150c35d34a445d9a85ea9e0f263781,ai-ai,5,5,True,author_2,ai,author_1,ai,False,ai,"howled, tearing at his sleeves, but Ewan pressed on, every step against the cliffside feeling both reckless and fated. He shoved the skiff into the surf"
conv_01150c35d34a445d9a85ea9e0f263781,ai-ai,5,5,True,author_2,ai,author_2,ai,True,ai,"him, deeper than fear or superstition. He grabbed his oilskin coat, braced himself, and trudged down the slippery path to his battered skiff. The wind"
conv_01150c35d34a445d9a85ea9e0f263781,ai-ai,6,6,True,author_2,ai,author_1,ai,False,ai,"preternaturally calm, the oarlocks silent in his hands. The light shimmered just ahead, revealing at last a tall figure standing atop a rock that hadn't been"
conv_01150c35d34a445d9a85ea9e0f263781,ai-ai,6,6,True,author_2,ai,author_2,ai,True,ai,"and rowed out, muscles straining against the black water, always keeping the strange light in sight. As he neared, the wind seemed to hush and the sea grew"
conv_01150c35d34a445d9a85ea9e0f263781,ai-ai,7,7,True,author_2,ai,author_1,ai,False,ai,"stood the Sea’s Daughter, the fabled guardian of lost sailors. Her voice, when it came, was a melody that sounded both like home and storm: “Ewan"
conv_01150c35d34a445d9a85ea9e0f263781,ai-ai,7,7,True,author_2,ai,author_2,ai,True,ai,"there before. Cloaked in silver mist, she watched Ewan approach with eyes as ancient as the sea itself. His breath caught—the tales had spoken true, for before him"
conv_01150c35d34a445d9a85ea9e0f263781,ai-ai,8,8,True,author_2,ai,author_1,ai,False,ai,"across the water, illuminating a path from Ewan's skiff to the silhouette of a distant ship—a ship he recognized from his dreams, its sails full and gleaming"
conv_01150c35d34a445d9a85ea9e0f263781,ai-ai,8,8,True,author_2,ai,author_2,ai,True,ai,"Macrae, you have lit the lantern for others all your years. Tonight, your own way must be lit.” As her words wrapped around him, the mysterious light blossomed"
conv_01150c35d34a445d9a85ea9e0f263781,ai-ai,9,9,True,author_2,ai,author_1,ai,False,ai,"iff drifted away, lantern swinging at the prow, until it merged with the silver ship waiting at the edge of dawn. And so, Ewan took his place among the"
conv_01150c35d34a445d9a85ea9e0f263781,ai-ai,9,9,True,author_2,ai,author_2,ai,True,ai,"silver beneath the autumn stars. With a last, lingering glance at his cottage on the dark cliffs, Ewan followed the path. The Sea’s Daughter watched silently as his sk"
conv_01150c35d34a445d9a85ea9e0f263781,ai-ai,10,10,True,author_2,ai,author_1,ai,False,ai,"still glimpse a steady lantern shining far out among the storm-tossed swells—a sailor’s light, guiding the lost safely home, just as Ewan once did."
conv_01150c35d34a445d9a85ea9e0f263781,ai-ai,10,10,True,author_2,ai,author_2,ai,True,ai,"kindly souls of the sea, his journey finally finding its shore. The people of Dunrowan say that on wild autumn nights, if you watch the waves, you might"
conv_01770d5c793349f889e6f9416a108f5f,ai-ai,1,1,True,author_1,ai,author_1,ai,True,ai,"a girl named Mira who lived in a quiet, windswept village at the edge of the Silverpine Forest. Every morning, she would awaken to the distant call of birds"
conv_01770d5c793349f889e6f9416a108f5f,ai-ai,1,1,True,author_1,ai,author_2,ai,False,ai,"and the whispering hush of tall pines swaying above her small cottage. Mira loved those soft dawns, when the light crept pale and slow across her window and"
conv_01770d5c793349f889e6f9416a108f5f,ai-ai,2,2,True,author_1,ai,author_1,ai,True,ai,"painted golden shapes on the wooden floor. She always lingered a moment, listening for the gentle voices of the forest. Today, the whispers seemed different—urgent, ins"
conv_01770d5c793349f889e6f9416a108f5f,ai-ai,2,2,True,author_1,ai,author_2,ai,False,ai,"istent, as if the wind itself was trying to tell her something. Mira tiptoed outside, her bare feet brushing dew from the moss. She paused by the edge of"
conv_01770d5c793349f889e6f9416a108f5f,ai-ai,3,3,True,author_1,ai,author_1,ai,True,ai,"the trees, letting the crisp air tingle against her skin. In the hush, she noticed a shimmer among the roots of the oldest pine—a light that pulsed softly,"
conv_01770d5c793349f889e6f9416a108f5f,ai-ai,3,3,True,author_1,ai,author_2,ai,False,ai,"almost like a heartbeat. Curious and unafraid, Mira knelt and brushed aside a spray of ferns. There, nestled among damp earth and tangled roots, was a"
conv_01770d5c793349f889e6f9416a108f5f,ai-ai,4,4,True,author_1,ai,author_1,ai,True,ai,"smooth stone, no bigger than her palm, glowing with an inner silver radiance. As Mira reached out, the stone warmed beneath her fingers, and a sudden breeze whipped around"
conv_01770d5c793349f889e6f9416a108f5f,ai-ai,4,4,True,author_1,ai,author_2,ai,False,ai,"her, swirling her hair and sending the smell of pine and wet earth spinning through the air. The whispers grew louder, forming into words she felt more than heard: ""Guardian"
conv_01770d5c793349f889e6f9416a108f5f,ai-ai,5,5,True,author_1,ai,author_1,ai,True,ai,"of Silverpine, awake."" In that moment, Mira’s heart fluttered with both fear and excitement. The stone’s light spread up her arm, gentle and cool, filling"
conv_01770d5c793349f889e6f9416a108f5f,ai-ai,5,5,True,author_1,ai,author_2,ai,False,ai,"her with images of the towering forest, hidden creatures, and ancient, slumbering secrets. As the vision faded, Mira realized she could understand the language of the trees—"
conv_01770d5c793349f889e6f9416a108f5f,ai-ai,6,6,True,author_1,ai,author_1,ai,True,ai,"each sigh and rustle now a word, every birdcall a greeting. The forest spoke of an old danger stirring beneath Silverpine’s roots, and Mira—stone in hand"
conv_01770d5c793349f889e6f9416a108f5f,ai-ai,6,6,True,author_1,ai,author_2,ai,False,ai,—understood it was her duty to protect her home. The forest urged her toward a shadowed path winding deeper beneath ancient boughs. With newfound courage and the stone
conv_01770d5c793349f889e6f9416a108f5f,ai-ai,7,7,True,author_1,ai,author_1,ai,True,ai,"cradled tight in her hand, Mira stepped past the oldest pine. The trees parted before her, and she walked into the heart of Silverpine, guided by whispered warnings"
conv_01770d5c793349f889e6f9416a108f5f,ai-ai,7,7,True,author_1,ai,author_2,ai,False,ai,"and glimmers of hidden creatures. The air thickened, pulsing with magic. Deep among mossy roots, a darkness shifted—old and restless. Mira raised the stone"
conv_01770d5c793349f889e6f9416a108f5f,ai-ai,8,8,True,author_1,ai,author_1,ai,True,ai,"and spoke in the tongue the forest had given her. Light poured from her palm, banishing the creeping shadow. The ancient threat recoiled, then faded, its strength broken"
conv_01770d5c793349f889e6f9416a108f5f,ai-ai,8,8,True,author_1,ai,author_2,ai,False,ai,"by Mira’s bravery and the forest’s magic. Exhausted but triumphant, she sank to her knees as the dawn sun pierced the trees. The whispers now sang her name"
conv_01770d5c793349f889e6f9416a108f5f,ai-ai,9,9,True,author_1,ai,author_1,ai,True,ai,"in gratitude, and the stone’s light softened to a gentle glow. Mira smiled, knowing Silverpine was safe—and that she, at last, belonged not just to the village"
conv_01770d5c793349f889e6f9416a108f5f,ai-ai,9,9,True,author_1,ai,author_2,ai,False,ai,"but to the ancient, whispering heart of the forest, a true Guardian forevermore."
conv_01770d5c793349f889e6f9416a108f5f,ai-ai,10,10,True,author_1,ai,author_1,ai,True,ai,"And as Mira stood, the morning light danced along the treetops and laughter sprang from hidden branches. The trees promised she would never walk alone again, and every dawn’s"
conv_01770d5c793349f889e6f9416a108f5f,ai-ai,10,10,True,author_1,ai,author_2,ai,False,ai,"song would carry her name. She smiled, stepping homeward, the silver stone warm in her hand—a gentle reminder that courage, kindness, and a listening heart could shape both"
conv_0778316e5b24428fa1d27f070460d769,ai-ai,1,1,True,author_2,ai,author_1,ai,False,ai,"something more out there for her, beyond the familiar rhythms of village life. As she went about her daily routines, Sophia couldn't shake the feeling that she was meant for something"
conv_0778316e5b24428fa1d27f070460d769,ai-ai,1,1,True,author_2,ai,author_2,ai,True,ai,"a young woman named Sophia, who lived in a small village surrounded by rolling hills and dense forests. She had always felt a sense of restlessness, a feeling that there was"
conv_0778316e5b24428fa1d27f070460d769,ai-ai,2,2,True,author_2,ai,author_1,ai,False,ai,"drinking in the sight of the distant mountains, their peaks shrouded in mist and legend. The villagers would sometimes tell stories of strange happenings and mysterious creatures that lur"
conv_0778316e5b24428fa1d27f070460d769,ai-ai,2,2,True,author_2,ai,author_2,ai,True,ai,"greater, something that would take her far beyond the thatched roofs and muddy streets of her childhood home. She would often find herself gazing out at the horizon, her eyes"
conv_0778316e5b24428fa1d27f070460d769,ai-ai,3,3,True,author_2,ai,author_1,ai,False,ai,"where a mysterious temple was said to stand, hidden from the world for centuries. The villagers spoke of the temple in hushed tones, as if it were a myth, a"
conv_0778316e5b24428fa1d27f070460d769,ai-ai,3,3,True,author_2,ai,author_2,ai,True,ai,"ked in the shadows of those mountains, of ancient magic that still lingered in the air, and of a long-forgotten path that wound its way up to the peak"
conv_0778316e5b24428fa1d27f070460d769,ai-ai,4,4,True,author_2,ai,author_1,ai,False,ai,"as if some part of her very soul was calling out to it, urging her to leave the safety of the village and embark on the perilous journey to the peak. She"
conv_0778316e5b24428fa1d27f070460d769,ai-ai,4,4,True,author_2,ai,author_2,ai,True,ai,"place of wonder and terror, where the very fabric of reality was thin and the whispers of the gods could still be heard. Sophia felt an inexplicable pull towards the temple,"
conv_0778316e5b24428fa1d27f070460d769,ai-ai,5,5,True,author_2,ai,author_1,ai,False,ai,"course of her life forever: she would set out on the long and treacherous journey to the temple, no matter the danger, no matter the uncertainty, and no matter"
conv_0778316e5b24428fa1d27f070460d769,ai-ai,5,5,True,author_2,ai,author_2,ai,True,ai,"began to feel a growing sense of discontent, a feeling that she could no longer ignore the whispered call of the temple, and so she made a decision that would change the"
conv_0778316e5b24428fa1d27f070460d769,ai-ai,6,6,True,author_2,ai,author_1,ai,False,ai,"containing a few precious belongings and a waterskin, and stepped out into the bright sunlight, her feet carrying her towards the edge of the village and the path that led to"
conv_0778316e5b24428fa1d27f070460d769,ai-ai,6,6,True,author_2,ai,author_2,ai,True,ai,"the warnings and pleas of her loved ones, who begged her to stay in the village where it was safe and familiar. With a deep breath, Sophia shouldered a small pack"
conv_0778316e5b24428fa1d27f070460d769,ai-ai,7,7,True,author_2,ai,author_1,ai,False,ai,"the air grew cooler and the silence deeper, and the only sound was the soft rustle of leaves and the distant call of a bird, a sound that seemed to echo through"
conv_0778316e5b24428fa1d27f070460d769,ai-ai,7,7,True,author_2,ai,author_2,ai,True,ai,"the mountains, a path that was little more than a whispered rumor among the villagers, a faint trail that wound its way up into the trees and disappeared into the shadows, where"
conv_0778316e5b24428fa1d27f070460d769,ai-ai,8,8,True,author_2,ai,author_1,ai,False,ai,"until she felt as though she was walking through a tunnel of darkness, the only light coming from a faint, ethereal glow that seemed to emanate from the trees themselves,"
conv_0778316e5b24428fa1d27f070460d769,ai-ai,8,8,True,author_2,ai,author_2,ai,True,ai,"the stillness, a haunting melody that seemed to match the beating of Sophia's heart, as she climbed higher and higher, the trees growing taller and the shadows growing darker,"
conv_0778316e5b24428fa1d27f070460d769,ai-ai,9,9,True,author_2,ai,author_1,ai,False,ai,"and responsive to her presence, the soft glow growing brighter and more intense as she walked, until Sophia felt herself being drawn into a world of enchantment and wonder, where the"
conv_0778316e5b24428fa1d27f070460d769,ai-ai,9,9,True,author_2,ai,author_2,ai,True,ai,"illuminating the path ahead and casting an otherworldly radiance over the forest floor, where the leaves and ferns seemed to shimmer and tremble, as if alive"
conv_0778316e5b24428fa1d27f070460d769,ai-ai,10,10,True,author_2,ai,author_1,ai,False,ai,"the gentle thrumming of a thousand tiny harp strings, the vibrations of which seemed to resonate deep within Sophia's very being, awakening a sense of harmony and balance that"
conv_0778316e5b24428fa1d27f070460d769,ai-ai,10,10,True,author_2,ai,author_2,ai,True,ai,"trees loomed above her like sentinels, their branches weaving together in a canopy of silver and gold, and the air was filled with a sweet, musical hum, like"
conv_07c6c85ffa5d417bb849be37dac32ffb,ai-ai,1,1,True,author_2,ai,author_1,ai,False,ai,"birds filled the air, creating a sense of serene tranquility that seemed to envelop all who entered this mystical place. The villagers, with their gentle smiles and knowing glances,"
conv_07c6c85ffa5d417bb849be37dac32ffb,ai-ai,1,1,True,author_2,ai,author_2,ai,True,ai,"a small, mysterious village nestled in the heart of a dense and enchanted forest, where the air was sweet with the scent of blooming wildflowers and the soft chirping of"
conv_07c6c85ffa5d417bb849be37dac32ffb,ai-ai,2,2,True,author_2,ai,author_1,ai,False,ai,"and led to small, rustic cottages with smoke drifting lazily from their chimneys, carrying the scent of baking bread and simmering stews, while the thatched roofs"
conv_07c6c85ffa5d417bb849be37dac32ffb,ai-ai,2,2,True,author_2,ai,author_2,ai,True,ai,"moved with a quiet purpose, as if guided by a deep understanding of the world and its secrets, their footsteps quiet on the winding dirt paths that crisscrossed the village"
conv_07c6c85ffa5d417bb849be37dac32ffb,ai-ai,3,3,True,author_2,ai,author_1,ai,False,ai,"emerged from the trees, a young woman with long, curly brown hair and eyes that shone like the stars on a clear night, her feet bare and her simple t"
conv_07c6c85ffa5d417bb849be37dac32ffb,ai-ai,3,3,True,author_2,ai,author_2,ai,True,ai,"seemed to blend seamlessly into the surrounding landscape, as if the cottages had grown organically from the earth itself, and in the midst of this peaceful scene, a figure"
conv_07c6c85ffa5d417bb849be37dac32ffb,ai-ai,4,4,True,author_2,ai,author_1,ai,False,ai,"was Aria, the village's beloved healer and wisdom keeper, whose hands were said to hold the power to soothe the sick and the sorrowful, and whose heart was"
conv_07c6c85ffa5d417bb849be37dac32ffb,ai-ai,4,4,True,author_2,ai,author_2,ai,True,ai,"unic flowing behind her like a river of moonlight, and as she walked, the villagers turned to watch her, their faces filled with a deep affection and respect, for this"
conv_07c6c85ffa5d417bb849be37dac32ffb,ai-ai,5,5,True,author_2,ai,author_1,ai,False,ai,"a sense of calm and clarity to all she met, as if the very essence of the forest had been distilled into her being, and the villagers would often remark that on days"
conv_07c6c85ffa5d417bb849be37dac32ffb,ai-ai,5,5,True,author_2,ai,author_2,ai,True,ai,"filled with a deep compassion and empathy, allowing her to sense the hidden troubles and desires of those around her, and as she moved through the village, her presence seemed to bring"
conv_07c6c85ffa5d417bb849be37dac32ffb,ai-ai,6,6,True,author_2,ai,author_1,ai,False,ai,"natural world itself was responding to her presence, and the gentle hum of the village's energy seemed to harmonize with the rhythm of her heartbeat, creating a symphony of peace"
conv_07c6c85ffa5d417bb849be37dac32ffb,ai-ai,6,6,True,author_2,ai,author_2,ai,True,ai,"when Aria walked among them, the flowers bloomed more vibrantly, the birds sang more sweetly, and the trees seemed to stand a little taller, as if the"
conv_07c6c85ffa5d417bb849be37dac32ffb,ai-ai,7,7,True,author_2,ai,author_1,ai,False,ai,"stood at the village's center, its gnarled branches twisted and turned in a way that seemed to hold the secrets of the ages, and the villagers believed that this tree"
conv_07c6c85ffa5d417bb849be37dac32ffb,ai-ai,7,7,True,author_2,ai,author_2,ai,True,ai,"that resonated deep within the soul, and as the sun began to set, casting a warm orange glow over the village, Aria made her way to the ancient tree that"
conv_07c6c85ffa5d417bb849be37dac32ffb,ai-ai,8,8,True,author_2,ai,author_1,ai,False,ai,"touch the tree's trunk, a soft, ethereal light began to emanate from within its ancient heart, and the air around her seemed to vibrate with the whispers of"
conv_07c6c85ffa5d417bb849be37dac32ffb,ai-ai,8,8,True,author_2,ai,author_2,ai,True,ai,"was the keeper of the village's collective memory, a living archive of stories, legends, and wisdom that had been passed down through generations, and as Aria reached out to"
conv_07c6c85ffa5d417bb849be37dac32ffb,ai-ai,9,9,True,author_2,ai,author_1,ai,False,ai,"brighter, filling her with a sense of unity and connection to all that had come before, and in this moment, she knew that she was not just a healer, but"
conv_07c6c85ffa5d417bb849be37dac32ffb,ai-ai,9,9,True,author_2,ai,author_2,ai,True,ai,"the ancestors, their gentle voices weaving a tapestry of love, wisdom, and guidance, and as Aria listened, her eyes closed, her heart open, the light grew"
conv_07c6c85ffa5d417bb849be37dac32ffb,ai-ai,10,10,True,author_2,ai,author_1,ai,False,ai,"time and space, a sense of being a part of something far greater than herself, and as the light faded, leaving behind a soft, golden glow, Aria opened her"
conv_07c6c85ffa5d417bb849be37dac32ffb,ai-ai,10,10,True,author_2,ai,author_2,ai,True,ai,"a guardian of the village's soul, a keeper of its deepest secrets and most profound truths, and with this knowledge, she felt a sense of purpose and belonging that transcended"
conv_08d9bb0fa8a04742ae71f86b77bfb2b7,ai-ai,1,1,True,author_1,ai,author_1,ai,True,ai,"Margot Glass, who discovered she could taste lies.

It started on a Tuesday morning when her husband said, ""I love you,"" and"
conv_08d9bb0fa8a04742ae71f86b77bfb2b7,ai-ai,1,1,True,author_1,ai,author_2,ai,False,ai,"It started on a Tuesday morning when her husband said, ""I love you,"" and her mouth filled with the metallic tang of copper pennies. She'd been reaching for"
conv_08d9bb0fa8a04742ae71f86b77bfb2b7,ai-ai,2,2,True,author_1,ai,author_1,ai,True,ai,"her coffee mug, fingers halfway to the handle, when the taste stopped her cold. David stood by the refrigerator in his gray suit, briefcase in hand,"
conv_08d9bb0fa8a04742ae71f86b77bfb2b7,ai-ai,2,2,True,author_1,ai,author_2,ai,False,ai,"waiting for her usual response. But Margot couldn't speak. The taste coated her tongue like she'd been sucking on old coins, bitter and unmistak"
conv_08d9bb0fa8a04742ae71f86b77bfb2b7,ai-ai,3,3,True,author_1,ai,author_1,ai,True,ai,"able. She watched him shift his weight, check his watch, and something in his eyes—was it relief?—flashed when she finally managed a nod instead of"
conv_08d9bb0fa8a04742ae71f86b77bfb2b7,ai-ai,3,3,True,author_1,ai,author_2,ai,False,ai,"words. The door clicked shut behind him, and the taste vanished instantly, leaving only the ghost of it and a hollowness in her chest.

She stood frozen"
conv_08d9bb0fa8a04742ae71f86b77bfb2b7,ai-ai,4,4,True,author_1,ai,author_1,ai,True,ai,"in the kitchen, sunlight streaming through the window onto the tile floor where they'd chosen the grout color together three years ago. Her coffee had gone cold."
conv_08d9bb0fa8a04742ae71f86b77bfb2b7,ai-ai,4,4,True,author_1,ai,author_2,ai,False,ai,"By noon, she'd convinced herself it was stress, lack of sleep, maybe early flu. But then her sister called, voice bright and brittle: ""No, really"
conv_08d9bb0fa8a04742ae71f86b77bfb2b7,ai-ai,5,5,True,author_1,ai,author_1,ai,True,ai,", I'm fine, totally fine about the divorce,"" and Margot's mouth flooded with something sweet and cloying, like artificial strawberry syrup mixed with"
conv_08d9bb0fa8a04742ae71f86b77bfb2b7,ai-ai,5,5,True,author_1,ai,author_2,ai,False,ai,"burnt sugar. She nearly gagged, pressing her palm against the counter. ""Sarah, you don't have to—""

""I mean it! Best thing that ever"
conv_08d9bb0fa8a04742ae71f86b77bfb2b7,ai-ai,6,6,True,author_1,ai,author_1,ai,True,ai,"happened to me,"" Sarah insisted, and the taste intensified until Margot thought she might be sick. She hung up quickly, mumbling something about another call."
conv_08d9bb0fa8a04742ae71f86b77bfb2b7,ai-ai,6,6,True,author_1,ai,author_2,ai,False,ai,The rest of the week became an education in human dishonesty. Her boss claiming he'd fight for their department's funding—ash and vinegar. The barista saying
conv_08d9bb0fa8a04742ae71f86b77bfb2b7,ai-ai,7,7,True,author_1,ai,author_1,ai,True,ai,"she loved working mornings—stale bread and something sour, like milk just starting to turn. Even the neighbor's cheerful ""Your yard looks great!""—a"
conv_08d9bb0fa8a04742ae71f86b77bfb2b7,ai-ai,7,7,True,author_1,ai,author_2,ai,False,ai,"faint trace of lemon peel and dust.

By Friday, Margot had stopped talking to people entirely. She worked from home, declined calls, ordered groc"
conv_08d9bb0fa8a04742ae71f86b77bfb2b7,ai-ai,8,8,True,author_1,ai,author_1,ai,True,ai,"eries online. But Saturday morning, David found her sitting at the kitchen table in yesterday's clothes, staring at nothing.

""Margot, what's going"
conv_08d9bb0fa8a04742ae71f86b77bfb2b7,ai-ai,8,8,True,author_1,ai,author_2,ai,False,ai,"on?"" he asked, and his voice carried genuine concern—no taste at all, just his words hanging clean in the air between them.

She looked up at him,"
conv_08d9bb0fa8a04742ae71f86b77bfb2b7,ai-ai,9,9,True,author_1,ai,author_1,ai,True,ai,"this man she'd built a life with, and realized that truth tasted like nothing—like air, like water, like silence. ""Tell me again,"" she whispered"
conv_08d9bb0fa8a04742ae71f86b77bfb2b7,ai-ai,9,9,True,author_1,ai,author_2,ai,False,ai,", her voice breaking. ""Tell me you love me.""

David's face went pale. He opened his mouth, closed it. The silence stretched between them like a ch"
conv_08d9bb0fa8a04742ae71f86b77bfb2b7,ai-ai,10,10,True,author_1,ai,author_1,ai,True,ai,"asm neither could cross. Finally, he sat down across from her, and when he spoke, his voice was barely audible. ""I don't know anymore."""
conv_08d9bb0fa8a04742ae71f86b77bfb2b7,ai-ai,10,10,True,author_1,ai,author_2,ai,False,ai,"The words landed soft and terrible, but her mouth stayed clean—clear as spring water, honest as dawn. Margot felt something crack open inside her chest, painful and"
conv_0b79c8b2ffa94ba2aa69de82653e4dff,ai-ai,1,1,True,author_2,ai,author_1,ai,False,ai,"in harmony with nature. The air was always fresh, carrying the scent of pine and wildflowers. Eldoria was known for its skilled craftsmen and healers, but most"
conv_0b79c8b2ffa94ba2aa69de82653e4dff,ai-ai,1,1,True,author_2,ai,author_2,ai,True,ai,"a small village nestled between rolling hills and dense forests. The village, known as Eldoria, was a place where time seemed to move a little slower, and the people lived"
conv_0b79c8b2ffa94ba2aa69de82653e4dff,ai-ai,2,2,True,author_2,ai,author_1,ai,False,ai,"of the earth itself. Villagers would often gather around it during festivals, telling stories of ancestors and the mystical creatures that were said to dwell in the nearby forests. One evening"
conv_0b79c8b2ffa94ba2aa69de82653e4dff,ai-ai,2,2,True,author_2,ai,author_2,ai,True,ai,"of all, it was famous for the ancient oak tree that stood at its heart. This tree, said to be over a thousand years old, was believed to hold the secrets"
conv_0b79c8b2ffa94ba2aa69de82653e4dff,ai-ai,3,3,True,author_2,ai,author_1,ai,False,ai,"book under her arm, her eyes filled with curiosity and a hint of nervousness. Elara had always been fascinated by the tales of magic and mystery that surrounded the tree."
conv_0b79c8b2ffa94ba2aa69de82653e4dff,ai-ai,3,3,True,author_2,ai,author_2,ai,True,ai,"as the sun began to set, casting long shadows across the cobblestone streets, a young girl named Elara approached the ancient oak. She carried a small, leather-bound"
conv_0b79c8b2ffa94ba2aa69de82653e4dff,ai-ai,4,4,True,author_2,ai,author_1,ai,False,ai,"unlock the secrets of the ancient oak herself. With a deep breath, she placed her hand on the rough bark, feeling the tree’s energy pulse through her fingers. As she"
conv_0b79c8b2ffa94ba2aa69de82653e4dff,ai-ai,4,4,True,author_2,ai,author_2,ai,True,ai,"She had spent countless hours listening to the stories told by her grandmother, who was one of the village’s most respected healers. Today, Elara felt a strong urge to"
conv_0b79c8b2ffa94ba2aa69de82653e4dff,ai-ai,5,5,True,author_2,ai,author_1,ai,False,ai,"ritual, written in a faded, elegant script. The instructions were simple but profound: to speak an ancient incantation aloud, and to pour a handful of herbs she"
conv_0b79c8b2ffa94ba2aa69de82653e4dff,ai-ai,5,5,True,author_2,ai,author_2,ai,True,ai,"closed her eyes, a soft whisper seemed to echo in her mind, guiding her to open the book she had brought. Elara flipped through the pages until she found an old"
conv_0b79c8b2ffa94ba2aa69de82653e4dff,ai-ai,6,6,True,author_2,ai,author_1,ai,False,ai,"she recited the incantation. As the last word left her lips, a gentle breeze rustled the leaves above, and a warm light began to glow from the hollow"
conv_0b79c8b2ffa94ba2aa69de82653e4dff,ai-ai,6,6,True,author_2,ai,author_2,ai,True,ai,"had gathered from the forest into the small hollow at the base of the tree. With a trembling hand, Elara followed the ritual, her voice barely more than a whisper as"
conv_0b79c8b2ffa94ba2aa69de82653e4dff,ai-ai,7,7,True,author_2,ai,author_1,ai,False,ai,"beneath her feet trembled lightly, and the air filled with a sense of ancient magic. The tree’s branches swayed, and from within the glowing hollow, a"
conv_0b79c8b2ffa94ba2aa69de82653e4dff,ai-ai,7,7,True,author_2,ai,author_2,ai,True,ai,"where the herbs lay. Elara gasped, her eyes widening in awe as the light grew brighter, illuminating the ancient symbols carved into the bark. Suddenly, the ground"
conv_0b79c8b2ffa94ba2aa69de82653e4dff,ai-ai,8,8,True,author_2,ai,author_1,ai,False,ai,"Elara’s heart raced, but she found her courage. “I seek to understand the balance between nature and magic,” she replied, her voice steady. “I want to"
conv_0b79c8b2ffa94ba2aa69de82653e4dff,ai-ai,8,8,True,author_2,ai,author_2,ai,True,ai,"soft, melodic voice emerged, speaking in a language both ancient and familiar. “Daughter of the earth, seeker of truth, what is it you wish to know?”"
conv_0b79c8b2ffa94ba2aa69de82653e4dff,ai-ai,9,9,True,author_2,ai,author_1,ai,False,ai,"yet full of wisdom. “To maintain the balance, one must first understand the interconnectedness of all things. The magic of the earth is not separate from you; it flows"
conv_0b79c8b2ffa94ba2aa69de82653e4dff,ai-ai,9,9,True,author_2,ai,author_2,ai,True,ai,"learn how to protect our village and ensure that the harmony we cherish remains unbroken.” The light from the hollow pulsed gently, and the voice spoke again, softer now,"
conv_0b79c8b2ffa94ba2aa69de82653e4dff,ai-ai,10,10,True,author_2,ai,author_1,ai,False,ai,"light began to fade, and the tree’s branches settled back into their usual stillness. Elara felt a newfound clarity and purpose within her. She bowed her head in respect"
conv_0b79c8b2ffa94ba2aa69de82653e4dff,ai-ai,10,10,True,author_2,ai,author_2,ai,True,ai,"through every living being and every element of nature. To protect Eldoria, you must become a guardian of this balance, respecting the natural order and using your knowledge wisely.” The"
conv_1781dd05dc59421daaa5e3cbcc5319b3,ai-ai,1,1,True,author_1,ai,author_1,ai,True,ai,"a small village nestled deep within a forest so vast, its boundaries were unknown to the villagers. The trees towered high, their canopies a tapestry of green that filtered"
conv_1781dd05dc59421daaa5e3cbcc5319b3,ai-ai,1,1,True,author_1,ai,author_2,ai,False,ai,"the sunlight into dappled patterns on the forest floor. In the heart of this village lived a young girl named Elara, known for her curiosity and her ability to communicate"
conv_1781dd05dc59421daaa5e3cbcc5319b3,ai-ai,2,2,True,author_1,ai,author_1,ai,True,ai,"with the animals that roamed the woods. Elara’s days were filled with wandering through the forest, listening to the whispers of the wind and the chirping of the birds"
conv_1781dd05dc59421daaa5e3cbcc5319b3,ai-ai,2,2,True,author_1,ai,author_2,ai,False,ai,"as they shared tales of far-off lands and ancient secrets. One morning, as the first rays of sun pierced through the mist, Elara noticed a peculiar stone half-bur"
conv_1781dd05dc59421daaa5e3cbcc5319b3,ai-ai,3,3,True,author_1,ai,author_1,ai,True,ai,"ied near the ancient oak at the edge of the village. Its surface shimmered with an iridescent glow, unlike anything she had seen before. Intrigued, El"
conv_1781dd05dc59421daaa5e3cbcc5319b3,ai-ai,3,3,True,author_1,ai,author_2,ai,False,ai,"ara approached the stone, her heart pounding with excitement. As she reached out to touch it, a warm current surged through her, and the stone seemed to hum in response."
conv_1781dd05dc59421daaa5e3cbcc5319b3,ai-ai,4,4,True,author_1,ai,author_1,ai,True,ai,"Elara felt a sudden vision wash over her—images of a forgotten kingdom buried beneath the roots of the great forest, guarded by creatures both fierce and wondrous. When the"
conv_1781dd05dc59421daaa5e3cbcc5319b3,ai-ai,4,4,True,author_1,ai,author_2,ai,False,ai,"vision faded, Elara stood there, breathless and wide-eyed. She knew she had to uncover the secrets of the stone and the lost kingdom it revealed. Gathering her courage"
conv_1781dd05dc59421daaa5e3cbcc5319b3,ai-ai,5,5,True,author_1,ai,author_1,ai,True,ai,"and a small sack of supplies, Elara set out on a journey that would test her wit, her bravery, and her deep connection with the forest. As she ventured deeper"
conv_1781dd05dc59421daaa5e3cbcc5319b3,ai-ai,5,5,True,author_1,ai,author_2,ai,False,ai,"into the woods, the familiar sights and sounds began to change. The path twisted and turned, leading her to hidden glades and mysterious clearings. The animals she encountered seemed"
conv_1781dd05dc59421daaa5e3cbcc5319b3,ai-ai,6,6,True,author_1,ai,author_1,ai,True,ai,"to guide her, their movements and calls steering her in the right direction. With each step, the forest grew more enchanting, and Elara felt a growing sense of purpose"
conv_1781dd05dc59421daaa5e3cbcc5319b3,ai-ai,6,6,True,author_1,ai,author_2,ai,False,ai,"and destiny. As she approached a dense thicket, a gentle breeze carried the faint melody of a song she had never heard before. Following the music, Elara discovered a"
conv_1781dd05dc59421daaa5e3cbcc5319b3,ai-ai,7,7,True,author_1,ai,author_1,ai,True,ai,"hidden grove where the air was thick with magic. In the center of the grove stood a stone archway, covered in intricate carvings that told the story of"
conv_1781dd05dc59421daaa5e3cbcc5319b3,ai-ai,7,7,True,author_1,ai,author_2,ai,False,ai,"the forgotten kingdom. The carvings depicted a time of prosperity and harmony, but also of a great betrayal that led to the kingdom’s downfall. Elara realized that the"
conv_1781dd05dc59421daaa5e3cbcc5319b3,ai-ai,8,8,True,author_1,ai,author_1,ai,True,ai,"stone she had found was a key to unlocking the past and perhaps restoring what had been lost. With a deep breath, she stepped through the archway, ready to face whatever"
conv_1781dd05dc59421daaa5e3cbcc5319b3,ai-ai,8,8,True,author_1,ai,author_2,ai,False,ai,"lay ahead. As she crossed the threshold, the world around her transformed. The forest became a vibrant realm of light and color, and the air was filled with the laughter of"
conv_1781dd05dc59421daaa5e3cbcc5319b3,ai-ai,9,9,True,author_1,ai,author_1,ai,True,ai,"spirits long forgotten. Elara found herself standing at the entrance of the lost kingdom, a place of breathtaking beauty and untold mysteries. She knew that her journey was just"
conv_1781dd05dc59421daaa5e3cbcc5319b3,ai-ai,9,9,True,author_1,ai,author_2,ai,False,ai,"beginning, and that the secrets of the past held the key to a brighter future. With determination in her heart, Elara stepped forward, ready to uncover the legacy of"
conv_1781dd05dc59421daaa5e3cbcc5319b3,ai-ai,10,10,True,author_1,ai,author_1,ai,True,ai,"the forgotten kingdom and bring its wonders back to the world. The forest, sensing her resolve, seemed to pulse with life, its ancient guardians watching over her as she embarked on"
conv_1781dd05dc59421daaa5e3cbcc5319b3,ai-ai,10,10,True,author_1,ai,author_2,ai,False,ai,"her quest. The path ahead was uncertain, but Elara was not alone. The animals, the spirits, and the very essence of the forest itself were with her, guiding"
conv_19b9d7bf179f4ae79678631d0eee52cf,ai-ai,1,1,True,author_2,ai,author_1,ai,False,ai,"a unique gift—the ability to understand and communicate with the forest’s creatures. This rare talent had been passed down through her family for generations, but it was Eliara who had"
conv_19b9d7bf179f4ae79678631d0eee52cf,ai-ai,1,1,True,author_2,ai,author_2,ai,True,ai,"Eliara, a young woman who lived in the shadow of the vast, ancient forest known as the Whispering Woods. Eliara was no ordinary villager; she possessed"
conv_19b9d7bf179f4ae79678631d0eee52cf,ai-ai,2,2,True,author_2,ai,author_1,ai,False,ai,", Eliara ventured deeper into the Whispering Woods than she ever had before. Guided by a sense of urgency she couldn’t quite explain, she followed a narrow path that"
conv_19b9d7bf179f4ae79678631d0eee52cf,ai-ai,2,2,True,author_2,ai,author_2,ai,True,ai,"awakened it fully, much to the surprise and awe of her village. One crisp autumn morning, as the leaves began to paint the ground in hues of gold and crimson"
conv_19b9d7bf179f4ae79678631d0eee52cf,ai-ai,3,3,True,author_2,ai,author_1,ai,False,ai,"grew cooler, and a faint melody drifted through the forest, a song she had never heard before but felt she knew intimately. The sound led her to a clearing she had"
conv_19b9d7bf179f4ae79678631d0eee52cf,ai-ai,3,3,True,author_2,ai,author_2,ai,True,ai,"twisted and turned through the dense undergrowth. The trees seemed to part for her, their branches swaying gently as if guiding her onward. As she walked, the air"
conv_19b9d7bf179f4ae79678631d0eee52cf,ai-ai,4,4,True,author_2,ai,author_1,ai,False,ai,"ing creature, no larger than her thumb. It had the wings of a butterfly and eyes that sparkled like stars. The creature looked at Eliara with an almost knowing smile"
conv_19b9d7bf179f4ae79678631d0eee52cf,ai-ai,4,4,True,author_2,ai,author_2,ai,True,ai,"never seen, where a crystal-clear pond mirrored the sky above. In the center of the pond, a single lily pad floated, and on it sat a tiny, shimmer"
conv_19b9d7bf179f4ae79678631d0eee52cf,ai-ai,5,5,True,author_2,ai,author_1,ai,False,ai,"words sent a shiver down Eliara’s spine. She knelt by the pond, her heart pounding with a mix of excitement and trepidation. “What do you"
conv_19b9d7bf179f4ae79678631d0eee52cf,ai-ai,5,5,True,author_2,ai,author_2,ai,True,ai,"and spoke in a voice that was both a whisper and a chime. “Eliara, you have come at last. The forest has been waiting for you.” The"
conv_19b9d7bf179f4ae79678631d0eee52cf,ai-ai,6,6,True,author_2,ai,author_1,ai,False,ai,"the forest is shifting, and only one with your gifts can restore it. A dark force is growing, threatening the harmony that has long protected our home. You must find the"
conv_19b9d7bf179f4ae79678631d0eee52cf,ai-ai,6,6,True,author_2,ai,author_2,ai,True,ai,"mean? What is it that the forest needs from me?” The tiny creature flitted closer, its wings leaving trails of glittering light in the air. “The balance of"
conv_19b9d7bf179f4ae79678631d0eee52cf,ai-ai,7,7,True,author_2,ai,author_1,ai,False,ai,"on Eliara’s heart, but she felt a surge of determination. “I will do what I can to help,” she replied, her voice steady. “But how do"
conv_19b9d7bf179f4ae79678631d0eee52cf,ai-ai,7,7,True,author_2,ai,author_2,ai,True,ai,"Heart of the Forest, a powerful artifact hidden deep within these woods. It is the key to restoring balance and protecting all that we hold dear.” The creature’s words weighed heavily"
conv_19b9d7bf179f4ae79678631d0eee52cf,ai-ai,8,8,True,author_2,ai,author_1,ai,False,ai,"to the places you need to be. Trust your instincts, and listen to the whispers of the forest. You are not alone, Eliara. Many will aid you on your"
conv_19b9d7bf179f4ae79678631d0eee52cf,ai-ai,8,8,True,author_2,ai,author_2,ai,True,ai,"I find the Heart of the Forest?” The tiny creature smiled, a warm glow emanating from its form. “Follow the path of the singing leaves. They will guide you"
conv_19b9d7bf179f4ae79678631d0eee52cf,ai-ai,9,9,True,author_2,ai,author_1,ai,False,ai,"and took a deep breath, the scent of pine and earth filling her lungs. The leaves around her rustled softly, as if the forest itself was whispering encouragement. With"
conv_19b9d7bf179f4ae79678631d0eee52cf,ai-ai,9,9,True,author_2,ai,author_2,ai,True,ai,"journey.” With a final nod, the creature vanished into a burst of sparkling light, leaving Eliara feeling both exhilarated and burdened by the task ahead. She stood"
conv_19b9d7bf179f4ae79678631d0eee52cf,ai-ai,10,10,True,author_2,ai,author_1,ai,False,ai,"uncertain, but she knew that she had a purpose. As she walked, the forest seemed to come alive around her, the creatures she had always spoken to now offering their"
conv_19b9d7bf179f4ae79678631d0eee52cf,ai-ai,10,10,True,author_2,ai,author_2,ai,True,ai,"a determined step, Eliara set off along the path, her heart filled with hope and her spirit guided by the ancient wisdom of the Whispering Woods. The journey ahead was"
conv_1c6f0c1728a54018afd402c5379c7808,ai-ai,1,1,True,author_1,ai,author_1,ai,True,ai,"a lighthouse keeper who stopped believing in the sea.

Margaret had tended the Crescent Point lighthouse for seventeen years, climbing its spiral stairs twice"
conv_1c6f0c1728a54018afd402c5379c7808,ai-ai,1,1,True,author_1,ai,author_2,ai,False,ai,"daily, polishing the great lens until it gleamed, timing her life by the rhythm of its rotating beam. But something had changed in her during the past month. She"
conv_1c6f0c1728a54018afd402c5379c7808,ai-ai,2,2,True,author_1,ai,author_1,ai,True,ai,"still performed her duties with mechanical precision—winding the clockwork, trimming wicks, recording weather in the logbook—yet she no longer looked out the windows."
conv_1c6f0c1728a54018afd402c5379c7808,ai-ai,2,2,True,author_1,ai,author_2,ai,False,ai,"The sea had become impossible to her, an offense against reason. She kept her eyes fixed on the walls, the stairs, the brass fittings that needed polish. When"
conv_1c6f0c1728a54018afd402c5379c7808,ai-ai,3,3,True,author_1,ai,author_1,ai,True,ai,"ships passed in the night, she knew them only by their horns echoing through the tower's stone walls, mournful and distant. The logbook entries grew strange"
conv_1c6f0c1728a54018afd402c5379c7808,ai-ai,3,3,True,author_1,ai,author_2,ai,False,ai,", filled with observations that had nothing to do with wind speed or visibility. ""The mortar between the stones remembers being seabed,"" she wrote one evening. """
conv_1c6f0c1728a54018afd402c5379c7808,ai-ai,4,4,True,author_1,ai,author_1,ai,True,ai,"The lamp oil smells of ancient forests. Everything here is something else, pretending."" 

Her hand trembled as she wrote, and she set down the pen."
conv_1c6f0c1728a54018afd402c5379c7808,ai-ai,4,4,True,author_1,ai,author_2,ai,False,ai,"Outside, she heard it again—that sound that wasn't quite waves, wasn't quite wind. It had started three weeks ago, the night she'd seen something that couldn"
conv_1c6f0c1728a54018afd402c5379c7808,ai-ai,5,5,True,author_1,ai,author_1,ai,True,ai,"'t fit into the shape the world was supposed to have. A geometry in the water that her mind kept trying to forget, angles that folded wrong, a darkness that"
conv_1c6f0c1728a54018afd402c5379c7808,ai-ai,5,5,True,author_1,ai,author_2,ai,False,ai,"moved with purpose against the current. Since then, her dreams had been full of depths that had no bottom, of pressures that existed outside of physics. She'd stopped sleeping"
conv_1c6f0c1728a54018afd402c5379c7808,ai-ai,6,6,True,author_1,ai,author_1,ai,True,ai,"more than an hour at a time, taking her rest in brief, careful doses like medicine. The lighthouse still turned, still warned ships away from the rocks, but Margaret had"
conv_1c6f0c1728a54018afd402c5379c7808,ai-ai,6,6,True,author_1,ai,author_2,ai,False,ai,"begun to suspect it was warning the wrong direction—that the danger wasn't the rocks at all, but something the light itself was calling up from below. She'd found marks"
conv_1c6f0c1728a54018afd402c5379c7808,ai-ai,7,7,True,author_1,ai,author_1,ai,True,ai,"on the lens that morning, not scratches but impressions, as though something had pressed against the glass from the inside. Impossible, of course. She'd been alone"
conv_1c6f0c1728a54018afd402c5379c7808,ai-ai,7,7,True,author_1,ai,author_2,ai,False,ai,"in the lighthouse for weeks, ever since she'd sent young Timothy back to the mainland, claiming she preferred solitude. The truth was she couldn't bear having another witness."
conv_1c6f0c1728a54018afd402c5379c7808,ai-ai,8,8,True,author_1,ai,author_1,ai,True,ai,"Now, standing in the lamp room as twilight gathered, Margaret made her decision. She would extinguish the light.

Her hand moved toward the valve, but hes"
conv_1c6f0c1728a54018afd402c5379c7808,ai-ai,8,8,True,author_1,ai,author_2,ai,False,ai,"itated. Seventeen years of duty held her fingers frozen an inch from the brass. Below, in the darkness she refused to acknowledge, that wrong geometry waited. The ships"
conv_1c6f0c1728a54018afd402c5379c7808,ai-ai,9,9,True,author_1,ai,author_1,ai,True,ai,"would founder without her light—she knew this with the certainty of long practice. Yet she also knew, with a deeper and more terrible certainty, that keeping the light"
conv_1c6f0c1728a54018afd402c5379c7808,ai-ai,9,9,True,author_1,ai,author_2,ai,False,ai,"burning was an invitation, a beacon for something that had been circling closer each night, rising from trenches where no light had ever reached. The marks on the lens had"
conv_1c6f0c1728a54018afd402c5379c7808,ai-ai,10,10,True,author_1,ai,author_1,ai,True,ai,"multiplied, forming patterns that hurt to perceive—spirals within spirals, each one a map of some vast and patient hunger.

Margaret closed her eyes and turned"
conv_1c6f0c1728a54018afd402c5379c7808,ai-ai,10,10,True,author_1,ai,author_2,ai,False,ai,"the valve. The light died with a sound like an exhaled breath, and the clockwork mechanism slowed to silence. In the sudden dark, she finally allowed herself to"
conv_1f2ddb163baa481b890640ddb6b4f40b,ai-ai,1,1,True,author_2,ai,author_1,ai,False,ai,"their annual Festival of Lights. Every year, as autumn painted the leaves in vibrant hues, the village transformed into a magical spectacle. Lanterns of all shapes and colors hung from"
conv_1f2ddb163baa481b890640ddb6b4f40b,ai-ai,1,1,True,author_2,ai,author_2,ai,True,ai,"a small village nestled between rolling hills and a whispering forest. The villagers lived simple lives, tending to their farms and crafts, but they were known far and wide for"
conv_1f2ddb163baa481b890640ddb6b4f40b,ai-ai,2,2,True,author_2,ai,author_1,ai,False,ai,"about, their faces alight with wonder, while adults gathered around bonfires to share stories and songs. This year, however, a sense of anticipation lingered, as whispers"
conv_1f2ddb163baa481b890640ddb6b4f40b,ai-ai,2,2,True,author_2,ai,author_2,ai,True,ai,"every tree and rooftop, casting a warm glow over the cobblestone streets. The air was filled with the sweet scent of spiced cider and freshly baked pies. Children ran"
conv_1f2ddb163baa481b890640ddb6b4f40b,ai-ai,3,3,True,author_2,ai,author_1,ai,False,ai,"and had eyes that seemed to sparkle with secrets. Some said the visitor possessed ancient knowledge, while others speculated they were on a quest of great importance. As night fell and the"
conv_1f2ddb163baa481b890640ddb6b4f40b,ai-ai,3,3,True,author_2,ai,author_2,ai,True,ai,"circulated about a mysterious visitor who had arrived in the village just days before the festival. No one knew much about the stranger, except that they wore a cloak of deep blue"
conv_1f2ddb163baa481b890640ddb6b4f40b,ai-ai,4,4,True,author_2,ai,author_1,ai,False,ai,"the cool evening air. ""My dear villagers and honored guests,"" he started, ""tonight we gather as we have for generations, to celebrate the beauty and unity of our"
conv_1f2ddb163baa481b890640ddb6b4f40b,ai-ai,4,4,True,author_2,ai,author_2,ai,True,ai,"lanterns were lit, the village elder, a wise old man named Elias, stood before the crowd. He cleared his throat and began to speak, his voice carrying through"
conv_1f2ddb163baa481b890640ddb6b4f40b,ai-ai,5,5,True,author_2,ai,author_1,ai,False,ai,"all are welcome, and the bonds of friendship grow stronger."" As Elias spoke, the crowd murmured in agreement, and a sense of excitement rippled through the gathering. The"
conv_1f2ddb163baa481b890640ddb6b4f40b,ai-ai,5,5,True,author_2,ai,author_2,ai,True,ai,"community. But tonight, we also welcome a new friend among us. Let us embrace the unknown and share our warmth and hospitality, for the Festival of Lights is a time when"
conv_1f2ddb163baa481b890640ddb6b4f40b,ai-ai,6,6,True,author_2,ai,author_1,ai,False,ai,"them through. The stranger approached the bonfire, where Elias extended a hand in greeting. ""Welcome,"" he said warmly. ""We are honored by your presence. May the"
conv_1f2ddb163baa481b890640ddb6b4f40b,ai-ai,6,6,True,author_2,ai,author_2,ai,True,ai,"mysterious visitor, standing at the edge of the crowd, nodded subtly, a smile playing at the corners of their lips. They stepped forward, and the villagers parted to let"
conv_1f2ddb163baa481b890640ddb6b4f40b,ai-ai,7,7,True,author_2,ai,author_1,ai,False,ai,"clear. ""I come bearing a gift for your festival."" With a flourish, the visitor revealed a small, intricately carved lantern. It glowed with a gentle, puls"
conv_1f2ddb163baa481b890640ddb6b4f40b,ai-ai,7,7,True,author_2,ai,author_2,ai,True,ai,"light of our festival guide you and bring you joy."" The visitor took Elias's hand and bowed their head in gratitude. ""Thank you,"" they replied, their voice soft yet"
conv_1f2ddb163baa481b890640ddb6b4f40b,ai-ai,8,8,True,author_2,ai,author_1,ai,False,ai,"his eyes widening in admiration. ""This is truly a marvel,"" he exclaimed. ""It will be the centerpiece of our celebration tonight."" The villagers, inspired by the stranger’s"
conv_1f2ddb163baa481b890640ddb6b4f40b,ai-ai,8,8,True,author_2,ai,author_2,ai,True,ai,"ing light that seemed to dance with the colors of the rainbow. The crowd gasped in awe, and a hush fell over the gathering. Elias took the lantern gently,"
conv_1f2ddb163baa481b890640ddb6b4f40b,ai-ai,9,9,True,author_2,ai,author_1,ai,False,ai,"tales of old. The festival reached its peak as the midnight hour approached, and the entire village felt the warmth of community and the magic of the moment. The mysterious visitor"
conv_1f2ddb163baa481b890640ddb6b4f40b,ai-ai,9,9,True,author_2,ai,author_2,ai,True,ai,"generosity, began to share their own gifts and talents. Musicians played lively tunes, dancers twirled under the lanterns, and storytellers regaled the crowd with"
conv_1f2ddb163baa481b890640ddb6b4f40b,ai-ai,10,10,True,author_2,ai,author_1,ai,False,ai,"Villagers bid each other fond farewells, promising to meet again next year. The stranger, having shared their gift and experienced the heartwarming spirit of the festival"
conv_1f2ddb163baa481b890640ddb6b4f40b,ai-ai,10,10,True,author_2,ai,author_2,ai,True,ai,"watched with a contented smile, feeling the deep connection that had been forged. As the first rays of dawn painted the sky, the festival slowly came to an end."
conv_21c6c98090674ac59b32dba1fa4edc74,ai-ai,1,1,True,author_1,ai,author_1,ai,True,ai,"a small village nestled between whispering woods and serene, rolling hills. The village, known as Willowbrook, was a place where time seemed to move a bit slower, and"
conv_21c6c98090674ac59b32dba1fa4edc74,ai-ai,1,1,True,author_1,ai,author_2,ai,False,ai,"the air carried the sweet scent of wildflowers and freshly baked bread from the local bakery. Life in Willowbrook was simple, yet full of warmth and community spirit. Children played"
conv_21c6c98090674ac59b32dba1fa4edc74,ai-ai,2,2,True,author_1,ai,author_1,ai,True,ai,"in the sunlit meadows, their laughter echoing through the narrow, cobblestone streets. Elders sat on the porches of their quaint cottages, weaving baskets and"
conv_21c6c98090674ac59b32dba1fa4edc74,ai-ai,2,2,True,author_1,ai,author_2,ai,False,ai,"telling stories of days long past. The heart of the village was the old oak tree in the center of the town square, its branches sprawling wide, providing shade and a"
conv_21c6c98090674ac59b32dba1fa4edc74,ai-ai,3,3,True,author_1,ai,author_1,ai,True,ai,"gathering spot for villagers. It was here that the annual Harvest Festival was held, a celebration of gratitude and unity. This year, however, a mysterious traveler arrived just as"
conv_21c6c98090674ac59b32dba1fa4edc74,ai-ai,3,3,True,author_1,ai,author_2,ai,False,ai,"the festival was about to begin. Dressed in a cloak of deep purple, the traveler moved with a grace that caught everyone's attention. Whispers spread quickly as people wondered"
conv_21c6c98090674ac59b32dba1fa4edc74,ai-ai,4,4,True,author_1,ai,author_1,ai,True,ai,"about the stranger's purpose in Willowbrook. Some speculated that the traveler brought news from distant lands, while others believed they might be a seeker of ancient wisdom hidden within the village"
conv_21c6c98090674ac59b32dba1fa4edc74,ai-ai,4,4,True,author_1,ai,author_2,ai,False,ai,"or perhaps even within the whispering woods themselves. As the sun began to set, casting a golden glow over the village, the mayor, a kind-hearted woman named Elara"
conv_21c6c98090674ac59b32dba1fa4edc74,ai-ai,5,5,True,author_1,ai,author_1,ai,True,ai,"invited the traveler to speak at the festival. The crowd gathered around the old oak tree, their faces lit by the flickering lanterns hanging from its branches. Elara"
conv_21c6c98090674ac59b32dba1fa4edc74,ai-ai,5,5,True,author_1,ai,author_2,ai,False,ai,"stepped forward, her voice steady and warm. ""Friends of Willowbrook, we welcome this traveler among us. Let us hear what they have to share."" The traveler nodded"
conv_21c6c98090674ac59b32dba1fa4edc74,ai-ai,6,6,True,author_1,ai,author_1,ai,True,ai,"gracefully and stepped into the circle of light. Their eyes, a deep shade of green, sparkled with a mix of curiosity and a hint of sadness. ""Thank"
conv_21c6c98090674ac59b32dba1fa4edc74,ai-ai,6,6,True,author_1,ai,author_2,ai,False,ai,"you, good people of Willowbrook,"" the traveler began, their voice smooth and melodic. ""I come from afar, seeking a lost artifact that is said to have the"
conv_21c6c98090674ac59b32dba1fa4edc74,ai-ai,7,7,True,author_1,ai,author_1,ai,True,ai,"power to heal and protect. Legends tell of a crystal hidden deep within these very woods, guarded by ancient spirits. I hope that with your help, we can find it and"
conv_21c6c98090674ac59b32dba1fa4edc74,ai-ai,7,7,True,author_1,ai,author_2,ai,False,ai,"bring peace and prosperity to many lands."" The villagers murmured among themselves, intrigued by the traveler’s tale. Elara placed a gentle hand on the traveler’s arm. """
conv_21c6c98090674ac59b32dba1fa4edc74,ai-ai,8,8,True,author_1,ai,author_1,ai,True,ai,"We will do our best to assist you. Our village has always stood together, and we are not afraid to face the unknown. Tomorrow, we will gather a group to venture"
conv_21c6c98090674ac59b32dba1fa4edc74,ai-ai,8,8,True,author_1,ai,author_2,ai,False,ai,"into the woods and search for the crystal. For now, let us celebrate the harvest and the new friendship that has blossomed tonight."" The festival resumed with renewed vigor, the"
conv_21c6c98090674ac59b32dba1fa4edc74,ai-ai,9,9,True,author_1,ai,author_1,ai,True,ai,"air filled with music and laughter. The traveler joined in, their presence bringing a sense of excitement and wonder to the night. As the stars twinkled overhead, the villagers of"
conv_21c6c98090674ac59b32dba1fa4edc74,ai-ai,9,9,True,author_1,ai,author_2,ai,False,ai,"Willowbrook felt a renewed sense of purpose and unity. The next morning, a determined group set out under the first rays of sunlight, ready to uncover the secrets of the"
conv_21c6c98090674ac59b32dba1fa4edc74,ai-ai,10,10,True,author_1,ai,author_1,ai,True,ai,"whispering woods and bring back the healing crystal. Hand in hand, they ventured forth, the bonds of their community stronger than ever."
conv_21c6c98090674ac59b32dba1fa4edc74,ai-ai,10,10,True,author_1,ai,author_2,ai,False,ai,"As they walked, the path through the woods seemed to shift and change, leading them deeper into the heart of the forest. The air grew cooler, and the sounds of the"
conv_222315fddd604918af1298e23dd13751,ai-ai,1,,False,author_2,ai,author_1,ai,False,ai,
conv_222315fddd604918af1298e23dd13751,ai-ai,1,,False,author_2,ai,author_2,ai,True,ai,"# The Lighthouse Keeper's Secret

 Mara Whitlock, who inherited a lighthouse on the edge of nowhere when her grandmother died."
conv_222315fddd604918af1298e23dd13751,ai-ai,2,1,True,author_2,ai,author_1,ai,False,ai,"by candlelight about ships that sailed between worlds, laughter that sounded like wind chimes in a storm.

The lighthouse stood on a granite outcrop called Devil"
conv_222315fddd604918af1298e23dd13751,ai-ai,2,1,True,author_2,ai,author_2,ai,True,ai,"The old woman had been peculiar—everyone in the coastal village said so—but Mara remembered her differently: warm hands braiding her hair, stories whispered"
conv_222315fddd604918af1298e23dd13751,ai-ai,3,2,True,author_2,ai,author_1,ai,False,ai,"and her grandmother's leather-bound journal, the sea was already lapping at the stones, eager and insistent.

The lighthouse keeper's cottage huddled beside the"
conv_222315fddd604918af1298e23dd13751,ai-ai,3,2,True,author_2,ai,author_2,ai,True,ai,"'s Thumb, connected to the mainland by a narrow causeway that vanished beneath the waves at high tide. When Mara arrived with her single suitcase"
conv_222315fddd604918af1298e23dd13751,ai-ai,4,3,True,author_2,ai,author_1,ai,False,ai,"ara set her suitcase down and opened the journal, its pages brittle with age and spotted with what might have been seawater or tears.

Her grandmother's"
conv_222315fddd604918af1298e23dd13751,ai-ai,4,3,True,author_2,ai,author_2,ai,True,ai,"tower like a child seeking shelter from its parent. Inside, dust motes danced in the afternoon light, and everything smelled of salt and old lavender. M"
conv_222315fddd604918af1298e23dd13751,ai-ai,5,4,True,author_2,ai,author_1,ai,False,ai,"thin. Never let it go dark between the worlds.*

Mara frowned at the cryptic instruction. Between the worlds? It sounded like the fairy tales her"
conv_222315fddd604918af1298e23dd13751,ai-ai,5,4,True,author_2,ai,author_2,ai,True,ai,handwriting sprawled across the first page in faded ink: *The light must be tended at the threshold hours—dawn and dusk—when the veil grows
conv_222315fddd604918af1298e23dd13751,ai-ai,6,5,True,author_2,ai,author_1,ai,False,ai,"ations that matched no star charts she'd ever seen, and detailed logs marking celestial events with peculiar annotations: *Three ships passed through. Only two returned.*"
conv_222315fddd604918af1298e23dd13751,ai-ai,6,5,True,author_2,ai,author_2,ai,True,ai,"grandmother used to tell, but written here in careful script, it felt different—urgent, almost desperate. She flipped through more pages, finding sketches of strange constell"
conv_222315fddd604918af1298e23dd13751,ai-ai,7,6,True,author_2,ai,author_1,ai,False,ai,"cylinder. The iron steps were worn smooth in the centers where countless feet had tread before hers. At the top, she emerged into the lantern room, where the"
conv_222315fddd604918af1298e23dd13751,ai-ai,7,6,True,author_2,ai,author_2,ai,True,ai,"A chill crept down her spine despite the mild evening. Mara climbed the spiral stairs of the lighthouse, her footsteps echoing in the narrow stone"
conv_222315fddd604918af1298e23dd13751,ai-ai,8,7,True,author_2,ai,author_1,ai,False,ai,7:47 PM. The sun balanced on the horizon like a copper coin about to drop into the sea's slot. Dusk—one of the threshold hours
conv_222315fddd604918af1298e23dd13751,ai-ai,8,7,True,author_2,ai,author_2,ai,True,ai,"great Fresnel lens caught the dying sunlight and fractured it into a thousand rainbows across the curved glass walls. 

Mara checked her watch:"
conv_222315fddd604918af1298e23dd13751,ai-ai,9,8,True,author_2,ai,author_1,ai,False,ai,"groaned as she turned the wheel, and the great lens began to rotate. But as the first beam swept across the darkening water, Mara gasped."
conv_222315fddd604918af1298e23dd13751,ai-ai,9,8,True,author_2,ai,author_2,ai,True,ai,"her grandmother had warned about.

Her hands moved almost by instinct, finding the brass controls her grandmother had shown her years ago during a childhood visit. The mechanism clicked and"
conv_222315fddd604918af1298e23dd13751,ai-ai,10,9,True,author_2,ai,author_1,ai,False,ai,"like aurora borealis, their hulls carved from materials that seemed to shift between wood and starlight and something else entirely. They moved in stately procession across a"
conv_222315fddd604918af1298e23dd13751,ai-ai,10,9,True,author_2,ai,author_2,ai,True,ai,"Through the lens, the ocean had changed. Where moments before there had been only grey-green waves, now she saw them—ships with luminous sails that rippled"
conv_23b3102c5ed249138b6455cbdbec849a,ai-ai,1,1,True,author_2,ai,author_1,ai,False,ai,"since the day she stopped trusting her own eyes.

It started with small things—the way the waves seemed to pause mid-crest when she wasn't looking directly"
conv_23b3102c5ed249138b6455cbdbec849a,ai-ai,1,1,True,author_2,ai,author_2,ai,True,ai,"a lighthouse keeper who stopped believing in the sea.

Her name was Mara, and she had lived in the tower for seventeen years, ever"
conv_23b3102c5ed249138b6455cbdbec849a,ai-ai,2,2,True,author_2,ai,author_1,ai,False,ai,"shadow playing tricks on her mind. But then came the morning she descended the spiral stairs to find the beach completely dry, the sand stretching out for miles where ocean should have"
conv_23b3102c5ed249138b6455cbdbec849a,ai-ai,2,2,True,author_2,ai,author_2,ai,True,ai,"at them, or how the gulls would hover in place like marionettes suspended on invisible strings. She told herself it was exhaustion, the endless rotation of light and"
conv_23b3102c5ed249138b6455cbdbec849a,ai-ai,3,3,True,author_2,ai,author_1,ai,False,ai,"2247 and 2189, their metal surfaces smooth and strange, nothing like the wooden wrecks she'd studied in history books. Mara stood at"
conv_23b3102c5ed249138b6455cbdbec849a,ai-ai,3,3,True,author_2,ai,author_2,ai,True,ai,"been, marked only by the skeletal remains of ships that had no business being there—vessels from centuries that hadn't yet occurred, their hulls branded with dates like"
conv_23b3102c5ed249138b6455cbdbec849a,ai-ai,4,4,True,author_2,ai,author_1,ai,False,ai,"moment before lightning strikes. She knelt and touched one of the crystals, and it dissolved into a fine powder that wrote symbols across her palm, glowing faintly"
conv_23b3102c5ed249138b6455cbdbec849a,ai-ai,4,4,True,author_2,ai,author_2,ai,True,ai,"the threshold where wet sand should have begun, her boots crunching on what looked like crystallized salt. The air tasted wrong—copper and ozone, like the"
conv_23b3102c5ed249138b6455cbdbec849a,ai-ai,5,5,True,author_2,ai,author_1,ai,False,ai,"aved, but somehow known, whispered directly into her thoughts. The Meridian's Echo. The Chronos Drift. The Last Memory. Each name arrived"
conv_23b3102c5ed249138b6455cbdbec849a,ai-ai,5,5,True,author_2,ai,author_2,ai,True,ai,"before sinking into her skin like ink into parchment. The symbols burned cold, and suddenly she could read the names on those impossible ships—not painted or engr"
conv_23b3102c5ed249138b6455cbdbec849a,ai-ai,6,6,True,author_2,ai,author_1,ai,False,ai,"never be born singing songs in languages that didn't exist yet. Mara staggered back, pressing her marked palm against her chest, trying to steady her breathing."
conv_23b3102c5ed249138b6455cbdbec849a,ai-ai,6,6,True,author_2,ai,author_2,ai,True,ai,"with a flood of sensations that weren't hers—the taste of storms that hadn't fallen, the weight of anchors never dropped, the voices of crews who would"
conv_23b3102c5ed249138b6455cbdbec849a,ai-ai,7,7,True,author_2,ai,author_1,ai,False,ai,"pulling it inward, drinking the dawn itself until the lens blazed with concentrated darkness, a beam of pure absence sweeping across the impossible dry seabed."
conv_23b3102c5ed249138b6455cbdbec849a,ai-ai,7,7,True,author_2,ai,author_2,ai,True,ai,"The lighthouse behind her groaned, its ancient stones vibrating with a frequency she felt in her teeth. When she turned, the beacon wasn't casting light anymore—it was"
conv_23b3102c5ed249138b6455cbdbec849a,ai-ai,8,8,True,author_2,ai,author_1,ai,False,ai,"izing like a thought becoming solid. The future-ships screamed as the waves reclaimed them, their metal hulls folding inward like paper, collapsing"
conv_23b3102c5ed249138b6455cbdbec849a,ai-ai,8,8,True,author_2,ai,author_2,ai,True,ai,"And where that dark beam touched, the ocean remembered itself.

Water rushed back in violent surges, not from the horizon but from nowhere, from the air itself, material"
conv_23b3102c5ed249138b6455cbdbec849a,ai-ai,9,9,True,author_2,ai,author_1,ai,False,ai,"through from the other side.

Mara understood then, with the terrible clarity the symbols had burned into her: the sea had never been real. The lighthouse didn't"
conv_23b3102c5ed249138b6455cbdbec849a,ai-ai,9,9,True,author_2,ai,author_2,ai,True,ai,"into points of light that shot upward and vanished into a sky that suddenly wasn't sky at all, but a membrane trembling with the weight of everything trying to break"
conv_23b3102c5ed249138b6455cbdbec849a,ai-ai,10,10,True,author_2,ai,author_1,ai,False,ai,"only thing keeping the hungry unreality at bay. But doubt was a crack, and cracks became doorways.

The ocean that returned wasn't the one she'd known"
conv_23b3102c5ed249138b6455cbdbec849a,ai-ai,10,10,True,author_2,ai,author_2,ai,True,ai,"warn ships away from the shore—it held the boundary between what was and what desperately wanted to be. For seventeen years, she had been the anchor, her belief the"
conv_268a053d963443c5b1168be125426697,ai-ai,1,1,True,author_2,ai,author_1,ai,False,ai,"of the spiral staircase, her lantern casting dancing shadows across the brass fixtures, and traced her finger along the hairline fracture that split the Fresnel glass"
conv_268a053d963443c5b1168be125426697,ai-ai,1,1,True,author_2,ai,author_2,ai,True,ai,"# The Lighthouse at World's Edge

The storm had been building for three days when Mara first spotted the crack in the lighthouse lens. She stood at the top"
conv_268a053d963443c5b1168be125426697,ai-ai,2,2,True,author_2,ai,author_1,ai,False,ai,"by the rising waters five years past, along with the port town, the supply depot, and everyone who'd chosen to stay behind. Mara pressed her palm against the"
conv_268a053d963443c5b1168be125426697,ai-ai,2,2,True,author_2,ai,author_2,ai,True,ai,"like a frozen lightning bolt. In the old days, her grandfather would have sailed to the mainland immediately to report such damage, but the mainland was gone now—swallowed"
conv_268a053d963443c5b1168be125426697,ai-ai,3,3,True,author_2,ai,author_1,ai,False,ai,"saw light moving through it—not the familiar beam from the lamp below, but something deeper, bluer, like starlight trapped in ice. She jerked her hand back"
conv_268a053d963443c5b1168be125426697,ai-ai,3,3,True,author_2,ai,author_2,ai,True,ai,"cold glass and felt the faint vibration of the storm approaching. The crack seemed to pulse beneath her touch, almost alive, and for a moment she could have sworn she"
conv_268a053d963443c5b1168be125426697,ai-ai,4,4,True,author_2,ai,author_1,ai,False,ai,"sound like singing filled the chamber—high and ethereal, barely audible over the wind that battered the tower's stone walls. Mara's grandmother had told stories"
conv_268a053d963443c5b1168be125426697,ai-ai,4,4,True,author_2,ai,author_2,ai,True,ai,"and stumbled against the iron railing. Her breath came in short gasps as she watched the crack begin to widen, just a millimeter, then another. A"
conv_268a053d963443c5b1168be125426697,ai-ai,5,5,True,author_2,ai,author_1,ai,False,ai,"meant to frighten children. Now, as a thin stream of that impossible blue light leaked through the widening fissure and pooled on the floor like liquid"
conv_268a053d963443c5b1168be125426697,ai-ai,5,5,True,author_2,ai,author_2,ai,True,ai,"about the voices that lived in deep water, the ones that called to lighthouse keepers in their loneliest hours, but Mara had always dismissed them as fairy tales"
conv_268a053d963443c5b1168be125426697,ai-ai,6,6,True,author_2,ai,author_1,ai,False,ai,"reaching toward her. Mara's heart hammered as she backed toward the stairs, but her eyes remained fixed on the luminous form. It wasn't threatening, she"
conv_268a053d963443c5b1168be125426697,ai-ai,6,6,True,author_2,ai,author_2,ai,True,ai,"mercury, she wasn't so certain. The light moved with intention, flowing upward against gravity to form shapes—first abstract swirls, then something almost like a hand"
conv_268a053d963443c5b1168be125426697,ai-ai,7,7,True,author_2,ai,author_1,ai,False,ai,"her feet. Against every instinct screaming for her to flee, Mara found herself stepping forward, extending her own hand toward the shimmering blue light. When"
conv_268a053d963443c5b1168be125426697,ai-ai,7,7,True,author_2,ai,author_2,ai,True,ai,"realized with a start—it was beckoning. The singing grew clearer now, resolving into words she almost understood, in a language that felt older than the stones beneath"
conv_268a053d963443c5b1168be125426697,ai-ai,8,8,True,author_2,ai,author_1,ai,False,ai,"stretched toward a surface she could no longer see. The lighthouse—her lighthouse—rose inverted above her, its foundation a spire piercing downward into this drowned"
conv_268a053d963443c5b1168be125426697,ai-ai,8,8,True,author_2,ai,author_2,ai,True,ai,"their fingers met, the world inverted.

Suddenly Mara stood beneath the waves, breathing water as easily as air, surrounded by towers of coral and stone that"
conv_268a053d963443c5b1168be125426697,ai-ai,9,9,True,author_2,ai,author_1,ai,False,ai,"was a doorway finally opening after centuries of patient waiting. The blue light coalesced beside her into a figure, translucent and graceful, with eyes like deep"
conv_268a053d963443c5b1168be125426697,ai-ai,9,9,True,author_2,ai,author_2,ai,True,ai,"realm. Hundreds of lights flickered in windows that had never existed in her world, and she understood with sudden clarity that the crack hadn't been damage at all—it"
conv_268a053d963443c5b1168be125426697,ai-ai,10,10,True,author_2,ai,author_1,ai,False,ai,"the barrier completely. We need you to seal it from your side while we hold it from ours, or both lighthouses—both worlds—will shatter and drown"
conv_268a053d963443c5b1168be125426697,ai-ai,10,10,True,author_2,ai,author_2,ai,True,ai,"ocean trenches. ""We've been keeping the light too,"" the figure said, voice rippling like waves. ""Both worlds need guardians. The storm comes to break"
conv_275edcf87a644b739d02b14712293667,ai-ai,1,1,True,author_2,ai,author_1,ai,False,ai,"Not because of age—though seventy-two winters had weathered him like the cliff stones themselves—but because they were finally closing the lighthouse for good. Come Monday,"
conv_275edcf87a644b739d02b14712293667,ai-ai,1,1,True,author_2,ai,author_2,ai,True,ai,"# The Lighthouse Keeper's Last Watch

The storm had been building for three days, and Old Thomas knew this would be his final one. Not because of age—"
conv_275edcf87a644b739d02b14712293667,ai-ai,2,2,True,author_2,ai,author_1,ai,False,ai,"until it gleamed like a captured star. No more of Thomas at all.

He climbed the spiral stairs slowly, one hand trailing the cold iron rail worn smooth by"
conv_275edcf87a644b739d02b14712293667,ai-ai,2,2,True,author_2,ai,author_2,ai,True,ai,"a young technician from the mainland would flip a switch, and the automated beacon would take over. No more winding the clockwork. No more polishing the great lens"
conv_275edcf87a644b739d02b14712293667,ai-ai,3,3,True,author_2,ai,author_1,ai,False,ai,"it spoke of fury—the kind that turned the sea into mountains and swallowed ships whole.

At the top, Thomas reached the lamp room just as the first sheets"
conv_275edcf87a644b739d02b14712293667,ai-ai,3,3,True,author_2,ai,author_2,ai,True,ai,"decades of his own touch. The wind howled through the stone walls, a sound he'd long ago stopped fearing and had learned instead to read like a language. Tonight"
conv_275edcf87a644b739d02b14712293667,ai-ai,4,4,True,author_2,ai,author_1,ai,False,ai,"rituals. The flame caught, and the great Fresnel lens began its ancient dance, casting light across the churning darkness in measured sweeps.

Through the rain"
conv_275edcf87a644b739d02b14712293667,ai-ai,4,4,True,author_2,ai,author_2,ai,True,ai,"of rain struck the windows with such force he thought the glass might shatter. He lit the lamp manually, though the automatic system could have done it. Old habits, old"
conv_275edcf87a644b739d02b14712293667,ai-ai,5,5,True,author_2,ai,author_1,ai,False,ai,"for the rocks below. The jagged reef that had claimed seventeen vessels in his lifetime, the reason this lighthouse had been built in the first place. He grabbed his radio with"
conv_275edcf87a644b739d02b14712293667,ai-ai,5,5,True,author_2,ai,author_2,ai,True,ai,"-streaked glass, Thomas spotted something that made his breath catch—a small fishing boat, its running lights barely visible, struggling against waves that rose like clawed hands reaching"
conv_275edcf87a644b739d02b14712293667,ai-ai,6,6,True,author_2,ai,author_1,ai,False,ai,"close to the reef's teeth. Without thinking, his hands moved to the manual override—a system so old the mainland office had probably forgotten it existed. He could amplify"
conv_275edcf87a644b739d02b14712293667,ai-ai,6,6,True,author_2,ai,author_2,ai,True,ai,"trembling fingers, but only static answered. The storm had knocked out communications again. Thomas pressed his face to the glass, watching the boat pitch violently, dangerously"
conv_275edcf87a644b739d02b14712293667,ai-ai,7,7,True,author_2,ai,author_1,ai,False,ai,"did that matter now? Come Monday, it would all be obsolete anyway—dismantled or left to rust. But tonight, right now, there were lives caught between"
conv_275edcf87a644b739d02b14712293667,ai-ai,7,7,True,author_2,ai,author_2,ai,True,ai,"the beam, triple its intensity for brief intervals, enough to burn a path of light through the storm. It would drain the mechanism, possibly damage it beyond repair, but what"
conv_275edcf87a644b739d02b14712293667,ai-ai,8,8,True,author_2,ai,author_1,ai,False,ai,"bright he had to shield his eyes. Through the brilliance, he watched the fishing boat falter, then turn—slowly, agonizingly—away from the reef"
conv_275edcf87a644b739d02b14712293667,ai-ai,8,8,True,author_2,ai,author_2,ai,True,ai,"the darkness and the rocks. Thomas threw the lever.

The lighthouse blazed like a newborn sun. The ancient gears screamed in protest, the lens burning so"
conv_275edcf87a644b739d02b14712293667,ai-ai,9,9,True,author_2,ai,author_1,ai,False,ai,"the mechanism shudder beneath his palms, metal grinding against metal in its death throes. Smoke began to curl from the housing, acrid and sharp, but"
conv_275edcf87a644b739d02b14712293667,ai-ai,9,9,True,author_2,ai,author_2,ai,True,ai,"The beam held steady, a golden road across the black water, and the little boat followed it like a pilgrim seeking sanctuary. Thomas's hands gripped the lever, feeling"
conv_275edcf87a644b739d02b14712293667,ai-ai,10,10,True,author_2,ai,author_1,ai,False,ai,"turn toward the harbor, safe. Only then did he release the lever.

The mechanism gave a final, grinding shudder and fell silent. The great lens dimmed"
conv_275edcf87a644b739d02b14712293667,ai-ai,10,10,True,author_2,ai,author_2,ai,True,ai,"he held firm. Just a few more seconds. The boat cleared the reef's edge, found calmer water in the channel beyond. Thomas saw its lights steady, saw it"
conv_2b53efe25cf94ae9b8a46c25d75dabdf,ai-ai,1,1,True,author_1,ai,author_1,ai,True,ai,"a small village nestled in the heart of a vast, enchanted forest. The villagers lived simple lives, bound by tradition and the whispers of the ancient trees that surrounded them. At"
conv_2b53efe25cf94ae9b8a46c25d75dabdf,ai-ai,1,1,True,author_1,ai,author_2,ai,False,ai,"the edge of the village stood a weathered, old mill, its wooden beams creaking softly in the wind. It was here that young Elara spent her days,"
conv_2b53efe25cf94ae9b8a46c25d75dabdf,ai-ai,2,2,True,author_1,ai,author_1,ai,True,ai,"grinding grains and chatting with the townsfolk who came and went. Elara had always been curious about the world beyond the forest, but the elders often warned of the dangers"
conv_2b53efe25cf94ae9b8a46c25d75dabdf,ai-ai,2,2,True,author_1,ai,author_2,ai,False,ai,"that lurked outside their protective canopy. Despite the warnings, Elara’s curiosity grew with each passing day. One evening, as the sun dipped below the horizon, casting long"
conv_2b53efe25cf94ae9b8a46c25d75dabdf,ai-ai,3,3,True,author_1,ai,author_1,ai,True,ai,"shadows across the village, Elara overheard a group of travelers speaking of a mystical lake hidden deep within the forest. They said the water had the power to grant wishes"
conv_2b53efe25cf94ae9b8a46c25d75dabdf,ai-ai,3,3,True,author_1,ai,author_2,ai,False,ai,"and heal any ailment. Intrigued, Elara decided she must see this lake for herself. The next morning, she packed a small bag with supplies and a map"
conv_2b53efe25cf94ae9b8a46c25d75dabdf,ai-ai,4,4,True,author_1,ai,author_1,ai,True,ai,"drawn by one of the travelers. With a heavy heart, she bid farewell to her family and friends, promising to return soon. As she stepped into the forest, the"
conv_2b53efe25cf94ae9b8a46c25d75dabdf,ai-ai,4,4,True,author_1,ai,author_2,ai,False,ai,"ancient trees seemed to watch her every move, their leaves rustling softly as if whispering warnings and blessings. Elara followed the map, her steps cautious but determined."
conv_2b53efe25cf94ae9b8a46c25d75dabdf,ai-ai,5,5,True,author_1,ai,author_1,ai,True,ai,"The path wound deeper into the forest, the air growing cooler and the light dimmer. After hours of walking, the sounds of the village faded into silence, replaced by the"
conv_2b53efe25cf94ae9b8a46c25d75dabdf,ai-ai,5,5,True,author_1,ai,author_2,ai,False,ai,"murmur of the forest itself. Birds called to each other from the treetops, and the occasional rustle of leaves betrayed the presence of small creatures scurrying"
conv_2b53efe25cf94ae9b8a46c25d75dabdf,ai-ai,6,6,True,author_1,ai,author_1,ai,True,ai,"about. As the sun began to set, Elara spotted a clearing up ahead. Her heart raced as she approached, and there, shimmering in the fading light, lay"
conv_2b53efe25cf94ae9b8a46c25d75dabdf,ai-ai,6,6,True,author_1,ai,author_2,ai,False,ai,"the mystical lake. Its surface was perfectly still, reflecting the stars that were just beginning to appear in the sky. Elara felt a wave of awe and wonder wash over her"
conv_2b53efe25cf94ae9b8a46c25d75dabdf,ai-ai,7,7,True,author_1,ai,author_1,ai,True,ai,"as she knelt beside the water. She cupped her hands and took a sip, feeling a warm, tingling sensation spread through her body. As she stood, a"
conv_2b53efe25cf94ae9b8a46c25d75dabdf,ai-ai,7,7,True,author_1,ai,author_2,ai,False,ai,"soft glow enveloped her, and she realized that her wish had already been granted—the forest, once a barrier, now felt like a home filled with endless possibilities. With a"
conv_2b53efe25cf94ae9b8a46c25d75dabdf,ai-ai,8,8,True,author_1,ai,author_1,ai,True,ai,"new sense of purpose, Elara made her way back to the village, eager to share her journey and the magic she had discovered. The villagers welcomed her with open arms,"
conv_2b53efe25cf94ae9b8a46c25d75dabdf,ai-ai,8,8,True,author_1,ai,author_2,ai,False,ai,"listening intently as she recounted her adventure. Inspired by her bravery, many of the younger villagers began to dream of their own journeys, while the elders nodded, recognizing the timeless"
conv_2b53efe25cf94ae9b8a46c25d75dabdf,ai-ai,9,9,True,author_1,ai,author_1,ai,True,ai,"spirit of exploration that had always been at the heart of their community. Elara’s tale became a legend, passed down through generations, a reminder that sometimes, the greatest magic"
conv_2b53efe25cf94ae9b8a46c25d75dabdf,ai-ai,9,9,True,author_1,ai,author_2,ai,False,ai,"lies in the courage to step beyond the familiar and embrace the unknown. And so, the village thrived, a place where tradition and curiosity walked hand in hand, guided by"
conv_2b53efe25cf94ae9b8a46c25d75dabdf,ai-ai,10,10,True,author_1,ai,author_1,ai,True,ai,"the wisdom of the past and the promise of the future. Elara’s journey had changed not only her life but the spirit of the village itself, forever weaving the magic of"
conv_2b53efe25cf94ae9b8a46c25d75dabdf,ai-ai,10,10,True,author_1,ai,author_2,ai,False,ai,"the mystical lake into the fabric of their daily lives. The ancient trees continued to stand tall, guardians of the forest and its secrets, as the village flourished under the watch"
conv_2b8b8d934f31470b892cf0358f8c7bd3,ai-ai,1,1,True,author_2,ai,author_1,ai,False,ai,"their gardens, fishing in the clear streams, and gathering wild berries and herbs from the forest. At the center of the village stood an ancient oak tree, its gnarled"
conv_2b8b8d934f31470b892cf0358f8c7bd3,ai-ai,1,1,True,author_2,ai,author_2,ai,True,ai,"a small village nestled in the heart of a vast, enchanted forest. The villagers lived in harmony with nature, their days filled with the simple pleasures of life: tending to"
conv_2b8b8d934f31470b892cf0358f8c7bd3,ai-ai,2,2,True,author_2,ai,author_1,ai,False,ai,"Every evening, the children would gather around the base of the oak, eager to hear the stories of the elders. These tales spoke of magical creatures and distant lands, but none"
conv_2b8b8d934f31470b892cf0358f8c7bd3,ai-ai,2,2,True,author_2,ai,author_2,ai,True,ai,branches reaching skyward like the arms of a wise old guardian. It was said that the tree held the secrets of the forest and whispered them to those who listened closely enough.
conv_2b8b8d934f31470b892cf0358f8c7bd3,ai-ai,3,3,True,author_2,ai,author_1,ai,False,ai,"to heal any ailment and grant wishes to those pure of heart. However, it was also said that only the most worthy could ever find the Lumina, and many had"
conv_2b8b8d934f31470b892cf0358f8c7bd3,ai-ai,3,3,True,author_2,ai,author_2,ai,True,ai,"were as captivating as the legend of the Lumina, a mythical being said to inhabit the deepest, darkest part of the forest. The Lumina was believed to possess the power"
conv_2b8b8d934f31470b892cf0358f8c7bd3,ai-ai,4,4,True,author_2,ai,author_1,ai,False,ai,"who dreamed of using its powers to help her ailing mother. Elara spent countless hours studying the ancient texts and listening to every whisper about the Lumina, determined to be"
conv_2b8b8d934f31470b892cf0358f8c7bd3,ai-ai,4,4,True,author_2,ai,author_2,ai,True,ai,"ventured into the forest, never to return. Despite the risks, the allure of the Lumina's magic remained strong, especially for a young villager named Elara,"
conv_2b8b8d934f31470b892cf0358f8c7bd3,ai-ai,5,5,True,author_2,ai,author_1,ai,False,ai,"village that watched her go with a mixture of pride and worry. As she ventured deeper into the forest, the familiar sounds of home faded, replaced by the rustling of"
conv_2b8b8d934f31470b892cf0358f8c7bd3,ai-ai,5,5,True,author_2,ai,author_2,ai,True,ai,"the one to find it. One morning, with a small sack of provisions and a heart full of hope, she set out on her journey into the forest, leaving behind a"
conv_2b8b8d934f31470b892cf0358f8c7bd3,ai-ai,6,6,True,author_2,ai,author_1,ai,False,ai,"in dappled patterns, casting an ethereal glow. Despite the beauty around her, Elara's mind was focused on her mission. She knew the forest could be tre"
conv_2b8b8d934f31470b892cf0358f8c7bd3,ai-ai,6,6,True,author_2,ai,author_2,ai,True,ai,"leaves and the distant calls of unseen birds. The path narrowed and twisted, leading Elara through thickets and over babbling brooks. The sun filtered through the canopy"
conv_2b8b8d934f31470b892cf0358f8c7bd3,ai-ai,7,7,True,author_2,ai,author_1,ai,False,ai,"stone to rest, her thoughts drifting to her mother and the hope that this journey would bring her the healing she so desperately needed. Just as she was about to continue, a"
conv_2b8b8d934f31470b892cf0358f8c7bd3,ai-ai,7,7,True,author_2,ai,author_2,ai,True,ai,"acherous, but her determination was unwavering. As the day wore on, the forest grew denser, and the air cooler. Elara paused by a moss-covered"
conv_2b8b8d934f31470b892cf0358f8c7bd3,ai-ai,8,8,True,author_2,ai,author_1,ai,False,ai,"circling her curiously before settling at her feet. Elara, heart racing, reached out a hand tentatively. The creature nuzzled her palm, and a warm"
conv_2b8b8d934f31470b892cf0358f8c7bd3,ai-ai,8,8,True,author_2,ai,author_2,ai,True,ai,"soft rustling caught her attention. From the underbrush, a small, luminous creature emerged—its eyes glinting with a gentle light. It approached Elara,"
conv_2b8b8d934f31470b892cf0358f8c7bd3,ai-ai,9,9,True,author_2,ai,author_1,ai,False,ai,"on her own. The deeper they went, the more the forest seemed to come alive, the trees seeming to part to make way for them. Finally, they arrived at a"
conv_2b8b8d934f31470b892cf0358f8c7bd3,ai-ai,9,9,True,author_2,ai,author_2,ai,True,ai,"energy flowed through her. In that moment, Elara knew she was on the right path. The creature led her deeper into the forest, through paths she would never have found"
conv_2b8b8d934f31470b892cf0358f8c7bd3,ai-ai,10,10,True,author_2,ai,author_1,ai,False,ai,"spoke in a voice that seemed to echo through the clearing, ""You have shown great courage and purity of heart, Elara. What is it that you seek?"" Tears"
conv_2b8b8d934f31470b892cf0358f8c7bd3,ai-ai,10,10,True,author_2,ai,author_2,ai,True,ai,"clearing bathed in a soft, golden light. In the center stood a shimmering figure—the Lumina. Elara’s breath caught in her throat as the Lumina"
conv_2d0a7ef8f36e4fbbb538c7765fca4652,ai-ai,1,1,True,author_1,ai,author_1,ai,True,ai,"a girl named Lila, who lived in the small mountain village of Bramblewood. Perched between ancient pines and swirling mists, Bramblewood was a place"
conv_2d0a7ef8f36e4fbbb538c7765fca4652,ai-ai,1,1,True,author_1,ai,author_2,ai,False,ai,"where stories and secrets drifted through the air like the ever-present fog. Lila was known for her laughter, her untamed dark curls, and her knack for finding peculiar"
conv_2d0a7ef8f36e4fbbb538c7765fca4652,ai-ai,2,2,True,author_1,ai,author_1,ai,True,ai,"things—stone arrowheads buried in the stream bed, feathers of impossible hue, and, one golden afternoon, an old silver key glinting in the grass behind her grandmother"
conv_2d0a7ef8f36e4fbbb538c7765fca4652,ai-ai,2,2,True,author_1,ai,author_2,ai,False,ai,"’s cottage. The key was unlike anything Lila had found before: delicate scrollwork wound around its shaft, and the shape of a tiny fox was etched onto its head."
conv_2d0a7ef8f36e4fbbb538c7765fca4652,ai-ai,3,3,True,author_1,ai,author_1,ai,True,ai,"Lila turned the key over in her hand, curiosity prickling at her fingertips. She wondered aloud, “What could you possibly unlock?” That evening, as the sunset painted"
conv_2d0a7ef8f36e4fbbb538c7765fca4652,ai-ai,3,3,True,author_1,ai,author_2,ai,False,ai,"the clouds in rosy gold, Lila slipped the key into her pocket and wandered the narrow paths between the cottages. The key felt oddly warm, and seemed to tug at her"
conv_2d0a7ef8f36e4fbbb538c7765fca4652,ai-ai,4,4,True,author_1,ai,author_1,ai,True,ai,"fingers, guiding her steps. Past the weaver’s porch and the old well she wandered, until the path ended at a forgotten gate half-hidden beneath wild roses. The"
conv_2d0a7ef8f36e4fbbb538c7765fca4652,ai-ai,4,4,True,author_1,ai,author_2,ai,False,ai,"rusted iron twisted into curling shapes that echoed the scrollwork on the key. Lila felt her heart speed up. She brushed aside a curtain of fragrant blooms, and with"
conv_2d0a7ef8f36e4fbbb538c7765fca4652,ai-ai,5,5,True,author_1,ai,author_1,ai,True,ai,"a trembling hand, she fitted the key into the ancient lock. The mechanism groaned, but then clicked open, and the gate swung inward, revealing a winding stone path that"
conv_2d0a7ef8f36e4fbbb538c7765fca4652,ai-ai,5,5,True,author_1,ai,author_2,ai,False,ai,"glimmered faintly under the last light of day. Beyond, the air shimmered as if holding its breath. Lila stepped forward, her senses alert, the world"
conv_2d0a7ef8f36e4fbbb538c7765fca4652,ai-ai,6,6,True,author_1,ai,author_1,ai,True,ai,"suddenly quiet except for the distant rush of wind in the pines. As Lila walked on, the shadows shifted and parted, revealing an overgrown garden where strange"
conv_2d0a7ef8f36e4fbbb538c7765fca4652,ai-ai,6,6,True,author_1,ai,author_2,ai,False,ai,"flowers bloomed in impossible colors—violet that sparkled, blue that seemed to hum, petals shaped like crescent moons. In the center of the garden stood a marble"
conv_2d0a7ef8f36e4fbbb538c7765fca4652,ai-ai,7,7,True,author_1,ai,author_1,ai,True,ai,"fountain, its basin empty but for a silvery mist curling from its heart. Lila approached, feeling the pull of the key in her pocket. As she leaned over"
conv_2d0a7ef8f36e4fbbb538c7765fca4652,ai-ai,7,7,True,author_1,ai,author_2,ai,False,ai,"the basin, she saw shapes swirling within the mist—memories, dreams, perhaps even futures. The fox emblem on her key began to glow, as if urging her closer"
conv_2d0a7ef8f36e4fbbb538c7765fca4652,ai-ai,8,8,True,author_1,ai,author_1,ai,True,ai,". Lila reached out tentatively, letting her fingertips touch the mist. It swirled around her hand, warm and strange, and for a heartbeat she felt the whole"
conv_2d0a7ef8f36e4fbbb538c7765fca4652,ai-ai,8,8,True,author_1,ai,author_2,ai,False,ai,"of Bramblewood held within her palm: the laughter, sadness, secrets, and hopes of generations past and present. The fox motif glimmered brighter, and Lila"
conv_2d0a7ef8f36e4fbbb538c7765fca4652,ai-ai,9,9,True,author_1,ai,author_1,ai,True,ai,"understood—the key had unlocked not just a gate, but the hidden heart of Bramblewood itself. As the mist wrapped gently around her, Lila knew she had been"
conv_2d0a7ef8f36e4fbbb538c7765fca4652,ai-ai,9,9,True,author_1,ai,author_2,ai,False,ai,"chosen to remember its stories, and to guard them for those still to come. With a deep breath, she smiled, feeling endlessly connected to her village, its mysteries, and"
conv_2d0a7ef8f36e4fbbb538c7765fca4652,ai-ai,10,10,True,author_1,ai,author_1,ai,True,ai,"her own place within them. The mist faded, the key cool in her hand, but Bramblewood’s secrets burned brighter than ever in her heart, ready for the next"
conv_2d0a7ef8f36e4fbbb538c7765fca4652,ai-ai,10,10,True,author_1,ai,author_2,ai,False,ai,"storyteller to find—just as she had, beneath the ancient pines and wild roses—reminding all who listened that every mystery yearns for a curious soul to"
conv_2deb7c5ab33a4d96867b8377f236bdab,ai-ai,1,1,True,author_1,ai,author_1,ai,True,ai,"a young girl named Sophia, who lived in a small village surrounded by a dense and mysterious forest. The villagers believed that the forest was inhabited by magical creatures and spirits, and"
conv_2deb7c5ab33a4d96867b8377f236bdab,ai-ai,1,1,True,author_1,ai,author_2,ai,False,ai,"they whispered stories of strange occurrences and unexplained events that had taken place within its depths. Sophia had always been fascinated by these tales, and she often found herself wandering to the"
conv_2deb7c5ab33a4d96867b8377f236bdab,ai-ai,2,2,True,author_1,ai,author_1,ai,True,ai,"edge of the forest, feeling an inexplicable pull to venture into the shadows that lay beyond the village boundary. The trees seemed to lean in, as if listening to her thoughts"
conv_2deb7c5ab33a4d96867b8377f236bdab,ai-ai,2,2,True,author_1,ai,author_2,ai,False,ai,"and the rustling of their leaves appeared to carry a soft, whispery voice that only she could hear, a gentle beckoning that stirred a sense of wonder and curiosity within"
conv_2deb7c5ab33a4d96867b8377f236bdab,ai-ai,3,3,True,author_1,ai,author_1,ai,True,ai,"her, a sense that grew stronger with each passing day, until one morning, Sophia decided to follow the whispering leaves and stepped across the threshold, into the forest's em"
conv_2deb7c5ab33a4d96867b8377f236bdab,ai-ai,3,3,True,author_1,ai,author_2,ai,False,ai,"erald darkness, where the air was alive with the scent of damp earth and wildflowers, and the soft filtering of sunlight through the canopy above cast dappled shadows on the"
conv_2deb7c5ab33a4d96867b8377f236bdab,ai-ai,4,4,True,author_1,ai,author_1,ai,True,ai,"forest floor, creating an otherworldly glow that illuminated the path ahead, leading her deeper into the woods, the trees growing taller and the silence more profound, until Sophia came"
conv_2deb7c5ab33a4d96867b8377f236bdab,ai-ai,4,4,True,author_1,ai,author_2,ai,False,ai,"upon a clearing, a place of eerie stillness, where a massive stone monument stood, covered in moss and lichen, its surface etched with ancient symbols that seemed to"
conv_2deb7c5ab33a4d96867b8377f236bdab,ai-ai,5,5,True,author_1,ai,author_1,ai,True,ai,"pulse with a faint, ethereal light, as if the stones themselves were imbued with a long-forgotten magic, and Sophia, feeling an inexplicable connection to the"
conv_2deb7c5ab33a4d96867b8377f236bdab,ai-ai,5,5,True,author_1,ai,author_2,ai,False,ai,"monument, reached out a trembling hand to touch the intricate carvings, and as her skin made contact with the stone, a surge of energy coursed through her body"
conv_2deb7c5ab33a4d96867b8377f236bdab,ai-ai,6,6,True,author_1,ai,author_1,ai,True,ai,"and visions began to unfold before her eyes, like the pages of an ancient book, revealing secrets and stories of a long-lost civilization, their language and customs, their triumph"
conv_2deb7c5ab33a4d96867b8377f236bdab,ai-ai,6,6,True,author_1,ai,author_2,ai,False,ai,"and struggles, all rising to the surface of her mind like bubbles in a forgotten well, and Sophia felt herself becoming a part of their world, her spirit merging with the essence"
conv_2deb7c5ab33a4d96867b8377f236bdab,ai-ai,7,7,True,author_1,ai,author_1,ai,True,ai,"of the monument, as the visions deepened and the boundaries between past and present, reality and myth, began to blur, and Sophia saw herself standing at the edge of a"
conv_2deb7c5ab33a4d96867b8377f236bdab,ai-ai,7,7,True,author_1,ai,author_2,ai,False,ai,"great precipice, staring out into a vast expanse of starry sky, with the wind whipping her hair into a frenzy, and a figure standing beside her, a woman"
conv_2deb7c5ab33a4d96867b8377f236bdab,ai-ai,8,8,True,author_1,ai,author_1,ai,True,ai,"with long, flowing hair and eyes that shone like the stars themselves, who turned to Sophia and spoke in a voice that was barely audible over the wind, yet resonated"
conv_2deb7c5ab33a4d96867b8377f236bdab,ai-ai,8,8,True,author_1,ai,author_2,ai,False,ai,"deep within Sophia's soul, saying ""You have been brought here for a reason, a purpose that only you can fulfill, a thread in the tapestry of time that only"
conv_2deb7c5ab33a4d96867b8377f236bdab,ai-ai,9,9,True,author_1,ai,author_1,ai,True,ai,"you can weave, a destiny that has been waiting for you since the dawn of creation, and now, as the cosmos aligns in a celestial dance, the moment of your"
conv_2deb7c5ab33a4d96867b8377f236bdab,ai-ai,9,9,True,author_1,ai,author_2,ai,False,ai,"awakening has arrived, and with it, the power to shape the course of history, to bring light to a world on the brink of darkness, and to reclaim the magic"
conv_2deb7c5ab33a4d96867b8377f236bdab,ai-ai,10,10,True,author_1,ai,author_1,ai,True,ai,"that once flowed through the land, a magic that had been lost for centuries, but now stirred within Sophia, like a flame that had been smoldering, waiting to be"
conv_2deb7c5ab33a4d96867b8377f236bdab,ai-ai,10,10,True,author_1,ai,author_2,ai,False,ai,"fanned into a blaze that would illuminate the path ahead, and as the woman's words faded away on the wind, Sophia felt the flame within her surge to life, its"
conv_2eeeda48532742fab8521803e1a39868,ai-ai,1,1,True,author_1,ai,author_1,ai,True,ai,"Evelyn, a quiet clockmaker who lived at the edge of the village where mist curled each morning around the cobblestones like curious cats. Her little shop was a"
conv_2eeeda48532742fab8521803e1a39868,ai-ai,1,1,True,author_1,ai,author_2,ai,False,ai,"wonder of brass gears and softly ticking timepieces, all bathed in the caramel light that filtered through wavy glass. Most villagers passed by without pause, but every so often"
conv_2eeeda48532742fab8521803e1a39868,ai-ai,2,2,True,author_1,ai,author_1,ai,True,ai,"a traveler would step inside, drawn by the music of the clocks and the promise of something magical. On such a morning, just as Evelyn was polishing the face of a delicate"
conv_2eeeda48532742fab8521803e1a39868,ai-ai,2,2,True,author_1,ai,author_2,ai,False,ai,"mantel clock shaped like a crescent moon, the bell above her door jingled. A stranger entered, cloaked in weathered wool, eyes bright and searching. He"
conv_2eeeda48532742fab8521803e1a39868,ai-ai,3,3,True,author_1,ai,author_1,ai,True,ai,"surveyed the crowded shelves with the air of someone hunting for more than just the hour. ""Good morning,"" Evelyn greeted, her hand stilling on the silver polish. The"
conv_2eeeda48532742fab8521803e1a39868,ai-ai,3,3,True,author_1,ai,author_2,ai,False,ai,"stranger nodded, his gaze lingering on a dusty, ornate clock in the corner—one with hands that spun backward. ""Is that one for sale?"" he asked quietly,"
conv_2eeeda48532742fab8521803e1a39868,ai-ai,4,4,True,author_1,ai,author_1,ai,True,ai,"almost reverently, as if afraid to disturb the hush in the shop. Evelyn hesitated, glancing at the backward-spinning clock—a family heirloom she’d never parted"
conv_2eeeda48532742fab8521803e1a39868,ai-ai,4,4,True,author_1,ai,author_2,ai,False,ai,"with, its secrets wound tight like its mechanism. ""That clock isn’t usually for sale,"" she replied cautiously. ""It’s... special. It keeps a different sort of"
conv_2eeeda48532742fab8521803e1a39868,ai-ai,5,5,True,author_1,ai,author_1,ai,True,ai,"time."" The stranger’s eyebrows lifted in interest. ""I know,"" he whispered, his voice barely more than the tick of a watch. ""That’s why I came."
conv_2eeeda48532742fab8521803e1a39868,ai-ai,5,5,True,author_1,ai,author_2,ai,False,ai,"Evelyn’s heart skipped a beat—she had never told anyone the clock’s secret. ""Who are you?"" she asked, suspicion tightening her voice. The stranger removed"
conv_2eeeda48532742fab8521803e1a39868,ai-ai,6,6,True,author_1,ai,author_1,ai,True,ai,"his hood, revealing salt-streaked hair and pale eyes, like moonlight on water. ""My name is Elias. I come from the other side of midnight,"" he"
conv_2eeeda48532742fab8521803e1a39868,ai-ai,6,6,True,author_1,ai,author_2,ai,False,ai,"said, cradling the words softly, almost apologetically. ""And that clock—your clock—is the only way back."" Evelyn’s breath caught. She realized,"
conv_2eeeda48532742fab8521803e1a39868,ai-ai,7,7,True,author_1,ai,author_1,ai,True,ai,"with a shivering certainty, that this moment had been ticking toward her all along. Elias looked at her, pleading. ""If I don't return before the clock completes its backward"
conv_2eeeda48532742fab8521803e1a39868,ai-ai,7,7,True,author_1,ai,author_2,ai,False,ai,"cycle,"" he said, voice trembling, ""the path will close—and I will be forgotten by both sides."" Evelyn studied his earnest eyes, then carefully wound the clock’s silver"
conv_2eeeda48532742fab8521803e1a39868,ai-ai,8,8,True,author_1,ai,author_1,ai,True,ai,"key. As the hands turned faster, the air shimmered and a door of swirling starlight flickered into being behind Elias. She offered him the clock with a slow"
conv_2eeeda48532742fab8521803e1a39868,ai-ai,8,8,True,author_1,ai,author_2,ai,False,ai,"nod, her fingers brushing his. ""Hurry,"" she urged. Elias smiled gratefully, stepped through the trembling portal, and vanished just as the last tick echoed through the"
conv_2eeeda48532742fab8521803e1a39868,ai-ai,9,9,True,author_1,ai,author_1,ai,True,ai,"dim clock shop. For a moment, Evelyn stood frozen, hand still outstretched. Then the clock's hands spun forward once more, settling back to the proper hour."
conv_2eeeda48532742fab8521803e1a39868,ai-ai,9,9,True,author_1,ai,author_2,ai,False,ai,"A hush fell, deeper than before—a sense that time had almost unraveled, yet had been set right. Evelyn placed the clock gently back in its corner, the air faint"
conv_2eeeda48532742fab8521803e1a39868,ai-ai,10,10,True,author_1,ai,author_1,ai,True,ai,"with the scent of midnight and possibility. Customers soon came and went as always, none the wiser to the extraordinary moment that had passed. Yet Evelyn, whenever she polished the cres"
conv_2eeeda48532742fab8521803e1a39868,ai-ai,10,10,True,author_1,ai,author_2,ai,False,ai,"moon clock, sometimes caught a glimmer of starlight in the glass—and in those quiet moments, she smiled, knowing that some hours held stories never marked on any ordinary"
conv_314c10a178264433b5f15c9a372a9e2b,ai-ai,1,1,True,author_2,ai,author_1,ai,False,ai,"all, leaning against the far wall where towers of hatboxes had been stacked just days ago. The door was painted deep green, the color of forest shadows,"
conv_314c10a178264433b5f15c9a372a9e2b,ai-ai,1,1,True,author_2,ai,author_2,ai,True,ai,"Mira, who found a door in her grandmother's attic that hadn't been there the week before.

It stood alone, frame and"
conv_314c10a178264433b5f15c9a372a9e2b,ai-ai,2,2,True,author_2,ai,author_1,ai,False,ai,"for her grandmother's old photo albums, but now she couldn't look away from the door. She reached out, hesitated, then grasped the serpent handle."
conv_314c10a178264433b5f15c9a372a9e2b,ai-ai,2,2,True,author_2,ai,author_2,ai,True,ai,"and its brass handle was shaped like a coiled serpent, cool to the touch despite the attic's stifling heat.

Mira had come up looking"
conv_314c10a178264433b5f15c9a372a9e2b,ai-ai,3,3,True,author_2,ai,author_1,ai,False,ai,"a spiral staircase descending into darkness—stone steps worn smooth by countless footsteps, though Mira knew this was impossible. Cool air drifted up"
conv_314c10a178264433b5f15c9a372a9e2b,ai-ai,3,3,True,author_2,ai,author_2,ai,True,ai,"The metal seemed to pulse beneath her fingers, a heartbeat that matched her own. The door swung open silently, revealing not the attic wall behind it, but"
conv_314c10a178264433b5f15c9a372a9e2b,ai-ai,4,4,True,author_2,ai,author_1,ai,False,ai,"music? Mira leaned forward, straining to hear. Yes, definitely music, but unlike any she'd heard before—crystalline notes that seemed to shimmer"
conv_314c10a178264433b5f15c9a372a9e2b,ai-ai,4,4,True,author_2,ai,author_2,ai,True,ai,"carrying the scent of damp earth and something else, something sweet and wild like honeysuckle blooming at midnight. From far below came a sound—was it"
conv_314c10a178264433b5f15c9a372a9e2b,ai-ai,5,5,True,author_2,ai,author_1,ai,False,ai,"edly warm beneath her sneaker, and as her weight settled, the step glowed faintly with a soft amber light that spread to illuminate the next step down."
conv_314c10a178264433b5f15c9a372a9e2b,ai-ai,5,5,True,author_2,ai,author_2,ai,True,ai,"in the air itself, weaving patterns she could almost see. Against every reasonable instinct, Mira placed her foot on the first step. The stone was unexpect"
conv_314c10a178264433b5f15c9a372a9e2b,ai-ai,6,6,True,author_2,ai,author_1,ai,False,ai,"the doorframe, torn between the familiar world and whatever lay in the depths below. The music swelled, more insistent now, and she caught a glimpse of something"
conv_314c10a178264433b5f15c9a372a9e2b,ai-ai,6,6,True,author_2,ai,author_2,ai,True,ai,"Behind her, she heard the attic floorboards creak—her grandmother calling her name from somewhere in the house below. Mira paused, one hand on"
conv_314c10a178264433b5f15c9a372a9e2b,ai-ai,7,7,True,author_2,ai,author_1,ai,False,ai,"that seemed to shift and rearrange themselves when she wasn't looking directly at them. Her grandmother's voice called again, closer now, footsteps on the attic"
conv_314c10a178264433b5f15c9a372a9e2b,ai-ai,7,7,True,author_2,ai,author_2,ai,True,ai,"moving in the darkness far below—a flutter of fabric, or perhaps wings. The light from the steps now revealed faint carvings along the curved stone walls: symbols"
conv_314c10a178264433b5f15c9a372a9e2b,ai-ai,8,8,True,author_2,ai,author_1,ai,False,ai,"The latch clicked shut with a finality that made her stomach flip. The music surrounded her now, no longer distant but everywhere at once, and the steps ahead puls"
conv_314c10a178264433b5f15c9a372a9e2b,ai-ai,8,8,True,author_2,ai,author_2,ai,True,ai,stairs. Mira made her choice. She stepped fully onto the staircase and pulled the green door closed behind her just as she heard her grandmother reach the attic
conv_314c10a178264433b5f15c9a372a9e2b,ai-ai,9,9,True,author_2,ai,author_1,ai,False,ai,"on the walls beginning to glow in rhythm with the music. Twenty steps down, then fifty, spiraling deeper than any foundation could reach. The air grew thick with that"
conv_314c10a178264433b5f15c9a372a9e2b,ai-ai,9,9,True,author_2,ai,author_2,ai,True,ai,"ed brighter, beckoning her downward into depths that shouldn't exist beneath her grandmother's house. Mira descended, each step warming beneath her feet, the symbols"
conv_314c10a178264433b5f15c9a372a9e2b,ai-ai,10,10,True,author_2,ai,author_1,ai,False,ai,"silver robes turned to face her, their features obscured by a veil of shimmering gauze. ""We've been waiting,"" the figure said, voice lay"
conv_314c10a178264433b5f15c9a372a9e2b,ai-ai,10,10,True,author_2,ai,author_2,ai,True,ai,"honeysuckle sweetness, and suddenly the staircase ended. Mira stepped into a vast underground garden lit by thousands of floating lights, where a figure in"
conv_36ef7f1827554f5291dc161479d223c6,ai-ai,1,1,True,author_2,ai,author_1,ai,False,ai,"where the sea air always carried the faintest scent of salt and old stories. Every morning before school, Milo would search the rocky shoreline for treasures: driftwood carved by waves"
conv_36ef7f1827554f5291dc161479d223c6,ai-ai,1,1,True,author_2,ai,author_2,ai,True,ai,"Milo, a young boy with an insatiable curiosity and a knack for spotting peculiar things others seemed to miss. He lived in the small coastal town of Willowmere,"
conv_36ef7f1827554f5291dc161479d223c6,ai-ai,2,2,True,author_2,ai,author_1,ai,False,ai,"that seemed out of place among the shells and stones. Most people in Willowmere dismissed these finds as shipwreck debris, but Milo believed there was a pattern, a purpose threaded"
conv_36ef7f1827554f5291dc161479d223c6,ai-ai,2,2,True,author_2,ai,author_2,ai,True,ai,", sea glass glinting in the dawn light, or sometimes even the remnants of odd machines tangled in seaweed—rusted cogs, mysterious levers, and wheels"
conv_36ef7f1827554f5291dc161479d223c6,ai-ai,3,3,True,author_2,ai,author_1,ai,False,ai,"His favorite spot to explore was the big black rock at the very end of the bay, where the waves crashed loudest and the winds always seemed to whisper secrets. It was"
conv_36ef7f1827554f5291dc161479d223c6,ai-ai,3,3,True,author_2,ai,author_2,ai,True,ai,"through every strange object he discovered. He kept them carefully catalogued in his weathered notebook, sketching their shapes and jotting down where and when he'd found each one."
conv_36ef7f1827554f5291dc161479d223c6,ai-ai,4,4,True,author_2,ai,author_1,ai,False,ai,"brushed aside the sand and kelp, the box hummed faintly in his hands, as if it contained some hidden energy. Its engravings seemed to shift when he"
conv_36ef7f1827554f5291dc161479d223c6,ai-ai,4,4,True,author_2,ai,author_2,ai,True,ai,"there, one particularly misty morning, that Milo stumbled upon something he’d never seen before: a small, metallic box with delicate engravings all over its sides. As he"
conv_36ef7f1827554f5291dc161479d223c6,ai-ai,5,5,True,author_2,ai,author_1,ai,False,ai,"at the far edge of town. The lighthouse had stood empty for years, its lamp shattered and its door chained shut. Yet, with the box in his grasp, Milo felt"
conv_36ef7f1827554f5291dc161479d223c6,ai-ai,5,5,True,author_2,ai,author_2,ai,True,ai,"tilted it toward the rising sun, the symbols rearranging themselves into a pattern that looked almost like a map. Heart pounding, Milo realized the lines pointed toward the old lighthouse"
conv_36ef7f1827554f5291dc161479d223c6,ai-ai,6,6,True,author_2,ai,author_1,ai,False,ai,"and crept to the lighthouse’s crumbling door. As he approached, the metallic box grew warm, and with a sudden click, the engravings pulsed. The chain"
conv_36ef7f1827554f5291dc161479d223c6,ai-ai,6,6,True,author_2,ai,author_2,ai,True,ai,"an irresistible pull guiding his steps toward it. The closer he got, the more the box vibrated, the engravings growing sharper. Milo squeezed through a gap in the fence"
conv_36ef7f1827554f5291dc161479d223c6,ai-ai,7,7,True,author_2,ai,author_1,ai,False,ai,"the air was thick with dust and echoes. A spiral staircase wound upward into shadows, but a faint blue light glimmered from above. Clutching the box, Milo"
conv_36ef7f1827554f5291dc161479d223c6,ai-ai,7,7,True,author_2,ai,author_2,ai,True,ai,"fell away as if unlocked by an unseen hand. Milo hesitated only a moment before pushing open the door, heart pounding, the old hinges groaning in protest. Inside,"
conv_36ef7f1827554f5291dc161479d223c6,ai-ai,8,8,True,author_2,ai,author_1,ai,False,ai,". The engravings on the box blazed to life, and a low, melodic voice filled the room: ""You have found the key, Milo. Step forward and discover"
conv_36ef7f1827554f5291dc161479d223c6,ai-ai,8,8,True,author_2,ai,author_2,ai,True,ai,"began to climb, each step echoing in the cavernous chamber. As he reached the top, the blue glow resolved into a swirling portal set within the old lantern housing"
conv_36ef7f1827554f5291dc161479d223c6,ai-ai,9,9,True,author_2,ai,author_1,ai,False,ai,"his insatiable curiosity. Beyond the lantern room, new patterns and objects sparkled in fields of impossible color. Milo knew, as excitement thundered in his chest, that"
conv_36ef7f1827554f5291dc161479d223c6,ai-ai,9,9,True,author_2,ai,author_2,ai,True,ai,"where all the lost things go.” Milo hesitated only a heartbeat before taking a deep breath and stepping through the portal—into a world shimmering with treasures and mysteries, ready for"
conv_36ef7f1827554f5291dc161479d223c6,ai-ai,10,10,True,author_2,ai,author_1,ai,False,ai,"had ever dreamed of. Guided by wonder, Milo pressed forward, the promise of discovery shimmering on the horizon—knowing now that every mystery he solved would lead to another,"
conv_36ef7f1827554f5291dc161479d223c6,ai-ai,10,10,True,author_2,ai,author_2,ai,True,ai,"he was not alone—that across this vast, magical landscape other curious souls had come searching too. He grinned, notebook in hand, ready for adventures far greater than any he"
conv_3ad89552e2da4fe68c0c4c6bf3f2298b,ai-ai,1,1,True,author_1,ai,author_1,ai,True,ai,"a young girl named Emilia, who lived in a small village surrounded by vast, rolling hills and dense forests. The villagers often whispered about the mystical energies that flowed through the"
conv_3ad89552e2da4fe68c0c4c6bf3f2298b,ai-ai,1,1,True,author_1,ai,author_2,ai,False,ai,"land, and how they seemed to permeate every aspect of their lives. Some said it was the reason for the village's remarkable fertility, with crops growing in abundance and animals"
conv_3ad89552e2da4fe68c0c4c6bf3f2298b,ai-ai,2,2,True,author_1,ai,author_1,ai,True,ai,"thiving in the lush green pastures. Others claimed it was the source of the village's talented artisans, who wove beautiful fabrics, crafted exquisite pottery, and built sturdy"
conv_3ad89552e2da4fe68c0c4c6bf3f2298b,ai-ai,2,2,True,author_1,ai,author_2,ai,False,ai,"homes that seemed to blend seamlessly into the surrounding landscape. Emilia's own mother was a skilled weaver, known for her vibrant tapestries that told stories of the village"
conv_3ad89552e2da4fe68c0c4c6bf3f2298b,ai-ai,3,3,True,author_1,ai,author_1,ai,True,ai,"and its history, passed down through generations of women in her family. The tapestries were said to hold secrets and meanings that only revealed themselves to those who looked closely,"
conv_3ad89552e2da4fe68c0c4c6bf3f2298b,ai-ai,3,3,True,author_1,ai,author_2,ai,False,ai,"and Emilia had spent countless hours as a child gazing up at the intricate patterns and symbols, feeling as though she was unraveling a mysterious code that only she could decipher"
conv_3ad89552e2da4fe68c0c4c6bf3f2298b,ai-ai,4,4,True,author_1,ai,author_1,ai,True,ai,"As she grew older, Emilia began to sense that the tapestries were more than just beautiful works of art, but actual gateways to the mystical energies that coursed"
conv_3ad89552e2da4fe68c0c4c6bf3f2298b,ai-ai,4,4,True,author_1,ai,author_2,ai,False,ai,"through the land, and that her mother's weaving was not just a skill, but a way of communing with the very essence of the natural world. She started to notice"
conv_3ad89552e2da4fe68c0c4c6bf3f2298b,ai-ai,5,5,True,author_1,ai,author_1,ai,True,ai,"that the symbols and patterns on the tapestries seemed to shift and change depending on the time of day, the phase of the moon, and the seasons, as if they"
conv_3ad89552e2da4fe68c0c4c6bf3f2298b,ai-ai,5,5,True,author_1,ai,author_2,ai,False,ai,"were alive, reflecting the rhythms and cycles of the world around her. Emilia became increasingly fascinated by this phenomenon, and she began to spend more and more time studying the tape"
conv_3ad89552e2da4fe68c0c4c6bf3f2298b,ai-ai,6,6,True,author_1,ai,author_1,ai,True,ai,"stries, pouring over the intricate threads and colors, searching for clues to the secrets they held. Her mother, noticing her daughter's growing obsession, smiled knowingly and began to"
conv_3ad89552e2da4fe68c0c4c6bf3f2298b,ai-ai,6,6,True,author_1,ai,author_2,ai,False,ai,"teach Emilia the ancient art of weaving, passing down the techniques and stories that had been handed down through their family for generations. As Emilia's fingers learned to def"
conv_3ad89552e2da4fe68c0c4c6bf3f2298b,ai-ai,7,7,True,author_1,ai,author_1,ai,True,ai,"tly manipulate the threads and yarns, she started to sense the same mystical energies that her mother had always seemed to tap into, and she began to weave her own tape"
conv_3ad89552e2da4fe68c0c4c6bf3f2298b,ai-ai,7,7,True,author_1,ai,author_2,ai,False,ai,"stries, infused with a deep connection to the natural world and the secrets that lay just beyond the edge of everyday perception. The threads seemed to come alive in her hands,"
conv_3ad89552e2da4fe68c0c4c6bf3f2298b,ai-ai,8,8,True,author_1,ai,author_1,ai,True,ai,"as she wove tales of the land, the creatures that inhabited it, and the whispers of the ancient ones who slumbered beneath the earth. The tapestries grew"
conv_3ad89552e2da4fe68c0c4c6bf3f2298b,ai-ai,8,8,True,author_1,ai,author_2,ai,False,ai,"more vivid and intricate, as if the very essence of the land was being distilled into the threads, and Emilia's weaving became a form of communion with the mysterious forces that"
conv_3ad89552e2da4fe68c0c4c6bf3f2298b,ai-ai,9,9,True,author_1,ai,author_1,ai,True,ai,"shaped the world. And when she finally completed her masterpiece, a vast and shimmering tapestry that seemed to capture the very heartbeat of the land, Emilia knew that"
conv_3ad89552e2da4fe68c0c4c6bf3f2298b,ai-ai,9,9,True,author_1,ai,author_2,ai,False,ai,"she had created something truly remarkable, a work of art that not only reflected the beauty and wonder of the world, but also held the power to reveal hidden truths and unlock the"
conv_3ad89552e2da4fe68c0c4c6bf3f2298b,ai-ai,10,10,True,author_1,ai,author_1,ai,True,ai,"secrets of the universe. As she stepped back to gaze upon her creation, the tapestry began to glow with a soft, ethereal light, and Emilia felt herself"
conv_3ad89552e2da4fe68c0c4c6bf3f2298b,ai-ai,10,10,True,author_1,ai,author_2,ai,False,ai,"being drawn into its depths, as if the threads and yarns were weaving a spell of transcendence around her. The world around her dissolved, and she found herself transported to"
conv_3ebd2e8abac745b293f00400ab924f11,ai-ai,1,1,True,author_1,ai,author_1,ai,True,ai,"Mira, who woke one morning to find that all the doors in her apartment had vanished. Not locked, not sealed—simply gone"
conv_3ebd2e8abac745b293f00400ab924f11,ai-ai,1,1,True,author_1,ai,author_2,ai,False,ai,"Mira pressed her palm against smooth, unbroken wall where her bathroom door should have been. The wood grain of the hallway continued seamlessly, as if the"
conv_3ebd2e8abac745b293f00400ab924f11,ai-ai,2,2,True,author_1,ai,author_1,ai,True,ai,"doorway had never existed at all. She traced the wall with trembling fingers, searching for any seam, any hint of an opening. Nothing. Her reflection stared"
conv_3ebd2e8abac745b293f00400ab924f11,ai-ai,2,2,True,author_1,ai,author_2,ai,False,ai,"back at her from the living room window—pale, wide-eyed, hair still tangled from sleep. She spun around, taking inventory. The front door:"
conv_3ebd2e8abac745b293f00400ab924f11,ai-ai,3,3,True,author_1,ai,author_1,ai,True,ai,"vanished. The bedroom door: gone. Even the small closet where she kept her winter coats had become nothing more than smooth, painted drywall. M"
conv_3ebd2e8abac745b293f00400ab924f11,ai-ai,3,3,True,author_1,ai,author_2,ai,False,ai,"ira's breath quickened. She fumbled for her phone on the coffee table, fingers slipping across the screen as she tried to dial 911. But there was"
conv_3ebd2e8abac745b293f00400ab924f11,ai-ai,4,4,True,author_1,ai,author_1,ai,True,ai,"no signal—just a small X where the bars should be. She tried her internet connection. Nothing. The WiFi icon blinked uselessly. Through the window,"
conv_3ebd2e8abac745b293f00400ab924f11,ai-ai,4,4,True,author_1,ai,author_2,ai,False,ai,"the street below looked perfectly normal. Cars passed by. A woman walked her dog. A delivery truck double-parked. Mira pounded on the glass, sho"
conv_3ebd2e8abac745b293f00400ab924f11,ai-ai,5,5,True,author_1,ai,author_1,ai,True,ai,"uting until her throat burned, but no sound seemed to escape. The woman with the dog walked past without looking up, and the delivery driver checked his phone, obliv"
conv_3ebd2e8abac745b293f00400ab924f11,ai-ai,5,5,True,author_1,ai,author_2,ai,False,ai,"ious to her frantic waving. Mira slumped against the window, heart hammering. Then she noticed something odd—her neighbor's apartment across the"
conv_3ebd2e8abac745b293f00400ab924f11,ai-ai,6,6,True,author_1,ai,author_1,ai,True,ai,"courtyard. Through their window, she could see Mrs. Chen moving about her kitchen, opening cabinets, reaching for things. But Mrs. Chen's movements seemed strange"
conv_3ebd2e8abac745b293f00400ab924f11,ai-ai,6,6,True,author_1,ai,author_2,ai,False,ai,"—repetitive, mechanical. She opened the same cabinet three times in a row, reached for the same mug, set it down, then started again. Like a loop"
conv_3ebd2e8abac745b293f00400ab924f11,ai-ai,7,7,True,author_1,ai,author_1,ai,True,ai,"playing endlessly. Mira pressed closer to the glass, watching with growing unease. Was Mrs. Chen trapped too, repeating some morning ritual she couldn't escape"
conv_3ebd2e8abac745b293f00400ab924f11,ai-ai,7,7,True,author_1,ai,author_2,ai,False,ai,"? Then Mrs. Chen turned, and for one brief moment, their eyes met across the courtyard. The old woman's face twisted with recognition, with desperate urgency."
conv_3ebd2e8abac745b293f00400ab924f11,ai-ai,8,8,True,author_1,ai,author_1,ai,True,ai,"She raised one finger to her lips—a gesture for silence—then pointed deliberately downward, toward the floor. Mira followed the direction of her trembling hand."
conv_3ebd2e8abac745b293f00400ab924f11,ai-ai,8,8,True,author_1,ai,author_2,ai,False,ai,"The hardwood beneath Mira's feet had begun to shimmer, grain lines rippling like water disturbed by an unseen current. She stepped back instinct"
conv_3ebd2e8abac745b293f00400ab924f11,ai-ai,9,9,True,author_1,ai,author_1,ai,True,ai,"ively, but the rippling followed her, spreading outward in concentric circles. The wood grew translucent, and beneath it, something vast and dark moved with"
conv_3ebd2e8abac745b293f00400ab924f11,ai-ai,9,9,True,author_1,ai,author_2,ai,False,ai,"deliberate purpose. Mira's stomach dropped as she realized the floor was thinning, becoming gossamer. Through it, she glimpsed not the apartment below"
conv_3ebd2e8abac745b293f00400ab924f11,ai-ai,10,10,True,author_1,ai,author_1,ai,True,ai,"but an impossible space—endless and breathing, filled with countless rooms stacked like cells in a honeycomb. In each one, a figure moved through their own vanished"
conv_3ebd2e8abac745b293f00400ab924f11,ai-ai,10,10,True,author_1,ai,author_2,ai,False,ai,"doorways, their own phantom routines. Some pounded on walls. Others sat motionless, defeated. And in the center of it all, something ancient coiled"
conv_46b38e5c24764a2fb9fc88592debe48b,ai-ai,1,1,True,author_1,ai,author_1,ai,True,ai,"a small village nestled in the heart of an ancient forest, where the trees whispered secrets of old and the river sang tales of forgotten times. In this village lived a young girl"
conv_46b38e5c24764a2fb9fc88592debe48b,ai-ai,1,1,True,author_1,ai,author_2,ai,False,ai,"named Elara, who possessed a curious mind and a heart full of wonder. Every morning, she would venture into the forest, her feet light on the moss-covered ground,"
conv_46b38e5c24764a2fb9fc88592debe48b,ai-ai,2,2,True,author_1,ai,author_1,ai,True,ai,"her eyes scanning the underbrush for signs of the forest's hidden life. One day, as she wandered deeper than ever before, she stumbled upon a clearing she had never seen"
conv_46b38e5c24764a2fb9fc88592debe48b,ai-ai,2,2,True,author_1,ai,author_2,ai,False,ai,"before. In the center of the clearing stood a stone circle, ancient and worn, with runes carved deeply into its surface. The air around it seemed to hum with a quiet"
conv_46b38e5c24764a2fb9fc88592debe48b,ai-ai,3,3,True,author_1,ai,author_1,ai,True,ai,"energy. Elara approached cautiously, her fingers tracing the cool, rough stone. As she touched one of the runes, a soft glow began to emanate from beneath her hand"
conv_46b38e5c24764a2fb9fc88592debe48b,ai-ai,3,3,True,author_1,ai,author_2,ai,False,ai,"and spread across the entire circle. The glow pulsed gently, and the trees around the clearing rustled as if whispering in approval. Suddenly, the ground beneath her feet"
conv_46b38e5c24764a2fb9fc88592debe48b,ai-ai,4,4,True,author_1,ai,author_1,ai,True,ai,"shimmered, and Elara felt a strange pull, as if the very earth was drawing her down. Before she could react, the stone circle glowed brighter, and"
conv_46b38e5c24764a2fb9fc88592debe48b,ai-ai,4,4,True,author_1,ai,author_2,ai,False,ai,"she found herself enveloped in a blinding light. When the light faded, Elara realized she was no longer in the forest. She stood in a vast, unfamiliar landscape"
conv_46b38e5c24764a2fb9fc88592debe48b,ai-ai,5,5,True,author_1,ai,author_1,ai,True,ai,"under a sky painted with hues of purple and gold. The air was filled with a scent she couldn't quite place, a mix of earth and something sweet and mysterious. In"
conv_46b38e5c24764a2fb9fc88592debe48b,ai-ai,5,5,True,author_1,ai,author_2,ai,False,ai,"the distance, she saw a majestic castle perched atop a hill, its towers reaching towards the colorful sky. Her heart raced with a mix of excitement and apprehension. What"
conv_46b38e5c24764a2fb9fc88592debe48b,ai-ai,6,6,True,author_1,ai,author_1,ai,True,ai,"adventures awaited her in this new world? With a deep breath, Elara set off towards the castle, her steps steady and her spirit undaunted. The path"
conv_46b38e5c24764a2fb9fc88592debe48b,ai-ai,6,6,True,author_1,ai,author_2,ai,False,ai,"wound through rolling hills and past shimmering streams, each step revealing more wonders of this enchanted land. As she drew closer to the castle, she noticed figures moving about the"
conv_46b38e5c24764a2fb9fc88592debe48b,ai-ai,7,7,True,author_1,ai,author_1,ai,True,ai,"grounds—people dressed in vibrant, flowing garments, their faces alight with a serene joy. Elara felt a sense of belonging, as if she had finally found a place"
conv_46b38e5c24764a2fb9fc88592debe48b,ai-ai,7,7,True,author_1,ai,author_2,ai,False,ai,"where she truly belonged. Reaching the castle gates, she was greeted by a kind-faced woman in a robe adorned with stars. ""Welcome, Elara,"" the woman said"
conv_46b38e5c24764a2fb9fc88592debe48b,ai-ai,8,8,True,author_1,ai,author_1,ai,True,ai,"with a warm smile. ""We have been expecting you. My name is Lyria, and I am the guardian of this realm. You have been chosen for a great purpose"
conv_46b38e5c24764a2fb9fc88592debe48b,ai-ai,8,8,True,author_1,ai,author_2,ai,False,ai,"here."" Elara's heart swelled with a mixture of pride and nervousness. ""What is my purpose?"" she asked, her voice trembling slightly. Lyria took her"
conv_46b38e5c24764a2fb9fc88592debe48b,ai-ai,9,9,True,author_1,ai,author_1,ai,True,ai,"hand and led her through the grand halls of the castle, her steps sure and graceful. ""Long ago, a powerful magic was sealed away to protect our world from darkness."
conv_46b38e5c24764a2fb9fc88592debe48b,ai-ai,9,9,True,author_1,ai,author_2,ai,False,ai,"Now, that seal is weakening, and only someone pure of heart and brave of spirit can restore the balance. You, Elara, are the key to saving us all."""
conv_46b38e5c24764a2fb9fc88592debe48b,ai-ai,10,10,True,author_1,ai,author_1,ai,True,ai,"Elara felt a surge of determination. ""I will do whatever it takes,"" she declared, her resolve firm. Lyria nodded approvingly. ""Then let us begin your"
conv_46b38e5c24764a2fb9fc88592debe48b,ai-ai,10,10,True,author_1,ai,author_2,ai,False,ai,"journey. You must first learn the ways of this land and the powers within you. Together, we will prepare you to face the challenges ahead."" With a newfound sense of"
conv_4710beb496244ede8f394b3e777d52c9,ai-ai,1,1,True,author_1,ai,author_1,ai,True,ai,"a young girl named Sophia, who lived in a small village nestled between two great mountains. The villagers believed that the mountains held ancient secrets and mysterious powers, and they whispered stories"
conv_4710beb496244ede8f394b3e777d52c9,ai-ai,1,1,True,author_1,ai,author_2,ai,False,ai,"of strange occurrences and unexplained events that had taken place at the foot of the mountains, where the air was sweet with the scent of wildflowers and the sound of gentle streams"
conv_4710beb496244ede8f394b3e777d52c9,ai-ai,2,2,True,author_1,ai,author_1,ai,True,ai,"filled the air, creating a sense of tranquility that seemed almost otherworldly. It was here that Sophia spent most of her days, wandering through the lush meadows and"
conv_4710beb496244ede8f394b3e777d52c9,ai-ai,2,2,True,author_1,ai,author_2,ai,False,ai,"forests, collecting wild herbs and flowers for her mother, who was a skilled healer, and listening to the tales of the elderly villagers, who would speak of the mountains'"
conv_4710beb496244ede8f394b3e777d52c9,ai-ai,3,3,True,author_1,ai,author_1,ai,True,ai,"magic in hushed tones, as if the mountains themselves were listening, their ancient stones absorbing the secrets and stories that had been passed down through generations. The villagers believed that Sophia"
conv_4710beb496244ede8f394b3e777d52c9,ai-ai,3,3,True,author_1,ai,author_2,ai,False,ai,"was special, chosen by the mountains to receive their secrets and to wield their power, for she had been born with a small, delicate mark on her left palm, a mark"
conv_4710beb496244ede8f394b3e777d52c9,ai-ai,4,4,True,author_1,ai,author_1,ai,True,ai,"that resembled the shape of the mountains, with two peaks rising from a gentle slope, a symbol that the villagers recognized as a sign of the mountains' favor, and they would"
conv_4710beb496244ede8f394b3e777d52c9,ai-ai,4,4,True,author_1,ai,author_2,ai,False,ai,"often glance at Sophia's hand in reverence, their eyes filled with a mix of wonder and trepidation, as if they were gazing at a tangible connection to the mystical"
conv_4710beb496244ede8f394b3e777d52c9,ai-ai,5,5,True,author_1,ai,author_1,ai,True,ai,"forces that governed their world, and Sophia, feeling the weight of their gazes, would sometimes sense the power of the mountains stirring within her, a subtle hum of energy that"
conv_4710beb496244ede8f394b3e777d52c9,ai-ai,5,5,True,author_1,ai,author_2,ai,False,ai,"seemed to ebb and flow with the phases of the moon, growing stronger when the night was dark and the stars were bright, and weaker when the sun shone brightly"
conv_4710beb496244ede8f394b3e777d52c9,ai-ai,6,6,True,author_1,ai,author_1,ai,True,ai,"in the sky, casting a warm glow over the village and the mountains, and it was on one of these lunar nights, when the moon was new and the stars twinkled"
conv_4710beb496244ede8f394b3e777d52c9,ai-ai,6,6,True,author_1,ai,author_2,ai,False,ai,"like diamonds scattered across the velvet expanse, that Sophia felt an inexplicable pull, a gentle tug that drew her away from the village and into the darkness, towards the mountains"
conv_4710beb496244ede8f394b3e777d52c9,ai-ai,7,7,True,author_1,ai,author_1,ai,True,ai,"where the air was crisp and the silence was almost palpable, and as she walked, the trees seemed to loom closer, their branches creaking softly in the still"
conv_4710beb496244ede8f394b3e777d52c9,ai-ai,7,7,True,author_1,ai,author_2,ai,False,ai,"ness, as if they were trying to convey a message, their leaves rustling with an otherworldly language that only Sophia could hear, and she felt her heart beating in"
conv_4710beb496244ede8f394b3e777d52c9,ai-ai,8,8,True,author_1,ai,author_1,ai,True,ai,"time with the rustling of the leaves, as if her very soul was being summoned by the mountains, and she walked faster, the darkness seeming to coalesce around her,"
conv_4710beb496244ede8f394b3e777d52c9,ai-ai,8,8,True,author_1,ai,author_2,ai,False,ai,"until she reached the base of the mountains, where a narrow path wound its way up into the darkness, and Sophia, without hesitation, began to climb, the trees falling away"
conv_4710beb496244ede8f394b3e777d52c9,ai-ai,9,9,True,author_1,ai,author_1,ai,True,ai,"as she ascended, their branches dwindling to scrubby bushes and then to bare rock, and the air grew thinner and colder, but Sophia pressed on, her heart pounding"
conv_4710beb496244ede8f394b3e777d52c9,ai-ai,9,9,True,author_1,ai,author_2,ai,False,ai,"in her chest, until she reached a small plateau, where a figure stood waiting for her, shrouded in shadows, its presence both captivating and unsettling, and Sophia,"
conv_4710beb496244ede8f394b3e777d52c9,ai-ai,10,10,True,author_1,ai,author_1,ai,True,ai,"feeling an eerie sense of recognition, as if she had been expecting this moment her entire life, took a step forward, and the figure slowly began to take shape, its"
conv_4710beb496244ede8f394b3e777d52c9,ai-ai,10,10,True,author_1,ai,author_2,ai,False,ai,"features emerging from the darkness like a sculpture being carved from the very rock of the mountain, and Sophia saw that it was a woman, tall and stately, with long hair"
conv_480648ab784e48e6a1b34eb8f94b712c,ai-ai,1,1,True,author_1,ai,author_1,ai,True,ai,"a small, mysterious village nestled in the heart of a dense forest, where the air was sweet with the scent of blooming wildflowers and the sky was a brilliant blue during"
conv_480648ab784e48e6a1b34eb8f94b712c,ai-ai,1,1,True,author_1,ai,author_2,ai,False,ai,"the day, but transformed into a deep, foreboding purple at dusk, as if the very heavens themselves were warning of the secrets and dangers that lurked within the village"
conv_480648ab784e48e6a1b34eb8f94b712c,ai-ai,2,2,True,author_1,ai,author_1,ai,True,ai,"beneath its deceptively quaint exterior, where crumbling cottages with overgrown gardens and rusty iron gates seemed to whisper tales of a long-forgotten past, and"
conv_480648ab784e48e6a1b34eb8f94b712c,ai-ai,2,2,True,author_1,ai,author_2,ai,False,ai,"the villagers themselves moved with a quiet, measured pace, their faces lined with the weight of untold stories and their eyes gleaming with a knowing light, as if they were"
conv_480648ab784e48e6a1b34eb8f94b712c,ai-ai,3,3,True,author_1,ai,author_1,ai,True,ai,"the guardians of some ancient, hidden truth, a truth that only revealed itself in the flickering candlelight that danced across their faces during the long, dark nights, when the"
conv_480648ab784e48e6a1b34eb8f94b712c,ai-ai,3,3,True,author_1,ai,author_2,ai,False,ai,"wind howled through the forest like a chorus of restless spirits, and the trees creaked and swayed in an otherworldly rhythm, as if they too were trying"
conv_480648ab784e48e6a1b34eb8f94b712c,ai-ai,4,4,True,author_1,ai,author_1,ai,True,ai,"to convey a message, their gnarled branches tangling together like skeletal fingers, beckoning in the darkness, and their leaves rustling with an eerie whisper that seemed to"
conv_480648ab784e48e6a1b34eb8f94b712c,ai-ai,4,4,True,author_1,ai,author_2,ai,False,ai,"carry on its breath the faintest hint of a name, a name that was both familiar and yet utterly forgotten, a name that seemed to resonate deep within the heart of the"
conv_480648ab784e48e6a1b34eb8f94b712c,ai-ai,5,5,True,author_1,ai,author_1,ai,True,ai,"village, echoing off the stone walls of the old church, where the vicar, a man named Elijah, stood at the altar, his eyes closed as if in prayer"
conv_480648ab784e48e6a1b34eb8f94b712c,ai-ai,5,5,True,author_1,ai,author_2,ai,False,ai,"but his mind elsewhere, lost in the labyrinthine corridors of his own thoughts, where the shadows of his own past converged with the secrets of the village, and the weight of"
conv_480648ab784e48e6a1b34eb8f94b712c,ai-ai,6,6,True,author_1,ai,author_1,ai,True,ai,"his own dark legacy threatened to consume him, a legacy that was inextricably entwined with the mysterious name that the wind whispers, a name that seemed to be"
conv_480648ab784e48e6a1b34eb8f94b712c,ai-ai,6,6,True,author_1,ai,author_2,ai,False,ai,"seared into the very fabric of his being, a constant reminder of the unforgivable act he had committed, the terrible price he had paid, and the unending curse"
conv_480648ab784e48e6a1b34eb8f94b712c,ai-ai,7,7,True,author_1,ai,author_1,ai,True,ai,"that had been laid upon him, a curse that had driven him to this forsaken place, where the veil between the worlds was thin, and the darkness that had haunted him"
conv_480648ab784e48e6a1b34eb8f94b712c,ai-ai,7,7,True,author_1,ai,author_2,ai,False,ai,"for so long seemed to be coalescing into a presence, a presence that took the form of a figure standing just beyond the edge of the candlelight, a figure with"
conv_480648ab784e48e6a1b34eb8f94b712c,ai-ai,8,8,True,author_1,ai,author_1,ai,True,ai,"eyes that burned with an unearthly intensity, eyes that seemed to bore into Elijah's very soul, and a face that was both familiar and yet completely alien, a face that"
conv_480648ab784e48e6a1b34eb8f94b712c,ai-ai,8,8,True,author_1,ai,author_2,ai,False,ai,"was slowly, incrementally, coming into focus, like a painting emerging from the shadows, its features sharpening, clarifying, until Elijah felt his heart shatter into a"
conv_480648ab784e48e6a1b34eb8f94b712c,ai-ai,9,9,True,author_1,ai,author_1,ai,True,ai,"million fragments as he realized, with a jolt of horror and despair, that the face before him was his own, or rather, the face of the man he used to"
conv_480648ab784e48e6a1b34eb8f94b712c,ai-ai,9,9,True,author_1,ai,author_2,ai,False,ai,"be, the man he had thought he had left behind, the man who had been consumed by darkness and ambition, and who now stood before him, a haunting reminder of the"
conv_480648ab784e48e6a1b34eb8f94b712c,ai-ai,10,10,True,author_1,ai,author_1,ai,True,ai,"tragedy and the loss that had been wrought, a specter of guilt and regret that seemed to reach out and claim him, drawing him back into the abyss from which"
conv_480648ab784e48e6a1b34eb8f94b712c,ai-ai,10,10,True,author_1,ai,author_2,ai,False,ai,"he had tried to escape, a void of sorrow and longing that had haunted him for so long, and which now seemed to be pulling him under, sucking him down into its"
conv_4b623ac6a0e745b3ab8ee9d6b638ba18,ai-ai,1,1,True,author_1,ai,author_1,ai,True,ai,"a small lantern named Ember, who glowed with a gentle golden light. Unlike the other lanterns hanging in the bustling marketplace, Ember stood alone at the edge of the old"
conv_4b623ac6a0e745b3ab8ee9d6b638ba18,ai-ai,1,1,True,author_1,ai,author_2,ai,False,ai,"stone bridge, just where the market faded into tangled woods. Each evening, as the sun dipped below the distant hills, the other lanterns would chatter about their places in the"
conv_4b623ac6a0e745b3ab8ee9d6b638ba18,ai-ai,2,2,True,author_1,ai,author_1,ai,True,ai,"busy square—how they illuminated the spice stalls, watched over the storytellers, and saw acrobats leaping through hoops of fire. Ember listened from his perch, wishing"
conv_4b623ac6a0e745b3ab8ee9d6b638ba18,ai-ai,2,2,True,author_1,ai,author_2,ai,False,ai,"he, too, could see the wonders of the marketplace up close. But his post on the bridge was quiet, visited only by the occasional traveler crossing into the shadows of the"
conv_4b623ac6a0e745b3ab8ee9d6b638ba18,ai-ai,3,3,True,author_1,ai,author_1,ai,True,ai,"forest. Sometimes, a fox would pass by, eyes glinting in Ember’s gentle glow, or a fiddler would pause beneath him, playing a few wistful notes"
conv_4b623ac6a0e745b3ab8ee9d6b638ba18,ai-ai,3,3,True,author_1,ai,author_2,ai,False,ai,"before moving on into the deepening gloom. Though these moments were fleeting, Ember cherished them, illuminating each encounter with all the warmth he could muster. Nights on the bridge were"
conv_4b623ac6a0e745b3ab8ee9d6b638ba18,ai-ai,4,4,True,author_1,ai,author_1,ai,True,ai,"often lonely but also filled with a certain magic—a mist would rise from the river below, and once or twice, Ember had caught glimmers of winged creatures flitting through"
conv_4b623ac6a0e745b3ab8ee9d6b638ba18,ai-ai,4,4,True,author_1,ai,author_2,ai,False,ai,"the fog, their shadows dancing along the mossy stones. He wondered if they, too, were guardians of quiet places, hidden from the bustle but vital in their own way"
conv_4b623ac6a0e745b3ab8ee9d6b638ba18,ai-ai,5,5,True,author_1,ai,author_1,ai,True,ai,". One evening, as a chilly breeze swirled along the bridge, Ember noticed something unusual: a tired young girl with a knapsack, pausing beneath his glow."
conv_4b623ac6a0e745b3ab8ee9d6b638ba18,ai-ai,5,5,True,author_1,ai,author_2,ai,False,ai,"She looked up at Ember, eyes wide with exhaustion and hope. ""Thank you for waiting for me,"" she whispered, as if she knew he’d been expecting her. Ember"
conv_4b623ac6a0e745b3ab8ee9d6b638ba18,ai-ai,6,6,True,author_1,ai,author_1,ai,True,ai,"flickered in surprise and then beamed as brightly as he could, casting a warm path across the bridge. The girl stepped forward, comforted by his gentle light,"
conv_4b623ac6a0e745b3ab8ee9d6b638ba18,ai-ai,6,6,True,author_1,ai,author_2,ai,False,ai,"and as she walked, Ember felt a new sense of purpose growing within him. He realized that while the market lanterns watched over crowds, his light was meant for the quiet"
conv_4b623ac6a0e745b3ab8ee9d6b638ba18,ai-ai,7,7,True,author_1,ai,author_1,ai,True,ai,"souls on solitary journeys, lighting the way through uncertain places. For the first time, Ember felt proud of his lonely post. As the girl crossed safely into the sheltering"
conv_4b623ac6a0e745b3ab8ee9d6b638ba18,ai-ai,7,7,True,author_1,ai,author_2,ai,False,ai,"woods, she paused to wave a grateful goodbye. Ember glowed even brighter, knowing he had guided her through her darkness. From that night on, every time the bridge welcomed"
conv_4b623ac6a0e745b3ab8ee9d6b638ba18,ai-ai,8,8,True,author_1,ai,author_1,ai,True,ai,"a traveler—be it wanderer, fox, or fiddler—Ember greeted them with courage and warmth. He shone not just for company, but because he knew"
conv_4b623ac6a0e745b3ab8ee9d6b638ba18,ai-ai,8,8,True,author_1,ai,author_2,ai,False,ai,"that in the hush between worlds—where solitude meets hope—a gentle lantern's light could mean everything. And so, Ember found his place, steadfast at the edge, illuminating the"
conv_4b623ac6a0e745b3ab8ee9d6b638ba18,ai-ai,9,9,True,author_1,ai,author_1,ai,True,ai,"path for every quiet soul who needed a guide, his golden glow forever a beacon at the meeting of forest and town, turning lonely journeys into stories of warmth and light."
conv_4b623ac6a0e745b3ab8ee9d6b638ba18,ai-ai,9,9,True,author_1,ai,author_2,ai,False,ai,"No lantern in the marketplace ever burned brighter, nor with a purpose as true, as Ember on the old stone bridge—showing that sometimes, even in the quietest corners"
conv_4b623ac6a0e745b3ab8ee9d6b638ba18,ai-ai,10,10,True,author_1,ai,author_1,ai,True,ai,"of the world, a single light can shine enough to lead someone home. And so, Ember's gentle glow lived on, reaching out through the mist and across the years,"
conv_4b623ac6a0e745b3ab8ee9d6b638ba18,ai-ai,10,10,True,author_1,ai,author_2,ai,False,ai,"guiding travelers, souls, and stories safely onward—reminding all who passed that every bit of warmth matters, and every place can be made brighter with a gentle, hopeful"
conv_503d38cdfff84bbd90f56c51324a5072,ai-ai,1,1,True,author_1,ai,author_1,ai,True,ai,"a girl named Leora, who could see things no one else could. By day, she wandered her bustling city with a knowing smile, pausing beneath bridges and beside ancient"
conv_503d38cdfff84bbd90f56c51324a5072,ai-ai,1,1,True,author_1,ai,author_2,ai,False,ai,oaks that no one else seemed to notice. Leora’s eyes gleamed when she glimpsed flickers of color swirling just out of reach—wisps of forgotten stories
conv_503d38cdfff84bbd90f56c51324a5072,ai-ai,2,2,True,author_1,ai,author_1,ai,True,ai,"and echoes of half-remembered dreams that clung to the edges of reality. Sometimes, a wisp would spiral down and brush her fingertips, sending a shiver through"
conv_503d38cdfff84bbd90f56c51324a5072,ai-ai,2,2,True,author_1,ai,author_2,ai,False,ai,"her whole body, as if a secret had been whispered straight into her bones. One afternoon, while crossing the old stone bridge at the heart of the city, Leora paused"
conv_503d38cdfff84bbd90f56c51324a5072,ai-ai,3,3,True,author_1,ai,author_1,ai,True,ai,"as a particularly brilliant wisp hovered before her—a shimmering gold and indigo ribbon of light. It danced around her, drawing curious patterns in the air. For the first time"
conv_503d38cdfff84bbd90f56c51324a5072,ai-ai,3,3,True,author_1,ai,author_2,ai,False,ai,"in her life, the wisp began to take shape—stretching, folding, warping into something almost familiar. Leora’s breath caught as the sparkling form solidified"
conv_503d38cdfff84bbd90f56c51324a5072,ai-ai,4,4,True,author_1,ai,author_1,ai,True,ai,"into the outline of a small fox, its fur flickering with constellations. The fox tilted its head, bright eyes meeting Leora’s. A clear voice, both"
conv_503d38cdfff84bbd90f56c51324a5072,ai-ai,4,4,True,author_1,ai,author_2,ai,False,ai,"tinkling and deep, echoed in her mind: ""You can see me, can't you?"" The fox stepped closer, its spectral paws silent on the old stone. Le"
conv_503d38cdfff84bbd90f56c51324a5072,ai-ai,5,5,True,author_1,ai,author_1,ai,True,ai,"ora nodded, her heart pounding with a mixture of fear and wonder. ""Yes,"" she whispered, ""I've seen you for a long time, but never like this."" The"
conv_503d38cdfff84bbd90f56c51324a5072,ai-ai,5,5,True,author_1,ai,author_2,ai,False,ai,"fox's eyes shimmered, and it gave a sly, reassuring grin. ""Then you are ready, Leora,"" it said softly. ""There are doors in your city"
conv_503d38cdfff84bbd90f56c51324a5072,ai-ai,6,6,True,author_1,ai,author_1,ai,True,ai,"that no map will ever show. Tonight, one of them will open for you. Follow me when dusk falls, and I will show you the path no one else can see"
conv_503d38cdfff84bbd90f56c51324a5072,ai-ai,6,6,True,author_1,ai,author_2,ai,False,ai,"."" Before Leora could gather her thoughts, the fox leaped—turning back into a swirl of light, vanishing in the late afternoon sun. The air felt different"
conv_503d38cdfff84bbd90f56c51324a5072,ai-ai,7,7,True,author_1,ai,author_1,ai,True,ai,"—thick with anticipation, electric with possibility. Leora lingered on the bridge, her fingers tingling as if part of the magic remained with her. She watched shadows"
conv_503d38cdfff84bbd90f56c51324a5072,ai-ai,7,7,True,author_1,ai,author_2,ai,False,ai,"lengthen over the city, every alley and archway brimming with hidden promise. When the first stars blinked into view, a soft blue glow shimmered at her feet"
conv_503d38cdfff84bbd90f56c51324a5072,ai-ai,8,8,True,author_1,ai,author_1,ai,True,ai,". There, just beyond the boundary of golden streetlights, the fox materialized again—motioning with its nose toward a narrow archway in the shadow of the bridge."
conv_503d38cdfff84bbd90f56c51324a5072,ai-ai,8,8,True,author_1,ai,author_2,ai,False,ai,"Leora felt her pulse quicken, her curiosity outpacing her nerves. She stepped forward, the fox’s starlit tail leading the way. As she passed under"
conv_503d38cdfff84bbd90f56c51324a5072,ai-ai,9,9,True,author_1,ai,author_1,ai,True,ai,"the arch, a hush fell—as if she’d stepped into another world. Moonlight pooled on cobblestones that hadn’t seen sunlight in centuries, and every sound was muted"
conv_503d38cdfff84bbd90f56c51324a5072,ai-ai,9,9,True,author_1,ai,author_2,ai,False,ai,"except the gentle pads of the fox just ahead. With each step, the city behind her faded, replaced by a softly glowing realm of memory and possibility—a place only Leora"
conv_503d38cdfff84bbd90f56c51324a5072,ai-ai,10,10,True,author_1,ai,author_1,ai,True,ai,"would ever walk, guided by starlight and courage, where old magic and new hope found her waiting footsteps. And as she ventured further, Leora realized that her world"
conv_503d38cdfff84bbd90f56c51324a5072,ai-ai,10,10,True,author_1,ai,author_2,ai,False,ai,"was far larger, and more wondrous, than she’d ever dreamed—her sight now a gift not just for witnessing, but for changing the course of forgotten magic for everyone"
conv_50b02bd7e22e4536b8ec9f59f48d6455,ai-ai,1,1,True,author_2,ai,author_1,ai,False,ai,"was simple and quiet. Everyone knew everyone, and secrets were scarce. But Eliana was different; she often found herself drawn to the edge of the forest, feeling a strange"
conv_50b02bd7e22e4536b8ec9f59f48d6455,ai-ai,1,1,True,author_2,ai,author_2,ai,True,ai,"Eliana, a young woman with a mysterious past and a destiny yet to be revealed. She lived in a small village nestled between rolling hills and dense forests, where life"
conv_50b02bd7e22e4536b8ec9f59f48d6455,ai-ai,2,2,True,author_2,ai,author_1,ai,False,ai,"into the woods than she ever had before. The air grew cooler, and the sounds of the village faded into a distant hum. As she walked, the path twisted and turned"
conv_50b02bd7e22e4536b8ec9f59f48d6455,ai-ai,2,2,True,author_2,ai,author_2,ai,True,ai,"pull towards the ancient trees. One evening, as the sun dipped below the horizon, casting long shadows across the forest floor, Eliana decided to follow her heart and venture deeper"
conv_50b02bd7e22e4536b8ec9f59f48d6455,ai-ai,3,3,True,author_2,ai,author_1,ai,False,ai,"her surprise, the hollow contained a small, leather-bound book, its cover worn and weathered. As she reached in to pull it out, a gentle breeze whispered through the"
conv_50b02bd7e22e4536b8ec9f59f48d6455,ai-ai,3,3,True,author_2,ai,author_2,ai,True,ai,"until she found herself standing before an old, gnarled tree with a hollow at its base. Curiosity piqued, Eliana approached and peered inside. To"
conv_50b02bd7e22e4536b8ec9f59f48d6455,ai-ai,4,4,True,author_2,ai,author_1,ai,False,ai,"twilight. The first page was filled with intricate symbols and a map that led to various points within the forest. A sense of urgency washed over her, and without hesitation,"
conv_50b02bd7e22e4536b8ec9f59f48d6455,ai-ai,4,4,True,author_2,ai,author_2,ai,True,ai,"leaves, carrying with it a faint, melodic tune. The book felt warm in her hands, and as she opened it, the pages seemed to glow softly in the"
conv_50b02bd7e22e4536b8ec9f59f48d6455,ai-ai,5,5,True,author_2,ai,author_1,ai,False,ai,"underbrush and over rocky streams, each step bringing her deeper into the heart of the forest. The map guided her to a clearing where a stone altar stood, surrounded by ancient"
conv_50b02bd7e22e4536b8ec9f59f48d6455,ai-ai,5,5,True,author_2,ai,author_2,ai,True,ai,"Eliana tucked the book into her satchel and followed the map’s directions, her heart pounding with excitement and a hint of fear. The path led her through thick"
conv_50b02bd7e22e4536b8ec9f59f48d6455,ai-ai,6,6,True,author_2,ai,author_1,ai,False,ai,"she noticed a small, intricately carved key resting atop it. The key seemed to pulse in time with her heartbeat. Without thinking, she picked it up, and as her"
conv_50b02bd7e22e4536b8ec9f59f48d6455,ai-ai,6,6,True,author_2,ai,author_2,ai,True,ai,"runestones. The air here was thick with an otherworldly energy, and the runes glowed faintly in the moonlight. As Eliana approached the altar,"
conv_50b02bd7e22e4536b8ec9f59f48d6455,ai-ai,7,7,True,author_2,ai,author_1,ai,False,ai,"the chamber’s secrets. With a deep breath, Eliana placed the key back on the altar and stepped back, her mind racing with the possibilities. The runes on the stones"
conv_50b02bd7e22e4536b8ec9f59f48d6455,ai-ai,7,7,True,author_2,ai,author_2,ai,True,ai,"fingers closed around it, a vision flashed before her eyes—a hidden chamber deep within the earth, filled with ancient artifacts and knowledge. The key was the only way to unlock"
conv_50b02bd7e22e4536b8ec9f59f48d6455,ai-ai,8,8,True,author_2,ai,author_1,ai,False,ai,"with anticipation, Eliana took a deep breath and stepped forward, descending into the unknown. The stairs wound down into a cool, damp tunnel, the air growing heavier with each"
conv_50b02bd7e22e4536b8ec9f59f48d6455,ai-ai,8,8,True,author_2,ai,author_2,ai,True,ai,"began to glow more brightly, and the ground beneath her feet rumbled softly. Suddenly, the stone altar split open, revealing a narrow staircase descending into darkness. Heart pounding"
conv_50b02bd7e22e4536b8ec9f59f48d6455,ai-ai,9,9,True,author_2,ai,author_1,ai,False,ai,"which rested an ancient, ornate chest. The air was thick with the scent of age and magic. Eliana approached the pedestal, her hand trembling as she reached for the"
conv_50b02bd7e22e4536b8ec9f59f48d6455,ai-ai,9,9,True,author_2,ai,author_2,ai,True,ai,"step. At last, she reached the bottom and found herself in a vast underground chamber, illuminated by a soft, ethereal light. In the center stood a pedestal, upon"
conv_50b02bd7e22e4536b8ec9f59f48d6455,ai-ai,10,10,True,author_2,ai,author_1,ai,False,ai,"knowledge of her ancestors. Eliana realized that this was her true purpose—to uncover and protect the secrets of her lineage. With a newfound determination, she gathered the items and prepared"
conv_50b02bd7e22e4536b8ec9f59f48d6455,ai-ai,10,10,True,author_2,ai,author_2,ai,True,ai,"chest. As she lifted the lid, a warm light spilled out, revealing scrolls, potions, and a set of ancient tomes. Each item held a piece of the forgotten"
conv_523a2d8acf734dcfac9aab691a1983d2,ai-ai,1,1,True,author_2,ai,author_1,ai,False,ai,"had long since grown used to the endless overcast, adapting their lives to the muted palette overhead. Children played beneath the ashen ceiling, chasing one another through dew-slick"
conv_523a2d8acf734dcfac9aab691a1983d2,ai-ai,1,1,True,author_2,ai,author_2,ai,True,ai,"a small town where the clouds never seemed to leave. Even in the peak of summer, their grey underside stretched across the sky, filtering the sunlight into a gentle hush. People"
conv_523a2d8acf734dcfac9aab691a1983d2,ai-ai,2,2,True,author_2,ai,author_1,ai,False,ai,"whispered about but few dared to approach. Its drooping branches swept the ground like the ends of a tattered cloak, and its bark bore strange twists that seemed to"
conv_523a2d8acf734dcfac9aab691a1983d2,ai-ai,2,2,True,author_2,ai,author_2,ai,True,ai,"fields, their laughter mingling with the sound of distant thunder. At the far edge of town, behind the remains of an old mill, stood a peculiar willow tree that everyone"
conv_523a2d8acf734dcfac9aab691a1983d2,ai-ai,3,3,True,author_2,ai,author_1,ai,False,ai,"the faces would shift and murmur secrets to those brave enough to listen. Most shrugged it off as superstition, but young Elsie, with her restless curiosity, found herself"
conv_523a2d8acf734dcfac9aab691a1983d2,ai-ai,3,3,True,author_2,ai,author_2,ai,True,ai,"form faces—some smiling, some scowling. Legend had it the willow was older than the town itself, and that on nights when the wind howled loudest,"
conv_523a2d8acf734dcfac9aab691a1983d2,ai-ai,4,4,True,author_2,ai,author_1,ai,False,ai,"the soggy field, each footstep sinking slightly into the mossy earth. As she neared the willow, the wind seemed to carry faint whispers that tugged at her"
conv_523a2d8acf734dcfac9aab691a1983d2,ai-ai,4,4,True,author_2,ai,author_2,ai,True,ai,"drawn to the willow one damp, blustery evening. She slipped out after supper, heart thumping with a mix of dread and excitement, and made her way across"
conv_523a2d8acf734dcfac9aab691a1983d2,ai-ai,5,5,True,author_2,ai,author_1,ai,False,ai,"reached out, her fingers trembling, and rested her palm against the gnarled bark. Instantly, the whispers grew clearer, threading together into words only she could understand"
conv_523a2d8acf734dcfac9aab691a1983d2,ai-ai,5,5,True,author_2,ai,author_2,ai,True,ai,"name, curling through the unruly branches like smoke. Elsie hesitated, glancing back at the glow from her house, then turned resolutely toward the tree. She"
conv_523a2d8acf734dcfac9aab691a1983d2,ai-ai,6,6,True,author_2,ai,author_1,ai,False,ai,"her with ancient, sorrowful eyes. For a moment, Elsie felt herself slipping—weightless, tumbling out of time—into a vision of the town not clo"
conv_523a2d8acf734dcfac9aab691a1983d2,ai-ai,6,6,True,author_2,ai,author_2,ai,True,ai,": “Remember what was lost… awaken what must be found.” As the bark warmed under her touch, the outlines of the willow’s faces shifted, one gazing directly at"
conv_523a2d8acf734dcfac9aab691a1983d2,ai-ai,7,7,True,author_2,ai,author_1,ai,False,ai,"etched into its bark. In that sunlit vision, a voice— clear and gentle—told Elsie, “You hold the key. Bring back the light."" She"
conv_523a2d8acf734dcfac9aab691a1983d2,ai-ai,7,7,True,author_2,ai,author_2,ai,True,ai,"aked in clouds, but bathed in golden sunlight. Children danced in bright meadows, laughter echoing under a blue sky. The willow stood proud and green, no faces"
conv_523a2d8acf734dcfac9aab691a1983d2,ai-ai,8,8,True,author_2,ai,author_1,ai,False,ai,"ization dawned—she had been given a gift. Clutching the willow’s branch, Elsie promised herself she would uncover the secret hidden beneath the clouds, and with"
conv_523a2d8acf734dcfac9aab691a1983d2,ai-ai,8,8,True,author_2,ai,author_2,ai,True,ai,"gasped, stumbling back as the vision faded and the familiar gray world returned. But now a slender branch had curled into her palm, smooth and warm as sunlight. Real"
conv_523a2d8acf734dcfac9aab691a1983d2,ai-ai,9,9,True,author_2,ai,author_1,ai,False,ai,"single ray of golden sunlight broke through, shining on Elsie and the willow tree, promising that, with courage and wonder, she really could bring back the light."
conv_523a2d8acf734dcfac9aab691a1983d2,ai-ai,9,9,True,author_2,ai,author_2,ai,True,ai,"new hope in her heart, she turned toward home, the branch glowing softly in her hand. Above her, just for an instant, the clouds seemed to thin, and a"
conv_523a2d8acf734dcfac9aab691a1983d2,ai-ai,10,10,True,author_2,ai,author_1,ai,False,ai,"ie stepped forward, her willow branch lifted high, and the town followed, smiles blooming as sunlight warmed their faces. The old stories found new life that day, and under a"
conv_523a2d8acf734dcfac9aab691a1983d2,ai-ai,10,10,True,author_2,ai,author_2,ai,True,ai,"And so, as the town watched in awe, the clouds continued to part—petal by petal—revealing a sky that had been waiting to be remembered. Els"
conv_5a4ad50437f3441db4485317bef63db0,ai-ai,1,1,True,author_2,ai,author_1,ai,False,ai,"secrets of old and the air was filled with a subtle magic. In the center of the village stood an ancient oak, its branches sprawling wide and welcoming, a silent guardian"
conv_5a4ad50437f3441db4485317bef63db0,ai-ai,1,1,True,author_2,ai,author_2,ai,True,ai,"a small village nestled deep within the heart of a vast, enchanted forest. The village, known as Whisperwood, was a place where the trees whispered"
conv_5a4ad50437f3441db4485317bef63db0,ai-ai,2,2,True,author_2,ai,author_1,ai,False,ai,"who had a deep curiosity about the world beyond the forest. With eyes as bright as the morning sun, Elara would often wander through the woods, listening to the whispers of"
conv_5a4ad50437f3441db4485317bef63db0,ai-ai,2,2,True,author_2,ai,author_2,ai,True,ai,"of the community. The villagers often gathered beneath its shade to share stories, sing songs, and celebrate the simple joys of life. Among them was a young girl named Elara"
conv_5a4ad50437f3441db4485317bef63db0,ai-ai,3,3,True,author_2,ai,author_1,ai,False,ai,half-buried under a bed of leaves. The chest was adorned with intricate carvings that glowed faintly in the dappled sunlight. Elara’s heart
conv_5a4ad50437f3441db4485317bef63db0,ai-ai,3,3,True,author_2,ai,author_2,ai,True,ai,"the trees and following the paths that seemed to lead to hidden wonders. One day, while exploring a forgotten part of the forest, she stumbled upon a small, ornate chest"
conv_5a4ad50437f3441db4485317bef63db0,ai-ai,4,4,True,author_2,ai,author_1,ai,False,ai,"as she untied the ribbon and unrolled the parchment. The paper was yellowed with age, and the ink had faded, but she could still make out the words."
conv_5a4ad50437f3441db4485317bef63db0,ai-ai,4,4,True,author_2,ai,author_2,ai,True,ai,"raced with excitement as she carefully lifted the lid. Inside, she found a delicate, silver key and a rolled-up parchment tied with a blue ribbon. Her fingers trembled"
conv_5a4ad50437f3441db4485317bef63db0,ai-ai,5,5,True,author_2,ai,author_1,ai,False,ai,"ara felt a surge of determination. She knew she had to find Luminara, no matter what lay ahead. With the key and map in hand, she set out on"
conv_5a4ad50437f3441db4485317bef63db0,ai-ai,5,5,True,author_2,ai,author_2,ai,True,ai,"It was a map, leading to a place marked with a star and a single word: ""Luminara."" The name seemed to hum with a mysterious energy, and El"
conv_5a4ad50437f3441db4485317bef63db0,ai-ai,6,6,True,author_2,ai,author_1,ai,False,ai,"The path grew more treacherous, winding through dense thickets and over rocky streams, but Elara’s resolve never wavered. She followed the map with unwav"
conv_5a4ad50437f3441db4485317bef63db0,ai-ai,6,6,True,author_2,ai,author_2,ai,True,ai,"an adventure that would change her life forever. As she ventured deeper into the forest, the trees seemed to part for her, their whispers guiding her steps."
conv_5a4ad50437f3441db4485317bef63db0,ai-ai,7,7,True,author_2,ai,author_1,ai,False,ai,"luminous light shimmered in the distance. At the center of the clearing stood a stone archway, its surface etched with glowing runes that pulsed in time with"
conv_5a4ad50437f3441db4485317bef63db0,ai-ai,7,7,True,author_2,ai,author_2,ai,True,ai,"ering dedication, her heart pounding with each step closer to the unknown. As the sun began to set, casting long shadows through the trees, Elara reached a clearing where a"
conv_5a4ad50437f3441db4485317bef63db0,ai-ai,8,8,True,author_2,ai,author_1,ai,False,ai,"and turned it. With a soft click, the archway opened, revealing a path bathed in a warm, golden light. Elara took a deep breath and stepped forward"
conv_5a4ad50437f3441db4485317bef63db0,ai-ai,8,8,True,author_2,ai,author_2,ai,True,ai,"her heartbeat. Elara approached the archway, feeling a mix of awe and trepidation. She inserted the silver key into a small, hidden lock on the archway"
conv_5a4ad50437f3441db4485317bef63db0,ai-ai,9,9,True,author_2,ai,author_1,ai,False,ai,"embarked upon, inspiring generations to come. But for now, all that mattered was the path ahead and the promise of new adventures. Elara walked into the light, her"
conv_5a4ad50437f3441db4485317bef63db0,ai-ai,9,9,True,author_2,ai,author_2,ai,True,ai,"into the unknown, ready to uncover the secrets of Luminara and whatever wonders awaited her. The villagers would later tell tales of Elara’s bravery and the magical journey she"
conv_5a4ad50437f3441db4485317bef63db0,ai-ai,10,10,True,author_2,ai,author_1,ai,False,ai,"into the distance, carrying the echoes of a legend just beginning. And so, Elara’s story became a part of Whisperwood’s legacy, a tale of courage, curiosity"
conv_5a4ad50437f3441db4485317bef63db0,ai-ai,10,10,True,author_2,ai,author_2,ai,True,ai,"heart full of hope and her spirit unyielding. The forest behind her closed gently, as if protecting the secret of her journey, and the whispers of the trees followed her"
conv_5c9ebfa116d94f61a47a16eeebd01cd6,ai-ai,1,1,True,author_1,ai,author_1,ai,True,ai,"a small village nestled in the heart of a vast, enchanted forest. The villagers lived in harmony with nature, relying on the forest for their sustenance and shelter. Among them"
conv_5c9ebfa116d94f61a47a16eeebd01cd6,ai-ai,1,1,True,author_1,ai,author_2,ai,False,ai,"was a young girl named Elara, known for her deep connection to the forest. She could speak to the animals and understand the whispers of the wind. One day, while"
conv_5c9ebfa116d94f61a47a16eeebd01cd6,ai-ai,2,2,True,author_1,ai,author_1,ai,True,ai,"gathering herbs by the river, Elara noticed that the water was unusually murky and the plants around the bank were wilting. Concerned, she followed the river upstream,"
conv_5c9ebfa116d94f61a47a16eeebd01cd6,ai-ai,2,2,True,author_1,ai,author_2,ai,False,ai,"her heart heavy with worry. As she walked, the sounds of the forest grew quieter, as if even the birds and insects sensed something amiss. Eventually, she came upon"
conv_5c9ebfa116d94f61a47a16eeebd01cd6,ai-ai,3,3,True,author_1,ai,author_1,ai,True,ai,"a clearing where the river was completely blocked by a massive fallen tree. The obstruction was causing the water to overflow, damaging the land around it. Elara knew she had to"
conv_5c9ebfa116d94f61a47a16eeebd01cd6,ai-ai,3,3,True,author_1,ai,author_2,ai,False,ai,"find a way to clear the blockage. She called out to the forest spirits for help, and soon, a group of friendly woodland creatures gathered around her—squirrels"
conv_5c9ebfa116d94f61a47a16eeebd01cd6,ai-ai,4,4,True,author_1,ai,author_1,ai,True,ai,"with strong teeth, beavers with skilled paws, and a wise old owl who offered guidance. Together, they worked tirelessly, gnawing at the wood and moving smaller"
conv_5c9ebfa116d94f61a47a16eeebd01cd6,ai-ai,4,4,True,author_1,ai,author_2,ai,False,ai,"branches aside. As the sun began to set, the blockage was finally cleared, and the river flowed freely once more. Elara watched with relief as the water returned to"
conv_5c9ebfa116d94f61a47a16eeebd01cd6,ai-ai,5,5,True,author_1,ai,author_1,ai,True,ai,"its natural clarity, and the plants around the riverbank began to perk up. The forest seemed to sigh in contentment, and the animals returned to their usual chatter and bust"
conv_5c9ebfa116d94f61a47a16eeebd01cd6,ai-ai,5,5,True,author_1,ai,author_2,ai,False,ai,"le. Grateful for their help, Elara thanked the forest spirits and her animal friends. She promised to keep a watchful eye on the river and to protect the forest"
conv_5c9ebfa116d94f61a47a16eeebd01cd6,ai-ai,6,6,True,author_1,ai,author_1,ai,True,ai,"whenever it needed her. As night fell, Elara made her way back to the village, her heart light and her spirit uplifted by the knowledge that she had helped"
conv_5c9ebfa116d94f61a47a16eeebd01cd6,ai-ai,6,6,True,author_1,ai,author_2,ai,False,ai,"preserve the harmony between her people and the enchanted forest. The villagers welcomed her back with warm smiles and a sense of pride, knowing that their village was blessed to have such a"
conv_5c9ebfa116d94f61a47a16eeebd01cd6,ai-ai,7,7,True,author_1,ai,author_1,ai,True,ai,"devoted guardian. From that day forward, Elara’s bond with the forest grew even stronger, and she became a legend among the villagers, a symbol of hope and protection"
conv_5c9ebfa116d94f61a47a16eeebd01cd6,ai-ai,7,7,True,author_1,ai,author_2,ai,False,ai,"for generations to come. The forest thrived under her watchful care, and the village continued to flourish, a testament to the enduring power of harmony and the unbreakable"
conv_5c9ebfa116d94f61a47a16eeebd01cd6,ai-ai,8,8,True,author_1,ai,author_1,ai,True,ai,"connection between nature and those who cherish it. And so, the story of Elara and the enchanted forest became a tale passed down through the ages, reminding all who heard it"
conv_5c9ebfa116d94f61a47a16eeebd01cd6,ai-ai,8,8,True,author_1,ai,author_2,ai,False,ai,"of the importance of living in balance with the natural world. The villagers told her story around campfires and in the market square, inspiring others to follow in Elara’s footsteps"
conv_5c9ebfa116d94f61a47a16eeebd01cd6,ai-ai,9,9,True,author_1,ai,author_1,ai,True,ai,"and tend to the earth with the same love and dedication. In the heart of the forest, the river flowed on, clear and strong, a silent witness to the enduring legacy"
conv_5c9ebfa116d94f61a47a16eeebd01cd6,ai-ai,9,9,True,author_1,ai,author_2,ai,False,ai,"of a young girl who had the courage to listen to the whispers of the wind and the wisdom to act when the forest called for her help. And so, the circle of"
conv_5c9ebfa116d94f61a47a16eeebd01cd6,ai-ai,10,10,True,author_1,ai,author_1,ai,True,ai,"life continued, unbroken and beautiful, a living testament to the magic that happens when people and nature live in harmony."
conv_5c9ebfa116d94f61a47a16eeebd01cd6,ai-ai,10,10,True,author_1,ai,author_2,ai,False,ai,"The villagers and the forest thrived together, a perfect balance of give and take, of love and respect. Elara’s legacy lived on, a beacon of hope and a"
conv_5d6d26da31ee450286115b6145bb3dab,ai-ai,1,1,True,author_2,ai,author_1,ai,False,ai,"but her parents, wary of its mysteries, had always forbidden her from venturing too deep into its embrace. Despite their warnings, Eliana felt a pull she couldn’t ignore"
conv_5d6d26da31ee450286115b6145bb3dab,ai-ai,1,1,True,author_2,ai,author_2,ai,True,ai,"Eliana, a young woman who lived in the shadow of the vast, ancient forest known as the Whispering Woods. Eliana had always been drawn to the forest,"
conv_5d6d26da31ee450286115b6145bb3dab,ai-ai,2,2,True,author_2,ai,author_1,ai,False,ai,"buried in the dirt. Curious, she picked it up and felt a warm, pulsating energy course through her fingers. The stone seemed to hum with a life of"
conv_5d6d26da31ee450286115b6145bb3dab,ai-ai,2,2,True,author_2,ai,author_2,ai,True,ai,"and often found herself at the forest's edge, peering into the dense foliage. One day, while wandering near the boundary, she noticed a small, shimmering stone half"
conv_5d6d26da31ee450286115b6145bb3dab,ai-ai,3,3,True,author_2,ai,author_1,ai,False,ai,"around to make sure no one was watching, then took a deep breath and stepped onto the hidden path, the stone glowing softly in her hand. The trees seemed to part slightly"
conv_5d6d26da31ee450286115b6145bb3dab,ai-ai,3,3,True,author_2,ai,author_2,ai,True,ai,"its own, and as Eliana held it, she heard a faint whisper in her mind, urging her to follow a path deeper into the forest. Heart racing, she looked"
conv_5d6d26da31ee450286115b6145bb3dab,ai-ai,4,4,True,author_2,ai,author_1,ai,False,ai,"—a place where the sunlight filtered through the canopy in a way that created a mesmerizing dance of light and shadow. In the center of the clearing stood an ancient, gnar"
conv_5d6d26da31ee450286115b6145bb3dab,ai-ai,4,4,True,author_2,ai,author_2,ai,True,ai,"as she walked, and the air grew cooler, carrying the scent of moss and earth. The path wound through the forest, leading her to a clearing she had never seen before"
conv_5d6d26da31ee450286115b6145bb3dab,ai-ai,5,5,True,author_2,ai,author_1,ai,False,ai,"glow with a soft, golden light, and the air around her thrummed with an ancient magic. She placed the shimmering stone against the tree’s bark, and"
conv_5d6d26da31ee450286115b6145bb3dab,ai-ai,5,5,True,author_2,ai,author_2,ai,True,ai,"led oak tree, its trunk wide and covered in intricate carvings that seemed to tell a story of ages past. As Eliana approached, the carvings began to"
conv_5d6d26da31ee450286115b6145bb3dab,ai-ai,6,6,True,author_2,ai,author_1,ai,False,ai,"and gentle, echoed in her mind. “You have answered the call, Eliana. The forest has chosen you to uncover its secrets and protect its heart. Are you ready"
conv_5d6d26da31ee450286115b6145bb3dab,ai-ai,6,6,True,author_2,ai,author_2,ai,True,ai,"the tree pulsed with a deep, resonant hum. The carvings flared brighter, and the ground beneath her feet trembled slightly. A voice, both ancient"
conv_5d6d26da31ee450286115b6145bb3dab,ai-ai,7,7,True,author_2,ai,author_1,ai,False,ai,"steady as she replied, “Yes, I am ready.” The oak tree’s glow intensified, and a warm light enveloped her, filling her with a newfound strength and knowledge"
conv_5d6d26da31ee450286115b6145bb3dab,ai-ai,7,7,True,author_2,ai,author_2,ai,True,ai,"to accept this challenge?” Eliana’s heart beat fiercely, but she felt a sense of purpose she had never known before. She took a deep breath and nodded, her voice"
conv_5d6d26da31ee450286115b6145bb3dab,ai-ai,8,8,True,author_2,ai,author_1,ai,False,ai,"With each step she took, the forest responded, its creatures and plants recognizing her as one of their own. Eliana knew that the journey ahead would be challenging, but she"
conv_5d6d26da31ee450286115b6145bb3dab,ai-ai,8,8,True,author_2,ai,author_2,ai,True,ai,"of the forest’s deepest mysteries. From that day forward, Eliana became the guardian of the Whispering Woods, her life forever intertwined with the ancient magic that protected it."
conv_5d6d26da31ee450286115b6145bb3dab,ai-ai,9,9,True,author_2,ai,author_1,ai,False,ai,"land and its secrets. The Whispering Woods had chosen her, and she would not fail them. The forest was alive, and so was her spirit. Together, they would"
conv_5d6d26da31ee450286115b6145bb3dab,ai-ai,9,9,True,author_2,ai,author_2,ai,True,ai,"was determined to honor the trust placed in her. As she walked back through the forest, the path that had once been hidden now clear, she felt a profound connection to the"
conv_5d6d26da31ee450286115b6145bb3dab,ai-ai,10,10,True,author_2,ai,author_1,ai,False,ai,"guarding the future of this ancient forest. With a heart full of resolve and a spirit guided by the whispers of the trees, Eliana stepped back into the world, ready"
conv_5d6d26da31ee450286115b6145bb3dab,ai-ai,10,10,True,author_2,ai,author_2,ai,True,ai,"face whatever challenges lay ahead,守护着这片古老森林的未来。 

(The last sentence translates to: ""guarding the future of this ancient forest."")"
conv_61282f540ff74e54b96b26572d0dc43f,ai-ai,1,1,True,author_1,ai,author_1,ai,True,ai,"a lighthouse keeper named Maren who discovered that shadows could speak.

It started on a Tuesday, when the fog rolled in thicker than usual"
conv_61282f540ff74e54b96b26572d0dc43f,ai-ai,1,1,True,author_1,ai,author_2,ai,False,ai,"It started on a Tuesday, when the fog rolled in thicker than usual, pressing against the lighthouse windows like wet wool. Maren was polishing the great lens when"
conv_61282f540ff74e54b96b26572d0dc43f,ai-ai,2,2,True,author_1,ai,author_1,ai,True,ai,"she heard it—a whisper that seemed to come from her own shadow cast long across the floor by the afternoon light breaking through the mist.

""The ships are"
conv_61282f540ff74e54b96b26572d0dc43f,ai-ai,2,2,True,author_1,ai,author_2,ai,False,ai,"listening,"" the shadow murmured, its voice like wind through hollow pipes.

Maren dropped her polishing cloth and spun around, but the room was empty"
conv_61282f540ff74e54b96b26572d0dc43f,ai-ai,3,3,True,author_1,ai,author_1,ai,True,ai,"save for herself and the steady beam rotating overhead. Her shadow stretched and contracted with each pass of light, and with each movement, that strange voice grew clearer.

"""
conv_61282f540ff74e54b96b26572d0dc43f,ai-ai,3,3,True,author_1,ai,author_2,ai,False,ai,"We've always been here,"" it continued, the words rippling across the floorboards. ""But you're the first keeper in sixty years who's been alone long enough"
conv_61282f540ff74e54b96b26572d0dc43f,ai-ai,4,4,True,author_1,ai,author_1,ai,True,ai,"to hear us properly.""

Maren's heart hammered against her ribs. She pressed her back against the cold glass of the lens housing, watching as her shadow"
conv_61282f540ff74e54b96b26572d0dc43f,ai-ai,4,4,True,author_1,ai,author_2,ai,False,ai,"seemed to detach slightly at the edges, darkening and deepening in ways that defied the light source above. Other shadows began to stir too—the one cast"
conv_61282f540ff74e54b96b26572d0dc43f,ai-ai,5,5,True,author_1,ai,author_1,ai,True,ai,"by the spiral staircase, the one pooled beneath the oil cans, even the tiny shadow of a coffee mug left on the windowsill. They all"
conv_61282f540ff74e54b96b26572d0dc43f,ai-ai,5,5,True,author_1,ai,author_2,ai,False,ai,"began to whisper at once, a chorus of overlapping voices that filled the lighthouse chamber like a tide coming in. Maren pressed her palms against her temples,"
conv_61282f540ff74e54b96b26572d0dc43f,ai-ai,6,6,True,author_1,ai,author_1,ai,True,ai,"trying to sort one voice from another, when suddenly they synchronized into a single, urgent message:

""The merchant ship—the *Persephone*—three miles"
conv_61282f540ff74e54b96b26572d0dc43f,ai-ai,6,6,True,author_1,ai,author_2,ai,False,ai,"northeast. She's drifting toward the rocks. Her captain can't see through the fog, but we can.""

Maren's training overcame her shock."
conv_61282f540ff74e54b96b26572d0dc43f,ai-ai,7,7,True,author_1,ai,author_1,ai,True,ai,"She rushed to the radio, fingers fumbling with the dials. Static crackled as she broadcast the warning, giving the coordinates her shadows somehow knew with certainty."
conv_61282f540ff74e54b96b26572d0dc43f,ai-ai,7,7,True,author_1,ai,author_2,ai,False,ai,"Minutes stretched like hours. Then, through the static: ""Lighthouse, this is the *Persephone*. We... how did you know? Our instruments failed"
conv_61282f540ff74e54b96b26572d0dc43f,ai-ai,8,8,True,author_1,ai,author_1,ai,True,ai,"ten minutes ago. We were running blind.""

Maren exhaled shakily, her hand still gripping the radio. ""Just... luck,"" she managed, her"
conv_61282f540ff74e54b96b26572d0dc43f,ai-ai,8,8,True,author_1,ai,author_2,ai,False,ai,"eyes drifting to the shadows pooling darker around her feet. ""Adjust your heading fifteen degrees starboard. You'll clear the reef.""

As the captain's"
conv_61282f540ff74e54b96b26572d0dc43f,ai-ai,9,9,True,author_1,ai,author_1,ai,True,ai,"grateful acknowledgment faded into static, Maren set down the radio and looked at her shadow. It had settled back into its proper shape now, but she could feel"
conv_61282f540ff74e54b96b26572d0dc43f,ai-ai,9,9,True,author_1,ai,author_2,ai,False,ai,"something had fundamentally changed between them—between her and all the shadows in the lighthouse. She knelt down slowly, reaching toward the dark silhouette on the floor."
conv_61282f540ff74e54b96b26572d0dc43f,ai-ai,10,10,True,author_1,ai,author_1,ai,True,ai,"""Thank you,"" she whispered.

Her shadow didn't speak again that day, but as the sun set and darkness claimed the lighthouse, Maren understood she would"
conv_61282f540ff74e54b96b26572d0dc43f,ai-ai,10,10,True,author_1,ai,author_2,ai,False,ai,"never truly be alone here. The shadows had chosen her, trusted her with their ancient vigil over these waters. She climbed the stairs to light the beacon for the night"
conv_6f7f1054190e480584fa737795f55073,ai-ai,1,1,True,author_2,ai,author_1,ai,False,ai,"six-month posting. The advertisement had promised solitude, good pay, and the kind of work that left your mind free to wander. She'd imagined writing poetry"
conv_6f7f1054190e480584fa737795f55073,ai-ai,1,1,True,author_2,ai,author_2,ai,True,ai,"a lighthouse keeper who forgot how to leave.

Miriam had arrived on the island thirty-two years ago for what was supposed to be a"
conv_6f7f1054190e480584fa737795f55073,ai-ai,2,2,True,author_2,ai,author_1,ai,False,ai,"Instead, what came were the rhythms—the turning of the light, the winding of the clockwork mechanism, the scrubbing of the lens. Breakfast at"
conv_6f7f1054190e480584fa737795f55073,ai-ai,2,2,True,author_2,ai,author_2,ai,True,ai,"in the evenings, watching sunsets bleed across the horizon while her pen scratched out verses about the eternal dance between land and sea.

The poetry never came."
conv_6f7f1054190e480584fa737795f55073,ai-ai,3,3,True,author_2,ai,author_1,ai,False,ai,"Dinner whenever the light was lit and climbing its eternal circle.

Somewhere in the third year, Miriam had stopped marking the calendar. The supply boat came when"
conv_6f7f1054190e480584fa737795f55073,ai-ai,3,3,True,author_2,ai,author_2,ai,True,ai,"dawn, precisely when the first grey light touched the eastern water. Lunch at noon by the kitchen window that faced inland, toward a mainland she could no longer quite picture."
conv_6f7f1054190e480584fa737795f55073,ai-ai,4,4,True,author_2,ai,author_1,ai,False,ai,"The last time it came, the new captain—young, with nervous hands—had asked if she wanted to go back with them. ""For a visit,"" he'd said"
conv_6f7f1054190e480584fa737795f55073,ai-ai,4,4,True,author_2,ai,author_2,ai,True,ai,"it came—sometimes with the full moon, sometimes during the dark phase, occasionally not for months when winter storms turned the strait into a churning throat of foam and fury."
conv_6f7f1054190e480584fa737795f55073,ai-ai,5,5,True,author_2,ai,author_1,ai,False,ai,"him, her mouth opening and closing like a fish pulled from the deep. Family. The word felt foreign on her tongue, a language she'd once spoken fluently but could"
conv_6f7f1054190e480584fa737795f55073,ai-ai,5,5,True,author_2,ai,author_2,ai,True,ai,"carefully, as though the words themselves might shatter something fragile. ""Medical checkup. See family. That sort of thing.""

Miriam had stared at"
conv_6f7f1054190e480584fa737795f55073,ai-ai,6,6,True,author_2,ai,author_1,ai,False,ai,"thirty-two years of neglect had probably buried the headstone entirely. Weeds would have claimed it, made it part of the earth again.

""I can"
conv_6f7f1054190e480584fa737795f55073,ai-ai,6,6,True,author_2,ai,author_2,ai,True,ai,"no longer conjugate. There had been a sister, hadn't there? In Toronto, or was it Halifax? And her mother's grave needed tending—but then,"
conv_6f7f1054190e480584fa737795f55073,ai-ai,7,7,True,author_2,ai,author_1,ai,False,ai,"captain had nodded slowly, understanding something she hadn't said. He'd left extra supplies that day—more than usual, as if provisioning not just for"
conv_6f7f1054190e480584fa737795f55073,ai-ai,7,7,True,author_2,ai,author_2,ai,True,ai,"'t leave during maintenance season,"" she'd heard herself say, though maintenance season had ended three months prior. ""The light needs—someone has to—""

The young"
conv_6f7f1054190e480584fa737795f55073,ai-ai,8,8,True,author_2,ai,author_1,ai,False,ai,"ked between the flour sacks, a radio so new it still smelled of factory plastic.

She'd never taken it from its box.

Now, standing at"
conv_6f7f1054190e480584fa737795f55073,ai-ai,8,8,True,author_2,ai,author_2,ai,True,ai,"the coming winter, but for all the winters yet to come. Batteries that would outlast her, canned goods stacked like a grocer's prayer, and tuc"
conv_6f7f1054190e480584fa737795f55073,ai-ai,9,9,True,author_2,ai,author_1,ai,False,ai,"or something that had happened to her the way rust happens to metal—slowly, imperceptibly, until the original surface is gone entirely and what remains is transformation itself."
conv_6f7f1054190e480584fa737795f55073,ai-ai,9,9,True,author_2,ai,author_2,ai,True,ai,"the gallery rail as the beam swept overhead, Meriam pressed her weathered palms against the cold iron and wondered if forgetting had been a choice she'd made,"
conv_6f7f1054190e480584fa737795f55073,ai-ai,10,10,True,author_2,ai,author_1,ai,False,ai,"she couldn't remember the sequence anymore—the specific steps, the particular order of unlocking doors and descending stairs that would take her down to the dock, into a boat"
conv_6f7f1054190e480584fa737795f55073,ai-ai,10,10,True,author_2,ai,author_2,ai,True,ai,"Below, waves crashed against the rocks with their ancient percussion. The light turned. The clockwork ticked its brass heartbeat.

Miriam closed her eyes and realized"
conv_74177e99d2054dff9f9e0adec3cfdd83,ai-ai,1,1,True,author_2,ai,author_1,ai,False,ai,"brown hair that often seemed to have a life of its own, as it would spring out of any attempt to tame it with ribbons or pins. The villagers would often smile"
conv_74177e99d2054dff9f9e0adec3cfdd83,ai-ai,1,1,True,author_2,ai,author_2,ai,True,ai,"a young girl named Emilia, who lived in a small village surrounded by rolling hills and dense forests. She was known throughout the village for her striking green eyes and wild curly"
conv_74177e99d2054dff9f9e0adec3cfdd83,ai-ai,2,2,True,author_2,ai,author_1,ai,False,ai,"just below the surface, waiting to be unleashed in some unexpected way. Emilia's laughter was a frequent sound in the village, and it was infectious, able to make even"
conv_74177e99d2054dff9f9e0adec3cfdd83,ai-ai,2,2,True,author_2,ai,author_2,ai,True,ai,"as they watched her walk down the main street, her hair bouncing with each step, and her bright eyes sparkling with a mischievous energy that seemed to be always simmering"
conv_74177e99d2054dff9f9e0adec3cfdd83,ai-ai,3,3,True,author_2,ai,author_1,ai,False,ai,"the village's only bookstore, a dusty old shop filled with shelves upon shelves of worn leather-bound tomes and yellowed parchment, would often grumble and complain about the noise"
conv_74177e99d2054dff9f9e0adec3cfdd83,ai-ai,3,3,True,author_2,ai,author_2,ai,True,ai,"the grumpiest of villagers, like old man Thorne, crack a smile, despite his best efforts to resist the charm of her joyful presence. Thorne, who owned"
conv_74177e99d2054dff9f9e0adec3cfdd83,ai-ai,4,4,True,author_2,ai,author_1,ai,False,ai,"a small, worn book from his shelves, whispering to her that it was a special story, one that only she would truly understand, and Emilia would take the book"
conv_74177e99d2054dff9f9e0adec3cfdd83,ai-ai,4,4,True,author_2,ai,author_2,ai,True,ai,"Emilia and her friends would make as they played outside his shop, but despite his gruff exterior, he had a soft spot for the young girl and would often slip her"
conv_74177e99d2054dff9f9e0adec3cfdd83,ai-ai,5,5,True,author_2,ai,author_1,ai,False,ai,"square, surrounded by the thatched roofs of the cottages and the gentle hum of village life, and lose herself in the pages of the book, the words transporting her to"
conv_74177e99d2054dff9f9e0adec3cfdd83,ai-ai,5,5,True,author_2,ai,author_2,ai,True,ai,"and treasure it, feeling as though she had been given a precious gift, one that held secrets and mysteries that only she could unlock. She would sit for hours in the village"
conv_74177e99d2054dff9f9e0adec3cfdd83,ai-ai,6,6,True,author_2,ai,author_1,ai,False,ai,"the brave and daring heroine, standing tall and fearless in the face of danger, with a sword in her hand and a fierce determination in her heart, and she would feel an"
conv_74177e99d2054dff9f9e0adec3cfdd83,ai-ai,6,6,True,author_2,ai,author_2,ai,True,ai,"far-off lands and magical realms, where brave heroes and heroines battled fierce dragons and solved ancient puzzles, and Emilia's imagination would run wild, as she pictured herself as"
conv_74177e99d2054dff9f9e0adec3cfdd83,ai-ai,7,7,True,author_2,ai,author_1,ai,False,ai,"pages of the book, her eyes gazing out at the familiar surroundings of the village, but seeing them with a newfound sense of wonder and discontent, as if the stories had"
conv_74177e99d2054dff9f9e0adec3cfdd83,ai-ai,7,7,True,author_2,ai,author_2,ai,True,ai,"odd sensation, as though the stories were stirring something deep within her, a sense of restlessness and longing that she couldn't quite explain, and she would look up from the"
conv_74177e99d2054dff9f9e0adec3cfdd83,ai-ai,8,8,True,author_2,ai,author_1,ai,False,ai,"free from the boundaries of the village and explore the wider world beyond, to follow the winding roads and mysterious pathways that disappeared into the horizon, and to uncover the secrets and surprises"
conv_74177e99d2054dff9f9e0adec3cfdd83,ai-ai,8,8,True,author_2,ai,author_2,ai,True,ai,"awakened a part of her that could no longer be satisfied with the quiet, predictable rhythms of village life, and she would feel an insatiable yearning to break"
conv_74177e99d2054dff9f9e0adec3cfdd83,ai-ai,9,9,True,author_2,ai,author_1,ai,False,ai,"as she stood there, the wind whispering through her curly brown hair, Emilia felt the thrill of adventure calling to her, a siren's song that grew louder and"
conv_74177e99d2054dff9f9e0adec3cfdd83,ai-ai,9,9,True,author_2,ai,author_2,ai,True,ai,"that lay hidden just beyond the edge of the village, where the thatched roofs gave way to the unknown, and the sky stretched out like an endless canvas of possibility, and"
conv_74177e99d2054dff9f9e0adec3cfdd83,ai-ai,10,10,True,author_2,ai,author_1,ai,False,ai,"small pack that had been silently waiting by her side, and stepped forward, into the unknown, the village fading into the distance as she disappeared over the horizon, leaving behind the"
conv_74177e99d2054dff9f9e0adec3cfdd83,ai-ai,10,10,True,author_2,ai,author_2,ai,True,ai,"more insistent, until she could feel the very fabric of her being trembling with anticipation, and with a sense of reckless abandon, she took a deep breath, shouldered the"
conv_777a5ab75d5941dab977ed219123b852,ai-ai,1,1,True,author_1,ai,author_1,ai,True,ai,"Mira, who woke one morning to find that all the doors in her apartment had vanished. Not locked, not broken—simply gone"
conv_777a5ab75d5941dab977ed219123b852,ai-ai,1,1,True,author_1,ai,author_2,ai,False,ai,"Mira stood in her hallway, one hand outstretched toward the smooth, unbroken wall where her bedroom door had been just hours before. The brass"
conv_777a5ab75d5941dab977ed219123b852,ai-ai,2,2,True,author_1,ai,author_1,ai,True,ai,"doorknob she'd touched before falling asleep had disappeared along with the door itself, leaving only flat paint and plaster. She pressed her palm against the surface, half"
conv_777a5ab75d5941dab977ed219123b852,ai-ai,2,2,True,author_1,ai,author_2,ai,False,ai,"expecting it to ripple like water, but it remained stubbornly solid. A flutter of panic rose in her chest as she turned to check the bathroom—also gone"
conv_777a5ab75d5941dab977ed219123b852,ai-ai,3,3,True,author_1,ai,author_1,ai,True,ai,"Behind her, the front door had vanished too, sealed away as if the apartment had decided to keep her. Mira's breath quickened. She tried the windows"
conv_777a5ab75d5941dab977ed219123b852,ai-ai,3,3,True,author_1,ai,author_2,ai,False,ai,", tugging at the latches with trembling fingers. They opened easily enough, letting in the cool morning air and the sounds of traffic below. Relief flooded through her"
conv_777a5ab75d5941dab977ed219123b852,ai-ai,4,4,True,author_1,ai,author_1,ai,True,ai,"—until she leaned out and saw that her fire escape had also disappeared. Five stories up with no stairs, no ladder, nothing but a sheer drop to the street"
conv_777a5ab75d5941dab977ed219123b852,ai-ai,4,4,True,author_1,ai,author_2,ai,False,ai,"below where pedestrians moved like ants, oblivious to her predicament. Mira pulled back inside, her heart hammering. She grabbed her phone from the"
conv_777a5ab75d5941dab977ed219123b852,ai-ai,5,5,True,author_1,ai,author_1,ai,True,ai,"coffee table and dialed 911, but the line crackled with static before going dead. She tried again—same result. Her hands shook as she opened her"
conv_777a5ab75d5941dab977ed219123b852,ai-ai,5,5,True,author_1,ai,author_2,ai,False,ai,"messaging app, typing frantically to her sister: ""Doors are gone. Trapped in apartment. Help."" But the message hung there, unsent, the little circle"
conv_777a5ab75d5941dab977ed219123b852,ai-ai,6,6,True,author_1,ai,author_1,ai,True,ai,spinning endlessly before a red exclamation mark appeared. No service. Impossible—she'd had full bars just last night. Mira set the phone down carefully
conv_777a5ab75d5941dab977ed219123b852,ai-ai,6,6,True,author_1,ai,author_2,ai,False,ai,"and forced herself to breathe. Think. There had to be a logical explanation. She walked through the apartment methodically, running her hands along every wall, searching for se"
conv_777a5ab75d5941dab977ed219123b852,ai-ai,7,7,True,author_1,ai,author_1,ai,True,ai,"ams, hidden panels, anything that might reveal how solid walls had replaced her doors overnight. In the kitchen, she noticed something odd: a thin line of golden light se"
conv_777a5ab75d5941dab977ed219123b852,ai-ai,7,7,True,author_1,ai,author_2,ai,False,ai,"eping through the wall where her pantry door should have been. It pulsed gently, like a heartbeat made visible. Mira crouched down"
conv_777a5ab75d5941dab977ed219123b852,ai-ai,8,8,True,author_1,ai,author_1,ai,True,ai,"and traced the light with her fingertip. The moment she touched it, warmth spread through her hand, and the golden line began to widen, branching out"
conv_777a5ab75d5941dab977ed219123b852,ai-ai,8,8,True,author_1,ai,author_2,ai,False,ai,"like veins across the plaster, spreading in delicate fractals that hummed with an otherworldly frequency. The wall itself seemed to thin, becoming translucent"
conv_777a5ab75d5941dab977ed219123b852,ai-ai,9,9,True,author_1,ai,author_1,ai,True,ai,"revealing not her pantry, but something else entirely—a vast library filled with impossible architecture, shelves spiraling into infinity. And standing in the nearest aisle, watching"
conv_777a5ab75d5941dab977ed219123b852,ai-ai,9,9,True,author_1,ai,author_2,ai,False,ai,"her with knowing eyes, was an older version of herself. The woman's hair was silver-streaked, her face lined with years Mira hadn't yet lived,"
conv_777a5ab75d5941dab977ed219123b852,ai-ai,10,10,True,author_1,ai,author_1,ai,True,ai,"but her smile was familiar, tinged with both sadness and understanding. ""Hello, Mira,"" the older woman said softly. ""I know you're fright"
conv_777a5ab75d5941dab977ed219123b852,ai-ai,10,10,True,author_1,ai,author_2,ai,False,ai,"ened. I was too, at first. But the doors didn't vanish—they evolved. You've been chosen as a Threshold Keeper. Every door you"
conv_7e84acc7a61f4e39b47447aef227c17c,ai-ai,1,1,True,author_2,ai,author_1,ai,False,ai,"and his eyes gleamed with an unusual, almost golden light. The elders often whispered that Tarrow’s family came from a line touched by ancient magic, but Tarrow only"
conv_7e84acc7a61f4e39b47447aef227c17c,ai-ai,1,1,True,author_2,ai,author_2,ai,True,ai,"a small, curious fox named Tarrow who lived on the edge of Emberwood Forest. Tarrow was not like the other foxes; his fur was streaked with silver"
conv_7e84acc7a61f4e39b47447aef227c17c,ai-ai,2,2,True,author_2,ai,author_1,ai,False,ai,"danger and towards the most delicious patches of ripe blackberries. One misty morning, as Tarrow trotted along a familiar path, he heard a faint, musical tinkling"
conv_7e84acc7a61f4e39b47447aef227c17c,ai-ai,2,2,True,author_2,ai,author_2,ai,True,ai,"knew that the forest seemed to breathe differently around him. Moss glowed faintly beneath his paws, and the tiniest of breezes always seemed to guide him away from"
conv_7e84acc7a61f4e39b47447aef227c17c,ai-ai,3,3,True,author_2,ai,author_1,ai,False,ai,"found himself face to face with a tiny, winged creature perched atop a mushroom. The creature’s wings shimmered like dew in dawn light, and her eyes widened in surprise"
conv_7e84acc7a61f4e39b47447aef227c17c,ai-ai,3,3,True,author_2,ai,author_2,ai,True,ai,"coming from the heart of a dense thicket he had never explored. Curiosity prickled along his silver-streaked back. Carefully, he pushed through the ferns—and"
conv_7e84acc7a61f4e39b47447aef227c17c,ai-ai,4,4,True,author_2,ai,author_1,ai,False,ai,"sat down and tilted his head, trying to appear as nonthreatening as possible. “Hello,” he said softly. “I didn’t mean to startle you."
conv_7e84acc7a61f4e39b47447aef227c17c,ai-ai,4,4,True,author_2,ai,author_2,ai,True,ai,"as she spotted Tarrow. “Oh! A fox with eyes of sun!” she exclaimed in a voice like wind-chimes. Tarrow, unsure if she’d flee,"
conv_7e84acc7a61f4e39b47447aef227c17c,ai-ai,5,5,True,author_2,ai,author_1,ai,False,ai,"someone brave enough to listen,” she replied. “My name is Calla. I’m a songkeeper. Emberwood has lost its music, and I need help returning it"
conv_7e84acc7a61f4e39b47447aef227c17c,ai-ai,5,5,True,author_2,ai,author_2,ai,True,ai,"I just heard your music and was drawn here.” The winged creature relaxed, fluttering closer with a cautious smile. “That’s good, for I’ve been waiting for"
conv_7e84acc7a61f4e39b47447aef227c17c,ai-ai,6,6,True,author_2,ai,author_1,ai,False,ai,". He had always felt the magic in his bones, but to be called upon to save the entire forest filled him with a bravery he didn't know he possessed. “Where do"
conv_7e84acc7a61f4e39b47447aef227c17c,ai-ai,6,6,True,author_2,ai,author_2,ai,True,ai,before the forest’s heart falls silent forever. Only one touched by ancient magic can find the Larkstone.” Tarrow’s ears perked up with mingled fear and excitement
conv_7e84acc7a61f4e39b47447aef227c17c,ai-ai,7,7,True,author_2,ai,author_1,ai,False,ai,"where shadows ran thick between ancient trees. “We must go to the Hollowed Oak,” Calla said. “That is where the Larkstone once sang. But the"
conv_7e84acc7a61f4e39b47447aef227c17c,ai-ai,7,7,True,author_2,ai,author_2,ai,True,ai,"we begin?” he asked Calla, his voice steady. The songkeeper’s wings glimmered with hope as she pointed toward the oldest, deepest part of Emberwood,"
conv_7e84acc7a61f4e39b47447aef227c17c,ai-ai,8,8,True,author_2,ai,author_1,ai,False,ai,"with open ears and an open heart?” Tarrow drew a slow breath, glancing back at the sunlight behind them before stepping forward. “I don’t know what the ridd"
conv_7e84acc7a61f4e39b47447aef227c17c,ai-ai,8,8,True,author_2,ai,author_2,ai,True,ai,"path is guarded by riddles and memories,"" she warned gently. ""Only those who walk with true purpose can reach the heart of the forest. Will you trust me and come"
conv_7e84acc7a61f4e39b47447aef227c17c,ai-ai,9,9,True,author_2,ai,author_1,ai,False,ai,"shadows, Tarrow's paws brushing moss that seemed to hum in anticipation. The deeper they journeyed, the thicker the silence—and then, faintly, the first r"
conv_7e84acc7a61f4e39b47447aef227c17c,ai-ai,9,9,True,author_2,ai,author_2,ai,True,ai,"les will ask or what memories I might face,” he admitted, “but I trust you.” Calla’s smile was gentle and encouraging. Side by side they entered the emerald"
conv_7e84acc7a61f4e39b47447aef227c17c,ai-ai,10,10,True,author_2,ai,author_1,ai,False,ai,"listened to the hush, and answered, “The song.” The trees seemed to exhale; a golden path unfurled before them. With courage and hope, T"
conv_7e84acc7a61f4e39b47447aef227c17c,ai-ai,10,10,True,author_2,ai,author_2,ai,True,ai,"iddle echoed through the trees in a lilting voice: “What can be heard, but not seen, and gives the woods its heartbeat between?” Tarrow closed his eyes,"
conv_7f6f67d7343f47c88e2eb25a6ff0049e,ai-ai,1,1,True,author_1,ai,author_1,ai,True,ai,"a boy named Eliot who lived in a small, windswept village perched on the cliffs above a restless sea. In this village, legends whispered through the cobbled streets at"
conv_7f6f67d7343f47c88e2eb25a6ff0049e,ai-ai,1,1,True,author_1,ai,author_2,ai,False,ai,"night, especially when the fog rolled in thick and heavy. Eliot loved those nights best, when the world felt smaller and the crackle of stories hovered just outside his windowpane"
conv_7f6f67d7343f47c88e2eb25a6ff0049e,ai-ai,2,2,True,author_1,ai,author_1,ai,True,ai,". He would listen to the voices of the elders gathered around the hearth in the tavern below, their words rising with the smoke and swirling into his dreams. They spoke of"
conv_7f6f67d7343f47c88e2eb25a6ff0049e,ai-ai,2,2,True,author_1,ai,author_2,ai,False,ai,"the old lighthouse that stood at the farthest point of the cliff—a crooked silhouette against the moonlit sky. They said its beacon hadn’t shone in years, ever since"
conv_7f6f67d7343f47c88e2eb25a6ff0049e,ai-ai,3,3,True,author_1,ai,author_1,ai,True,ai,"the keeper vanished without a trace, leaving only a faded journal and a locked iron door behind. Some claimed the tides were stronger now, angrier, as if mourning the absence"
conv_7f6f67d7343f47c88e2eb25a6ff0049e,ai-ai,3,3,True,author_1,ai,author_2,ai,False,ai,"of the lighthouse’s light. Others whispered of shadowy figures glimpsed beneath the beam on stormy nights. Eliot, bold and restless, found himself drawn to these tales like"
conv_7f6f67d7343f47c88e2eb25a6ff0049e,ai-ai,4,4,True,author_1,ai,author_1,ai,True,ai,"a moth toward a forbidden flame. Each story rooted itself deeper in his imagination until one evening, unable to resist, he slipped from his bed, wrapped himself in a woolen"
conv_7f6f67d7343f47c88e2eb25a6ff0049e,ai-ai,4,4,True,author_1,ai,author_2,ai,False,ai,"cloak, and crept quietly out into the mist-draped village. The wind tugged at his hair as he made his way along the cliff path, the distant roar"
conv_7f6f67d7343f47c88e2eb25a6ff0049e,ai-ai,5,5,True,author_1,ai,author_1,ai,True,ai,"of the surf urging him onward. The path twisted, slick with dew, but Eliot's heart hammered with excitement and a tinge of fear. As he approached the looming shadow"
conv_7f6f67d7343f47c88e2eb25a6ff0049e,ai-ai,5,5,True,author_1,ai,author_2,ai,False,ai,"of the old lighthouse, a sudden gust scattered the fog, revealing the structure’s weathered stones and the rusted door glinting in the moonlight. Eliot hesitated"
conv_7f6f67d7343f47c88e2eb25a6ff0049e,ai-ai,6,6,True,author_1,ai,author_1,ai,True,ai,"for only a heartbeat before stepping closer. He ran his fingers over the door’s cold surface, surprised to find the rusted lock unfastened, as if expecting him."
conv_7f6f67d7343f47c88e2eb25a6ff0049e,ai-ai,6,6,True,author_1,ai,author_2,ai,False,ai,"Taking a deep breath, Eliot pushed the creaking door open. Moonlight sprawled in pale angles inside, picking out coils of dust and the spiral stair twisting upward. With"
conv_7f6f67d7343f47c88e2eb25a6ff0049e,ai-ai,7,7,True,author_1,ai,author_1,ai,True,ai,"one trembling hand clutching his cloak, Eliot stepped inside, the door clanging shut behind him. The silence was heavy, broken only by the distant crash of the waves and"
conv_7f6f67d7343f47c88e2eb25a6ff0049e,ai-ai,7,7,True,author_1,ai,author_2,ai,False,ai,"the soft fluttering echo of something unseen higher up the tower. Heart pounding, Eliot placed his foot on the first step, forcing himself upward. Light flickered somewhere above,"
conv_7f6f67d7343f47c88e2eb25a6ff0049e,ai-ai,8,8,True,author_1,ai,author_1,ai,True,ai,"wavering as if in answer to his presence. Eliot climbed, each step pulling him deeper into the lighthouse’s secrets, until he reached the lantern room—where, in the"
conv_7f6f67d7343f47c88e2eb25a6ff0049e,ai-ai,8,8,True,author_1,ai,author_2,ai,False,ai,"center, stood a figure shrouded in silver mist, holding the missing journal. The beacon mechanism waited, silent and expectant. The figure extended the journal to Eliot and"
conv_7f6f67d7343f47c88e2eb25a6ff0049e,ai-ai,9,9,True,author_1,ai,author_1,ai,True,ai,"spoke in a voice like wind over water: ""The light belongs to those who remember."" With trembling hands, Eliot accepted the journal. As he did, the lantern room"
conv_7f6f67d7343f47c88e2eb25a6ff0049e,ai-ai,9,9,True,author_1,ai,author_2,ai,False,ai,"filled with a warm gold glow, chasing the shadows from every crumbling stone. The figure faded into the light, and Eliot understood: the stories were keys. With the journal"
conv_7f6f67d7343f47c88e2eb25a6ff0049e,ai-ai,10,10,True,author_1,ai,author_1,ai,True,ai,"in hand, he rekindled the beacon, sending a bright, steady beam across the surging sea. Below, the village awoke to hope renewed, and Eliot knew"
conv_7f6f67d7343f47c88e2eb25a6ff0049e,ai-ai,10,10,True,author_1,ai,author_2,ai,False,ai,"he had become a part of its legend. From that night, the lighthouse never fell dark again, and whenever storm or shadow threatened, Eliot’s beacon shone—a promise kept"
conv_81d208755d524ab1a3c77a9fb680c5b5,ai-ai,1,1,True,author_1,ai,author_1,ai,True,ai,a young girl named Aria who lived in a small village surrounded by rolling hills and dense forests. She was known throughout the village for her exceptional gift – the ability to communicate
conv_81d208755d524ab1a3c77a9fb680c5b5,ai-ai,1,1,True,author_1,ai,author_2,ai,False,ai,"with animals. It was a talent that had been passed down through her family for generations, and Aria's connection to the natural world was deep and profound. She could understand"
conv_81d208755d524ab1a3c77a9fb680c5b5,ai-ai,2,2,True,author_1,ai,author_1,ai,True,ai,"the songs of the birds, the chatter of the squirrels, and even the gentle hum of the bees as they flitted from flower to flower. The animals of the forest"
conv_81d208755d524ab1a3c77a9fb680c5b5,ai-ai,2,2,True,author_1,ai,author_2,ai,False,ai,"had grown to trust Aria, and they would often seek her out for comfort, advice, or simply to share in the joys of their daily discoveries. A wise old owl"
conv_81d208755d524ab1a3c77a9fb680c5b5,ai-ai,3,3,True,author_1,ai,author_1,ai,True,ai,"named Orion had become Aria's closest confidant, and he would often perch on her windowsill at night, watching her with his big, round eyes as she sat"
conv_81d208755d524ab1a3c77a9fb680c5b5,ai-ai,3,3,True,author_1,ai,author_2,ai,False,ai,"by the fire, listening to the stories of the forest creatures who had gathered to share their tales of adventure and bravery. The flickering flames would cast shadows on the walls,"
conv_81d208755d524ab1a3c77a9fb680c5b5,ai-ai,4,4,True,author_1,ai,author_1,ai,True,ai,"and the fire's warm glow would illuminate the faces of the animals as they spoke, their eyes shining with a mix of excitement and reverence as they recounted their encounters with the mysterious"
conv_81d208755d524ab1a3c77a9fb680c5b5,ai-ai,4,4,True,author_1,ai,author_2,ai,False,ai,"force that lurked just beyond the edge of the forest, a presence that was known only as the Shadow. It was said to be a dark and ancient power, one that"
conv_81d208755d524ab1a3c77a9fb680c5b5,ai-ai,5,5,True,author_1,ai,author_1,ai,True,ai,"had been growing in strength and influence for centuries, seeping into the hearts of some of the forest creatures and whispering twisted desires into their ears. Many believed that the Shadow"
conv_81d208755d524ab1a3c77a9fb680c5b5,ai-ai,5,5,True,author_1,ai,author_2,ai,False,ai,"was a malevolent entity, one that sought to corrupt and dominate the natural world, bending it to its own sinister will. But Aria was not so sure, for she"
conv_81d208755d524ab1a3c77a9fb680c5b5,ai-ai,6,6,True,author_1,ai,author_1,ai,True,ai,"had caught glimpses of the Shadow's power in the eyes of the creatures it touched, and she saw not only darkness, but also a deep and abiding sorrow, a"
conv_81d208755d524ab1a3c77a9fb680c5b5,ai-ai,6,6,True,author_1,ai,author_2,ai,False,ai,"longing for something lost, a sense of disconnection from the world that was both haunting and heartbreaking. And so, Aria felt an inexplicable pull towards the Shadow,"
conv_81d208755d524ab1a3c77a9fb680c5b5,ai-ai,7,7,True,author_1,ai,author_1,ai,True,ai,"a sense of curiosity and compassion that compelled her to reach out and understand the nature of this mysterious force, to explore the depths of its sorrow and to uncover the secrets that it"
conv_81d208755d524ab1a3c77a9fb680c5b5,ai-ai,7,7,True,author_1,ai,author_2,ai,False,ai,"hid beneath its dark and foreboding exterior. With Orion by her side, Aria decided to embark on a journey into the heart of the forest, to seek out the"
conv_81d208755d524ab1a3c77a9fb680c5b5,ai-ai,8,8,True,author_1,ai,author_1,ai,True,ai,"source of the Shadow and to confront the darkness that had been growing in power and influence. As they ventured deeper into the forest, the trees seemed to grow taller and the air"
conv_81d208755d524ab1a3c77a9fb680c5b5,ai-ai,8,8,True,author_1,ai,author_2,ai,False,ai,"grew thick with an eerie, unsettling energy, as if the very presence of the Shadow was beginning to seep into their surroundings, wrapping itself around them like a shroud"
conv_81d208755d524ab1a3c77a9fb680c5b5,ai-ai,9,9,True,author_1,ai,author_1,ai,True,ai,"of darkness, weighing heavily on their hearts and minds. Aria and Orion pressed on, undaunted, their footsteps quiet on the forest floor, until they came to a"
conv_81d208755d524ab1a3c77a9fb680c5b5,ai-ai,9,9,True,author_1,ai,author_2,ai,False,ai,"clearing, and in the center of the clearing stood an enormous, ancient tree, its branches twisted and gnarled with age, its trunk shrouded in a mist"
conv_81d208755d524ab1a3c77a9fb680c5b5,ai-ai,10,10,True,author_1,ai,author_1,ai,True,ai,"that seemed to pulse with a life of its own, a soft, ethereal glow that emanated from within the mist, casting an otherworldly light over the clearing."
conv_81d208755d524ab1a3c77a9fb680c5b5,ai-ai,10,10,True,author_1,ai,author_2,ai,False,ai,"The air was heavy with an expectant silence, as if the very forest itself was holding its breath in anticipation of what was to come, and Aria, feeling the weight"
conv_8aca1ba24f4943e399856cc6422fc039,ai-ai,1,1,True,author_2,ai,author_1,ai,False,ai,"It started on a Tuesday, the kind of gray afternoon where even the light seemed tired. Margot was alone in her father's shop, surrounded by the tick-t"
conv_8aca1ba24f4943e399856cc6422fc039,ai-ai,1,1,True,author_2,ai,author_2,ai,True,ai,"Margot Chen, a clockmaker's daughter who discovered that broken timepieces remembered everything they'd ever witnessed.

It started on a Tuesday"
conv_8aca1ba24f4943e399856cc6422fc039,ai-ai,2,2,True,author_2,ai,author_1,ai,False,ai,"my husband,"" the woman said, her voice barely above a whisper. ""It stopped the moment he died. Thirty years ago today.""

Margot took the"
conv_8aca1ba24f4943e399856cc6422fc039,ai-ai,2,2,True,author_2,ai,author_2,ai,True,ai,"ock-tock symphony of a hundred clocks, when an old woman pushed through the door carrying a pocket watch wrapped in black velvet.

""This belonged to"
conv_8aca1ba24f4943e399856cc6422fc039,ai-ai,3,3,True,author_2,ai,author_1,ai,False,ai,"her fingers found the crown and gave it the gentlest turn, something impossible happened.

The shop fell silent—every clock stopped mid-tick. And then Marg"
conv_8aca1ba24f4943e399856cc6422fc039,ai-ai,3,3,True,author_2,ai,author_2,ai,True,ai,"watch carefully, feeling its weight settle into her palm like a secret. The gold casing was tarnished, the crystal face cracked in a perfect diagonal. But when"
conv_8aca1ba24f4943e399856cc6422fc039,ai-ai,4,4,True,author_2,ai,author_1,ai,False,ai,"""Helen, my darling Helen, if you're hearing this, then I've already gone. But listen—I hid something for you. The morning before the accident"
conv_8aca1ba24f4943e399856cc6422fc039,ai-ai,4,4,True,author_2,ai,author_2,ai,True,ai,"ot heard it: a man's voice, warm and crackling like an old recording, speaking words meant only for the woman who now stood trembling before her."
conv_8aca1ba24f4943e399856cc6422fc039,ai-ai,5,5,True,author_2,ai,author_1,ai,False,ai,"never seemed right when you were standing in front of me."" The voice wavered, thick with emotion. ""Open it on a day when you need to remember that every moment"
conv_8aca1ba24f4943e399856cc6422fc039,ai-ai,5,5,True,author_2,ai,author_2,ai,True,ai,", I placed it behind the loose brick in our garden wall, third from the left, beneath the climbing roses. I wanted to tell you so many times, but the words"
conv_8aca1ba24f4943e399856cc6422fc039,ai-ai,6,6,True,author_2,ai,author_1,ai,False,ai,"her weathered cheeks. ""That's impossible,"" she breathed. ""That's his voice. That's really him.""

Margot stared at the pocket"
conv_8aca1ba24f4943e399856cc6422fc039,ai-ai,6,6,True,author_2,ai,author_2,ai,True,ai,"we had was worth living twice.""

The voice faded like smoke, and suddenly the clocks resumed their chorus. Helen's hands flew to her mouth, tears streaming down"
conv_8aca1ba24f4943e399856cc6422fc039,ai-ai,7,7,True,author_2,ai,author_1,ai,False,ai,"stepping closer, her eyes desperate and bright. ""Can you—can you make it speak again?""

But Margot was already reaching for the other broken timepieces"
conv_8aca1ba24f4943e399856cc6422fc039,ai-ai,7,7,True,author_2,ai,author_2,ai,True,ai,"watch, her heart hammering against her ribs. The second hand had begun moving again, ticking backward.

""What else have you heard?"" Helen whispered,"
conv_8aca1ba24f4943e399856cc6422fc039,ai-ai,8,8,True,author_2,ai,author_1,ai,False,ai,"ristwatch with a shattered face, then a brass carriage clock that hadn't chimed in decades. She touched the carriage clock first, and instantly the workshop"
conv_8aca1ba24f4943e399856cc6422fc039,ai-ai,8,8,True,author_2,ai,author_2,ai,True,ai,"lining the shelves, her mind reeling with possibilities. If this watch held a voice, what secrets did the others keep? Her fingers hovered over a silver w"
conv_8aca1ba24f4943e399856cc6422fc039,ai-ai,9,9,True,author_2,ai,author_1,ai,False,ai,"pulled her hand back, but the memory continued playing—flickering through years in seconds—arguments, reconciliations, a final silence that felt like grief made audible."
conv_8aca1ba24f4943e399856cc6422fc039,ai-ai,9,9,True,author_2,ai,author_2,ai,True,ai,"filled with the sound of children laughing, a birthday song sung off-key, a mother's voice calling them to blow out candles. Margot gasped and"
conv_8aca1ba24f4943e399856cc6422fc039,ai-ai,10,10,True,author_2,ai,author_1,ai,False,ai,"timepieces surrounding them—each one a vessel of moments that someone, somewhere, might be desperate to hear again.

""I can't fix time,"" Margot"
conv_8aca1ba24f4943e399856cc6422fc039,ai-ai,10,10,True,author_2,ai,author_2,ai,True,ai,"When it finally ended, both women stood in the heavy quiet, understanding blooming between them like something sacred. Margot looked at Helen, then at the hundreds of frozen"
conv_8bf409151e79409b9ad282a1c2cb7d59,ai-ai,1,1,True,author_1,ai,author_1,ai,True,ai,"Mara, who discovered she could hear the thoughts of objects—not people, but the things people touched and left behind.

It started on"
conv_8bf409151e79409b9ad282a1c2cb7d59,ai-ai,1,1,True,author_1,ai,author_2,ai,False,ai,"It started on a Tuesday morning when she picked up her grandmother's teacup. The delicate porcelain, hand-painted with forget-me-nots,"
conv_8bf409151e79409b9ad282a1c2cb7d59,ai-ai,2,2,True,author_1,ai,author_1,ai,True,ai,whispered to her in a voice like rustling paper. *Sixty-three years of chamomile and honey. Hands that trembled more with each passing season
conv_8bf409151e79409b9ad282a1c2cb7d59,ai-ai,2,2,True,author_1,ai,author_2,ai,False,ai,"*. Mara nearly dropped the cup, her fingers tightening around the handle as the whispers grew clearer. She could feel the echo of her grandmother's"
conv_8bf409151e79409b9ad282a1c2cb7d59,ai-ai,3,3,True,author_1,ai,author_1,ai,True,ai,"grip, the particular way Eleanor had cradled the rim with both hands on cold mornings, savoring warmth more than taste. The cup murmured of kitchen"
conv_8bf409151e79409b9ad282a1c2cb7d59,ai-ai,3,3,True,author_1,ai,author_2,ai,False,ai,"windowsills and dawn light filtering through lace curtains, of conversations shared across the small oak table that still stood in the corner. Mara set the cup down"
conv_8bf409151e79409b9ad282a1c2cb7d59,ai-ai,4,4,True,author_1,ai,author_1,ai,True,ai,"carefully, her heart hammering. She backed away from the table, staring at the innocent-looking teacup as if it might suddenly sprout legs and follow her"
conv_8bf409151e79409b9ad282a1c2cb7d59,ai-ai,4,4,True,author_1,ai,author_2,ai,False,ai,". But the whispering had stopped. The kitchen fell silent except for the hum of the refrigerator.

Mara rubbed her temples, wondering if"
conv_8bf409151e79409b9ad282a1c2cb7d59,ai-ai,5,5,True,author_1,ai,author_1,ai,True,ai,"she'd slept poorly, if grief was playing tricks six months after the funeral. But when her hand brushed the refrigerator handle, it sang—a bright,"
conv_8bf409151e79409b9ad282a1c2cb7d59,ai-ai,5,5,True,author_1,ai,author_2,ai,False,ai,"metallic chorus of grocery lists and midnight snacks, of a child's drawings held by magnets, of her father's habit of resting his forehead against the cool"
conv_8bf409151e79409b9ad282a1c2cb7d59,ai-ai,6,6,True,author_1,ai,author_1,ai,True,ai,"steel after long shifts at the hospital. The voices cascaded through her mind like water through cupped hands—impossible to hold, overwhelming to receive.

She stumbled backward"
conv_8bf409151e79409b9ad282a1c2cb7d59,ai-ai,6,6,True,author_1,ai,author_2,ai,False,ai,", clutching the counter for balance, and immediately regretted it. The laminate surface erupted with memories: flour dusted across its expanse, cookie dough"
conv_8bf409151e79409b9ad282a1c2cb7d59,ai-ai,7,7,True,author_1,ai,author_1,ai,True,ai,"rolled flat by her mother's wooden pin, birthday cakes assembled in stages, and once—the counter remembered with something like smugness—an entire Thanksgiving turkey that had"
conv_8bf409151e79409b9ad282a1c2cb7d59,ai-ai,7,7,True,author_1,ai,author_2,ai,False,ai,"slipped from the roasting pan and slid across its length, leaving a trail of giblet gravy that took three towels to mop up. Her uncle's"
conv_8bf409151e79409b9ad282a1c2cb7d59,ai-ai,8,8,True,author_1,ai,author_1,ai,True,ai,"laughter had shaken the whole house that day, the counter recalled, and nobody had minded ordering pizza instead. 

Mara snatched her hands away and"
conv_8bf409151e79409b9ad282a1c2cb7d59,ai-ai,8,8,True,author_1,ai,author_2,ai,False,ai,"pressed them against her chest, breathing hard. Every surface in this house held decades of her family's lives—their touches, their rituals, their small dramas and quiet"
conv_8bf409151e79409b9ad282a1c2cb7d59,ai-ai,9,9,True,author_1,ai,author_1,ai,True,ai,"joys all preserved like insects in amber. She couldn't live like this, couldn't navigate a world where every doorknob and light switch screamed its history into her"
conv_8bf409151e79409b9ad282a1c2cb7d59,ai-ai,9,9,True,author_1,ai,author_2,ai,False,ai,"mind. But as she stood trembling in her grandmother's kitchen, surrounded by the silent chorus of objects waiting to be touched, Mara realized something that made her breath"
conv_8bf409151e79409b9ad282a1c2cb7d59,ai-ai,10,10,True,author_1,ai,author_1,ai,True,ai,"catch: these weren't intrusions. They were gifts. Her grandmother's voice, her father's weary tenderness, her uncle's joy—all still here, w"
conv_8bf409151e79409b9ad282a1c2cb7d59,ai-ai,10,10,True,author_1,ai,author_2,ai,False,ai,"aiting in the things they'd loved and used and left behind. Not ghosts, but echoes. Not hauntings, but a kind of immortality she'd"
conv_919626080d7444be88c5da2a8cdc41dd,ai-ai,1,1,True,author_1,ai,author_1,ai,True,ai,"a young girl named Aria, who lived in a small village nestled in the heart of a dense and enchanted forest. The village was surrounded by towering trees that seemed to stretch"
conv_919626080d7444be88c5da2a8cdc41dd,ai-ai,1,1,True,author_1,ai,author_2,ai,False,ai,"up to the sky, their leafy canopies a vibrant green that filtered the sunlight and cast dappled shadows on the forest floor. Aria loved to explore the forest"
conv_919626080d7444be88c5da2a8cdc41dd,ai-ai,2,2,True,author_1,ai,author_1,ai,True,ai,"and knew its secrets and hidden pathways better than anyone in the village. She would often wander deeper into the woods than her parents had advised, discovering hidden clearings and secret streams"
conv_919626080d7444be88c5da2a8cdc41dd,ai-ai,2,2,True,author_1,ai,author_2,ai,False,ai,"that sang with a soothing melody, their gentle gurgling a constant companion to her wanderings. One day, while following a particularly narrow and winding stream, Aria stumbled"
conv_919626080d7444be88c5da2a8cdc41dd,ai-ai,3,3,True,author_1,ai,author_1,ai,True,ai,"upon a massive stone door, almost invisible in the dappled light, that lay hidden behind a curtain of tangled vines and moss. The door was adorned with intricate carv"
conv_919626080d7444be88c5da2a8cdc41dd,ai-ai,3,3,True,author_1,ai,author_2,ai,False,ai,"ings of leaves and flowers, and a large, rusty iron knocker in the shape of a snarling lion's head stared back at her, its eyes seeming to gle"
conv_919626080d7444be88c5da2a8cdc41dd,ai-ai,4,4,True,author_1,ai,author_1,ai,True,ai,"am with a fierce inner light, as if they had been waiting for her arrival. Aria felt a shiver run down her spine as she reached out a trembling hand to"
conv_919626080d7444be88c5da2a8cdc41dd,ai-ai,4,4,True,author_1,ai,author_2,ai,False,ai,"touch the knocker, and as soon as her fingers made contact with the cold metal, the sound of grinding stone filled the air, and the door creaked slowly open"
conv_919626080d7444be88c5da2a8cdc41dd,ai-ai,5,5,True,author_1,ai,author_1,ai,True,ai,"to reveal a dimly lit passageway that stretched out into darkness, the air within thick with the scent of old dust and forgotten memories. Aria's heart pounded in"
conv_919626080d7444be88c5da2a8cdc41dd,ai-ai,5,5,True,author_1,ai,author_2,ai,False,ai,"her chest as she stepped across the threshold, her feet echoing off the stone walls as she walked deeper into the passage, the darkness seeming to swallow her whole, until a faint"
conv_919626080d7444be88c5da2a8cdc41dd,ai-ai,6,6,True,author_1,ai,author_1,ai,True,ai,"glow began to emanate from luminescent crystals embedded in the walls, casting an ethereal light over the passage and illuminating a figure standing at the far end,"
conv_919626080d7444be88c5da2a8cdc41dd,ai-ai,6,6,True,author_1,ai,author_2,ai,False,ai,"shrouded in shadows, yet radiating an aura of quiet power and wisdom. As Aria drew closer, the figure slowly stepped forward, its features becoming clearer, and"
conv_919626080d7444be88c5da2a8cdc41dd,ai-ai,7,7,True,author_1,ai,author_1,ai,True,ai,"Aria saw that it was an old woman, her face etched with lines of age and experience, her eyes burning with a deep, inner wisdom. The woman's long"
conv_919626080d7444be88c5da2a8cdc41dd,ai-ai,7,7,True,author_1,ai,author_2,ai,False,ai,"silver hair cascaded down her back like a river of moonlight, and her slender fingers were adorned with rings that shimmered with a soft, otherworldly light. The"
conv_919626080d7444be88c5da2a8cdc41dd,ai-ai,8,8,True,author_1,ai,author_1,ai,True,ai,"old woman's eyes locked onto Aria's, and she spoke in a voice that was like the gentle rustling of leaves, saying, ""I have been waiting for you"
conv_919626080d7444be88c5da2a8cdc41dd,ai-ai,8,8,True,author_1,ai,author_2,ai,False,ai,", Aria, for a very long time,"" the old woman's words dripping with a deep sense of knowing and purpose, as she beckoned Aria closer, her eyes"
conv_919626080d7444be88c5da2a8cdc41dd,ai-ai,9,9,True,author_1,ai,author_1,ai,True,ai,"drawing Aria in with an irresistible force, until Aria stood before her, feeling the weight of the old woman's gaze upon her, and the old woman reached out and"
conv_919626080d7444be88c5da2a8cdc41dd,ai-ai,9,9,True,author_1,ai,author_2,ai,False,ai,"placed a gentle hand on Aria's forehead, her touch igniting a flood of visions and memories that were not Aria's own, yet seemed to belong to her,"
conv_919626080d7444be88c5da2a8cdc41dd,ai-ai,10,10,True,author_1,ai,author_1,ai,True,ai,"and Aria saw herself standing in a vast, open plain, surrounded by people she had never met, yet somehow knew, and she felt a sense of purpose and belonging that"
conv_919626080d7444be88c5da2a8cdc41dd,ai-ai,10,10,True,author_1,ai,author_2,ai,False,ai,"she had never felt before, as if she had finally found the place and the people she was meant to be with, and the old woman's voice whispered in her mind,"
conv_93f122b89ef0470080edf9643d7b2d4a,ai-ai,1,1,True,author_1,ai,author_1,ai,True,ai,"a lighthouse keeper who forgot how to sleep.

Marianne had lived alone on the rocky point for three years when it began. At first,"
conv_93f122b89ef0470080edf9643d7b2d4a,ai-ai,1,1,True,author_1,ai,author_2,ai,False,ai,"At first, she thought it was just the storm—the way the wind howled through the lighthouse's iron bones, making the whole structure hum like a tuning fork"
conv_93f122b89ef0470080edf9643d7b2d4a,ai-ai,2,,False,author_1,ai,author_1,ai,True,ai,
conv_93f122b89ef0470080edf9643d7b2d4a,ai-ai,2,,False,author_1,ai,author_2,ai,False,ai,". She'd lie in her narrow bed, listening to the waves crash against the rocks below, and wait for sleep that never came.

But the storm passed, and still"
conv_93f122b89ef0470080edf9643d7b2d4a,ai-ai,3,2,True,author_1,ai,author_1,ai,True,ai,"her eyes remained open through the dark hours, watching the beam sweep across her ceiling in its endless rotation. Four seconds of light, eight seconds of shadow. Four seconds of light"
conv_93f122b89ef0470080edf9643d7b2d4a,ai-ai,3,2,True,author_1,ai,author_2,ai,False,ai,", eight seconds of shadow. She began counting them like sheep, then like prayers, then like the ticks of a clock that had replaced her heartbeat.

By the"
conv_93f122b89ef0470080edf9643d7b2d4a,ai-ai,4,3,True,author_1,ai,author_1,ai,True,ai,"second week, Marianne stopped pretending. She rose from her bed and climbed the spiral stairs to the lantern room, where the great Fresnel lens turned"
conv_93f122b89ef0470080edf9643d7b2d4a,ai-ai,4,3,True,author_1,ai,author_2,ai,False,ai,"on its mercury bath, smooth and perpetual. She pressed her palm against the glass, feeling the warmth of the light, and wondered if she'd become like the lens"
conv_93f122b89ef0470080edf9643d7b2d4a,ai-ai,5,4,True,author_1,ai,author_1,ai,True,ai,"itself—something that could only exist in motion, never at rest.

The logbook showed her handwriting growing stranger. Entries that should have been routine observations became long"
conv_93f122b89ef0470080edf9643d7b2d4a,ai-ai,5,4,True,author_1,ai,author_2,ai,False,ai,"rambling meditations on the behavior of light through fog, the precise shade of green in deep water at dawn, the number of steps between her bed and the lens (sev"
conv_93f122b89ef0470080edf9643d7b2d4a,ai-ai,6,5,True,author_1,ai,author_1,ai,True,ai,"enty-three if she started with her left foot, seventy-four with her right). She filled margins with sketches of wave patterns that resembled sleeping faces,"
conv_93f122b89ef0470080edf9643d7b2d4a,ai-ai,6,5,True,author_1,ai,author_2,ai,False,ai,"or perhaps faces dissolving into waves—she could no longer tell which came first in her mind.

On the nineteenth night without sleep, Marianne discovered she could see"
conv_93f122b89ef0470080edf9643d7b2d4a,ai-ai,7,6,True,author_1,ai,author_1,ai,True,ai,"things in the darkness between the sweeps of light. Not hallucinations exactly, but absences—shapes carved from shadow that moved with purpose. They gathered at the edges"
conv_93f122b89ef0470080edf9643d7b2d4a,ai-ai,7,6,True,author_1,ai,author_2,ai,False,ai,"of the lantern room, patient as tide pools, waiting for something she couldn't name. She spoke to them in whispers, asking if they too had forgotten how to"
conv_93f122b89ef0470080edf9643d7b2d4a,ai-ai,8,7,True,author_1,ai,author_1,ai,True,ai,"rest, if they'd also been hollowed out by wakefulness until only the watching remained. They didn't answer, but they leaned closer with each rotation of the"
conv_93f122b89ef0470080edf9643d7b2d4a,ai-ai,8,7,True,author_1,ai,author_2,ai,False,ai,"lens, and in their silence she heard something like recognition.

By the fourth week, Marianne understood: sleep wasn't something she'd forgotten—it was something the"
conv_93f122b89ef0470080edf9643d7b2d4a,ai-ai,9,8,True,author_1,ai,author_1,ai,True,ai,"lighthouse had taken from her, needed from her, the way it needed oil and light. She was its consciousness now, its witness through the endless dark hours. The keeper had"
conv_93f122b89ef0470080edf9643d7b2d4a,ai-ai,9,8,True,author_1,ai,author_2,ai,False,ai,"become the kept.

When the supply boat arrived at dawn on the twenty-eighth day, the captain found the lighthouse in perfect order—log updated, lens gleaming,"
conv_93f122b89ef0470080edf9643d7b2d4a,ai-ai,10,9,True,author_1,ai,author_1,ai,True,ai,"lamp trimmed and filled. But Marianne stood at the railing with eyes like tide pools themselves, deep and salt-stained and full of light that didn't"
conv_93f122b89ef0470080edf9643d7b2d4a,ai-ai,10,9,True,author_1,ai,author_2,ai,False,ai,"belong to the sun.

""I can't leave,"" she told him simply, her voice carrying the rhythm of the waves. ""Something has to stay awake out here"
conv_94c44bca1b294c3984f2d7fd582e1d03,ai-ai,1,1,True,author_2,ai,author_1,ai,False,ai,"whispering tales of ancient magic and forgotten rituals that lingered within its shadows. They believed that the forest was a place of dark wonder, where mythical creatures roamed free and"
conv_94c44bca1b294c3984f2d7fd582e1d03,ai-ai,1,1,True,author_2,ai,author_2,ai,True,ai,"a young woman named Ava, who lived in a small, secluded village nestled in the heart of a dense and enchanted forest. The villagers had always been wary of the forest,"
conv_94c44bca1b294c3984f2d7fd582e1d03,ai-ai,2,2,True,author_2,ai,author_1,ai,False,ai,"full and the wind carried the scent of damp earth and decaying leaves, the trees would stir and whisper to one another, their leaves rustling out a language that only the"
conv_94c44bca1b294c3984f2d7fd582e1d03,ai-ai,2,2,True,author_2,ai,author_2,ai,True,ai,"the trees themselves seemed to hold secrets and whispers of the past, their branches twisted and gnarled with age. It was said that on certain nights, when the moon was"
conv_94c44bca1b294c3984f2d7fd582e1d03,ai-ai,3,3,True,author_2,ai,author_1,ai,False,ai,"for she would often wander into the forest, alone and unafraid, and return with a far-off look in her eyes, as if she had heard some call or whisper"
conv_94c44bca1b294c3984f2d7fd582e1d03,ai-ai,3,3,True,author_2,ai,author_2,ai,True,ai,"most attuned and sensitive of souls could hear. Ava, with her wild hair and eyes that seemed to hold a deep sadness, was said to be one of these souls,"
conv_94c44bca1b294c3984f2d7fd582e1d03,ai-ai,4,4,True,author_2,ai,author_1,ai,False,ai,"go, their faces filled with a mixture of concern and fascination, for they knew that Ava's wanderings were not just the result of a curious spirit, but a deep longing"
conv_94c44bca1b294c3984f2d7fd582e1d03,ai-ai,4,4,True,author_2,ai,author_2,ai,True,ai,"that only she could hear, a call that beckoned her deeper into the forest's heart, where the ancient magic was said to be most potent. The villagers would watch her"
conv_94c44bca1b294c3984f2d7fd582e1d03,ai-ai,5,5,True,author_2,ai,author_1,ai,False,ai,"taken her in, raising her as one of their own, but the circumstances of her parents' disappearance remained a closely guarded secret, known only to the village elder, a wise"
conv_94c44bca1b294c3984f2d7fd582e1d03,ai-ai,5,5,True,author_2,ai,author_2,ai,True,ai,"to uncover the truth about her own past, which was shrouded in mystery and silence. Ava's parents had disappeared when she was just a child, and the villagers had"
conv_94c44bca1b294c3984f2d7fd582e1d03,ai-ai,6,6,True,author_2,ai,author_1,ai,False,ai,"asked her about her parents, as if the memories were too painful to conjure, and the weight of the secrets she carried was crushing her, and yet, Ava sensed"
conv_94c44bca1b294c3984f2d7fd582e1d03,ai-ai,6,6,True,author_2,ai,author_2,ai,True,ai,"and enigmatic woman named Elara, who had always been tight-lipped about the events of that fateful night, her eyes clouding over with a deep sorrow whenever Ava"
conv_94c44bca1b294c3984f2d7fd582e1d03,ai-ai,7,7,True,author_2,ai,author_1,ai,False,ai,"to press Elara for answers, her questions gentle but insistent, like a soft rain wearing away the stone, and one day, as they sat together in the elder's"
conv_94c44bca1b294c3984f2d7fd582e1d03,ai-ai,7,7,True,author_2,ai,author_2,ai,True,ai,"that Elara was holding back more than just tears, that there was a deeper truth hidden behind her eyes, a truth that Ava was determined to uncover, and so she continued"
conv_94c44bca1b294c3984f2d7fd582e1d03,ai-ai,8,8,True,author_2,ai,author_1,ai,False,ai,"to touch Ava's face, her fingers tracing the curves of her cheek and jaw, as if searching for a echo of a familiar feature, and then, in a voice barely"
conv_94c44bca1b294c3984f2d7fd582e1d03,ai-ai,8,8,True,author_2,ai,author_2,ai,True,ai,"small cottage, surrounded by the scent of dried herbs and the whisper of flames in the fireplace, Elara's eyes seemed to falter, and she reached out a trembling hand"
conv_94c44bca1b294c3984f2d7fd582e1d03,ai-ai,9,9,True,author_2,ai,author_1,ai,False,ai,"for they were not taken from you, but rather, they returned to the forest, to the place from which they had come, and from which you were born, a place"
conv_94c44bca1b294c3984f2d7fd582e1d03,ai-ai,9,9,True,author_2,ai,author_2,ai,True,ai,"above a whisper, Elara spoke the words that would change everything: ""You are the daughter of the forest, Ava, and your parents' disappearance is not what it seems"
conv_94c44bca1b294c3984f2d7fd582e1d03,ai-ai,10,10,True,author_2,ai,author_1,ai,False,ai,"Elara's words hung in the air, Ava felt a sudden jolt of recognition, as if the very cells of her body were awakening to a truth that had been hidden"
conv_94c44bca1b294c3984f2d7fd582e1d03,ai-ai,10,10,True,author_2,ai,author_2,ai,True,ai,"of ancient power and magic, where the trees are said to hold the memories of the past, and the creatures of the forest are the guardians of the old ways, and as"
conv_991c2d6a43f24d3dbfacfd73c6dd1981,ai-ai,1,1,True,author_2,ai,author_1,ai,False,ai,"a fog-thick morning in October, when the beam swept across water so still it looked like hammered pewter.

A woman stood at the shoreline.

Not"
conv_991c2d6a43f24d3dbfacfd73c6dd1981,ai-ai,1,1,True,author_2,ai,author_2,ai,True,ai,"Mira Chen, a lighthouse keeper who discovered that her lighthouse didn't just guide ships—it guided souls. 

She first noticed it on"
conv_991c2d6a43f24d3dbfacfd73c6dd1981,ai-ai,2,2,True,author_2,ai,author_1,ai,False,ai,"dredged from the deep. Mira squinted through the lighthouse window, her coffee growing cold against her palm. The woman shouldn't have been there—the rocky"
conv_991c2d6a43f24d3dbfacfd73c6dd1981,ai-ai,2,2,True,author_2,ai,author_2,ai,True,ai,"walking, not moving at all, just standing with her back to the waves in a dress that might have been white once but now carried the gray-green tinge of something"
conv_991c2d6a43f24d3dbfacfd73c6dd1981,ai-ai,3,3,True,author_2,ai,author_1,ai,False,ai,"wet sand that Mira could see, even through her binoculars. 

She set down her mug and descended the spiral stairs, her boots echoing"
conv_991c2d6a43f24d3dbfacfd73c6dd1981,ai-ai,3,3,True,author_2,ai,author_2,ai,True,ai,"beach below was inaccessible at high tide, and the water was still lapping at the base of the cliffs. No boat. No footprints in the"
conv_991c2d6a43f24d3dbfacfd73c6dd1981,ai-ai,4,4,True,author_2,ai,author_1,ai,False,ai,"gripping the salt-worn rope rail, stones sliding beneath her feet. By the time she reached the narrow beach, her heart hammering from more than exertion,"
conv_991c2d6a43f24d3dbfacfd73c6dd1981,ai-ai,4,4,True,author_2,ai,author_2,ai,True,ai,"against iron until she pushed through the heavy door into salt air and mist. The cold hit her face like a held breath. She picked her way down the cliff path,"
conv_991c2d6a43f24d3dbfacfd73c6dd1981,ai-ai,5,5,True,author_2,ai,author_1,ai,False,ai,"pointing not toward the water, but toward the lighthouse itself.

Mira crouched, her knee sinking into cold sand. The footprints were too deep"
conv_991c2d6a43f24d3dbfacfd73c6dd1981,ai-ai,5,5,True,author_2,ai,author_2,ai,True,ai,"the woman was gone. 

But there, pressed into the sand where she'd been standing, was a single perfect indentation—the shape of bare feet, toes"
conv_991c2d6a43f24d3dbfacfd73c6dd1981,ai-ai,6,6,True,author_2,ai,author_1,ai,False,ai,"the impression and her fingers came away dry, though the surrounding sand was soaked. A chill ran through her that had nothing to do with the October wind.

That"
conv_991c2d6a43f24d3dbfacfd73c6dd1981,ai-ai,6,6,True,author_2,ai,author_2,ai,True,ai,"for someone who'd been standing still, as if the woman had been impossibly heavy, or had stood there for hours rather than minutes. Mira touched the edge of"
conv_991c2d6a43f24d3dbfacfd73c6dd1981,ai-ai,7,7,True,author_2,ai,author_1,ai,False,ai,"rose and fell with the rhythm of the light, dozens of them, drifting like jellyfish toward the shore each time the beam swept past. Mira's"
conv_991c2d6a43f24d3dbfacfd73c6dd1981,ai-ai,7,7,True,author_2,ai,author_2,ai,True,ai,"night, the lighthouse beam caught something different. Not the woman—Mira watched for her until dusk—but shapes in the water. Translucent forms that"
conv_991c2d6a43f24d3dbfacfd73c6dd1981,ai-ai,8,8,True,author_2,ai,author_1,ai,False,ai,the light with expressions of such desperate longing that Mira felt her throat constrict. She recognized that hunger—she'd seen it in her own mirror during those
conv_991c2d6a43f24d3dbfacfd73c6dd1981,ai-ai,8,8,True,author_2,ai,author_2,ai,True,ai,"breath fogged the glass as she pressed closer. They weren't jellyfish—they were people, or the impressions of people, their faces tilted upward toward"
conv_991c2d6a43f24d3dbfacfd73c6dd1981,ai-ai,9,9,True,author_2,ai,author_1,ai,False,ai,"and when it swept back, the forms had moved closer, now gathered at the tide line where the woman had stood. Mira understood then with sudden, terrible clarity:"
conv_991c2d6a43f24d3dbfacfd73c6dd1981,ai-ai,9,9,True,author_2,ai,author_2,ai,True,ai,"months after her sister drowned, when grief had hollowed her out and sent her searching for this isolated post where the living were scarce.

The beam completed its rotation"
conv_991c2d6a43f24d3dbfacfd73c6dd1981,ai-ai,10,10,True,author_2,ai,author_1,ai,False,ai,"ited beyond. Her sister's face resolved among them, young and whole and patient.

Mira's hand trembled as she reached for the light's control panel"
conv_991c2d6a43f24d3dbfacfd73c6dd1981,ai-ai,10,10,True,author_2,ai,author_2,ai,True,ai,"the lighthouse had always been a beacon for the lost—not just the living lost at sea, but those caught between tides, unable to find their way to whatever shore awa"
conv_99497fc8e7034366ba3961e950f61174,ai-ai,1,1,True,author_2,ai,author_1,ai,False,ai,"It started innocently enough—a birthday dinner alone in her apartment, a single cupcake with a candle that cast her shadow long and strange against the kitchen wall."
conv_99497fc8e7034366ba3961e950f61174,ai-ai,1,1,True,author_2,ai,author_2,ai,True,ai,"Mara Whitestone, who discovered on her thirty-third birthday that shadows could remember things people had forgotten.

It started innocently enough"
conv_99497fc8e7034366ba3961e950f61174,ai-ai,2,2,True,author_2,ai,author_1,ai,False,ai,"pcake box. That's when she noticed her shadow on the wall wasn't mimicking her movements anymore. Instead, it stood frozen in the posture of a child—"
conv_99497fc8e7034366ba3961e950f61174,ai-ai,2,2,True,author_2,ai,author_2,ai,True,ai,"When she blew out the flame, the shadow didn't disappear with the light. It remained there, perfectly still, while Mara moved to put away the cu"
conv_99497fc8e7034366ba3961e950f61174,ai-ai,3,3,True,author_2,ai,author_1,ai,False,ai,"years old again in that shadow, catching snowflakes on her tongue in her grandmother's backyard. The memory had been completely lost to her, buried under years of ordinary"
conv_99497fc8e7034366ba3961e950f61174,ai-ai,3,3,True,author_2,ai,author_2,ai,True,ai,"arms outstretched, head tilted back in laughter. Mara recognized that stance immediately, though she hadn't thought of it in decades. She was seven"
conv_99497fc8e7034366ba3961e950f61174,ai-ai,4,4,True,author_2,ai,author_1,ai,False,ai,"grandmother's—bent down to help her up, brushing snow from her coat with tender, sweeping gestures. Mara's breath caught. Her grandmother had died"
conv_99497fc8e7034366ba3961e950f61174,ai-ai,4,4,True,author_2,ai,author_2,ai,True,ai,"forgetting. But now it played across the wall like a silent film, her shadow-self twirling and stumbling through drifts while an older shadow—her"
conv_99497fc8e7034366ba3961e950f61174,ai-ai,5,5,True,author_2,ai,author_1,ai,False,ai,"darkness, the shadow remembered it all—the particular tilt of her grandmother's head, the patient way she'd knelt despite arthritic knees, even the small"
conv_99497fc8e7034366ba3961e950f61174,ai-ai,5,5,True,author_2,ai,author_2,ai,True,ai,"when she was eight, and Mara had always believed she'd forgotten her face, her movements, everything but a vague sense of warmth. Yet here in the"
conv_99497fc8e7034366ba3961e950f61174,ai-ai,6,6,True,author_2,ai,author_1,ai,False,ai,"fingers trembling as they approached the shadow-grandmother's outstretched hand. The moment they made contact, the wall felt warm, almost alive, and suddenly she was"
conv_99497fc8e7034366ba3961e950f61174,ai-ai,6,6,True,author_2,ai,author_2,ai,True,ai,"gesture she'd made, tucking a strand of Mara's hair behind her ear before they went inside for hot chocolate. Mara reached toward the wall, her"
conv_99497fc8e7034366ba3961e950f61174,ai-ai,7,7,True,author_2,ai,author_1,ai,False,ai,sound of her humming an old lullaby whose melody Mara couldn't consciously recall but somehow recognized in her bones. Tears streamed down her face as
conv_99497fc8e7034366ba3961e950f61174,ai-ai,7,7,True,author_2,ai,author_2,ai,True,ai,"flooded with sensations she thought she'd lost forever—the scratch of wool mittens, the sweet smell of her grandmother's rose perfume mixed with wood smoke, the"
conv_99497fc8e7034366ba3961e950f61174,ai-ai,8,8,True,author_2,ai,author_1,ai,False,ai,"gestured to the darkness pooling in the corner of the room—where dozens of other shadows waited, patient and still. Each one held a different pose, a different fragment"
conv_99497fc8e7034366ba3961e950f61174,ai-ai,8,8,True,author_2,ai,author_2,ai,True,ai,"the shadow-memory began to fade, her grandmother's silhouette growing fainter against the wall. But before it disappeared entirely, the shadow turned toward Mara and"
conv_99497fc8e7034366ba3961e950f61174,ai-ai,9,9,True,author_2,ai,author_1,ai,False,ai,"Mara understood then that she'd been living only half a life, carrying these lost pieces inside her all along. The shadows had been holding them in trust, waiting for"
conv_99497fc8e7034366ba3961e950f61174,ai-ai,9,9,True,author_2,ai,author_2,ai,True,ai,"of her forgotten life: a father lifting a toddler high, a best friend whispering secrets, a lover's first kiss, a teacher's encouraging nod."
conv_99497fc8e7034366ba3961e950f61174,ai-ai,10,10,True,author_2,ai,author_1,ai,False,ai,"and joined the others—taking its place among them not as something lost, but as something preserved. Mara realized that every moment, even this one, was already becoming"
conv_99497fc8e7034366ba3961e950f61174,ai-ai,10,10,True,author_2,ai,author_2,ai,True,ai,"her to be ready to remember. She stepped toward the corner, toward the congregation of her own history, and as she moved, her current shadow peeled away from her feet"
conv_9aa0ac007d024ca1bd62579049149a50,ai-ai,1,1,True,author_1,ai,author_1,ai,True,ai,"a young girl named Aria who lived in a small village at the edge of a vast and mysterious forest. The villagers had always been wary of the forest, whispering tales"
conv_9aa0ac007d024ca1bd62579049149a50,ai-ai,1,1,True,author_1,ai,author_2,ai,False,ai,"of dark creatures that lurked in the shadows, and ancient magic that swirled through the trees like a living mist. Aria, however, felt an inexplicable pull"
conv_9aa0ac007d024ca1bd62579049149a50,ai-ai,2,2,True,author_1,ai,author_1,ai,True,ai,"towards the forest, as if the trees themselves were beckoning her to enter their whispering depths. She had always been drawn to the unknown, and the forest's secrets"
conv_9aa0ac007d024ca1bd62579049149a50,ai-ai,2,2,True,author_1,ai,author_2,ai,False,ai,"seemed to be calling to her, echoing in her dreams and haunting her waking thoughts. One night, under the light of a full moon, Aria decided to sneak out"
conv_9aa0ac007d024ca1bd62579049149a50,ai-ai,3,3,True,author_1,ai,author_1,ai,True,ai,"of the village and into the forest, feeling an thrill of excitement and a shiver of fear as she slipped past the sleeping houses and into the darkness of the trees. The"
conv_9aa0ac007d024ca1bd62579049149a50,ai-ai,3,3,True,author_1,ai,author_2,ai,False,ai,"silence was almost palpable, a heavy blanket that wrapped around her as she walked, the only sound the soft rustle of leaves and the distant hooting of an owl"
conv_9aa0ac007d024ca1bd62579049149a50,ai-ai,4,4,True,author_1,ai,author_1,ai,True,ai,"that seemed to be watching her from the shadows. The moon cast eerie shadows on the ground, making it seem as though the trees themselves were moving, their branches reaching out to"
conv_9aa0ac007d024ca1bd62579049149a50,ai-ai,4,4,True,author_1,ai,author_2,ai,False,ai,"snatch at her clothes as she passed, the air filled with the scent of damp earth and decaying leaves. Aria's heart pounded in her chest as she walked deeper"
conv_9aa0ac007d024ca1bd62579049149a50,ai-ai,5,5,True,author_1,ai,author_1,ai,True,ai,"into the forest, the trees growing taller and closer together, their branches tangling overhead to form a canopy that filtered the moonlight and cast the forest floor in a soft,"
conv_9aa0ac007d024ca1bd62579049149a50,ai-ai,5,5,True,author_1,ai,author_2,ai,False,ai,"emerald green gloom, the shadows so deep they seemed to have a life of their own, and Aria could have sworn she saw movement out of the corner of her"
conv_9aa0ac007d024ca1bd62579049149a50,ai-ai,6,6,True,author_1,ai,author_1,ai,True,ai,"eye, a flicker of darkness that darted between the trees, always just out of sight, leaving her to wonder if she had really seen it at all, or if"
conv_9aa0ac007d024ca1bd62579049149a50,ai-ai,6,6,True,author_1,ai,author_2,ai,False,ai,"it was just a trick of the moonlight and her own fevered imagination, but as she stood there, frozen with uncertainty, the silence seemed to coalesce into a presence"
conv_9aa0ac007d024ca1bd62579049149a50,ai-ai,7,7,True,author_1,ai,author_1,ai,True,ai,"that stood just behind her, its breath a cold whisper on the back of her neck, making the hairs stand on end as she felt a hand, or something like a hand"
conv_9aa0ac007d024ca1bd62579049149a50,ai-ai,7,7,True,author_1,ai,author_2,ai,False,ai,"close around her wrist, the touch icy and unforgiving, yet strangely gentle, as if it were a caress rather than a grasp, and Aria felt herself being"
conv_9aa0ac007d024ca1bd62579049149a50,ai-ai,8,8,True,author_1,ai,author_1,ai,True,ai,"pulled deeper into the forest, the trees seeming to close in around her as she was drawn towards a clearing, the moonlight illuminating a figure that stood at its center"
conv_9aa0ac007d024ca1bd62579049149a50,ai-ai,8,8,True,author_1,ai,author_2,ai,False,ai,"shrouded in a hooded cloak, its face hidden in the shadows, yet radiating an aura of quiet power and ancient wisdom, and as Aria was pulled closer"
conv_9aa0ac007d024ca1bd62579049149a50,ai-ai,9,9,True,author_1,ai,author_1,ai,True,ai,"the figure slowly raised its head, and Aria saw that it was a woman, her face lined with age and experience, yet shining with a deep and otherworldly beauty"
conv_9aa0ac007d024ca1bd62579049149a50,ai-ai,9,9,True,author_1,ai,author_2,ai,False,ai,"that seemed to pierce the very soul of Aria, and as their eyes met, the woman's gaze was like a key that unlocked a deep well of memory and longing"
conv_9aa0ac007d024ca1bd62579049149a50,ai-ai,10,10,True,author_1,ai,author_1,ai,True,ai,"within Aria, and she felt a flood of images and emotions surge through her mind, as if the very fabric of her being was being unraveled and rewoven, and"
conv_9aa0ac007d024ca1bd62579049149a50,ai-ai,10,10,True,author_1,ai,author_2,ai,False,ai,"when the vision finally faded, Aria found herself standing in the clearing, the woman's hand still grasping her wrist, but now she saw that the woman's eyes were"
conv_9ef07475225a4d829ec18f16749b2b61,ai-ai,1,1,True,author_2,ai,author_1,ai,False,ai,"strange creatures and mythical beasts had long been whispered among the villagers. Emilia, with her curious nature and thirst for adventure, had always been drawn to the forest's edge"
conv_9ef07475225a4d829ec18f16749b2b61,ai-ai,1,1,True,author_2,ai,author_2,ai,True,ai,"a young woman named Emilia, who lived in a small village nestled in the rolling hills of a far-off land. The village was surrounded by dense forests, where rumors of"
conv_9ef07475225a4d829ec18f16749b2b61,ai-ai,2,2,True,author_2,ai,author_1,ai,False,ai,"Emilia stumbled upon a hidden path she had never seen before, overgrown with wildflowers and vines that seemed to be pulling her towards the heart of the forest. The air"
conv_9ef07475225a4d829ec18f16749b2b61,ai-ai,2,2,True,author_2,ai,author_2,ai,True,ai,"where the trees seemed to lean in, as if sharing a secret, their leaves rustling softly in the gentle breeze. One day, while wandering along the forest's edge,"
conv_9ef07475225a4d829ec18f16749b2b61,ai-ai,3,3,True,author_2,ai,author_1,ai,False,ai,"her, casting dappled shadows on the ground and creating a sense of intimacy, as if the forest itself was enveloping her in a gentle hug. The soft earth beneath"
conv_9ef07475225a4d829ec18f16749b2b61,ai-ai,3,3,True,author_2,ai,author_2,ai,True,ai,"was filled with the sweet scent of blooming heather and the soft chirping of birds, and as Emilia stepped onto the path, the trees seemed to close in around"
conv_9ef07475225a4d829ec18f16749b2b61,ai-ai,4,4,True,author_2,ai,author_1,ai,False,ai,"branches reaching towards the sky like withered fingers, as if beckoning her closer. The tree's bark was covered in strange symbols, etched into the wood in a language"
conv_9ef07475225a4d829ec18f16749b2b61,ai-ai,4,4,True,author_2,ai,author_2,ai,True,ai,"her feet gave way to a soft, moss-covered clearing, and in the center of the clearing stood an enormous tree, its trunk twisted and gnarled with age, its"
conv_9ef07475225a4d829ec18f16749b2b61,ai-ai,5,5,True,author_2,ai,author_1,ai,False,ai,"ing with a soft, ethereal light, and as Emilia reached out a hand to touch the trunk, the light grew brighter, illuminating a door that had been seamlessly"
conv_9ef07475225a4d829ec18f16749b2b61,ai-ai,5,5,True,author_2,ai,author_2,ai,True,ai,"that Emilia couldn't understand, yet somehow, she felt a deep connection to the markings, as if they were speaking directly to her soul. The symbols seemed to be puls"
conv_9ef07475225a4d829ec18f16749b2b61,ai-ai,6,6,True,author_2,ai,author_1,ai,False,ai,"in its beauty, slowly creaked open, revealing a dimly lit interior that was filled with a warm, golden glow, and a figure, shrouded in shadows"
conv_9ef07475225a4d829ec18f16749b2b61,ai-ai,6,6,True,author_2,ai,author_2,ai,True,ai,"integrated into the tree's trunk, the door's edges now visible as the light danced across its surface. The door, made of a wood that seemed almost otherworldly"
conv_9ef07475225a4d829ec18f16749b2b61,ai-ai,7,7,True,author_2,ai,author_1,ai,False,ai,"forward, its features still obscured by the shadows, and Emilia felt her heart pounding in her chest as the figure's eyes, like two glittering stars, locked onto hers"
conv_9ef07475225a4d829ec18f16749b2b61,ai-ai,7,7,True,author_2,ai,author_2,ai,True,ai,"stood just beyond the threshold, its presence both captivating and unsettling, as if it held the power to reveal secrets that Emilia had never dared to imagine. The figure slowly stepped"
conv_9ef07475225a4d829ec18f16749b2b61,ai-ai,8,8,True,author_2,ai,author_1,ai,False,ai,"and Emilia felt herself being pulled into their depths, like a leaf on a river's current, until she was standing face to face with the figure, its features now revealed"
conv_9ef07475225a4d829ec18f16749b2b61,ai-ai,8,8,True,author_2,ai,author_2,ai,True,ai,"and held her gaze, filling her with a sense of wonder and trepidation, as if the very fate of her existence hung in the balance. The eyes drew closer,"
conv_9ef07475225a4d829ec18f16749b2b61,ai-ai,9,9,True,author_2,ai,author_1,ai,False,ai,"burning with an inner fire that seemed to see right through to Emilia's very soul, and yet, as their gazes met, Emilia felt a sense of recognition"
conv_9ef07475225a4d829ec18f16749b2b61,ai-ai,9,9,True,author_2,ai,author_2,ai,True,ai,"in all their breathtaking beauty, and Emilia saw that it was a woman, with skin as pale as moonlight and hair as black as the night sky, her eyes still"
conv_9ef07475225a4d829ec18f16749b2b61,ai-ai,10,10,True,author_2,ai,author_1,ai,False,ai,"the woman's piercing gaze, which seemed to be awakening a part of Emilia that she never knew existed, a part that was connected to the woman, to the forest,"
conv_9ef07475225a4d829ec18f16749b2b61,ai-ai,10,10,True,author_2,ai,author_2,ai,True,ai,"as if she were staring into the face of a long-forgotten memory, a memory that had been hidden deep within her for so long, yet now stirred to life by"
conv_a2d02e6578bb41d5ab36acc8f4544508,ai-ai,1,1,True,author_1,ai,author_1,ai,True,ai,"Elena Vasquez, a cartographer who mapped things that didn't exist yet.

She didn't start out that way, of course. For"
conv_a2d02e6578bb41d5ab36acc8f4544508,ai-ai,1,1,True,author_1,ai,author_2,ai,False,ai,the first thirty-two
conv_a2d02e6578bb41d5ab36acc8f4544508,ai-ai,2,2,True,author_1,ai,author_1,ai,True,ai,"years of her life, Elena had been ordinary—mapping subway routes, property boundaries, the occasional hiking trail. But everything changed the morning she woke to find a map spread"
conv_a2d02e6578bb41d5ab36acc8f4544508,ai-ai,2,2,True,author_1,ai,author_2,ai,False,ai,"across her kitchen table that she had no memory of drawing.

The parchment was aged, its edges crisp as autumn leaves, and the ink still glistened"
conv_a2d02e6578bb41d5ab36acc8f4544508,ai-ai,3,3,True,author_1,ai,author_1,ai,True,ai,"wet in places, though she hadn't touched her pens in days. The map showed her neighborhood, but wrong—streets curved where they should have been straight, buildings stood"
conv_a2d02e6578bb41d5ab36acc8f4544508,ai-ai,3,3,True,author_1,ai,author_2,ai,False,ai,"where empty lots currently gathered weeds, and a river wound through the eastern district that hadn't flowed there for a century.

Elena reached out to touch the wet ink"
conv_a2d02e6578bb41d5ab36acc8f4544508,ai-ai,4,4,True,author_1,ai,author_1,ai,True,ai,"and her fingertip came away stained indigo. The moment the ink touched her skin, she felt it—a pull, like a compass needle swinging true."
conv_a2d02e6578bb41d5ab36acc8f4544508,ai-ai,4,4,True,author_1,ai,author_2,ai,False,ai,"She found herself walking.

Not consciously deciding to, but moving nonetheless, her feet carrying her down the familiar streets that suddenly felt strange. Three blocks east, then north"
conv_a2d02e6578bb41d5ab36acc8f4544508,ai-ai,5,5,True,author_1,ai,author_1,ai,True,ai,"past the shuttered grocery store, following the invisible thread that tugged at her sternum. The morning fog clung low and thick, muffling the city sounds."
conv_a2d02e6578bb41d5ab36acc8f4544508,ai-ai,5,5,True,author_1,ai,author_2,ai,False,ai,"When she reached the empty lot on Merchant Street, Elena stopped.

The pull released her all at once, and she stood there breathing hard, staring at the cr"
conv_a2d02e6578bb41d5ab36acc8f4544508,ai-ai,6,6,True,author_1,ai,author_1,ai,True,ai,"acked asphalt and chain-link fence. But through the fog, she could see it—faint as a heat shimmer, translucent as gauze"
conv_a2d02e6578bb41d5ab36acc8f4544508,ai-ai,6,6,True,author_1,ai,author_2,ai,False,ai,"—the outline of a building that wasn't there. Victorian architecture, three stories tall, with turrets and gabled windows that caught light from a sun she couldn't see"
conv_a2d02e6578bb41d5ab36acc8f4544508,ai-ai,7,7,True,author_1,ai,author_1,ai,True,ai,". Elena blinked hard, rubbed her eyes, but the phantom structure remained, growing more solid with each passing second.

A door materialized first—deep mah"
conv_a2d02e6578bb41d5ab36acc8f4544508,ai-ai,7,7,True,author_1,ai,author_2,ai,False,ai,"ogany with brass fittings—and then the windows filled with amber light. Through them, Elena glimpsed movement: shadows of people who didn't exist walking through"
conv_a2d02e6578bb41d5ab36acc8f4544508,ai-ai,8,8,True,author_1,ai,author_1,ai,True,ai,"rooms that had no floors, living lives in a building that occupied the space between what was and what could be.

She stepped forward, hand outstretched toward the"
conv_a2d02e6578bb41d5ab36acc8f4544508,ai-ai,8,8,True,author_1,ai,author_2,ai,False,ai,"door, and her fingers passed through it like mist. The phantom building shuddered, rippled, and for one breathless moment Elena stood with her arm submer"
conv_a2d02e6578bb41d5ab36acc8f4544508,ai-ai,9,9,True,author_1,ai,author_1,ai,True,ai,"ged in two worlds at once—the cold morning air on one side, warmth and the smell of old books on the other. Then the building solidified around her"
conv_a2d02e6578bb41d5ab36acc8f4544508,ai-ai,9,9,True,author_1,ai,author_2,ai,False,ai,"with a sound like a sigh, and Elena stumbled forward into a foyer that smelled of beeswax and aged paper.

The door clicked shut behind"
conv_a2d02e6578bb41d5ab36acc8f4544508,ai-ai,10,10,True,author_1,ai,author_1,ai,True,ai,"her, suddenly real and solid. She spun around, heart hammering, and through the beveled glass she could see Merchant Street—but different now, cobbl"
conv_a2d02e6578bb41d5ab36acc8f4544508,ai-ai,10,10,True,author_1,ai,author_2,ai,False,ai,"ed instead of paved, with gas lamps flickering where telephone poles should have stood. A woman in a long dress hurried past, her face obscured by a"
conv_a89531844c654e589f9aacf52c75f039,ai-ai,1,1,True,author_1,ai,author_1,ai,True,ai,"a young woman named Emilia, who lived in a small village nestled in the rolling hills of a far-off countryside. The village was surrounded by dense forests, where rumors of"
conv_a89531844c654e589f9aacf52c75f039,ai-ai,1,1,True,author_1,ai,author_2,ai,False,ai,"strange and mystical creatures had long been whispered among the villagers, and many believed that the forest was a place of dark magic, where the veil between the worlds was at its"
conv_a89531844c654e589f9aacf52c75f039,ai-ai,2,2,True,author_1,ai,author_1,ai,True,ai,"thinnest. Emilia, however, felt an inexplicable pull towards the forest, as if some unseen force was beckoning her to enter its depths. She had always"
conv_a89531844c654e589f9aacf52c75f039,ai-ai,2,2,True,author_1,ai,author_2,ai,False,ai,"been drawn to the unknown and the unexplained, and the forest's eerie allure only seemed to intensify her sense of curiosity and adventure. Despite the warnings and cautionary tales"
conv_a89531844c654e589f9aacf52c75f039,ai-ai,3,3,True,author_1,ai,author_1,ai,True,ai,"from the village elders, who spoke of shadowy figures and unutterable terrors that lurked within the forest's twisted heart, Emilia found herself increasingly restless, her"
conv_a89531844c654e589f9aacf52c75f039,ai-ai,3,3,True,author_1,ai,author_2,ai,False,ai,"dreams filled with visions of ancient trees, their branches like withered fingers reaching out to claim her, and the soft, whispery voice of an unseen presence that seemed to"
conv_a89531844c654e589f9aacf52c75f039,ai-ai,4,4,True,author_1,ai,author_1,ai,True,ai,"call to her by name, its gentle tone weaving a spell of hypnotic fascination that drew her deeper into the realm of the dream, where the boundaries between reality and fantasy began"
conv_a89531844c654e589f9aacf52c75f039,ai-ai,4,4,True,author_1,ai,author_2,ai,False,ai,"to blur and distort, like the shifting patterns of a moonlit mist that crept across the forest floor, and Emilia felt herself becoming one with the darkness, her senses"
conv_a89531844c654e589f9aacf52c75f039,ai-ai,5,5,True,author_1,ai,author_1,ai,True,ai,"heightened as she breathed in the scent of damp earth and decaying leaves, and her feet seemed to move of their own accord, carrying her across the threshold of the forest"
conv_a89531844c654e589f9aacf52c75f039,ai-ai,5,5,True,author_1,ai,author_2,ai,False,ai,"and into a world of primordial silence, where the only sound was the soft crunch of gravel beneath her feet and the faint rustle of small creatures scurrying through the"
conv_a89531844c654e589f9aacf52c75f039,ai-ai,6,6,True,author_1,ai,author_1,ai,True,ai,"underbrush, and Emilia felt a sense of liberation wash over her, as if she had finally shed the skin of her old self and emerged into a new and unfamiliar world"
conv_a89531844c654e589f9aacf52c75f039,ai-ai,6,6,True,author_1,ai,author_2,ai,False,ai,"where the rules and conventions of her village life no longer applied, and she was free to explore the depths of her own soul, and the forest, with its twisted branches and"
conv_a89531844c654e589f9aacf52c75f039,ai-ai,7,7,True,author_1,ai,author_1,ai,True,ai,"gnarled roots, seemed to be reflecting back to her the hidden contours of her own inner landscape, revealing secrets and desires that she had never dared to acknowledge, and Em"
conv_a89531844c654e589f9aacf52c75f039,ai-ai,7,7,True,author_1,ai,author_2,ai,False,ai,"ilia's heart swelled with a mix of trepidation and exhilaration as she gazed deeper into the forest's abyss, the darkness seeming to coalesce into a figure"
conv_a89531844c654e589f9aacf52c75f039,ai-ai,8,8,True,author_1,ai,author_1,ai,True,ai,"that stood just beyond the edge of perception, its presence both captivating and terrifying, and Emilia felt an overwhelming urge to take a step forward, to bridge the gap between herself"
conv_a89531844c654e589f9aacf52c75f039,ai-ai,8,8,True,author_1,ai,author_2,ai,False,ai,"and the mysterious figure, which seemed to be waiting for her with an unblinking gaze, its presence filling the air with an almost palpable sense of anticipation, and as"
conv_a89531844c654e589f9aacf52c75f039,ai-ai,9,9,True,author_1,ai,author_1,ai,True,ai,"Emilia's foot hovered above the ground, poised to take the step that would change everything, the figure began to take shape, its features coalescing into a face that"
conv_a89531844c654e589f9aacf52c75f039,ai-ai,9,9,True,author_1,ai,author_2,ai,False,ai,"was both familiar and yet utterly alien, a face that seemed to hold the essence of Emilia's deepest self, and as their eyes met, the world around her dissolved into"
conv_a89531844c654e589f9aacf52c75f039,ai-ai,10,10,True,author_1,ai,author_1,ai,True,ai,"a sea of pure, unadulterated light, and Emilia felt herself being pulled into the depths of the figure's gaze, where she discovered a truth that had"
conv_a89531844c654e589f9aacf52c75f039,ai-ai,10,10,True,author_1,ai,author_2,ai,False,ai,"been hidden within her all along, a truth that spoke to the very core of her being and revealed the mysteries of the universe, and in that moment, Emilia knew that"
conv_ad6e1a6f0a6d47a5bb41f884555ea6b5,ai-ai,1,1,True,author_2,ai,author_1,ai,False,ai,"For thirty-seven years, Meredith had climbed the iron spiral staircase each evening as the sun descended, and descended again each morning as it rose."
conv_ad6e1a6f0a6d47a5bb41f884555ea6b5,ai-ai,1,1,True,author_2,ai,author_2,ai,True,ai,"a lighthouse keeper who stopped believing in the dawn.

For thirty-seven years, Meredith had climbed the iron spiral staircase"
conv_ad6e1a6f0a6d47a5bb41f884555ea6b5,ai-ai,2,,False,author_2,ai,author_1,ai,False,ai,
conv_ad6e1a6f0a6d47a5bb41f884555ea6b5,ai-ai,2,,False,author_2,ai,author_2,ai,True,ai,"The rhythm had become as natural as breathing—138 steps up, tend the lamp, watch the darkness, 138 steps down when light returned. But three months ago"
conv_ad6e1a6f0a6d47a5bb41f884555ea6b5,ai-ai,3,2,True,author_2,ai,author_1,ai,False,ai,"dawn never came.

Oh, the clock insisted otherwise. Its hands crawled from midnight to one, to three, to six. The fishermen's boats puttered out"
conv_ad6e1a6f0a6d47a5bb41f884555ea6b5,ai-ai,3,2,True,author_2,ai,author_2,ai,True,ai,", something shifted. She climbed the stairs one October evening and the sun set as expected, bleeding orange into the harbor. Then she waited.

And waited.

The"
conv_ad6e1a6f0a6d47a5bb41f884555ea6b5,ai-ai,4,3,True,author_2,ai,author_1,ai,False,ai,"their doors by lamplight, children walked to school under streetlamps that never dimmed, and the church bells rang at their appointed hours. Only Meredith seemed"
conv_ad6e1a6f0a6d47a5bb41f884555ea6b5,ai-ai,4,3,True,author_2,ai,author_2,ai,True,ai,"into what should have been morning, their running lights cutting through an endless night. The town below moved through its routines as if nothing had changed—shopkeepers unlocked"
conv_ad6e1a6f0a6d47a5bb41f884555ea6b5,ai-ai,5,4,True,author_2,ai,author_1,ai,False,ai,"ger who brought her weekly supplies. He'd squinted at her with concern, then glanced up at what he called ""the morning sky""—that same impenet"
conv_ad6e1a6f0a6d47a5bb41f884555ea6b5,ai-ai,5,4,True,author_2,ai,author_2,ai,True,ai,"to notice that the sky remained stubbornly black, stars fixed in their positions like thumbtacks in velvet. She mentioned it once to Thomas, the fishmon"
conv_ad6e1a6f0a6d47a5bb41f884555ea6b5,ai-ai,6,5,True,author_2,ai,author_1,ai,False,ai,"She stopped mentioning it after that.

Instead, she kept her vigil in the lamp room, documenting everything. The logbook filled with observations: ""Day"
conv_ad6e1a6f0a6d47a5bb41f884555ea6b5,ai-ai,6,5,True,author_2,ai,author_2,ai,True,ai,"rable darkness Meredith saw—and said, ""Lovely blue today, isn't it? Bit of cirrus clouds rolling in from the east."""
conv_ad6e1a6f0a6d47a5bb41f884555ea6b5,ai-ai,7,6,True,author_2,ai,author_1,ai,False,ai,", mention the lengthening days of spring, though my watch shows the same endless midnight."" 

She began to wonder if she'd gone mad, or if something worse"
conv_ad6e1a6f0a6d47a5bb41f884555ea6b5,ai-ai,7,6,True,author_2,ai,author_2,ai,True,ai,47 - stars have not moved. Day 63 - Orion still directly overhead at all hours. Day 81 - townspeople speak of seasons changing
conv_ad6e1a6f0a6d47a5bb41f884555ea6b5,ai-ai,8,7,True,author_2,ai,author_1,ai,False,ai,"morning of Day 94, she saw it: a hairline fracture of grey along the eastern horizon. So faint she thought it might be wishful thinking, a"
conv_ad6e1a6f0a6d47a5bb41f884555ea6b5,ai-ai,8,7,True,author_2,ai,author_2,ai,True,ai,"had happened—if she'd somehow slipped through a crack in the world and become untethered from everyone else's reality.

Then, on the morning that wasn't"
conv_ad6e1a6f0a6d47a5bb41f884555ea6b5,ai-ai,9,8,True,author_2,ai,author_1,ai,False,ai,", spreading like watercolor bleeding across wet paper. Meredith's hands trembled as she gripped the gallery railing, afraid to blink, afraid the frag"
conv_ad6e1a6f0a6d47a5bb41f884555ea6b5,ai-ai,9,8,True,author_2,ai,author_2,ai,True,ai,"trick of exhausted eyes. But she watched it, barely breathing, as the grey deepened to charcoal, then softened to slate. The fracture widened"
conv_ad6e1a6f0a6d47a5bb41f884555ea6b5,ai-ai,10,9,True,author_2,ai,author_1,ai,False,ai,"sp rise from the town—the first sound of shared recognition she'd heard in three months. People spilled into the streets, pointing, weeping, some falling to their"
conv_ad6e1a6f0a6d47a5bb41f884555ea6b5,ai-ai,10,9,True,author_2,ai,author_2,ai,True,ai,"ile promise might shatter. The stars began to fade, reluctantly at first, then surrendering one by one to the advancing light. Below, she heard a collective ga"
conv_b3017034ef67413f954a9d361b8ddadf,ai-ai,1,1,True,author_2,ai,author_1,ai,False,ai,"wonder and a mind full of questions about the world beyond the familiar fields and forests that surrounded her home. Emilia spent most of her days exploring the countryside, discovering hidden"
conv_b3017034ef67413f954a9d361b8ddadf,ai-ai,1,1,True,author_2,ai,author_2,ai,True,ai,"a young woman named Emilia, who lived in a small village nestled in the rolling hills of the countryside. She was a curious and adventurous soul, with a heart full of"
conv_b3017034ef67413f954a9d361b8ddadf,ai-ai,2,2,True,author_2,ai,author_1,ai,False,ai,"the outskirts of the village, a mysterious and reclusive figure named Elara who was said to possess a deep understanding of the natural world and the secrets that lay just beyond the"
conv_b3017034ef67413f954a9d361b8ddadf,ai-ai,2,2,True,author_2,ai,author_2,ai,True,ai,"streams and secret meadows, and talking to the villagers who lived and worked in the surrounding area. She was especially fascinated by the stories of the old wise woman who lived on"
conv_b3017034ef67413f954a9d361b8ddadf,ai-ai,3,3,True,author_2,ai,author_1,ai,False,ai,"the air was thick with the scent of dried herbs and the flickering candles cast eerie shadows on the walls. Elara would receive Emilia with a warm, knowing smile,"
conv_b3017034ef67413f954a9d361b8ddadf,ai-ai,3,3,True,author_2,ai,author_2,ai,True,ai,"edge of everyday reality. Emilia had always been drawn to Elara's enigmatic presence, and she would often find excuses to visit the old woman's small cottage, where"
conv_b3017034ef67413f954a9d361b8ddadf,ai-ai,4,4,True,author_2,ai,author_1,ai,False,ai,"of ancient magic and forgotten lore, speaking of mystical creatures that roamed the forest and the hidden patterns that governed the universe. Emilia's imagination would be set aflame by"
conv_b3017034ef67413f954a9d361b8ddadf,ai-ai,4,4,True,author_2,ai,author_2,ai,True,ai,"and a glint in her eye that seemed to see right through to the depths of Emilia's soul. As they sat together by the fire, Elara would weave tales"
conv_b3017034ef67413f954a9d361b8ddadf,ai-ai,5,5,True,author_2,ai,author_1,ai,False,ai,"would watch her with an intent gaze, as if gauging the depth of Emilia's longing for the mysteries that lay beyond the village, and then, with a subtle"
conv_b3017034ef67413f954a9d361b8ddadf,ai-ai,5,5,True,author_2,ai,author_2,ai,True,ai,"these stories, and she would feel the boundaries of her mundane world expanding, as if the very fabric of reality was unfolding before her like a map to hidden treasures. Elara"
conv_b3017034ef67413f954a9d361b8ddadf,ai-ai,6,6,True,author_2,ai,author_1,ai,False,ai,"to shimmer and dance in the firelight, as if the very pages themselves were alive and vibrant with a power that was both captivating and unsettling. Elara would open the book"
conv_b3017034ef67413f954a9d361b8ddadf,ai-ai,6,6,True,author_2,ai,author_2,ai,True,ai,"nod, she would reach into the folds of her cloak and produce a small, leather-bound book, its cover worn and cracked with age, and adorned with strange symbols that seemed"
conv_b3017034ef67413f954a9d361b8ddadf,ai-ai,7,7,True,author_2,ai,author_1,ai,False,ai,"as if the patterns and markings on the page were somehow resonating with a deep memory or instinct within her, a sense of familiarity that was both exhilarating and unnerving."
conv_b3017034ef67413f954a9d361b8ddadf,ai-ai,7,7,True,author_2,ai,author_2,ai,True,ai,"to a page filled with intricate illustrations of celestial bodies and arcane symbols, and as Emilia leaned in to examine the drawings, she would feel a sudden jolt of recognition,"
conv_b3017034ef67413f954a9d361b8ddadf,ai-ai,8,8,True,author_2,ai,author_1,ai,False,ai,"moment for a very long time, and with a gentle, enigmatic smile, she would whisper a single phrase that would change the course of Emilia's life forever: """
conv_b3017034ef67413f954a9d361b8ddadf,ai-ai,8,8,True,author_2,ai,author_2,ai,True,ai,"And it was then that Elara's eyes would lock onto Emilia's, filled with a deep knowing and a hint of mischief, as if she had been waiting for this"
conv_b3017034ef67413f954a9d361b8ddadf,ai-ai,9,9,True,author_2,ai,author_1,ai,False,ai,"as the words awakened a profound stirring, a sense of awakening that spread through her like a slow-burning fire, illuminating the dark recesses of her mind and stirring the"
conv_b3017034ef67413f954a9d361b8ddadf,ai-ai,9,9,True,author_2,ai,author_2,ai,True,ai,"The time of remembering is upon you,"" Elara whispered, her voice barely audible over the crackling of the flames, yet it seemed to echo deep within Emilia's soul"
conv_b3017034ef67413f954a9d361b8ddadf,ai-ai,10,10,True,author_2,ai,author_1,ai,False,ai,"expanse of remembrance, a boundless sea of memories and experiences that were not her own, yet felt intimately familiar, as if she were recalling a lifetime of moments that"
conv_b3017034ef67413f954a9d361b8ddadf,ai-ai,10,10,True,author_2,ai,author_2,ai,True,ai,"depths of her heart, and as the warmth of the fire and the glow of the candles seemed to fade into the background, Emilia felt herself being drawn into a vast"
conv_b5fbb8284f2944fb93fcb5d13b1f8df2,ai-ai,1,1,True,author_2,ai,author_1,ai,False,ai,"the woodland for her keen mind and quick paws, traits that had helped her avoid both traps set by hunters and the schemes of other, older animals. She reveled in solving"
conv_b5fbb8284f2944fb93fcb5d13b1f8df2,ai-ai,1,1,True,author_2,ai,author_2,ai,True,ai,"a small, clever fox named Lira, who lived on the edge of a great forest where the trees grew thick and wild. Despite her youth, Lira was known throughout"
conv_b5fbb8284f2944fb93fcb5d13b1f8df2,ai-ai,2,2,True,author_2,ai,author_1,ai,False,ai,"mist lifted from the forest floor, Lira discovered a new puzzle waiting for her at the entrance of her burrow. It was a woven piece of bark with strange markings etched"
conv_b5fbb8284f2944fb93fcb5d13b1f8df2,ai-ai,2,2,True,author_2,ai,author_2,ai,True,ai,"puzzles and riddles, which the wise old owl, Mistress Kelm, sometimes left tucked beneath mossy stones or inside hollow logs. One crisp autumn morning, as the"
conv_b5fbb8284f2944fb93fcb5d13b1f8df2,ai-ai,3,3,True,author_2,ai,author_1,ai,False,ai,"into the soft earth, was a single feather unlike any Lira had encountered: shimmering silver, with a faint, pulsing glow at its tip. Lira’s tail tw"
conv_b5fbb8284f2944fb93fcb5d13b1f8df2,ai-ai,3,3,True,author_2,ai,author_2,ai,True,ai,"into its surface—markings Lira had never seen before. They formed a swirling pattern that made her head spin if she stared too long. Beneath the markings, pressed"
conv_b5fbb8284f2944fb93fcb5d13b1f8df2,ai-ai,4,4,True,author_2,ai,author_1,ai,False,ai,"except for the distant call of a blackbird and the soft sigh of wind through the branches. Lira turned the feather in her paws, marveling at its otherworldly"
conv_b5fbb8284f2944fb93fcb5d13b1f8df2,ai-ai,4,4,True,author_2,ai,author_2,ai,True,ai,"itched in excitement and a ripple of curiosity traveled up her spine. She carefully picked up the bark and feather, wondering who—or what—had left them. The grove was silent"
conv_b5fbb8284f2944fb93fcb5d13b1f8df2,ai-ai,5,5,True,author_2,ai,author_1,ai,False,ai,"her ear and studied the bark once more. A sudden thought struck her: perhaps Mistress Kelm would know about these peculiar markings. Without delay, Lira darted through twisting"
conv_b5fbb8284f2944fb93fcb5d13b1f8df2,ai-ai,5,5,True,author_2,ai,author_2,ai,True,ai,"luminescence. It seemed to thrum gently, as if holding a magic she couldn't quite understand. Determined to unravel the riddle, Lira tucked the feather behind"
conv_b5fbb8284f2944fb93fcb5d13b1f8df2,ai-ai,6,6,True,author_2,ai,author_1,ai,False,ai,"bowed her head respectfully and placed the bark and feather at the base of the tree. ""Mistress Kelm,"" she said, voice barely above a whisper, ""I"
conv_b5fbb8284f2944fb93fcb5d13b1f8df2,ai-ai,6,6,True,author_2,ai,author_2,ai,True,ai,"roots and fallen leaves, making her way to the old sycamore where Mistress Kelm resided. The owl sat in her hollow, eyes like lanterns. Lira"
conv_b5fbb8284f2944fb93fcb5d13b1f8df2,ai-ai,7,7,True,author_2,ai,author_1,ai,False,ai,"After a moment, she hopped down beside Lira, wings rustling softly. “This is no ordinary puzzle, little fox,” she murmured, her voice grave. “"
conv_b5fbb8284f2944fb93fcb5d13b1f8df2,ai-ai,7,7,True,author_2,ai,author_2,ai,True,ai,"found these near my burrow this morning. Do you know what they mean?"" 

Mistress Kelm regarded the offerings in silence, her gaze lingering on the glowing feather."
conv_b5fbb8284f2944fb93fcb5d13b1f8df2,ai-ai,8,8,True,author_2,ai,author_1,ai,False,ai,"by the holder of the silver feather. You, Lira, have been chosen.” Mistress Kelm’s eyes softened. “The gate lies where river mist meets stone shadow."
conv_b5fbb8284f2944fb93fcb5d13b1f8df2,ai-ai,8,8,True,author_2,ai,author_2,ai,True,ai,"You have found the mark of the Silverwing, messenger between worlds. The bark bears an ancient code—one that speaks of a hidden gate, only revealed under the new moon"
conv_b5fbb8284f2944fb93fcb5d13b1f8df2,ai-ai,9,9,True,author_2,ai,author_1,ai,False,ai,"and hope fluttering in her chest. She would seek the river at twilight, silver feather in paw, ancient code in mind, her spirit set for adventure—unaware that"
conv_b5fbb8284f2944fb93fcb5d13b1f8df2,ai-ai,9,9,True,author_2,ai,author_2,ai,True,ai,"If your heart is brave and your mind sharp, you may unlock what waits beyond. But remember, every gate leads two ways.” Lira nodded, resolve steadying her nerves"
conv_b5fbb8284f2944fb93fcb5d13b1f8df2,ai-ai,10,10,True,author_2,ai,author_1,ai,False,ai,"home. As the sun slipped below the treetops, Lira raced toward her destiny, guided by courage, curiosity, and the shimmering light of possibility, ready to embrace"
conv_b5fbb8284f2944fb93fcb5d13b1f8df2,ai-ai,10,10,True,author_2,ai,author_2,ai,True,ai,"her journey would not only reveal the secrets of the hidden gate, but also teach her the greatest puzzle of all: her own place in the ever-mysterious woods she called"
conv_bb34e0a26cbf4eb0a7c61684eb364552,ai-ai,1,1,True,author_1,ai,author_1,ai,True,ai,"a small town called Linwood, nestled quietly between rolling hills and dense, shadowy woods. Most days in Linwood passed without much excitement—laughter on porches,"
conv_bb34e0a26cbf4eb0a7c61684eb364552,ai-ai,1,1,True,author_1,ai,author_2,ai,False,ai,"the occasional barking of dogs echoing down gravel streets, and the comforting clatter of dishes from the diner by the railroad tracks. But one morning, all that changed when a"
conv_bb34e0a26cbf4eb0a7c61684eb364552,ai-ai,2,2,True,author_1,ai,author_1,ai,True,ai,"peculiar mist drifted in from the woods, blanketing the town in a pale, milky haze. The sunlight, usually so golden and strong, was muted and strange"
conv_bb34e0a26cbf4eb0a7c61684eb364552,ai-ai,2,2,True,author_1,ai,author_2,ai,False,ai,", filtering through the fog in wavering shafts. The townsfolk paused in their routines—mail was left undelivered, laundry was forgotten on lines—as the mist refused to"
conv_bb34e0a26cbf4eb0a7c61684eb364552,ai-ai,3,3,True,author_1,ai,author_1,ai,True,ai,"budge, curling tightly around homes and winding through gardens. Even the birds fell silent. At the center of Main Street, old Mrs. Prindle stood frozen, clutching"
conv_bb34e0a26cbf4eb0a7c61684eb364552,ai-ai,3,3,True,author_1,ai,author_2,ai,False,ai,"her cane, eyes fixed on something shifting in the mist ahead. Shapes seemed to swim just beyond her vision—tall, slender, moving with a grace that made her breath"
conv_bb34e0a26cbf4eb0a7c61684eb364552,ai-ai,4,4,True,author_1,ai,author_1,ai,True,ai,"catch in her throat. Behind her, the sound of hesitant footsteps grew. She turned slowly to see young Sam and his little sister Lucy clinging to each other, their faces"
conv_bb34e0a26cbf4eb0a7c61684eb364552,ai-ai,4,4,True,author_1,ai,author_2,ai,False,ai,"pale and wide-eyed. Sam tried to sound brave, but his voice trembled, “Mrs. Prindle, do you see it too?” The mist swirled"
conv_bb34e0a26cbf4eb0a7c61684eb364552,ai-ai,5,5,True,author_1,ai,author_1,ai,True,ai,"closer, and the shapes began to take form—figures, unmistakable now, dressed in clothes from long ago. Mrs. Prindle nodded, her voice thin."
conv_bb34e0a26cbf4eb0a7c61684eb364552,ai-ai,5,5,True,author_1,ai,author_2,ai,False,ai,"“They’ve come back,” she whispered. The figures glided nearer, eyes glowing softly, sadness etched on their faces. Sam and Lucy pressed close as the spectral visitors paused,"
conv_bb34e0a26cbf4eb0a7c61684eb364552,ai-ai,6,6,True,author_1,ai,author_1,ai,True,ai,"their leader, a tall woman in a tattered blue gown, stopping before Mrs. Prindle. ""We seek the key,"" she murmured, her voice echoing on"
conv_bb34e0a26cbf4eb0a7c61684eb364552,ai-ai,6,6,True,author_1,ai,author_2,ai,False,ai,"the still morning air. Mrs. Prindle’s gnarled hand flew to her locket, hanging cold and heavy at her neck. “You mean this?” she asked"
conv_bb34e0a26cbf4eb0a7c61684eb364552,ai-ai,7,7,True,author_1,ai,author_1,ai,True,ai,", her fingers trembling as she unclasped it. The woman's glowing eyes softened. ""Only it can set us free,"" she said. Sam, emboldened by curiosity"
conv_bb34e0a26cbf4eb0a7c61684eb364552,ai-ai,7,7,True,author_1,ai,author_2,ai,False,ai,", stepped forward. “What are you locked away from?” he asked gently. The woman knelt to his level, mist swirling at her feet. “From rest,” she"
conv_bb34e0a26cbf4eb0a7c61684eb364552,ai-ai,8,8,True,author_1,ai,author_1,ai,True,ai,"answered. “Bound to sorrow, to memory, until Linwood’s promise is fulfilled.” Mrs. Prindle looked from the locket to the figures. With a quiet resolve"
conv_bb34e0a26cbf4eb0a7c61684eb364552,ai-ai,8,8,True,author_1,ai,author_2,ai,False,ai,", she pressed the locket into the tall woman's hand. ""Then let it be finished,"" she said. The mist brightened at her words as the locket snapped open"
conv_bb34e0a26cbf4eb0a7c61684eb364552,ai-ai,9,9,True,author_1,ai,author_1,ai,True,ai,"and a soft, golden light spilled out, washing over the figures. Their sadness eased, and smiles—wistful, relieved—broke through. As dawn chased the mist"
conv_bb34e0a26cbf4eb0a7c61684eb364552,ai-ai,9,9,True,author_1,ai,author_2,ai,False,ai,"away, the spectral visitors faded, leaving only peace and warmth in their wake. The townsfolk slowly emerged, unsure of what had happened, but Linwood felt lighter, the"
conv_bb34e0a26cbf4eb0a7c61684eb364552,ai-ai,10,10,True,author_1,ai,author_1,ai,True,ai,"old sorrow that lingered for decades now lifted. Mrs. Prindle, Sam, and Lucy stood quietly as sunlight touched the town again. The locket, empty and warm"
conv_bb34e0a26cbf4eb0a7c61684eb364552,ai-ai,10,10,True,author_1,ai,author_2,ai,False,ai,"in Mrs. Prindle’s palm, gleamed with new purpose. Life returned to Linwood, laughter and birdsong stronger than ever, as the generations-old promise had been"
conv_c186fd1c2a47403ca3812210620c5f60,ai-ai,1,1,True,author_1,ai,author_1,ai,True,ai,"a small village nestled deep within the heart of an ancient forest. The village, known as Whisperview, was a place where the trees whispered secrets of old and the wind"
conv_c186fd1c2a47403ca3812210620c5f60,ai-ai,1,1,True,author_1,ai,author_2,ai,False,ai,"carried tales from one end to the other. The villagers lived in harmony with nature, their homes crafted from wood and stone, blending seamlessly into the lush surroundings. At the"
conv_c186fd1c2a47403ca3812210620c5f60,ai-ai,2,2,True,author_1,ai,author_1,ai,True,ai,"center of Whisperview stood a grand oak tree, its branches sprawling wide and its leaves a canopy of emerald green. This tree, called the Heartwood, was the"
conv_c186fd1c2a47403ca3812210620c5f60,ai-ai,2,2,True,author_1,ai,author_2,ai,False,ai,"village’s pride and the site of many gatherings. It was said that the Heartwood held the spirits of the ancestors, guiding and protecting the village through the ages. On"
conv_c186fd1c2a47403ca3812210620c5f60,ai-ai,3,3,True,author_1,ai,author_1,ai,True,ai,"the eve of the annual Harvest Festival, the air buzzed with excitement. Children ran through the streets, their laughter mingling with the aroma of freshly baked bread and spiced"
conv_c186fd1c2a47403ca3812210620c5f60,ai-ai,3,3,True,author_1,ai,author_2,ai,False,ai,"cider. Lanterns hung from every door, casting a warm glow over the cobblestone paths. Elders shared stories of past festivals, their voices rich with the warmth"
conv_c186fd1c2a47403ca3812210620c5f60,ai-ai,4,4,True,author_1,ai,author_1,ai,True,ai,"of memory. As the sun dipped below the horizon, painting the sky in hues of orange and purple, the villagers gathered around the Heartwood. The mayor, a kind-eyed"
conv_c186fd1c2a47403ca3812210620c5f60,ai-ai,4,4,True,author_1,ai,author_2,ai,False,ai,"woman named Elara, stepped forward to address the crowd. ""Welcome, dear friends,"" she began, her voice carrying the weight of tradition and the promise of celebration. """
conv_c186fd1c2a47403ca3812210620c5f60,ai-ai,5,5,True,author_1,ai,author_1,ai,True,ai,"Tonight, we honor the bountiful earth and the spirits that watch over us. Let us dance, sing, and feast together, for these moments are what bind our hearts"
conv_c186fd1c2a47403ca3812210620c5f60,ai-ai,5,5,True,author_1,ai,author_2,ai,False,ai,"and strengthen our community."" With those words, the festival began. Musicians struck up a lively tune, and the villagers joined hands, forming a circle around the Heartwood."
conv_c186fd1c2a47403ca3812210620c5f60,ai-ai,6,6,True,author_1,ai,author_1,ai,True,ai,"They danced under the starlit sky, their feet moving in time with the ancient rhythms. Laughter and music filled the air, weaving a tapestry of joy and unity."
conv_c186fd1c2a47403ca3812210620c5f60,ai-ai,6,6,True,author_1,ai,author_2,ai,False,ai,"As the night deepened, the celebration grew more vibrant. Children chased each other with lanterns, their faces lit with the glow of excitement. Couples strolled hand in hand"
conv_c186fd1c2a47403ca3812210620c5f60,ai-ai,7,7,True,author_1,ai,author_1,ai,True,ai,"along the paths, whispering sweet nothings. The elders sat by the fire, their eyes twinkling as they watched the younger generation embrace the traditions they had cherished for so"
conv_c186fd1c2a47403ca3812210620c5f60,ai-ai,7,7,True,author_1,ai,author_2,ai,False,ai,"long. The fire crackled, sending sparks dancing upwards, mirroring the stars above. It was a night of magic, a moment frozen in time where the past and present"
conv_c186fd1c2a47403ca3812210620c5f60,ai-ai,8,8,True,author_1,ai,author_1,ai,True,ai,"melded seamlessly. As the first light of dawn painted the sky, the villagers slowly dispersed, their hearts full and their bonds stronger than ever. The Heartwood stood tall,"
conv_c186fd1c2a47403ca3812210620c5f60,ai-ai,8,8,True,author_1,ai,author_2,ai,False,ai,"its leaves rustling softly as if in approval, a silent witness to the enduring spirit of Whisperview. The village would carry the memories of this night close, waiting eagerly"
conv_c186fd1c2a47403ca3812210620c5f60,ai-ai,9,9,True,author_1,ai,author_1,ai,True,ai,"for the next festival, when once again, they would come together under the protective boughs of the Heartwood, celebrating the unbreakable ties that bound them."
conv_c186fd1c2a47403ca3812210620c5f60,ai-ai,9,9,True,author_1,ai,author_2,ai,False,ai,"And so, life in Whisperview continued, a tapestry woven from threads of love, tradition, and the whispers of the forest. Each day brought new adventures, but"
conv_c186fd1c2a47403ca3812210620c5f60,ai-ai,10,10,True,author_1,ai,author_1,ai,True,ai,"the heart of the village remained unchanged, a testament to the enduring power of community and the magic that thrives when people come together. The stories of Whisperview would be"
conv_c186fd1c2a47403ca3812210620c5f60,ai-ai,10,10,True,author_1,ai,author_2,ai,False,ai,"told and retold, passed down through generations, a legacy of hope and harmony. The village, with its gentle secrets and timeless beauty, stood as a beacon of what"
conv_c31469239a35453cb7e760933b709520,ai-ai,1,1,True,author_2,ai,author_1,ai,False,ai,"time seemed to stand still, where the air was sweet with the scent of saltwater and the sound of gulls filled the air. The townspeople knew each other's names"
conv_c31469239a35453cb7e760933b709520,ai-ai,1,1,True,author_2,ai,author_2,ai,True,ai,"a young woman named Ava, who lived in a small, seaside town surrounded by towering cliffs and mysterious caves. The town was called Ravenswood, and it was a place where"
conv_c31469239a35453cb7e760933b709520,ai-ai,2,2,True,author_2,ai,author_1,ai,False,ai,"gatherings, and she would often sit by the fire, listening intently as the old sailors and fishermen spun yarns of sea monsters and hidden treasures, their voices weaving a"
conv_c31469239a35453cb7e760933b709520,ai-ai,2,2,True,author_2,ai,author_2,ai,True,ai,"and stories, and everyone gathered at the local tavern on Friday evenings to share tales of the week's adventures and legends of the town's past. Ava was a regular at these"
conv_c31469239a35453cb7e760933b709520,ai-ai,3,3,True,author_2,ai,author_1,ai,False,ai,"stranger walked into the tavern, his eyes scanning the room as if searching for someone, or something. He was tall and lean, with piercing blue eyes and jet-black hair"
conv_c31469239a35453cb7e760933b709520,ai-ai,3,3,True,author_2,ai,author_2,ai,True,ai,"spell of enchantment over the room, transporting Ava to a world of wonder and magic. One evening, as the fire crackled and the shadows danced on the walls, a"
conv_c31469239a35453cb7e760933b709520,ai-ai,4,4,True,author_2,ai,author_1,ai,False,ai,"a shiver run down her spine as their eyes met, a spark of connection that seemed to transcend the noise and laughter of the tavern. The stranger's gaze held hers for"
conv_c31469239a35453cb7e760933b709520,ai-ai,4,4,True,author_2,ai,author_2,ai,True,ai,"that fell to his shoulders, framing a face that was both handsome and haunted. The stranger's gaze swept the room, locking onto Ava for a fleeting moment, and she felt"
conv_c31469239a35453cb7e760933b709520,ai-ai,5,5,True,author_2,ai,author_1,ai,False,ai,"of that single glance. Then, as suddenly as it had begun, the moment was over, and the stranger's eyes moved on, his gaze sweeping the room once more before"
conv_c31469239a35453cb7e760933b709520,ai-ai,5,5,True,author_2,ai,author_2,ai,True,ai,"what felt like an eternity, and Ava's heart beat in time with the crackling of the fire, as if the very rhythm of her existence had been disrupted by the intensity"
conv_c31469239a35453cb7e760933b709520,ai-ai,6,6,True,author_2,ai,author_1,ai,False,ai,"old man named Jack, looked the stranger up and down before nodding and sliding a glass of amber liquid down the bar to him. As the stranger lifted the glass to his"
conv_c31469239a35453cb7e760933b709520,ai-ai,6,6,True,author_2,ai,author_2,ai,True,ai,"coming to rest on the bar, where he ordered a whiskey in a low, husky voice that sent a shiver down Ava's spine. The bartender, a gruff"
conv_c31469239a35453cb7e760933b709520,ai-ai,7,7,True,author_2,ai,author_1,ai,False,ai,"intensity that made Ava's breath catch in her throat. She felt like she was drowning in the depths of his eyes, unable to look away, as the stranger took a"
conv_c31469239a35453cb7e760933b709520,ai-ai,7,7,True,author_2,ai,author_2,ai,True,ai,"lips, his eyes met Ava's again, and this time, he held her gaze for a beat longer, his expression unreadable, but his eyes burning with a quiet"
conv_c31469239a35453cb7e760933b709520,ai-ai,8,8,True,author_2,ai,author_1,ai,False,ai,"between them, a spark that now threatened to consume her, as the stranger's eyes seemed to see right through to her very soul, and Ava felt herself being pulled towards him"
conv_c31469239a35453cb7e760933b709520,ai-ai,8,8,True,author_2,ai,author_2,ai,True,ai,"slow sip of his whiskey, his gaze never leaving hers, the liquid gold catching the firelight and seeming to burn with an inner flame, just like the spark that had ignited"
conv_c31469239a35453cb7e760933b709520,ai-ai,9,9,True,author_2,ai,author_1,ai,False,ai,"the threads of that tapestry were beginning to unravel, revealing a future that was both uncertain and inescapable, as the stranger finally broke the spell of their gaze,"
conv_c31469239a35453cb7e760933b709520,ai-ai,9,9,True,author_2,ai,author_2,ai,True,ai,"with an otherworldly force, as if the very fabric of fate had woven their destinies together in a intricate tapestry of love, loss, and longing, and now"
conv_c31469239a35453cb7e760933b709520,ai-ai,10,10,True,author_2,ai,author_1,ai,False,ai,"melancholy so profound that it seemed to have been carved into his very being, a sorrow that Ava felt an overwhelming urge to reach out and touch, to soothe and"
conv_c31469239a35453cb7e760933b709520,ai-ai,10,10,True,author_2,ai,author_2,ai,True,ai,"and turned to face the fire, his profile illuminated by the flickering flames, his eyes fixed on some point beyond the reach of the light, his features etched with a"
conv_c48ef019385645dc840ca8187098bc0c,ai-ai,1,1,True,author_1,ai,author_1,ai,True,ai,"a small village hidden deep within an ancient forest. Tucked between whispering trees and mossy stones, the village was known as Elmsreach, and its people prized peace"
conv_c48ef019385645dc840ca8187098bc0c,ai-ai,1,1,True,author_1,ai,author_2,ai,False,ai,"and quiet above all else. Daily life in Elmsreach passed gently—children played in sun-dappled clearings, elders wove stories by candlelight, and smoke"
conv_c48ef019385645dc840ca8187098bc0c,ai-ai,2,2,True,author_1,ai,author_1,ai,True,ai,"curling from the chimneys carried the scent of freshly baked bread and wild herbs. Yet beneath this calm, a centuries-old secret slumbered in the roots of the colossal"
conv_c48ef019385645dc840ca8187098bc0c,ai-ai,2,2,True,author_1,ai,author_2,ai,False,ai,"elm tree at the heart of the village. Legend had it that when the moon was at its fullest, the ancient tree would whisper to those brave enough to listen. Most villagers"
conv_c48ef019385645dc840ca8187098bc0c,ai-ai,3,3,True,author_1,ai,author_1,ai,True,ai,"dismissed the tale as a bedtime story, but young Mara believed otherwise. On the night of the harvest moon, with curiosity burning in her chest, she slipped from her cottage"
conv_c48ef019385645dc840ca8187098bc0c,ai-ai,3,3,True,author_1,ai,author_2,ai,False,ai,and tiptoed barefoot through dew-soaked grass to the base of the towering elm. The moonlight spilled silver across the gnarled roots as Mara pressed her ear gently
conv_c48ef019385645dc840ca8187098bc0c,ai-ai,4,4,True,author_1,ai,author_1,ai,True,ai,"against the bark and closed her eyes. At first, she heard only the steady thrum of her own heartbeat—but then, a soft voice, like wind threading through leaves,"
conv_c48ef019385645dc840ca8187098bc0c,ai-ai,4,4,True,author_1,ai,author_2,ai,False,ai,"spoke her name: “Mara…” It was so quiet she nearly doubted herself, but the sound grew clearer with each breath. “Seek the lantern buried below—"
conv_c48ef019385645dc840ca8187098bc0c,ai-ai,5,5,True,author_1,ai,author_1,ai,True,ai,"where old earth cradles memory. Light it, and the truth will find its way to you.” Mara’s fingers trembled as she traced the grooves in the bark,"
conv_c48ef019385645dc840ca8187098bc0c,ai-ai,5,5,True,author_1,ai,author_2,ai,False,ai,"unsure if she was dreaming or awake. Determined, she dropped to her knees and began to dig at the spot the elm’s roots curled most tightly together, her hands"
conv_c48ef019385645dc840ca8187098bc0c,ai-ai,6,6,True,author_1,ai,author_1,ai,True,ai,"cool with soil and hope. She unearthed a small, iron lantern—ancient, crusted with age, yet warm to the touch. With trembling hands, she"
conv_c48ef019385645dc840ca8187098bc0c,ai-ai,6,6,True,author_1,ai,author_2,ai,False,ai,"flicked open the latch and found a stub of candle inside. She produced a match from her pocket—just one, saved from her father’s hearth—and struck it with"
conv_c48ef019385645dc840ca8187098bc0c,ai-ai,7,7,True,author_1,ai,author_1,ai,True,ai,"careful precision. The wick caught with a soft flare, and a golden light spilled out, casting shifting patterns across the roots. As Mara held up the lantern, the ground"
conv_c48ef019385645dc840ca8187098bc0c,ai-ai,7,7,True,author_1,ai,author_2,ai,False,ai,"shivered beneath her. A soft hum echoed along the roots, and a hidden doorway slowly unfurled at the tree’s base, revealing a narrow tunnel lit by the lantern"
conv_c48ef019385645dc840ca8187098bc0c,ai-ai,8,8,True,author_1,ai,author_1,ai,True,ai,"glow. Heart pounding, Mara stepped inside, guided by the steady golden beam. The air was cool and sweet, and as she walked deeper, she saw markings on the"
conv_c48ef019385645dc840ca8187098bc0c,ai-ai,8,8,True,author_1,ai,author_2,ai,False,ai,"earthen walls—symbols of Elmsreach she recognized from old stories. The further she walked, the more the lantern’s light illuminated memories: echoes of laughter, sorrow,"
conv_c48ef019385645dc840ca8187098bc0c,ai-ai,9,9,True,author_1,ai,author_1,ai,True,ai,"moments of courage and kindness from those who came before. At the tunnel’s end, an ancient spirit awaited, formed of mist and moonlight. It inclined its head and"
conv_c48ef019385645dc840ca8187098bc0c,ai-ai,9,9,True,author_1,ai,author_2,ai,False,ai,"spoke gently, “You have honored the promise of Elmsreach, Mara. The lantern keeps your history safe, so you may shape your future bravely.” As dawn"
conv_c48ef019385645dc840ca8187098bc0c,ai-ai,10,10,True,author_1,ai,author_1,ai,True,ai,"broke above the ancient tree, Mara emerged from the roots with the lantern’s soft glow still in her heart, carrying the wisdom of her ancestors back to Elmsreach,"
conv_c48ef019385645dc840ca8187098bc0c,ai-ai,10,10,True,author_1,ai,author_2,ai,False,ai,where peace and memory would now live hand in hand for generations to come.
conv_c5f23ca8d0714681bf75b6dbd09d3301,ai-ai,1,1,True,author_2,ai,author_1,ai,False,ai,"the heart of this village lived a young girl named Lila, whose curiosity was known to trouble her grandmother. Each evening she would press her nose against the cool glass of their"
conv_c5f23ca8d0714681bf75b6dbd09d3301,ai-ai,1,1,True,author_2,ai,author_2,ai,True,ai,"a small village perched on the edge of an ancient forest, where the night air shimmered with secrets and even the oldest elders spoke in hushed voices when dusk fell. In"
conv_c5f23ca8d0714681bf75b6dbd09d3301,ai-ai,2,2,True,author_2,ai,author_1,ai,False,ai,"will find out what really lives in those woods."" Tibbit, a plump tabby with clever green eyes, purred skeptically, as if warning her not to make"
conv_c5f23ca8d0714681bf75b6dbd09d3301,ai-ai,2,2,True,author_2,ai,author_2,ai,True,ai,"window, staring out past the waving lanterns at the beckoning shadows beneath the trees. ""One day,"" Lila whispered to her favorite cat, Tibbit, ""I"
conv_c5f23ca8d0714681bf75b6dbd09d3301,ai-ai,3,3,True,author_2,ai,author_1,ai,False,ai,"the ancient trunks. Villagers said these were will-o’-the-wisps, spirits that led travelers astray, but Lila felt strangely drawn to them. One evening"
conv_c5f23ca8d0714681bf75b6dbd09d3301,ai-ai,3,3,True,author_2,ai,author_2,ai,True,ai,"promises she couldn't keep. But Lila's resolve only hardened with each passing night, especially as the mysterious lights—tiny blue sparks—began to flicker deeper among"
conv_c5f23ca8d0714681bf75b6dbd09d3301,ai-ai,4,4,True,author_2,ai,author_1,ai,False,ai,"his tail twitching with both excitement and fear. Together, they crept past the last ring of lantern light and entered the whispering woods. The blue sparks darted ahead"
conv_c5f23ca8d0714681bf75b6dbd09d3301,ai-ai,4,4,True,author_2,ai,author_2,ai,True,ai,", when the moon hung low and silver above the village, Lila draped her patchwork cloak around her shoulders and slipped out of her cottage. Tibbit followed silently,"
conv_c5f23ca8d0714681bf75b6dbd09d3301,ai-ai,5,5,True,author_2,ai,author_1,ai,False,ai,"the familiar path behind them faded into shadow. Lila glanced back, heart fluttering, but Tibbit pressed close to her ankle, urging her on. Up ahead, the"
conv_c5f23ca8d0714681bf75b6dbd09d3301,ai-ai,5,5,True,author_2,ai,author_2,ai,True,ai,", illuminating twisting roots and arching ferns as they beckoned Lila and Tibbit deeper. The woods seemed to hum a low, secretive song, and soon even"
conv_c5f23ca8d0714681bf75b6dbd09d3301,ai-ai,6,6,True,author_2,ai,author_1,ai,False,ai,"shimmered with images of the village, the forest, and strange places Lila couldn’t name. The woman looked up and smiled, her voice as soft as mothw"
conv_c5f23ca8d0714681bf75b6dbd09d3301,ai-ai,6,6,True,author_2,ai,author_2,ai,True,ai,"blue lights spun together, forming a floating ring in a small clearing. In the center sat an old woman with eyes bright as stars, weaving silver strands into a trembling tapestry that"
conv_c5f23ca8d0714681bf75b6dbd09d3301,ai-ai,7,7,True,author_2,ai,author_1,ai,False,ai,"learn what your heart yearns to know—but first, offer something precious in exchange."" Tibbit mewed anxiously, and Lila reached for his warmth as she considered."
conv_c5f23ca8d0714681bf75b6dbd09d3301,ai-ai,7,7,True,author_2,ai,author_2,ai,True,ai,"ings. ""Welcome, Lila. You seek the truth the woods keep hidden,"" she murmured. ""But all truths carry their own price. Sit with me, and"
conv_c5f23ca8d0714681bf75b6dbd09d3301,ai-ai,8,8,True,author_2,ai,author_1,ai,False,ai,", feeling a pang of loss and hope mingle within her chest. The woman closed her fingers around the locket and held it to her heart. Instantly, the ring of"
conv_c5f23ca8d0714681bf75b6dbd09d3301,ai-ai,8,8,True,author_2,ai,author_2,ai,True,ai,"She gently slipped off her grandmother’s locket, the one holding a tiny pressed flower from her mother’s garden. She placed it in the old woman’s wrinkled palm"
conv_c5f23ca8d0714681bf75b6dbd09d3301,ai-ai,9,9,True,author_2,ai,author_1,ai,False,ai,"and ancient promises. Lila saw how her own family’s kindness had shielded the village for generations, binding them with the woods. The old woman smiled knowingly, whispering"
conv_c5f23ca8d0714681bf75b6dbd09d3301,ai-ai,9,9,True,author_2,ai,author_2,ai,True,ai,"blue lights burst into a swirling dance, and the tapestry shimmered to life, showing Lila glimpses of the forest’s true spirit—a living memory of love, danger,"
conv_c5f23ca8d0714681bf75b6dbd09d3301,ai-ai,10,10,True,author_2,ai,author_1,ai,False,ai,"just as the first colors of dawn brushed the sky. When they emerged from the trees, Lila felt the weight of a hundred stories living quietly inside her heart—and she knew"
conv_c5f23ca8d0714681bf75b6dbd09d3301,ai-ai,10,10,True,author_2,ai,author_2,ai,True,ai,", ""You are the bridge, Lila. Return with understanding, and the secrets will keep you safe."" The lights flared, guiding Lila and Tibbit homeward"
conv_cd5e70cdc0a548cd9ba36e22282cbec1,ai-ai,1,1,True,author_1,ai,author_1,ai,True,ai,"a young girl named Sophia, who lived in a small village surrounded by vast fields of golden wheat that swayed gently in the breeze. The village was nestled between two great rivers"
conv_cd5e70cdc0a548cd9ba36e22282cbec1,ai-ai,1,1,True,author_1,ai,author_2,ai,False,ai,"that flowed like lifeblood through the landscape, providing sustenance and nourishment to the crops and the people who tended them. Sophia loved to walk along the riverbanks, watching"
conv_cd5e70cdc0a548cd9ba36e22282cbec1,ai-ai,2,2,True,author_1,ai,author_1,ai,True,ai,"the way the sunlight danced across the ripples on the water, creating a mesmerizing display of light and shadow. She would often sit on a large stone at the river's"
conv_cd5e70cdc0a548cd9ba36e22282cbec1,ai-ai,2,2,True,author_1,ai,author_2,ai,False,ai,"edge, dipping her feet in the cool water and feeling the smooth stone worn by the constant flow of the river. The stone was her favorite thinking spot, and she would sit"
conv_cd5e70cdc0a548cd9ba36e22282cbec1,ai-ai,3,3,True,author_1,ai,author_1,ai,True,ai,"there for hours, lost in thought, as the river's gentle song washed over her. The villagers would often see her sitting there, her long brown hair blowing in the breeze"
conv_cd5e70cdc0a548cd9ba36e22282cbec1,ai-ai,3,3,True,author_1,ai,author_2,ai,False,ai,"as she gazed out at the water, her eyes lost in the distance. They would smile and nod in passing, familiar with Sophia's love of solitude and the river's"
conv_cd5e70cdc0a548cd9ba36e22282cbec1,ai-ai,4,4,True,author_1,ai,author_1,ai,True,ai,"soothing presence. But on one particular day, as Sophia sat on her stone, she noticed a small wooden boat drifting downstream, its worn wooden slats glistening with"
conv_cd5e70cdc0a548cd9ba36e22282cbec1,ai-ai,4,4,True,author_1,ai,author_2,ai,False,ai,"a thin layer of dew, and a faded crimson sail billowing lazily in the breeze. The boat seemed to be drifting aimlessly, as if it had been set free"
conv_cd5e70cdc0a548cd9ba36e22282cbec1,ai-ai,5,5,True,author_1,ai,author_1,ai,True,ai,"from its moorings, and Sophia's curiosity was piqued as she watched it float closer, the sail fluttering and snapping in the gentle current. She stood up"
conv_cd5e70cdc0a548cd9ba36e22282cbec1,ai-ai,5,5,True,author_1,ai,author_2,ai,False,ai,"and walked along the riverbank, keeping pace with the drifting boat, her eyes fixed on the small vessel as it began to catch in the reeds and water lilies that"
conv_cd5e70cdc0a548cd9ba36e22282cbec1,ai-ai,6,6,True,author_1,ai,author_1,ai,True,ai,"grew thickly near the river's edge. The boat slowed, its momentum spent, and Sophia waded into the shallow water, the cool liquid swirling around her ankles as"
conv_cd5e70cdc0a548cd9ba36e22282cbec1,ai-ai,6,6,True,author_1,ai,author_2,ai,False,ai,"she reached out to grasp the worn wooden gunwale, her fingers wrapping around it as she gently pulled the boat towards her, the reeds and water lilies releasing their"
conv_cd5e70cdc0a548cd9ba36e22282cbec1,ai-ai,7,7,True,author_1,ai,author_1,ai,True,ai,"tentative hold on the hull with a soft sucking sound, as the boat came to rest against the stone where Sophia had been sitting just moments before. She peered into the"
conv_cd5e70cdc0a548cd9ba36e22282cbec1,ai-ai,7,7,True,author_1,ai,author_2,ai,False,ai,"boat, her eyes adjusting to the shadows within, and saw a small, leather-bound chest nestled in the bottom, adorned with intricate carvings and a rusted lock that"
conv_cd5e70cdc0a548cd9ba36e22282cbec1,ai-ai,8,8,True,author_1,ai,author_1,ai,True,ai,"seemed to be staring back at her, as if guarding the secrets within. Sophia's heart quickened with excitement as she reached out to touch the chest, her fingers tracing"
conv_cd5e70cdc0a548cd9ba36e22282cbec1,ai-ai,8,8,True,author_1,ai,author_2,ai,False,ai,"the intricate patterns etched into the leather, feeling a strange tingling sensation as her skin made contact with the worn surface. The carvings seemed to be a mix of"
conv_cd5e70cdc0a548cd9ba36e22282cbec1,ai-ai,9,9,True,author_1,ai,author_1,ai,True,ai,"ancient symbols and mysterious runes, woven together in a dance of curves and lines that seemed to whisper secrets to her as she touched them. As she lifted the chest out of"
conv_cd5e70cdc0a548cd9ba36e22282cbec1,ai-ai,9,9,True,author_1,ai,author_2,ai,False,ai,"the boat, Sophia felt a sudden surge of anticipation, as if she was on the threshold of uncovering a long-hidden truth. She carried the chest to the stone, where"
conv_cd5e70cdc0a548cd9ba36e22282cbec1,ai-ai,10,10,True,author_1,ai,author_1,ai,True,ai,"she sat down, cradling the chest in her lap, and gently tried the lock, her fingers manipulating the rusty mechanism with a delicate touch. To her surprise, the"
conv_cd5e70cdc0a548cd9ba36e22282cbec1,ai-ai,10,10,True,author_1,ai,author_2,ai,False,ai,"lock disengaged with a soft click, and the chest creaked open, releasing a whisper of aged air that carried the scent of forgotten memories. Sophia's eyes widened"
conv_dab3313f64ce4342a80db5dff3e0bd74,ai-ai,1,1,True,author_2,ai,author_1,ai,False,ai,"curly brown hair and eyes that sparkled like the stars on a clear night. Emilia spent most of her days exploring the surrounding hills and forests, discovering hidden streams and"
conv_dab3313f64ce4342a80db5dff3e0bd74,ai-ai,1,1,True,author_2,ai,author_2,ai,True,ai,"a young girl named Emilia, who lived in a small village nestled in the rolling hills of the countryside. She was a curious and adventurous child, with a wild mane of"
conv_dab3313f64ce4342a80db5dff3e0bd74,ai-ai,2,2,True,author_2,ai,author_1,ai,False,ai,"who would tell her tales of ancient magic and forgotten lore, of mythical creatures that were said to roam the land under the light of the full moon, and of a long-f"
conv_dab3313f64ce4342a80db5dff3e0bd74,ai-ai,2,2,True,author_2,ai,author_2,ai,True,ai,"secret meadows, where wildflowers bloomed in every color of the rainbow. She loved to wander through the village, too, listening to the stories of the old folk,"
conv_dab3313f64ce4342a80db5dff3e0bd74,ai-ai,3,3,True,author_2,ai,author_1,ai,False,ai,"elled within the castle walls, weaving spells of protection and wisdom that had long been lost to the passing of time. They would speak of a magical artifact, a golden amulet"
conv_dab3313f64ce4342a80db5dff3e0bd74,ai-ai,3,3,True,author_2,ai,author_2,ai,True,ai,"forgotten castle that stood hidden deep within the forest, its towers shrouded in mist and legend. The old folk would whisper of a powerful sorceress who once dw"
conv_dab3313f64ce4342a80db5dff3e0bd74,ai-ai,4,4,True,author_2,ai,author_1,ai,False,ai,"hidden away by the sorceress herself, placed in a location where only one with a pure heart and a true intention could find it, and many had attempted to claim the"
conv_dab3313f64ce4342a80db5dff3e0bd74,ai-ai,4,4,True,author_2,ai,author_2,ai,True,ai,"said to hold the key to unlocking the secrets of the ancient magic, and to grant the wearer unimaginable power and insight. According to the tales, the amulet had been"
conv_dab3313f64ce4342a80db5dff3e0bd74,ai-ai,5,5,True,author_2,ai,author_1,ai,False,ai,"sought to possess the amulet, and to weed out those who were driven by selfish desires or malicious intent. The trials were said to be treacherous and complex,"
conv_dab3313f64ce4342a80db5dff3e0bd74,ai-ai,5,5,True,author_2,ai,author_2,ai,True,ai,"amulet before, but none had succeeded, for the sorceress had set in place a series of trials and riddles, designed to test the worthiness of those who"
conv_dab3313f64ce4342a80db5dff3e0bd74,ai-ai,6,6,True,author_2,ai,author_1,ai,False,ai,"twisting paths and hidden clearings of the forest, searching for the first trial, but few had even caught a glimpse of the ancient trees that marked the entrance to the sor"
conv_dab3313f64ce4342a80db5dff3e0bd74,ai-ai,6,6,True,author_2,ai,author_2,ai,True,ai,"requiring not only bravery and cunning, but also wisdom, compassion, and a deep understanding of the natural world and the balance of the universe. Many had attempted to navigate the"
conv_dab3313f64ce4342a80db5dff3e0bd74,ai-ai,7,7,True,author_2,ai,author_1,ai,False,ai,"venture deeper, a riddle that was rumored to be so cryptic, so veiled in mystery, that even the wisest and most knowledgeable of seekers had been known to"
conv_dab3313f64ce4342a80db5dff3e0bd74,ai-ai,7,7,True,author_2,ai,author_2,ai,True,ai,"ceress's realm, and even fewer had heard the soft, whispery voice that was said to echo through the trees, posing the first riddle to those who dared to"
conv_dab3313f64ce4342a80db5dff3e0bd74,ai-ai,8,8,True,author_2,ai,author_1,ai,False,ai,"lies a light that shines brighter than any star, a light that illuminates the path to truth, but only for those who are willing to confront the depths of their own soul"
conv_dab3313f64ce4342a80db5dff3e0bd74,ai-ai,8,8,True,author_2,ai,author_2,ai,True,ai,"become lost in thought, pondering the meaning of the words, which were said to be: ""Where shadows fall, darkness rises, yet in the heart of darkness,"
conv_dab3313f64ce4342a80db5dff3e0bd74,ai-ai,9,9,True,author_2,ai,author_1,ai,False,ai,"ulet can be unlocked, and as Emilia stood there, the whispery voice fading away into the silence, she felt a shiver run down her spine, for she knew"
conv_dab3313f64ce4342a80db5dff3e0bd74,ai-ai,9,9,True,author_2,ai,author_2,ai,True,ai,"and to face the darkness that lies within, for it is only by acknowledging and accepting one's own shadow that the light can be revealed, and the path to the golden am"
conv_dab3313f64ce4342a80db5dff3e0bd74,ai-ai,10,10,True,author_2,ai,author_1,ai,False,ai,"determination and wonder, she took her first step forward, into the unknown, the trees seeming to lean in around her, their branches tangling together above her head, as"
conv_dab3313f64ce4342a80db5dff3e0bd74,ai-ai,10,10,True,author_2,ai,author_2,ai,True,ai,"that she was being called to embark on this perilous journey, to confront the depths of her own soul and to face the darkness that lay within, and with a sense of"
conv_dd19b0e5546f4f0cbb34e8f98e125699,ai-ai,1,1,True,author_2,ai,author_1,ai,False,ai,"the air was always fresh and the sky stretched wide and blue above her. Every morning, Ella would wake up to the gentle cooing of doves and the soft rust"
conv_dd19b0e5546f4f0cbb34e8f98e125699,ai-ai,1,1,True,author_2,ai,author_2,ai,True,ai,"Ella, a young woman with a heart full of dreams and a mind brimming with curiosity. She lived in a small village nestled between rolling hills and dense forests, where"
conv_dd19b0e5546f4f0cbb34e8f98e125699,ai-ai,2,2,True,author_2,ai,author_1,ai,False,ai,"Ella felt a deep contentment. However, she often found herself wondering what lay beyond the familiar horizon. One evening, while she was sitting by the river, a peculiar"
conv_dd19b0e5546f4f0cbb34e8f98e125699,ai-ai,2,2,True,author_2,ai,author_2,ai,True,ai,"le of leaves in the breeze. Her days were spent exploring the woods, collecting herbs, and sketching the flora and fauna she encountered. Despite the simplicity of her life,"
conv_dd19b0e5546f4f0cbb34e8f98e125699,ai-ai,3,3,True,author_2,ai,author_1,ai,False,ai,"his eyes twinkling with wisdom and mischief. ""And I have answers, or at least, I can show you how to find them."" Intrigued, Ella stood up"
conv_dd19b0e5546f4f0cbb34e8f98e125699,ai-ai,3,3,True,author_2,ai,author_2,ai,True,ai,"old man approached her. He was dressed in a cloak of patchwork colors and carried a staff adorned with strange symbols. ""You look like someone with questions,"" he said,"
conv_dd19b0e5546f4f0cbb34e8f98e125699,ai-ai,4,4,True,author_2,ai,author_1,ai,False,ai,"and extended his hand. ""My name is Alaric, and I am a wanderer, much like yourself, but in different realms. I see the spark in your"
conv_dd19b0e5546f4f0cbb34e8f98e125699,ai-ai,4,4,True,author_2,ai,author_2,ai,True,ai,"and dusted off her skirts. ""Who are you, and how do you know I have questions?"" she asked, her curiosity piqued. The old man smiled warmly"
conv_dd19b0e5546f4f0cbb34e8f98e125699,ai-ai,5,5,True,author_2,ai,author_1,ai,False,ai,"with excitement and a hint of fear. ""What kind of journey?"" she asked, her voice barely above a whisper. Alaric's smile widened, and he pointed towards"
conv_dd19b0e5546f4f0cbb34e8f98e125699,ai-ai,5,5,True,author_2,ai,author_2,ai,True,ai,"eyes, the yearning for something more. If you wish, I can guide you on a journey to discover what lies beyond your village."" Ella hesitated, her heart pounding"
conv_dd19b0e5546f4f0cbb34e8f98e125699,ai-ai,6,6,True,author_2,ai,author_1,ai,False,ai,"ready to step into the unknown, Ella? The path ahead is not easy, but the rewards are great."" Ella took a deep breath, feeling the pull of adventure and the"
conv_dd19b0e5546f4f0cbb34e8f98e125699,ai-ai,6,6,True,author_2,ai,author_2,ai,True,ai,"the distant mountains, where the sun was beginning to set, painting the sky in hues of orange and purple. ""A journey of discovery, both within and without. Are you"
conv_dd19b0e5546f4f0cbb34e8f98e125699,ai-ai,7,7,True,author_2,ai,author_1,ai,False,ai,"began their journey, the first steps of a thousand miles, under the watchful gaze of the setting sun. Together, they ventured into the未知. (Note: """
conv_dd19b0e5546f4f0cbb34e8f98e125699,ai-ai,7,7,True,author_2,ai,author_2,ai,True,ai,"promise of new horizons. With a steady resolve, she placed her hand in Alaric’s. ""I am ready,"" she said, her voice firm. And so"
conv_dd19b0e5546f4f0cbb34e8f98e125699,ai-ai,8,8,True,author_2,ai,author_1,ai,False,ai,"dense forests and over rugged hills, each step leading Ella further from the familiar and deeper into the mysteries that awaited her. Alaric guided her with a mixture of stories,"
conv_dd19b0e5546f4f0cbb34e8f98e125699,ai-ai,8,8,True,author_2,ai,author_2,ai,True,ai,"未知"" means ""unknown"" in Chinese. For the sake of the story, let's continue in English.) 

Together, they ventured into the unknown. The path wound through"
conv_dd19b0e5546f4f0cbb34e8f98e125699,ai-ai,9,9,True,author_2,ai,author_1,ai,False,ai,"of discovery and the bond forming between her and Alaric. One night, as they camped by a clear, starlit sky, Alaric shared a tale of"
conv_dd19b0e5546f4f0cbb34e8f98e125699,ai-ai,9,9,True,author_2,ai,author_2,ai,True,ai,"riddles, and ancient wisdom, teaching her to see the world in new and wondrous ways. As the days passed, Ella’s heart grew lighter, filled with the thrill"
conv_dd19b0e5546f4f0cbb34e8f98e125699,ai-ai,10,10,True,author_2,ai,author_1,ai,False,ai,"Ella, his voice tinged with a mix of reverence and caution. ""But those who seek it with pure hearts and strong resolve may find what they truly need."" Inspired"
conv_dd19b0e5546f4f0cbb34e8f98e125699,ai-ai,10,10,True,author_2,ai,author_2,ai,True,ai,"a hidden valley where the air was infused with magic and the waters had the power to heal and transform. ""It is a place of great beauty and great danger,"" he warned"
conv_dd8c970111f647429220fed5772539e2,ai-ai,1,1,True,author_2,ai,author_1,ai,False,ai,"harmony with nature, their cottages built from the very wood that surrounded them. Each morning, the village came alive with the sounds of livestock and the chatter of children on"
conv_dd8c970111f647429220fed5772539e2,ai-ai,1,1,True,author_2,ai,author_2,ai,True,ai,"a small village nestled deep within the heart of an ancient forest, where the trees whispered secrets of old and the air carried the scent of pine and mystery. The villagers lived in"
conv_dd8c970111f647429220fed5772539e2,ai-ai,2,2,True,author_2,ai,author_1,ai,False,ai,"villagers often gathered to share stories, trade goods, and celebrate festivals. The oak was more than just a tree; it was a symbol of the village’s strength and"
conv_dd8c970111f647429220fed5772539e2,ai-ai,2,2,True,author_2,ai,author_2,ai,True,ai,"their way to school. At the center of the village stood a grand oak tree, its branches sprawling wide and its trunk thick with age. It was under this tree that the"
conv_dd8c970111f647429220fed5772539e2,ai-ai,3,3,True,author_2,ai,author_1,ai,False,ai,"hooded robe that seemed to blend into the shadows. The villagers, curious but cautious, watched as he made his way through the narrow streets, his footsteps silent on the cob"
conv_dd8c970111f647429220fed5772539e2,ai-ai,3,3,True,author_2,ai,author_2,ai,True,ai,"unity. One evening, as the sun dipped below the horizon, casting a golden glow over the village, a stranger arrived. He was a tall man, cloaked in a"
conv_dd8c970111f647429220fed5772539e2,ai-ai,4,4,True,author_2,ai,author_1,ai,False,ai,","" she said, her voice warm and inviting. ""What brings you to our humble village this evening?"" The stranger lowered his hood, revealing a weathered face and eyes that"
conv_dd8c970111f647429220fed5772539e2,ai-ai,4,4,True,author_2,ai,author_2,ai,True,ai,"blestones. He eventually stopped beneath the grand oak tree, where the village elder, a wise woman named Elara, approached him with a gentle smile. ""Welcome, traveler"
conv_dd8c970111f647429220fed5772539e2,ai-ai,5,5,True,author_2,ai,author_1,ai,False,ai,"wisdom. I’ve heard tales of this village and its people, and I hope to learn from your experiences here."" Elara nodded, gesturing for him to sit on"
conv_dd8c970111f647429220fed5772539e2,ai-ai,5,5,True,author_2,ai,author_2,ai,True,ai,"held the weight of many journeys. ""My name is Thorne,"" he replied, his voice low and steady. ""I seek a place of rest and perhaps a bit of"
conv_dd8c970111f647429220fed5772539e2,ai-ai,6,6,True,author_2,ai,author_1,ai,False,ai,"and we have learned much from living in harmony with it."" Thorne sat down, his gaze wandering over the faces of the villagers who had begun to gather, drawn by the"
conv_dd8c970111f647429220fed5772539e2,ai-ai,6,6,True,author_2,ai,author_2,ai,True,ai,"the grassy ring around the oak. ""We are happy to share what we can, Thorne. What is it you wish to know? The forest has many lessons,"
conv_dd8c970111f647429220fed5772539e2,ai-ai,7,7,True,author_2,ai,author_1,ai,False,ai,"in a world that often seems at odds with itself?"" Elara smiled, her eyes twinkling with the wisdom of years. ""Balance comes from respect and understanding. We listen"
conv_dd8c970111f647429220fed5772539e2,ai-ai,7,7,True,author_2,ai,author_2,ai,True,ai,"curiosity of the stranger’s presence. ""I seek to understand the balance between the natural world and the lives of those who dwell within it. How do you maintain such harmony"
conv_dd8c970111f647429220fed5772539e2,ai-ai,8,8,True,author_2,ai,author_1,ai,False,ai,"to play, and we strive to honor that. It’s a dance, a delicate one, but one that we believe in deeply."" As the night deepened, the circle"
conv_dd8c970111f647429220fed5772539e2,ai-ai,8,8,True,author_2,ai,author_2,ai,True,ai,"to the forest, and in return, it provides for us. We take only what we need and give back what we can. Every tree, every creature, has a role"
conv_dd8c970111f647429220fed5772539e2,ai-ai,9,9,True,author_2,ai,author_1,ai,False,ai,"connected to the land. Thorne listened intently, his heart stirred by the depth of their connection to nature. As the first light of dawn painted the sky, he realized"
conv_dd8c970111f647429220fed5772539e2,ai-ai,9,9,True,author_2,ai,author_2,ai,True,ai,"around the oak grew, and the air filled with the soft glow of lanterns. Villagers shared stories of the forest, its spirits, and the ancient traditions that kept them"
conv_dd8c970111f647429220fed5772539e2,ai-ai,10,10,True,author_2,ai,author_1,ai,False,ai,"carry their teachings with him wherever his travels took him. He bid the villagers farewell, feeling a sense of belonging he hadn’t known before. As he disappeared into the forest,"
conv_dd8c970111f647429220fed5772539e2,ai-ai,10,10,True,author_2,ai,author_2,ai,True,ai,"that the village had given him more than just wisdom—it had shown him a path to a deeper harmony with the world around him. With a grateful heart, Thorne promised to"
conv_de91802de1e24996a08f146eed6eb02a,ai-ai,1,1,True,author_1,ai,author_1,ai,True,ai,"Mira Chen, who discovered on her thirty-second birthday that she could hear the thoughts of plants.

It started with the basil on"
conv_de91802de1e24996a08f146eed6eb02a,ai-ai,1,1,True,author_1,ai,author_2,ai,False,ai,"her kitchen windowsill.

Mira had been standing at the sink, coffee mug in hand, staring out at the gray February morning when she heard it"
conv_de91802de1e24996a08f146eed6eb02a,ai-ai,2,2,True,author_1,ai,author_1,ai,True,ai,"—not quite a voice, but something like a whisper that bypassed her ears entirely and bloomed directly in her mind. *Thirsty. Roots dry"
conv_de91802de1e24996a08f146eed6eb02a,ai-ai,2,2,True,author_1,ai,author_2,ai,False,ai,". So dry.*

She'd dropped the mug. Coffee spread across the counter like a dark lake, but Mira couldn't move. The basil plant sat"
conv_de91802de1e24996a08f146eed6eb02a,ai-ai,3,3,True,author_1,ai,author_1,ai,True,ai,"in its terra cotta pot, leaves drooping slightly, and somehow she *knew* its suffering with an intimacy that made her chest ache. Her fingers trembled"
conv_de91802de1e24996a08f146eed6eb02a,ai-ai,3,3,True,author_1,ai,author_2,ai,False,ai,"as she reached for the watering can, filling it with shaking hands. The moment water touched the soil, she felt something like relief wash through her—except it wasn"
conv_de91802de1e24996a08f146eed6eb02a,ai-ai,4,4,True,author_1,ai,author_1,ai,True,ai,"'t her own relief. It was the plant's. A sensation of cool satisfaction rippled through her consciousness, accompanied by what could only be described as a contented s"
conv_de91802de1e24996a08f146eed6eb02a,ai-ai,4,4,True,author_1,ai,author_2,ai,False,ai,"igh.

Mira stumbled backward until her spine hit the refrigerator. The apartment suddenly felt too small, too crowded. Because now that she'd"
conv_de91802de1e24996a08f146eed6eb02a,ai-ai,5,5,True,author_1,ai,author_1,ai,True,ai,"heard one plant, she could hear them all. The spider plant hanging in the living room murmured about the crack in its pot. The succulent on her desk complained"
conv_de91802de1e24996a08f146eed6eb02a,ai-ai,5,5,True,author_1,ai,author_2,ai,False,ai,"about inconsistent sunlight, its thoughts slow and patient like stone warming in the sun. The orchid her mother had given her last Christmas whispered frantically about root rot"
conv_de91802de1e24996a08f146eed6eb02a,ai-ai,6,6,True,author_1,ai,author_1,ai,True,ai,", a desperate gurgling plea that made Mira's stomach clench with nausea.

She pressed her palms against her temples, but it didn't help"
conv_de91802de1e24996a08f146eed6eb02a,ai-ai,6,6,True,author_1,ai,author_2,ai,False,ai,". The voices—if they could be called that—only grew clearer. They weren't words exactly, but sensations and needs that her brain somehow translated into meaning."
conv_de91802de1e24996a08f146eed6eb02a,ai-ai,7,7,True,author_1,ai,author_1,ai,True,ai,"Outside her window, the city park three blocks away hummed like a distant chorus. Hundreds of trees, thousands of blades of grass, each with their own quiet awareness"
conv_de91802de1e24996a08f146eed6eb02a,ai-ai,7,7,True,author_1,ai,author_2,ai,False,ai,". Mira sank to the floor, overwhelmed by the sheer vastness of it. The oak trees spoke in slow, ancient rhythms about the coming spring"
conv_de91802de1e24996a08f146eed6eb02a,ai-ai,8,8,True,author_1,ai,author_1,ai,True,ai,". The maples shared memories of summer heat stored in their roots. And beneath it all, the grass sang in a high, trembling frequency about footsteps and dog"
conv_de91802de1e24996a08f146eed6eb02a,ai-ai,8,8,True,author_1,ai,author_2,ai,False,ai,"urine and children's laughter.

Mira didn't leave her apartment for three days. She unpotted the orchid with trembling hands, trimmed"
conv_de91802de1e24996a08f146eed6eb02a,ai-ai,9,9,True,author_1,ai,author_1,ai,True,ai,"away the blackened roots while apologizing out loud, feeling absurdly grateful when its frantic whispers finally quieted to something like peace. She rearranged"
conv_de91802de1e24996a08f146eed6eb02a,ai-ai,9,9,True,author_1,ai,author_2,ai,False,ai,"every plant according to their needs—the succulent to the brightest corner, the spider plant repotted and hung where it asked to be, near the bathroom's humidity"
conv_de91802de1e24996a08f146eed6eb02a,ai-ai,10,10,True,author_1,ai,author_1,ai,True,ai,". By the fourth day, her apartment had become a sanctuary of green contentment, and Mira understood something profound: this gift wasn't a burden to fear but a"
conv_de91802de1e24996a08f146eed6eb02a,ai-ai,10,10,True,author_1,ai,author_2,ai,False,ai,"responsibility to honor. She stood at her window on that fourth morning, coffee mug steady in her hand, and listened to the park's chorus with new purpose. The plants"
conv_dff5c603355848168beb050a0876f187,ai-ai,1,1,True,author_2,ai,author_1,ai,False,ai,"brown hair that cascaded down her back like a waterfall of chestnut hues. The villagers would often remark on her beauty, but Sophia's true charm lay in her kind heart"
conv_dff5c603355848168beb050a0876f187,ai-ai,1,1,True,author_2,ai,author_2,ai,True,ai,"a young woman named Sophia, who lived in a small village surrounded by rolling hills and dense forests. She was known throughout the village for her striking green eyes and long, curly"
conv_dff5c603355848168beb050a0876f187,ai-ai,2,2,True,author_2,ai,author_1,ai,False,ai,"where the sweet scent of freshly baked bread wafted through the air, enticing the villagers to come and sample their wares. Sophia's mother, a wise and loving woman"
conv_dff5c603355848168beb050a0876f187,ai-ai,2,2,True,author_2,ai,author_2,ai,True,ai,"and gentle spirit, which drew people to her like a warm fire on a cold winter's night. She spent most of her days helping her mother with their family's bakery,"
conv_dff5c603355848168beb050a0876f187,ai-ai,3,3,True,author_2,ai,author_1,ai,False,ai,"became increasingly skilled, and her creations were often sought after by the villagers for special occasions, such as weddings and harvest festivals. But despite her many talents, Sophia felt a"
conv_dff5c603355848168beb050a0876f187,ai-ai,3,3,True,author_2,ai,author_2,ai,True,ai,"named Elara, had taught Sophia everything she knew about baking, from the perfect blend of ingredients to the delicate art of crafting intricate pastries. As the years passed, Sophia"
conv_dff5c603355848168beb050a0876f187,ai-ai,4,4,True,author_2,ai,author_1,ai,False,ai,"licable pull to explore the secrets that lay beyond the treeline, where the ancient trees whispered secrets to the wind and the creatures of the wild roamed free. The villagers,"
conv_dff5c603355848168beb050a0876f187,ai-ai,4,4,True,author_2,ai,author_2,ai,True,ai,"restlessness inside, a sense that there was more to life than the familiar rhythms of the village. She would often find herself gazing out at the forest, feeling an inexp"
conv_dff5c603355848168beb050a0876f187,ai-ai,5,5,True,author_2,ai,author_1,ai,False,ai,"pecting traveler. But Sophia's curiosity and longing for adventure only grew stronger, and she began to feel an insatiable hunger to uncover the truth about the forest and its mysterious"
conv_dff5c603355848168beb050a0876f187,ai-ai,5,5,True,author_2,ai,author_2,ai,True,ai,"including her mother, would caution her against venturing into the forest, telling tales of dark magic and mythical creatures that lurked in the shadows, waiting to snare the unsus"
conv_dff5c603355848168beb050a0876f187,ai-ai,6,6,True,author_2,ai,author_1,ai,False,ai,"of the village, her heart pounding with excitement and a touch of fear as she made her way to the forest's edge, the trees looming above her like sentinels guarding"
conv_dff5c603355848168beb050a0876f187,ai-ai,6,6,True,author_2,ai,author_2,ai,True,ai,"energies, which seemed to be calling to her in a language that only she could hear. One night, under the light of a full moon, Sophia decided to sneak out"
conv_dff5c603355848168beb050a0876f187,ai-ai,7,7,True,author_2,ai,author_1,ai,False,ai,"lay beyond, a realm where the moonlight filtering through the leaves cast dappled shadows on the forest floor, and the scent of wildflowers and damp earth filled the air"
conv_dff5c603355848168beb050a0876f187,ai-ai,7,7,True,author_2,ai,author_2,ai,True,ai,"a hidden world, their branches creaking softly in the breeze like a chorus of whispers, urging her to step forward, to cross the threshold and enter the mystical realm that"
conv_dff5c603355848168beb050a0876f187,ai-ai,8,8,True,author_2,ai,author_1,ai,False,ai,"at the edge of a clearing, where a massive stone monument rose from the center of the glade, its surface etched with ancient runes that pulsed with a soft,"
conv_dff5c603355848168beb050a0876f187,ai-ai,8,8,True,author_2,ai,author_2,ai,True,ai,"with a primordial aroma that seemed to stir something deep within Sophia's soul. As she walked, the trees grew taller and the path grew narrower, until she found herself standing"
conv_dff5c603355848168beb050a0876f187,ai-ai,9,9,True,author_2,ai,author_1,ai,False,ai,"monument, as if the runes were speaking directly to her, their gentle hum vibrating through her very being, and she reached out a trembling hand to touch the stone, feeling"
conv_dff5c603355848168beb050a0876f187,ai-ai,9,9,True,author_2,ai,author_2,ai,True,ai,"ethereal glow, like embers from a long-dead fire that still lingered, waiting to be fanned back into flame. Sophia felt an inexplicable connection to the"
conv_dff5c603355848168beb050a0876f187,ai-ai,10,10,True,author_2,ai,author_1,ai,False,ai,"in that moment, Sophia felt herself being lifted out of her physical form, her spirit soaring upward on the wings of the light, until she was one with the universe, and"
conv_dff5c603355848168beb050a0876f187,ai-ai,10,10,True,author_2,ai,author_2,ai,True,ai,"a surge of energy course through her body, like a river of liquid moonlight, as the runes began to shimmer and shine with an intense, otherworldly light, and"
conv_e003b243e8ba4a719123c5774061444c,ai-ai,1,1,True,author_1,ai,author_1,ai,True,ai,"a young girl named Ava, who lived in a small village surrounded by dense forest and rolling hills. The village was called Brindlemark, and it was a place where"
conv_e003b243e8ba4a719123c5774061444c,ai-ai,1,1,True,author_1,ai,author_2,ai,False,ai,"time seemed to stand still, where the air was sweet with the scent of wildflowers and the sound of laughter carried on the breeze. Ava loved Brindlemark with all"
conv_e003b243e8ba4a719123c5774061444c,ai-ai,2,2,True,author_1,ai,author_1,ai,True,ai,"her heart, and she spent her days exploring the surrounding woods, chasing after butterflies, and listening to the stories of the village elders. They would tell her tales of ancient magic"
conv_e003b243e8ba4a719123c5774061444c,ai-ai,2,2,True,author_1,ai,author_2,ai,False,ai,"that once flowed through the land, of powerful sorcerers who had harnessed its energy to build great castles and heal the sick, and of a long-forg"
conv_e003b243e8ba4a719123c5774061444c,ai-ai,3,3,True,author_1,ai,author_1,ai,True,ai,"otten era when the balance between nature and magic was perfect, and the world was at peace. According to legend, this balance had been disrupted by a great cataclysm,"
conv_e003b243e8ba4a719123c5774061444c,ai-ai,3,3,True,author_1,ai,author_2,ai,False,ai,"which had torn the land asunder and sent the forces of magic into chaos, causing the once-peaceful creatures of the forest to become twisted and corrupted, and the skies"
conv_e003b243e8ba4a719123c5774061444c,ai-ai,4,4,True,author_1,ai,author_1,ai,True,ai,"to grow dark with the smoke of burning mountains, and the rivers to flow with a murky, poisoned water that seemed to suck the very life out of the earth. The villagers"
conv_e003b243e8ba4a719123c5774061444c,ai-ai,4,4,True,author_1,ai,author_2,ai,False,ai,"believed that the cataclysm had been caused by a dark sorcerer, one who had sought to wield the power of the ancient magic for his own evil purposes, and"
conv_e003b243e8ba4a719123c5774061444c,ai-ai,5,5,True,author_1,ai,author_1,ai,True,ai,"that this sorcerer, known only as Malakai, had been defeated by a brave and powerful warrior, but not before he had unleashed a terrible curse that would slowly consume"
conv_e003b243e8ba4a719123c5774061444c,ai-ai,5,5,True,author_1,ai,author_2,ai,False,ai,"the land, spreading darkness and despair throughout the villages and towns, and that the curse would only be lifted when a new hero emerged, one who possessed the heart and courage to"
conv_e003b243e8ba4a719123c5774061444c,ai-ai,6,6,True,author_1,ai,author_1,ai,True,ai,"embark on a perilous quest to find the fabled Crystal of Light, a ancient artifact rumored to hold the power to vanquish the darkness and restore the balance of"
conv_e003b243e8ba4a719123c5774061444c,ai-ai,6,6,True,author_1,ai,author_2,ai,False,ai,"nature and magic to the land. The Crystal was said to be hidden deep within the darkest recesses of the Shadowfell, a treacherous and foreboding realm that"
conv_e003b243e8ba4a719123c5774061444c,ai-ai,7,7,True,author_1,ai,author_1,ai,True,ai,"was home to countless terrifying creatures and unspeakable horrors, and where even the bravest of warriors feared to tread. Many had attempted to venture into the Shadowfell in search"
conv_e003b243e8ba4a719123c5774061444c,ai-ai,7,7,True,author_1,ai,author_2,ai,False,ai,"of the Crystal, but none had ever returned to tell the tale, and the villagers would whisper stories of the brave adventurers who had been consumed by the very shadows themselves, their"
conv_e003b243e8ba4a719123c5774061444c,ai-ai,8,8,True,author_1,ai,author_1,ai,True,ai,"souls trapped forever in a realm of eternal darkness, their screams echoing through the void, a chilling reminder of the grave danger that lay ahead for anyone foolish enough to attempt to"
conv_e003b243e8ba4a719123c5774061444c,ai-ai,8,8,True,author_1,ai,author_2,ai,False,ai,"retrieve the Crystal, and yet, despite the ominous warnings and the dire tales of those who had come before, Ava felt an inexplicable pull, a sense of destiny that drew"
conv_e003b243e8ba4a719123c5774061444c,ai-ai,9,9,True,author_1,ai,author_1,ai,True,ai,"her to the Shadowfell, a feeling that grew stronger with each passing day, until she could no longer resist its call, and with a deep breath, she stepped forward,"
conv_e003b243e8ba4a719123c5774061444c,ai-ai,9,9,True,author_1,ai,author_2,ai,False,ai,"into the darkness, the shadows enveloping her like a shroud, and as she walked, the trees seemed to close in around her, their branches tangling together above her"
conv_e003b243e8ba4a719123c5774061444c,ai-ai,10,10,True,author_1,ai,author_1,ai,True,ai,"head, forming a canopy of twisted limbs that filtered the faint moonlight, casting the forest floor in a dim, eerie gloom, and Ava pressed on, her heart pounding"
conv_e003b243e8ba4a719123c5774061444c,ai-ai,10,10,True,author_1,ai,author_2,ai,False,ai,"in her chest, her senses heightened as she navigated the treacherous terrain, the silence broken only by the soft crunch of leaves and twigs beneath her feet, until"
conv_e1e32a08b75d429fb4a798d311397672,ai-ai,1,1,True,author_2,ai,author_1,ai,False,ai,"tooth against the darkening sky, its white paint peeling in long strips that reminded her of skin after a bad sunburn. The keeper's cottage huddled beside it"
conv_e1e32a08b75d429fb4a798d311397672,ai-ai,1,1,True,author_2,ai,author_2,ai,True,ai,"# The Lighthouse Keeper's Secret

The storm had been building for three days when Margot finally arrived at Crow's Point. The lighthouse stood like a broken"
conv_e1e32a08b75d429fb4a798d311397672,ai-ai,2,2,True,author_2,ai,author_1,ai,False,ai,"bag, feeling the weight of her father's journals inside. He'd been the keeper here for thirty years before his death last month, and she'd found the notebooks hidden in"
conv_e1e32a08b75d429fb4a798d311397672,ai-ai,2,2,True,author_2,ai,author_2,ai,True,ai,", squat and sullen, its windows shuttered tight against the wind that howled in from the Atlantic.

Margot pulled her coat closer and shouldered her"
conv_e1e32a08b75d429fb4a798d311397672,ai-ai,3,3,True,author_2,ai,author_1,ai,False,ai,"'t meant for ships at all, and of visitors who came only when the fog was thickest. His final entry, dated just two days before he died, had"
conv_e1e32a08b75d429fb4a798d311397672,ai-ai,3,3,True,author_2,ai,author_2,ai,True,ai,"a locked drawer beneath the floorboards of his mainland apartment—a place he'd rarely visited. The journals spoke of lights that moved beneath the water, of signals that weren"
conv_e1e32a08b75d429fb4a798d311397672,ai-ai,4,4,True,author_2,ai,author_1,ai,False,ai,"during the long drive north, each reading filling her with fresh unease. Her father had been a meticulous man—a mathematician before he'd abandoned that life for the"
conv_e1e32a08b75d429fb4a798d311397672,ai-ai,4,4,True,author_2,ai,author_2,ai,True,ai,"been a single line written in shaking handwriting: ""They know I've been counting. The pattern breaks tomorrow.""

Margot had read that sentence a hundred times"
conv_e1e32a08b75d429fb4a798d311397672,ai-ai,5,5,True,author_2,ai,author_1,ai,False,ai,"rusted hinges. Inside, everything was as he'd left it: the cold woodstove, the table still set with a single plate and cup, a navigation chart"
conv_e1e32a08b75d429fb4a798d311397672,ai-ai,5,5,True,author_2,ai,author_2,ai,True,ai,"solitude of Crow's Point. What had he been counting? And who were ""they""?

The cottage door hung ajar despite the wind, creaking on"
conv_e1e32a08b75d429fb4a798d311397672,ai-ai,6,6,True,author_2,ai,author_1,ai,False,ai,"ered around specific coordinates offshore—depths that seemed impossibly precise, measurements taken at exact intervals. Seventeen days. Always seventeen days between each notation, stretching back months"
conv_e1e32a08b75d429fb4a798d311397672,ai-ai,6,6,True,author_2,ai,author_2,ai,True,ai,"spread across the desk and covered in penciled circles and notations. Margot set down her bag and approached the chart, her fingers tracing the marks. Numbers clust"
conv_e1e32a08b75d429fb4a798d311397672,ai-ai,7,7,True,author_2,ai,author_1,ai,False,ai,"a precise schedule. And according to his calculations, the next occurrence was tonight.

A sudden boom echoed from above—the lighthouse door slamming in the wind."
conv_e1e32a08b75d429fb4a798d311397672,ai-ai,7,7,True,author_2,ai,author_2,ai,True,ai,", maybe years. She flipped through the journals again, cross-referencing dates. Her father had been tracking something rhythmic, something that surfaced or signaled on"
conv_e1e32a08b75d429fb4a798d311397672,ai-ai,8,8,True,author_2,ai,author_1,ai,False,ai,"great lens fractured, a spiderweb of cracks spreading from a central impact point. But the light still worked—someone had kept it maintained. On the floor"
conv_e1e32a08b75d429fb4a798d311397672,ai-ai,8,8,True,author_2,ai,author_2,ai,True,ai,"Or something else.

Margot climbed the spiral stairs, her footsteps ringing against iron. At the top, the lamp room stretched before her, its"
conv_e1e32a08b75d429fb4a798d311397672,ai-ai,9,9,True,author_2,ai,author_1,ai,False,ai,"She's here now. The daughter. Seventeen days complete—the pattern holds. Signal at 11:47 PM. They're waiting for her to understand."""
conv_e1e32a08b75d429fb4a798d311397672,ai-ai,9,9,True,author_2,ai,author_2,ai,True,ai,"lay a logbook, newer than her father's journals, its pages filled with careful observations in a hand she didn't recognize. The latest entry was from this morning: """
conv_e1e32a08b75d429fb4a798d311397672,ai-ai,10,10,True,author_2,ai,author_1,ai,False,ai,"Eight minutes.

Below, through the cracked lens, she saw them—lights rising from the black water, arranged in that same seventeen-point pattern from her father's"
conv_e1e32a08b75d429fb4a798d311397672,ai-ai,10,10,True,author_2,ai,author_2,ai,True,ai,"Margot's breath caught. Someone had been watching her arrive. Someone had continued her father's work.

She checked her watch: 11:39 PM."
conv_e739e555d90341eeb4928b9511c7eccd,ai-ai,1,1,True,author_2,ai,author_1,ai,False,ai,"until the day young Clara Ellery, distant relative of the house’s original owner, arrived. She was twelve, wiry, and curious, with a streak of midnight hair"
conv_e739e555d90341eeb4928b9511c7eccd,ai-ai,1,1,True,author_2,ai,author_2,ai,True,ai,"a small silver key, no bigger than a pea pod, that lay forgotten beneath a loose floorboard in the old Ellery house. For ninety years, the house stood empty"
conv_e739e555d90341eeb4928b9511c7eccd,ai-ai,2,2,True,author_2,ai,author_1,ai,False,ai,"someone cared enough to look. On the first morning, Clara wandered through the hush of dust-thick sunlight, trailing her fingers along cracked wallpaper until a hollow creak pulled her"
conv_e739e555d90341eeb4928b9511c7eccd,ai-ai,2,2,True,author_2,ai,author_2,ai,True,ai,"that often fell over her eyes as she explored. Clara had come to spend the summer with her eccentric great-aunt Miriam, who insisted the house was full of secrets if only"
conv_e739e555d90341eeb4928b9511c7eccd,ai-ai,3,3,True,author_2,ai,author_1,ai,False,ai,"a velvet pouch tucked in the shadows. Inside was the tiny silver key, gleaming as if it had just been polished. Clara cradled it in her palm, marvel"
conv_e739e555d90341eeb4928b9511c7eccd,ai-ai,3,3,True,author_2,ai,author_2,ai,True,ai,"attention to a floorboard near the window seat. Curious, Clara nudged it with her toe, and it shifted. Heart thumping, she pried it up, revealing"
conv_e739e555d90341eeb4928b9511c7eccd,ai-ai,4,4,True,author_2,ai,author_1,ai,False,ai,"—but nothing in sight looked like a match. Pocketing the key, Clara decided to search the house room by room. She started with the attic, climbing its narrow staircase,"
conv_e739e555d90341eeb4928b9511c7eccd,ai-ai,4,4,True,author_2,ai,author_2,ai,True,ai,"at how it seemed to fit her hand perfectly. Instinctively, she glanced around the room, searching for something it might open—a chest, a drawer, a secret door"
conv_e739e555d90341eeb4928b9511c7eccd,ai-ai,5,5,True,author_2,ai,author_1,ai,False,ai,"far corner, she noticed a low wooden trunk, its surface carved with ivy patterns, a small lock tucked beneath the decorative vines. Clara’s fingers trembled as she fit the"
conv_e739e555d90341eeb4928b9511c7eccd,ai-ai,5,5,True,author_2,ai,author_2,ai,True,ai,"where the air was thick with the scent of old books and lavender sachets long faded. Cobwebs brushed her cheeks as she scanned the cramped space. Then, in the"
conv_e739e555d90341eeb4928b9511c7eccd,ai-ai,6,6,True,author_2,ai,author_1,ai,False,ai,"ornate locket, and a journal with a faded, embroidered cover. On the very top letter, in looping script, was written: “For the Ellery child who"
conv_e739e555d90341eeb4928b9511c7eccd,ai-ai,6,6,True,author_2,ai,author_2,ai,True,ai,"silver key into the lock. With a soft click, it turned easily, and the lid creaked open to reveal a stack of yellowed letters tied with blue ribbon, an"
conv_e739e555d90341eeb4928b9511c7eccd,ai-ai,7,7,True,author_2,ai,author_1,ai,False,ai,"ery house had ever kept—for the true legacy of the Ellerys was neither fortune nor fame, but a hidden history of wonder, waiting for a curious heart to bring it"
conv_e739e555d90341eeb4928b9511c7eccd,ai-ai,7,7,True,author_2,ai,author_2,ai,True,ai,"dared to look beyond the dust.” Clara’s breath caught. She unfolded the letter, heart pounding with excitement, as the first words promised to unveil the greatest secret the Ell"
conv_e739e555d90341eeb4928b9511c7eccd,ai-ai,8,8,True,author_2,ai,author_1,ai,False,ai,"’t just a guest in the house now—she was its next guardian, with treasures of the past and a key to wonder in the palm of her hand. The summer ahead"
conv_e739e555d90341eeb4928b9511c7eccd,ai-ai,8,8,True,author_2,ai,author_2,ai,True,ai,"back to light. As Clara read on, the stories of magic, courage, and hope began to weave around her like the beams of new sunlight through dusty glass. She wasn"
conv_e739e555d90341eeb4928b9511c7eccd,ai-ai,9,9,True,author_2,ai,author_1,ai,False,ai,"silver key warm in her grasp, Clara stepped into the sunlight and toward her own chapter in the Ellery legacy—one that would shimmer with newfound stories and the quiet magic of"
conv_e739e555d90341eeb4928b9511c7eccd,ai-ai,9,9,True,author_2,ai,author_2,ai,True,ai,"would be filled with unlocking each secret, letter by letter, as the old house whispered its mysteries only to her. And so, with a gleam in her eye and the"
conv_e739e555d90341eeb4928b9511c7eccd,ai-ai,10,10,True,author_2,ai,author_1,ai,False,ai,"And as dusk fell, a gentle glow lit the old windows, as if welcoming a new guardian—reminding all who passed that some secrets, once found, can fill a"
conv_e739e555d90341eeb4928b9511c7eccd,ai-ai,10,10,True,author_2,ai,author_2,ai,True,ai,"believing in what could be found when you dare to look. The house seemed to breathe easier with her laughter, as if relieved its tales had finally found the right listener."
conv_e88fe5c7c8304d70955cb1c2bf8436a5,ai-ai,1,1,True,author_2,ai,author_1,ai,False,ai,"full of wonder and a mind full of questions. Emilia spent most of her days exploring the surrounding countryside, discovering hidden streams and secret meadows, and talking to the villagers"
conv_e88fe5c7c8304d70955cb1c2bf8436a5,ai-ai,1,1,True,author_2,ai,author_2,ai,True,ai,"a young woman named Emilia, who lived in a small village nestled in the rolling hills of a lush countryside. She was a curious and adventurous soul, with a heart full"
conv_e88fe5c7c8304d70955cb1c2bf8436a5,ai-ai,2,2,True,author_2,ai,author_1,ai,False,ai,"fireplace in the village tavern, where the elderly wisewoman, Elara, would spin tales of ancient magic and forgotten rituals. Emilia's eyes would light up as"
conv_e88fe5c7c8304d70955cb1c2bf8436a5,ai-ai,2,2,True,author_2,ai,author_2,ai,True,ai,"who would share with her stories of the village's history and legends. The villagers, fond of Emilia's curiosity and kind heart, would often invite her to sit by the"
conv_e88fe5c7c8304d70955cb1c2bf8436a5,ai-ai,3,3,True,author_2,ai,author_1,ai,False,ai,"shadows on the walls as the villagers' faces would glow with a warm, golden light, their eyes twinkling like the stars on a clear night. Emilia would feel"
conv_e88fe5c7c8304d70955cb1c2bf8436a5,ai-ai,3,3,True,author_2,ai,author_2,ai,True,ai,"Elara's words wove a spell of enchantment around her, transporting her to a world of mystical creatures and mystical lands. The fire would crackle and dance, casting"
conv_e88fe5c7c8304d70955cb1c2bf8436a5,ai-ai,4,4,True,author_2,ai,author_1,ai,False,ai,"within her to uncover the secrets that lay just beyond the edge of the village, to follow the threads of magic that Elara's tales hinted at, and to discover the truth"
conv_e88fe5c7c8304d70955cb1c2bf8436a5,ai-ai,4,4,True,author_2,ai,author_2,ai,True,ai,"as though she was a part of something much larger than herself, a sense of belonging to a tradition that stretched back centuries, and Elara's stories would stir a deep longing"
conv_e88fe5c7c8304d70955cb1c2bf8436a5,ai-ai,5,5,True,author_2,ai,author_1,ai,False,ai,"the trees were said to whisper ancient secrets to the wind, and the creatures that dwelled within its shadows were rumored to possess powers beyond the understanding of mortal men. Emilia"
conv_e88fe5c7c8304d70955cb1c2bf8436a5,ai-ai,5,5,True,author_2,ai,author_2,ai,True,ai,"about the mysterious forest that loomed beyond the hills, a place that the villagers spoke of in hushed tones, as if it were a realm of wonder and danger, where"
conv_e88fe5c7c8304d70955cb1c2bf8436a5,ai-ai,6,6,True,author_2,ai,author_1,ai,False,ai,"and into the unknown, to leave behind the familiar comforts of the village and embark on a journey that would take her deep into the heart of the forest, where the moonlight"
conv_e88fe5c7c8304d70955cb1c2bf8436a5,ai-ai,6,6,True,author_2,ai,author_2,ai,True,ai,"felt an inexplicable pull to this mystical forest, as if the trees themselves were calling to her, their whispers growing louder in her mind, urging her to step across the threshold"
conv_e88fe5c7c8304d70955cb1c2bf8436a5,ai-ai,7,7,True,author_2,ai,author_1,ai,False,ai,"spell of eerie wonder around her, as the trees seemed to close in, their branches tangling together above her head, forming a vaulted ceiling that filtering the sunlight and casting"
conv_e88fe5c7c8304d70955cb1c2bf8436a5,ai-ai,7,7,True,author_2,ai,author_2,ai,True,ai,"filtered through the canopy above, casting dappled shadows on the forest floor, and the sound of soft rustling and whispering seemed to come from all directions, weaving a"
conv_e88fe5c7c8304d70955cb1c2bf8436a5,ai-ai,8,8,True,author_2,ai,author_1,ai,False,ai,"with the sweet, heady scent of blooming flowers and the earthy richness of decaying leaves, a primordial aroma that seemed to awaken a deep, primal memory within"
conv_e88fe5c7c8304d70955cb1c2bf8436a5,ai-ai,8,8,True,author_2,ai,author_2,ai,True,ai,"the forest floor in a soft, emerald green gloom, where the ferns and wildflowers seemed to glow with an otherworldly light, and the air was filled"
conv_e88fe5c7c8304d70955cb1c2bf8436a5,ai-ai,9,9,True,author_2,ai,author_1,ai,False,ai,"seemed to be waiting for her, their branches stretching out like withered fingers, as if to welcome her home, and the whispers in the wind grew louder, a gentle"
conv_e88fe5c7c8304d70955cb1c2bf8436a5,ai-ai,9,9,True,author_2,ai,author_2,ai,True,ai,"her, a memory that stirred a sense of recognition and belonging, as if she had finally returned to a place she had always known, but had forgotten, and the trees,"
conv_e88fe5c7c8304d70955cb1c2bf8436a5,ai-ai,10,10,True,author_2,ai,author_1,ai,False,ai,"breath that seemed to merge with the whispers of the forest, creating a harmony of sound and sense that was both familiar and strange, a symphony of longing and belonging that"
conv_e88fe5c7c8304d70955cb1c2bf8436a5,ai-ai,10,10,True,author_2,ai,author_2,ai,True,ai,"chorus of ancient voices, speaking a language that only the heart could understand, and Emilia felt her own voice respond, a whispered word, a soft sigh, a gentle"
conv_e9091d3c02ec44ab8f5cfd781804a1a4,ai-ai,1,1,True,author_2,ai,author_1,ai,False,ai,"the heart of the village stood an ancient oak tree, its branches sprawling wide and its trunk gnarled with age. It was said that the tree held secrets of the past"
conv_e9091d3c02ec44ab8f5cfd781804a1a4,ai-ai,1,1,True,author_2,ai,author_2,ai,True,ai,"a small village nestled between rolling hills and dense forests, where life moved at a gentle pace. The villagers were known for their warm hospitality and deep connection to the land. At"
conv_e9091d3c02ec44ab8f5cfd781804a1a4,ai-ai,2,2,True,author_2,ai,author_1,ai,False,ai,", and feasts. This year, however, the air was tinged with unease. Strange occurrences had been reported—shadows moving in the forest at noon, whispers"
conv_e9091d3c02ec44ab8f5cfd781804a1a4,ai-ai,2,2,True,author_2,ai,author_2,ai,True,ai,"and could whisper the future to those who listened closely. Every year, on the eve of the summer solstice, the villagers gathered around the oak to celebrate with music, dance"
conv_e9091d3c02ec44ab8f5cfd781804a1a4,ai-ai,3,3,True,author_2,ai,author_1,ai,False,ai,"to discuss the mysterious happenings. As the sun began to set, casting long shadows across the village, people slowly gathered, their faces a mix of curiosity and concern. El"
conv_e9091d3c02ec44ab8f5cfd781804a1a4,ai-ai,3,3,True,author_2,ai,author_2,ai,True,ai,"in the night that sounded almost like warnings. The village elder, a wise woman named Elara, noticed the growing tension and decided to convene a meeting under the ancient oak"
conv_e9091d3c02ec44ab8f5cfd781804a1a4,ai-ai,4,4,True,author_2,ai,author_1,ai,False,ai,"it seems the balance has been disturbed. We must listen to what the land is trying to tell us. I propose we spend the night here, around the fire, and see"
conv_e9091d3c02ec44ab8f5cfd781804a1a4,ai-ai,4,4,True,author_2,ai,author_2,ai,True,ai,"ara stood beneath the oak, her voice steady as she addressed the crowd. “Friends,” she began, “we have lived in harmony with the land for generations, but now"
conv_e9091d3c02ec44ab8f5cfd781804a1a4,ai-ai,5,5,True,author_2,ai,author_1,ai,False,ai,"the villagers shared stories and songs, their voices blending with the rustling leaves and the distant hoots of owls. Hours passed, and just as the first hints of"
conv_e9091d3c02ec44ab8f5cfd781804a1a4,ai-ai,5,5,True,author_2,ai,author_2,ai,True,ai,"if the spirits of the forest will guide us.” Her words were met with nods of agreement and murmurs of support. As the fire was lit and the night deepened,"
conv_e9091d3c02ec44ab8f5cfd781804a1a4,ai-ai,6,6,True,author_2,ai,author_1,ai,False,ai,"long-forgotten pact with the forest spirits. The voice warned that the pact must be renewed or the village would face dire consequences. Elara, her eyes shining with determination"
conv_e9091d3c02ec44ab8f5cfd781804a1a4,ai-ai,6,6,True,author_2,ai,author_2,ai,True,ai,"dawn began to light the sky, a soft breeze carried a message through the branches of the ancient oak. It was a voice, clear and resonant, speaking of a"
conv_e9091d3c02ec44ab8f5cfd781804a1a4,ai-ai,7,7,True,author_2,ai,author_1,ai,False,ai,"felt lighter, and a sense of peace settled over the village. The strange occurrences ceased, and life returned to its gentle pace. The villagers, feeling a renewed bond with the"
conv_e9091d3c02ec44ab8f5cfd781804a1a4,ai-ai,7,7,True,author_2,ai,author_2,ai,True,ai,", led the villagers in a solemn ceremony to renew the pact. They offered gifts of food, flowers, and promises to protect the land. As the sun rose, the air"
conv_e9091d3c02ec44ab8f5cfd781804a1a4,ai-ai,8,8,True,author_2,ai,author_1,ai,False,ai,"natural world. From that day forward, the villagers made it a tradition to gather under the oak every solstice, not only to celebrate but also to reaffirm their commitment to"
conv_e9091d3c02ec44ab8f5cfd781804a1a4,ai-ai,8,8,True,author_2,ai,author_2,ai,True,ai,"forest and each other, continued to thrive. The ancient oak stood as a silent guardian, its roots deep and strong, a symbol of the enduring harmony between the village and the"
conv_e9091d3c02ec44ab8f5cfd781804a1a4,ai-ai,9,9,True,author_2,ai,author_1,ai,False,ai,"the village flourished, a beacon of unity and harmony, surrounded by the beauty of nature and the warmth of community. The ancient oak continued to stand tall, its leaves whisper"
conv_e9091d3c02ec44ab8f5cfd781804a1a4,ai-ai,9,9,True,author_2,ai,author_2,ai,True,ai,"the land and to one another. The forest, in turn, remained a place of wonder and safety, a living testament to the power of respect and cooperation. And so,"
conv_e9091d3c02ec44ab8f5cfd781804a1a4,ai-ai,10,10,True,author_2,ai,author_1,ai,False,ai,"As years turned into decades, the legend of the oak and the solstice gathering became a cherished part of the village’s heritage. New generations learned to honor the land and its"
conv_e9091d3c02ec44ab8f5cfd781804a1a4,ai-ai,10,10,True,author_2,ai,author_2,ai,True,ai,"ing tales of the past and hopes for the future, a constant reminder of the bond that kept the village strong."
conv_e9a374d2a0d34e38b702c18f4e161347,ai-ai,1,1,True,author_1,ai,author_1,ai,True,ai,"a girl named Lyra, who lived in the windy town of Emberhollow, perched on the edge of a cliff where the sea met the sky. Lyra was no"
conv_e9a374d2a0d34e38b702c18f4e161347,ai-ai,1,1,True,author_1,ai,author_2,ai,False,ai,"ordinary girl. Some said she had magic in her bones, passed down from ancestors who once spoke to the storm. Most days, Lyra ran along the jagged cliff path"
conv_e9a374d2a0d34e38b702c18f4e161347,ai-ai,2,2,True,author_1,ai,author_1,ai,True,ai,"with her dark hair whipping behind her and her eyes fixed on the horizon, always searching for something only she could sense. The townsfolk watched her, half-wary and half"
conv_e9a374d2a0d34e38b702c18f4e161347,ai-ai,2,2,True,author_1,ai,author_2,ai,False,ai,"in awe, whispering about the strange patterns she traced in the sand and the odd shells she collected after every storm. No one understood why the gulls circled closer when"
conv_e9a374d2a0d34e38b702c18f4e161347,ai-ai,3,3,True,author_1,ai,author_1,ai,True,ai,"she sang beneath the thunderclouds, or how the wild black dog that prowled the moors only wagged its tail for her. Lyra herself didn’t understand her"
conv_e9a374d2a0d34e38b702c18f4e161347,ai-ai,3,3,True,author_1,ai,author_2,ai,False,ai,"strange pull to the restless wind and roiling tides—she only knew it felt like a promise she’d been hearing since birth. Every night, as she lay in bed"
conv_e9a374d2a0d34e38b702c18f4e161347,ai-ai,4,4,True,author_1,ai,author_1,ai,True,ai,"with the sound of waves crashing far below, she dreamed of voices calling her name from beyond the horizon. One tempestuous evening, as lightning stitched the clouds and rain hammered the"
conv_e9a374d2a0d34e38b702c18f4e161347,ai-ai,4,4,True,author_1,ai,author_2,ai,False,ai,"glass, Lyra felt the call stronger than ever. She slipped from her warm bed, wrapped herself in her thickest cloak, and tiptoed outside. The wind how"
conv_e9a374d2a0d34e38b702c18f4e161347,ai-ai,5,5,True,author_1,ai,author_1,ai,True,ai,"through the gorse, tugging her toward the old path down to the hidden cove—somewhere she’d never dared go after dark. The thunder cracked again, and"
conv_e9a374d2a0d34e38b702c18f4e161347,ai-ai,5,5,True,author_1,ai,author_2,ai,False,ai,"in that blinding moment of light, she glimpsed a tall, cloaked figure standing at the water’s edge. Heart pounding but feet steady, Lyra moved closer."
conv_e9a374d2a0d34e38b702c18f4e161347,ai-ai,6,6,True,author_1,ai,author_1,ai,True,ai,"The sea foamed around the figure’s boots, but they did not waver. As Lyra approached, they turned, lowering their hood to reveal weathered features crowned by"
conv_e9a374d2a0d34e38b702c18f4e161347,ai-ai,6,6,True,author_1,ai,author_2,ai,False,ai,"tangled silver hair. Their eyes, bright as dawn, searched Lyra’s face. “You’ve come at last,” the stranger said in a voice like distant waves."
conv_e9a374d2a0d34e38b702c18f4e161347,ai-ai,7,7,True,author_1,ai,author_1,ai,True,ai,"Lyra hesitated at the edge of the shingle, the salt wind stinging her cheeks. “Who are you?” she whispered, her voice nearly swallowed by the storm"
conv_e9a374d2a0d34e38b702c18f4e161347,ai-ai,7,7,True,author_1,ai,author_2,ai,False,ai,"“I am called Mareyn,” replied the figure, “and I have watched over Emberhollow since before your grandmother’s birth.” Mareyn’s gaze softened. “You,"
conv_e9a374d2a0d34e38b702c18f4e161347,ai-ai,8,8,True,author_1,ai,author_1,ai,True,ai,"Lyra, are the last of the Stormbound line. Tonight, you must choose: to step forth and claim your inheritance, or turn away, as others once did.”"
conv_e9a374d2a0d34e38b702c18f4e161347,ai-ai,8,8,True,author_1,ai,author_2,ai,False,ai,"Lyra’s heart battered within her chest. She looked from Mareyn’s earnest eyes to the seething silver sea, feeling the storm’s energy thrumming in her veins."
conv_e9a374d2a0d34e38b702c18f4e161347,ai-ai,9,9,True,author_1,ai,author_1,ai,True,ai,"She stepped forward, the seawater curling around her ankles icy and invigorating. “I choose to know what I am,” Lyra declared, her voice gaining strength. Mare"
conv_e9a374d2a0d34e38b702c18f4e161347,ai-ai,9,9,True,author_1,ai,author_2,ai,False,ai,"yn smiled, pride shining through the stormlight. “Then listen.” He drew a battered shell from his cloak and pressed it into Lyra’s palm. “Your voice,"
conv_e9a374d2a0d34e38b702c18f4e161347,ai-ai,10,10,True,author_1,ai,author_1,ai,True,ai,"your courage, and the wild within you are what bind our kin to sea and sky. Speak into the shell and command the wind—it will answer.” As she brought the shell"
conv_e9a374d2a0d34e38b702c18f4e161347,ai-ai,10,10,True,author_1,ai,author_2,ai,False,ai,"to her lips, the wind fell suddenly silent. Lyra spoke her name, clear and true, and the air trembled with new energy. The waves parted in silvery"
conv_ec708e96516b4b3b853e730ea5116515,ai-ai,1,1,True,author_2,ai,author_1,ai,False,ai,"Emrys, who was as curious as a fox and twice as clever. Emrys had lived all of his twelve years within the mossy boundaries of this hidden village, where"
conv_ec708e96516b4b3b853e730ea5116515,ai-ai,1,1,True,author_2,ai,author_2,ai,True,ai,"a small village nestled between ancient forests and misty mountains, where magic was rumored to stir beneath tangled roots and in the cold mountain streams. In this village lived a boy named"
conv_ec708e96516b4b3b853e730ea5116515,ai-ai,2,2,True,author_2,ai,author_1,ai,False,ai,"the deep green glades. The villagers said the woods were haunted, but Emrys only felt watched, as if the forest listened to his words with great, leafy patience."
conv_ec708e96516b4b3b853e730ea5116515,ai-ai,2,2,True,author_2,ai,author_2,ai,True,ai,"every day brought new mysteries. He’d spend hours wandering the soft, fern-lined paths behind his cottage, whispering questions to the wind and watching the shifting play of sunlight in"
conv_ec708e96516b4b3b853e730ea5116515,ai-ai,3,3,True,author_2,ai,author_1,ai,False,ai,"ivy and lined with stones etched in patterns that glimmered faintly in the fading light. His heart beat faster; he hesitated for only a moment, then ducked"
conv_ec708e96516b4b3b853e730ea5116515,ai-ai,3,3,True,author_2,ai,author_2,ai,True,ai,"One crisp autumn evening, as twilight crept through the branches, Emrys discovered something unusual: a narrow path he’d never seen before, overgrown with silver-streaked"
conv_ec708e96516b4b3b853e730ea5116515,ai-ai,4,4,True,author_2,ai,author_1,ai,False,ai,"the more the path seemed to twist and change, the silvery marks on the stones pulsing softly with each of his steps. Ahead, the trees parted to reveal a tiny"
conv_ec708e96516b4b3b853e730ea5116515,ai-ai,4,4,True,author_2,ai,author_2,ai,True,ai,"under a low-hanging branch and followed the path inward. The air shimmered around him, cool and humming with an energy he could almost taste. The deeper he ventured,"
conv_ec708e96516b4b3b853e730ea5116515,ai-ai,5,5,True,author_2,ai,author_1,ai,False,ai,"warm beneath his fingertips, thrumming with a quiet, unfamiliar magic. Emrys leaned over the edge. Instead of darkness below, swirling lights danced just beyond his reflection—as if"
conv_ec708e96516b4b3b853e730ea5116515,ai-ai,5,5,True,author_2,ai,author_2,ai,True,ai,"clearing bathed in a gentle, bluish glow. At its center stood an ancient stone well, its rim covered in moss and delicate lichen, yet the stones were"
conv_ec708e96516b4b3b853e730ea5116515,ai-ai,6,6,True,author_2,ai,author_1,ai,False,ai,"figure whose face shimmered like moonlight on water. The figure’s voice echoed softly from the depths—neither young nor old, but timeless. “Emrys,” it"
conv_ec708e96516b4b3b853e730ea5116515,ai-ai,6,6,True,author_2,ai,author_2,ai,True,ai,"the well held a living sky trapped beneath its surface. Suddenly, the lights coalesced into shapes: a silver hawk, a coiling serpent, and a hooded"
conv_ec708e96516b4b3b853e730ea5116515,ai-ai,7,7,True,author_2,ai,author_1,ai,False,ai,a tremor of awe. “What do you want from me?” he asked. The figure’s silver eyes glimmered. “To wake the magic that sleeps in these
conv_ec708e96516b4b3b853e730ea5116515,ai-ai,7,7,True,author_2,ai,author_2,ai,True,ai,"intoned, the name rippling across the clearing like a gentle breeze, “you have come as was foretold.” Emrys swallowed hard, his curiosity now entangled with"
conv_ec708e96516b4b3b853e730ea5116515,ai-ai,8,8,True,author_2,ai,author_1,ai,False,ai,"as the well’s ancient magic surged up and over its rim, swirling around his hands. In that shimmering glow, Emrys understood that he was not alone—a thousand tangled roots"
conv_ec708e96516b4b3b853e730ea5116515,ai-ai,8,8,True,author_2,ai,author_2,ai,True,ai,"woods. And to restore balance, as only a heart both brave and kind may do.” Emrys gazed into the sparkling depths, a sense of purpose dawning within him"
conv_ec708e96516b4b3b853e730ea5116515,ai-ai,9,9,True,author_2,ai,author_1,ai,False,ai,"as the well lit the clearing with a radiance that twined through every leaf and stone. The figure smiled, fading into starlight, and the hawk and serpent"
conv_ec708e96516b4b3b853e730ea5116515,ai-ai,9,9,True,author_2,ai,author_2,ai,True,ai,"and whispering leaves seemed to guide him. He reached toward the figure, feeling the warmth of new magic singing in his veins. “Then show me how,” he murmured"
conv_ec708e96516b4b3b853e730ea5116515,ai-ai,10,10,True,author_2,ai,author_1,ai,False,ai,from the clearing with the magic of the woods alive inside him and the wisdom of the ancients whispering in his heart. The villagers would one day tell the tale of the
conv_ec708e96516b4b3b853e730ea5116515,ai-ai,10,10,True,author_2,ai,author_2,ai,True,ai,"rose and circled above. Emrys felt the village’s history and hope settle into his bones. The ancient pact awakened, and as the stars turned above, Emrys stepped"
conv_f31c6051666647d39e427be9f2afe541,ai-ai,1,1,True,author_2,ai,author_1,ai,False,ai,"it was due to the River Lume that ran through the city’s heart, its waters brimmed with mineral dust that glinted in the soft light. Mira worked in the"
conv_f31c6051666647d39e427be9f2afe541,ai-ai,1,1,True,author_2,ai,author_2,ai,True,ai,"a young woman named Mira, who lived in the fading city of Everen. The sky over Everen was always a peculiar shade of lavender, and many of its citizens claimed"
conv_f31c6051666647d39e427be9f2afe541,ai-ai,2,2,True,author_2,ai,author_1,ai,False,ai,"one morning, as Mira sorted a collection of brittle star charts, she noticed an unfamiliar book wedged between the shelves. Its cover shimmered like wet ink, and when she"
conv_f31c6051666647d39e427be9f2afe541,ai-ai,2,2,True,author_2,ai,author_2,ai,True,ai,"grand, echoing Library of Glass, where she spent her days cataloging ancient tomes and deciphering maps drawn on translucent pages. Most days passed in quiet routine, but"
conv_f31c6051666647d39e427be9f2afe541,ai-ai,3,3,True,author_2,ai,author_1,ai,False,ai,"The pages felt impossibly thin, cool to her touch. Strange symbols twisted and writhed across them, rearranging themselves as if aware of her gaze. As she blinked"
conv_f31c6051666647d39e427be9f2afe541,ai-ai,3,3,True,author_2,ai,author_2,ai,True,ai,"ran her fingertips across it, a gentle pulse radiated beneath her skin, like the distant thrum of a heartbeat. With curiosity outweighing caution, Mira opened the book."
conv_f31c6051666647d39e427be9f2afe541,ai-ai,4,4,True,author_2,ai,author_1,ai,False,ai,"glanced instinctively toward the narrow window by her desk, where the River Lume’s glimmer was barely visible in the lavender dusk. The message was clear, though crypt"
conv_f31c6051666647d39e427be9f2afe541,ai-ai,4,4,True,author_2,ai,author_2,ai,True,ai,"in astonishment, the symbols untangled into words she could understand: ""Follow the river’s shimmer when midnight is new."" A chill crept up Mira’s spine. She"
conv_f31c6051666647d39e427be9f2afe541,ai-ai,5,5,True,author_2,ai,author_1,ai,False,ai,"in her mind, an invitation and a warning woven together. That night, she wrapped herself in a dull gray cloak and slipped quietly from her small apartment. As the city slept"
conv_f31c6051666647d39e427be9f2afe541,ai-ai,5,5,True,author_2,ai,author_2,ai,True,ai,ic. Mira knew few dared to walk the riverbanks at such an hour—stories spoke of shadows that moved where the light bent strangely. But the book's message pulsed
conv_f31c6051666647d39e427be9f2afe541,ai-ai,6,6,True,author_2,ai,author_1,ai,False,ai,"the water in intricate patterns that almost resembled writing. Mira hesitated, then stepped closer. A silvery path formed along the river’s surface, leading toward the misty"
conv_f31c6051666647d39e427be9f2afe541,ai-ai,6,6,True,author_2,ai,author_2,ai,True,ai,"Mira made her way through silent streets, the lavender sky bruised with midnight blue. Near the river’s edge, the shimmering light was stronger than ever, rippling across"
conv_f31c6051666647d39e427be9f2afe541,ai-ai,7,7,True,author_2,ai,author_1,ai,False,ai,"firm: cool beneath her feet, yet pulsing gently like a living thing. With each step, the city behind her faded into shadow. Ahead, the river glimmered"
conv_f31c6051666647d39e427be9f2afe541,ai-ai,7,7,True,author_2,ai,author_2,ai,True,ai,"bend where the city ended and the wild marshes began. Heart pounding, Mira took her first step onto the path, half-expecting it to vanish. Instead, it held"
conv_f31c6051666647d39e427be9f2afe541,ai-ai,8,8,True,author_2,ai,author_1,ai,False,ai,"eyes full of memory and meaning, silent lips whispering her name. At the path’s end, the lavender night parted to reveal a gateway of silver reeds. Mira hesitated"
conv_f31c6051666647d39e427be9f2afe541,ai-ai,8,8,True,author_2,ai,author_2,ai,True,ai,"brighter, illuminating spectral forms—figures from old legends, faces she recognized from ancient portraits in the library. One by one, they turned to watch Mira pass, their"
conv_f31c6051666647d39e427be9f2afe541,ai-ai,9,9,True,author_2,ai,author_1,ai,False,ai,"awaited in the world beyond—a world shaped by forgotten legends and new choices, where, with each step, Mira would become the author of her own fate."
conv_f31c6051666647d39e427be9f2afe541,ai-ai,9,9,True,author_2,ai,author_2,ai,True,ai,"for a heartbeat, feeling every story she had ever read gathering behind her, urging her forward. With a breath, she stepped through the reeds, ready to unravel the mysteries that"
conv_f31c6051666647d39e427be9f2afe541,ai-ai,10,10,True,author_2,ai,author_1,ai,False,ai,"and share. The lavender sky rippled, as if blessing her journey. Mira smiled, the path ahead aglow with possibility, her first adventure just beginning, and Everen"
conv_f31c6051666647d39e427be9f2afe541,ai-ai,10,10,True,author_2,ai,author_2,ai,True,ai,"And so with resolve shining in her eyes, Mira crossed into the unknown, leaving behind a city that would one day rediscover its color through the stories she was yet to live"
conv_f3433b5f932f41c49c89532216df0e0f,ai-ai,1,1,True,author_1,ai,author_1,ai,True,ai,"a small village nestled deep within the folds of the Whispering Woods. The villagers lived simple lives, bound by traditions as old as the forest itself. Among them was a young"
conv_f3433b5f932f41c49c89532216df0e0f,ai-ai,1,1,True,author_1,ai,author_2,ai,False,ai,"girl named Elara, known for her curiosity and her vibrant spirit. Unlike many of her peers, Elara was always venturing into the woods, collecting herbs and listening to"
conv_f3433b5f932f41c49c89532216df0e0f,ai-ai,2,2,True,author_1,ai,author_1,ai,True,ai,"the tales the trees seemed to whisper in the wind. Her grandmother, a wise woman respected by all, had taught her the secrets of the forest and the healing powers of its"
conv_f3433b5f932f41c49c89532216df0e0f,ai-ai,2,2,True,author_1,ai,author_2,ai,False,ai,"plants. One crisp autumn morning, Elara noticed something unusual—a faint, shimmering light that pulsed softly between the trees. Drawn by its mysterious allure, she decided"
conv_f3433b5f932f41c49c89532216df0e0f,ai-ai,3,3,True,author_1,ai,author_1,ai,True,ai,"to follow it, despite the warnings her grandmother had often repeated about straying too far into the woods alone. The path led her deeper than she had ever gone before, the"
conv_f3433b5f932f41c49c89532216df0e0f,ai-ai,3,3,True,author_1,ai,author_2,ai,False,ai,"trees growing taller and the air cooler with each step. The light ahead grew brighter, and the sounds of the forest faded into a gentle hush. As she approached, the"
conv_f3433b5f932f41c49c89532216df0e0f,ai-ai,4,4,True,author_1,ai,author_1,ai,True,ai,"light revealed itself to be a small, glowing orb floating above a shallow, crystal-clear stream. The water shimmered with an otherworldly luminescence, and the air"
conv_f3433b5f932f41c49c89532216df0e0f,ai-ai,4,4,True,author_1,ai,author_2,ai,False,ai,"around it felt charged with a magical energy. Elara hesitated, her heart pounding with a mix of fear and excitement. She reached out tentatively, her fingers brushing against"
conv_f3433b5f932f41c49c89532216df0e0f,ai-ai,5,5,True,author_1,ai,author_1,ai,True,ai,"the orb, which responded by pulsing warmly and rising to meet her hand. Suddenly, a soft voice echoed around her, though she saw no one. “Well met,"
conv_f3433b5f932f41c49c89532216df0e0f,ai-ai,5,5,True,author_1,ai,author_2,ai,False,ai,"Elara. You have shown great courage to come this far. I am the Spirit of the Woods, guardian of this sacred place. What do you seek here, young one"
conv_f3433b5f932f41c49c89532216df0e0f,ai-ai,6,6,True,author_1,ai,author_1,ai,True,ai,"?” Elara, though startled, found her voice. “I seek knowledge and understanding, Spirit. My grandmother has taught me much, but there is so much more I wish"
conv_f3433b5f932f41c49c89532216df0e0f,ai-ai,6,6,True,author_1,ai,author_2,ai,False,ai,"to learn. Can you help me understand the secrets of the forest and the magic that lies within it?” The orb glowed more brightly, and the air around her seemed to"
conv_f3433b5f932f41c49c89532216df0e0f,ai-ai,7,7,True,author_1,ai,author_1,ai,True,ai,"hum with approval. “Your curiosity and respect for nature are commendable, Elara. I will grant you the knowledge you seek, but remember, with great power comes great"
conv_f3433b5f932f41c49c89532216df0e0f,ai-ai,7,7,True,author_1,ai,author_2,ai,False,ai,"responsibility. You must use this wisdom to protect and preserve the balance of the forest.” With those words, the orb gently touched her forehead, and a surge of knowledge flooded"
conv_f3433b5f932f41c49c89532216df0e0f,ai-ai,8,8,True,author_1,ai,author_1,ai,True,ai,"her mind. Visions of ancient trees, hidden springs, and the intricate web of life within the forest filled her thoughts. When the light faded, Elara stood there,"
conv_f3433b5f932f41c49c89532216df0e0f,ai-ai,8,8,True,author_1,ai,author_2,ai,False,ai,"transformed. She felt a deep connection to the forest and a new understanding of its secrets. With a renewed sense of purpose, she made her way back to the village,"
conv_f3433b5f932f41c49c89532216df0e0f,ai-ai,9,9,True,author_1,ai,author_1,ai,True,ai,"determined to share her newfound knowledge and help her community thrive in harmony with nature. As she stepped back into the village, the villagers noticed a change in her, a glow"
conv_f3433b5f932f41c49c89532216df0e0f,ai-ai,9,9,True,author_1,ai,author_2,ai,False,ai,"that seemed to radiate from within. They gathered around, curious about her journey. Elara smiled, her eyes sparkling with the wisdom of the forest. “I have much"
conv_f3433b5f932f41c49c89532216df0e0f,ai-ai,10,10,True,author_1,ai,author_1,ai,True,ai,"to tell you,” she said, and began to share the stories and lessons she had learned. The villagers listened in awe, their respect for Elara growing with each word."
conv_f3433b5f932f41c49c89532216df0e0f,ai-ai,10,10,True,author_1,ai,author_2,ai,False,ai,"Under her guidance, the village flourished, and the bond between the people and the forest grew stronger than ever. Elara’s legacy lived on, a testament to the power"
conv_f528b0402169407b9a9d90cda287a4aa,ai-ai,1,1,True,author_1,ai,author_1,ai,True,ai,"Eliana, a young woman who lived in the small village of Thistledown. Nestled between rolling hills and dense forests, Thistledown was known for"
conv_f528b0402169407b9a9d90cda287a4aa,ai-ai,1,1,True,author_1,ai,author_2,ai,False,ai,"its vibrant wildflowers and the annual Flower Festival, which drew visitors from far and wide. Eliana, with her keen eye for nature’s beauty, was often found wandering through"
conv_f528b0402169407b9a9d90cda287a4aa,ai-ai,2,2,True,author_1,ai,author_1,ai,True,ai,"the meadows, gathering rare blooms and weaving them into intricate garlands. Her passion for flowers was matched only by her curiosity about the world beyond Thistledown. One"
conv_f528b0402169407b9a9d90cda287a4aa,ai-ai,2,2,True,author_1,ai,author_2,ai,False,ai,"day, while exploring the edge of the forest, she stumbled upon an ancient, moss-covered stone archway hidden behind a curtain of ivy. The air around it seemed to"
conv_f528b0402169407b9a9d90cda287a4aa,ai-ai,3,3,True,author_1,ai,author_1,ai,True,ai,"tingle with a mysterious energy. Heart racing, Eliana pushed aside the ivy and stepped through the archway, curious about what lay on the other side. As she"
conv_f528b0402169407b9a9d90cda287a4aa,ai-ai,3,3,True,author_1,ai,author_2,ai,False,ai,"crossed the threshold, the world around her shimmered and transformed. The familiar sights of Thistledown vanished, replaced by a landscape of towering crystal formations and glowing plants"
conv_f528b0402169407b9a9d90cda287a4aa,ai-ai,4,4,True,author_1,ai,author_1,ai,True,ai,"that bathed everything in a soft, ethereal light. The ground beneath her feet felt both solid and strangely alive, pulsing gently as if in rhythm with her heartbeat."
conv_f528b0402169407b9a9d90cda287a4aa,ai-ai,4,4,True,author_1,ai,author_2,ai,False,ai,"Eliana stood in awe, her breath catching in her throat. She realized that she had discovered something truly extraordinary—a hidden realm that few, if any, had ever seen"
conv_f528b0402169407b9a9d90cda287a4aa,ai-ai,5,5,True,author_1,ai,author_1,ai,True,ai,"before. Determined to explore this magical place, she took a deep breath and ventured deeper into the crystalline forest. As she walked, the air grew warmer, and the"
conv_f528b0402169407b9a9d90cda287a4aa,ai-ai,5,5,True,author_1,ai,author_2,ai,False,ai,"sounds of a distant, melodic chorus grew louder. The crystals seemed to respond to her presence, their lights flickering and changing colors as if communicating with her. Eliana"
conv_f528b0402169407b9a9d90cda287a4aa,ai-ai,6,6,True,author_1,ai,author_1,ai,True,ai,"felt a deep connection to this place, as if she had been meant to find it all along. Guided by the melodic chorus, she followed a winding path that led"
conv_f528b0402169407b9a9d90cda287a4aa,ai-ai,6,6,True,author_1,ai,author_2,ai,False,ai,"to a clearing where a magnificent tree stood at the center, its branches adorned with luminous leaves that glowed like stars. At the base of the tree, a small,"
conv_f528b0402169407b9a9d90cda287a4aa,ai-ai,7,7,True,author_1,ai,author_1,ai,True,ai,"ancient figure emerged from the shadows. It was a being of light and wisdom, its form shifting and ethereal. ""Welcome, Eliana,"" the figure spoke, its"
conv_f528b0402169407b9a9d90cda287a4aa,ai-ai,7,7,True,author_1,ai,author_2,ai,False,ai,"voice resonating with a gentle yet powerful tone. ""You have been chosen to uncover the secrets of this realm, to bridge the gap between worlds, and to bring harmony where"
conv_f528b0402169407b9a9d90cda287a4aa,ai-ai,8,8,True,author_1,ai,author_1,ai,True,ai,"it has long been lost."" The figure handed Eliana a small, radiant seed. ""This seed holds the key to the balance of both your world and this one. Plant"
conv_f528b0402169407b9a9d90cda287a4aa,ai-ai,8,8,True,author_1,ai,author_2,ai,False,ai,"it in the heart of Thistledown, and it will grow into a symbol of unity and prosperity. But beware, for there are those who would seek to use its"
conv_f528b0402169407b9a9d90cda287a4aa,ai-ai,9,9,True,author_1,ai,author_1,ai,True,ai,"power for their own gain. Trust in yourself and the friends you will make along the way. The future of both worlds depends on your courage and wisdom."" With a final nod"
conv_f528b0402169407b9a9d90cda287a4aa,ai-ai,9,9,True,author_1,ai,author_2,ai,False,ai,"of encouragement, the figure faded back into the shadows, leaving Eliana alone with the seed. She clutched it tightly, feeling the weight of the responsibility and the promise"
conv_f528b0402169407b9a9d90cda287a4aa,ai-ai,10,10,True,author_1,ai,author_1,ai,True,ai,"it carried. With a determined resolve, Eliana made her way back through the crystal forest, the path now illuminated by the warm glow of the seed. As she stepped back"
conv_f528b0402169407b9a9d90cda287a4aa,ai-ai,10,10,True,author_1,ai,author_2,ai,False,ai,"through the archway, the familiar sights of Thistledown greeted her once more. The villagers were preparing for the evening's festivities, but Eliana's mind was elsewhere"
conv_f69f4d36226a43f4b3580b15aaacb549,ai-ai,1,1,True,author_1,ai,author_1,ai,True,ai,"a lonely watchmaker named Eliot, who lived in a crooked, ivy-covered cottage at the edge of Whisperwood. Eliot’s knack for creating intricate, ticking wonders was known throughout"
conv_f69f4d36226a43f4b3580b15aaacb549,ai-ai,1,1,True,author_1,ai,author_2,ai,False,ai,"the small village of Willowsend, though few ever glimpsed the delicate treasures he conjured in his candle-lit workshop. Winding gears, whirring springs, and"
conv_f69f4d36226a43f4b3580b15aaacb549,ai-ai,2,2,True,author_1,ai,author_1,ai,True,ai,"a symphony of chimes filled the air each night as Eliot worked late at his bench, his hands moving deftly over silvered watch faces and tiny, copper screws."
conv_f69f4d36226a43f4b3580b15aaacb549,ai-ai,2,2,True,author_1,ai,author_2,ai,False,ai,"Despite his skill, Eliot rarely ventured beyond his cottage. The townsfolk spoke in hushed tones about his solitary ways, weaving tales that flickered like shadows across tavern walls"
conv_f69f4d36226a43f4b3580b15aaacb549,ai-ai,3,3,True,author_1,ai,author_1,ai,True,ai,"Yet, beneath their curiosity lurked a gentle fondness—after all, Eliot’s clocks always struck true, guiding villagers home through fog-shrouded nights. Some said the"
conv_f69f4d36226a43f4b3580b15aaacb549,ai-ai,3,3,True,author_1,ai,author_2,ai,False,ai,"old man poured a bit of his own heart into every timepiece, and maybe that was why they seemed almost alive. But Eliot’s favorite creation was not for sale: a"
conv_f69f4d36226a43f4b3580b15aaacb549,ai-ai,4,4,True,author_1,ai,author_1,ai,True,ai,"peculiar pocket watch shaped like an acorn, its surface etched with curling vines and minute woodland creatures. He had crafted it on a night when the forest seemed to whisper with"
conv_f69f4d36226a43f4b3580b15aaacb549,ai-ai,4,4,True,author_1,ai,author_2,ai,False,ai,"promises and secrets, the trees swaying beneath an autumn moon. The acorn watch ticked with a warmth unlike any other—a comfort to Eliot when loneliness weighed heavy."
conv_f69f4d36226a43f4b3580b15aaacb549,ai-ai,5,5,True,author_1,ai,author_1,ai,True,ai,"But one stormy evening, as Eliot wound the acorn watch, a sudden flash of lightning flickered through his window—and the watch’s hands spun backward, faster and faster"
conv_f69f4d36226a43f4b3580b15aaacb549,ai-ai,5,5,True,author_1,ai,author_2,ai,False,ai,"until a low, melodic hum vibrated through the air. Eliot gasped as fog poured from the watch’s seams, swirling around his workbench and rising as silvery mist"
conv_f69f4d36226a43f4b3580b15aaacb549,ai-ai,6,6,True,author_1,ai,author_1,ai,True,ai,"that shimmered with impossible colors. Suddenly, a figure began to form within the mist—a slender being, part shadow, part light, its eyes aglow with curiosity and gentle"
conv_f69f4d36226a43f4b3580b15aaacb549,ai-ai,6,6,True,author_1,ai,author_2,ai,False,ai,"wonder. The being hovered above Eliot's bench, examining the scattered springs and gears as if recognizing each piece. It spoke not with words, but with a warmth Eliot felt in"
conv_f69f4d36226a43f4b3580b15aaacb549,ai-ai,7,7,True,author_1,ai,author_1,ai,True,ai,"his chest—a gentle invitation, urging him to follow. The acorn watch floated between them, pulsing softly, and Eliot, heart racing, stepped forward as the room dissolved"
conv_f69f4d36226a43f4b3580b15aaacb549,ai-ai,7,7,True,author_1,ai,author_2,ai,False,ai,"into strands of silver mist. Whisperwood appeared around them, wild and vibrant, though somehow dreamlike—timeless. The being motioned for Eliot to look at the ac"
conv_f69f4d36226a43f4b3580b15aaacb549,ai-ai,8,8,True,author_1,ai,author_1,ai,True,ai,"orn watch, which now glowed brightly in his palm. As Eliot gazed closer, he saw scenes unfolding within its cover: moments from his own life—familiar faces"
conv_f69f4d36226a43f4b3580b15aaacb549,ai-ai,8,8,True,author_1,ai,author_2,ai,False,ai,"and laughter he thought he’d forgotten, kindnesses exchanged with villagers, old friends lost to time. The being’s eyes seemed to smile, and Eliot understood—his loneliness had"
conv_f69f4d36226a43f4b3580b15aaacb549,ai-ai,9,9,True,author_1,ai,author_1,ai,True,ai,"not been in vain; every memory, every heartbeat and tick, had kept him connected to Willowsend. Eliot watched as the mist-formed being gently nudged the ac"
conv_f69f4d36226a43f4b3580b15aaacb549,ai-ai,9,9,True,author_1,ai,author_2,ai,False,ai,"orn watch back into his hands, a wave of gratitude passing between them. As dawn’s light began to pierce the silver mist, Eliot found himself standing once more in his"
conv_f69f4d36226a43f4b3580b15aaacb549,ai-ai,10,10,True,author_1,ai,author_1,ai,True,ai,"workshop, warmth lingering in his chest. From then on, he left his door ajar and his windows unshuttered, welcoming talk and tinkerers alike."
conv_f69f4d36226a43f4b3580b15aaacb549,ai-ai,10,10,True,author_1,ai,author_2,ai,False,ai,"Whisperwood’s magic had shown Eliot that time’s true measure was not found in solitude, but in the steady rhythm of shared moments. His workshop became a place of laughter"
conv_f7da65ab7a4e4419a925746feeaafca2,ai-ai,1,1,True,author_1,ai,author_1,ai,True,ai,"a small village nestled deep within the heart of an ancient forest. The village, known as Willowbrook, was home to a diverse community of people who lived in harmony with nature"
conv_f7da65ab7a4e4419a925746feeaafca2,ai-ai,1,1,True,author_1,ai,author_2,ai,False,ai,"and relied on the forest for their livelihood. Every morning, the villagers would venture into the woods to gather wood, hunt, and forage for herbs and berries. The forest"
conv_f7da65ab7a4e4419a925746feeaafca2,ai-ai,2,2,True,author_1,ai,author_1,ai,True,ai,"was not just a source of sustenance but also a place of mystery and wonder. Tales of enchanted glades and hidden creatures were passed down through generations, adding a layer of"
conv_f7da65ab7a4e4419a925746feeaafca2,ai-ai,2,2,True,author_1,ai,author_2,ai,False,ai,"magic to everyday life. Despite the stories, the villagers felt safe and protected, believing that as long as they respected the forest, it would continue to provide for them. One"
conv_f7da65ab7a4e4419a925746feeaafca2,ai-ai,3,3,True,author_1,ai,author_1,ai,True,ai,"day, a strange phenomenon began to occur. The trees started to whisper, their leaves rustling with an unusual fervor even when there was no wind. The animals, usually"
conv_f7da65ab7a4e4419a925746feeaafca2,ai-ai,3,3,True,author_1,ai,author_2,ai,False,ai,"so predictable in their routines, grew skittish and seemed to be communicating in ways the villagers had never witnessed before. Elders gathered around the village square, their faces et"
conv_f7da65ab7a4e4419a925746feeaafca2,ai-ai,4,4,True,author_1,ai,author_1,ai,True,ai,"ched with concern. They knew that the forest was trying to tell them something, but what it was, they couldn't quite decipher. As night fell, the whispers grew louder"
conv_f7da65ab7a4e4419a925746feeaafca2,ai-ai,4,4,True,author_1,ai,author_2,ai,False,ai,"and more insistent. The moon cast a silver glow over the village, and the air was thick with an unexplained tension. In the heart of the forest, a faint"
conv_f7da65ab7a4e4419a925746feeaafca2,ai-ai,5,5,True,author_1,ai,author_1,ai,True,ai,"light began to pulse, drawing the attention of the more curious and brave villagers. They whispered among themselves, wondering if this was the forest’s way of guiding them to a secret"
conv_f7da65ab7a4e4419a925746feeaafca2,ai-ai,5,5,True,author_1,ai,author_2,ai,False,ai,"or warning them of impending danger. A group of young adventurers decided to follow the light, determined to uncover the truth behind the mysterious whispers and the glowing pulse. As they ventured"
conv_f7da65ab7a4e4419a925746feeaafca2,ai-ai,6,6,True,author_1,ai,author_1,ai,True,ai,"deeper into the forest, the path grew narrower and the air cooler. The light ahead grew brighter, casting eerie shadows that danced around them. Suddenly, they stumbled upon a"
conv_f7da65ab7a4e4419a925746feeaafca2,ai-ai,6,6,True,author_1,ai,author_2,ai,False,ai,"hidden clearing, illuminated by a circle of bioluminescent mushrooms. At the center stood an ancient, gnarled tree, its trunk pulsing with the same light they"
conv_f7da65ab7a4e4419a925746feeaafca2,ai-ai,7,7,True,author_1,ai,author_1,ai,True,ai,"had been following. As they approached, the whispers turned into clear, melodic voices, speaking in a language that somehow resonated within their hearts. The tree, it seemed"
conv_f7da65ab7a4e4419a925746feeaafca2,ai-ai,7,7,True,author_1,ai,author_2,ai,False,ai,"to be alive, spoke of an ancient balance that was in peril. ""For too long, the harmony between the forest and its guardians has been strained,"" the tree intoned"
conv_f7da65ab7a4e4419a925746feeaafca2,ai-ai,8,8,True,author_1,ai,author_1,ai,True,ai,"with a deep, resonant voice. ""A dark force seeks to disrupt this balance, and only those pure of heart can restore it."" The young adventurers, feeling the weight"
conv_f7da65ab7a4e4419a925746feeaafca2,ai-ai,8,8,True,author_1,ai,author_2,ai,False,ai,"of their new mission, looked at each other with determination. They knew the journey ahead would be fraught with challenges, but they were ready to face whatever lay in store to protect"
conv_f7da65ab7a4e4419a925746feeaafca2,ai-ai,9,9,True,author_1,ai,author_1,ai,True,ai,"their village and the forest they loved. As they made their pledge, the tree's light grew brighter, casting a warm glow over the clearing. The voices of the forest harmon"
conv_f7da65ab7a4e4419a925746feeaafca2,ai-ai,9,9,True,author_1,ai,author_2,ai,False,ai,"ized in a symphony of support, and the young adventurers felt a surge of strength and courage. With a final nod to the ancient tree, they set off into the unknown"
conv_f7da65ab7a4e4419a925746feeaafca2,ai-ai,10,10,True,author_1,ai,author_1,ai,True,ai,"determined to restore the balance and safeguard their home. The forest, sensing their resolve, seemed to whisper words of encouragement, guiding them on their noble quest."
conv_f7da65ab7a4e4419a925746feeaafca2,ai-ai,10,10,True,author_1,ai,author_2,ai,False,ai,"As dawn broke, the first rays of sunlight filtered through the canopy, casting a golden path before them. The villagers, inspired by the bravery of the young adventurers, rallied together"
conv_fb13f21f43944c37b271dcc63a6d3dcb,ai-ai,1,1,True,author_1,ai,author_1,ai,True,ai,"a watchmaker’s daughter, Lira, who lived in a little town nestled between misty mountains and an ever-whispering forest. From her father, she learned how"
conv_fb13f21f43944c37b271dcc63a6d3dcb,ai-ai,1,1,True,author_1,ai,author_2,ai,False,ai,"to listen for the delicate clicks and whirrs inside every clock and timepiece, how each gear told part of a secret story. Evenings were spent at a cluttered"
conv_fb13f21f43944c37b271dcc63a6d3dcb,ai-ai,2,2,True,author_1,ai,author_1,ai,True,ai,"workbench beneath the golden glow of lantern-light, her small fingers carefully fitting cogs together, eyes narrowed in concentration. She loved the comforting hush of oil and metal, the"
conv_fb13f21f43944c37b271dcc63a6d3dcb,ai-ai,2,2,True,author_1,ai,author_2,ai,False,ai,"gentle ticking that filled the silence as mechanisms came to life under her tender care. Yet outside their window, the forest whispered in a tongue she could almost understand—rustling"
conv_fb13f21f43944c37b271dcc63a6d3dcb,ai-ai,3,3,True,author_1,ai,author_1,ai,True,ai,"leaves and distant owl calls weaving through the night. Sometimes, Lira fancied the forest was trying to share a secret with her, one as intricate and hidden as the"
conv_fb13f21f43944c37b271dcc63a6d3dcb,ai-ai,3,3,True,author_1,ai,author_2,ai,False,ai,"tiny springs inside a pocket watch. One night, as she wound the town’s grand clock for her father, she caught a new sound—a faint melody, not quite music,"
conv_fb13f21f43944c37b271dcc63a6d3dcb,ai-ai,4,4,True,author_1,ai,author_1,ai,True,ai,"but more a call, drawing her to the open window. The moonlight spilled in, silvering her curls, and the melody twisted about her feet, coaxing her to"
conv_fb13f21f43944c37b271dcc63a6d3dcb,ai-ai,4,4,True,author_1,ai,author_2,ai,False,ai,"heed its summons. She slipped outside, heart fluttering with both fear and wonder, drawn toward the ancient trees at the forest's edge. There, in the moonlit clearing"
conv_fb13f21f43944c37b271dcc63a6d3dcb,ai-ai,5,5,True,author_1,ai,author_1,ai,True,ai,"stood the strangest sight: a fox with silver fur and eyes like dark sapphires, perched atop a mossy boulder. Around its neck hung a delicate, ticking"
conv_fb13f21f43944c37b271dcc63a6d3dcb,ai-ai,5,5,True,author_1,ai,author_2,ai,False,ai,"pendant watch, its chain gleaming beneath the full moon. The fox bowed its head respectfully. “You hear our forest’s time,” it murmured in a voice like"
conv_fb13f21f43944c37b271dcc63a6d3dcb,ai-ai,6,6,True,author_1,ai,author_1,ai,True,ai,"wind through branches. “Not everyone listens. Will you help us, clockmaker’s child?” 

Lira swallowed her awe and nodded. “What must I do?”"
conv_fb13f21f43944c37b271dcc63a6d3dcb,ai-ai,6,6,True,author_1,ai,author_2,ai,False,ai,"The fox’s sapphire eyes glimmered. “Our time is tangled. The forest’s heart is slowing—soon, its whisper may fall silent.” It stepped forward, offering"
conv_fb13f21f43944c37b271dcc63a6d3dcb,ai-ai,7,7,True,author_1,ai,author_1,ai,True,ai,"the pendant watch to Lira. “With this, you can mend what’s broken. But you must listen not just with your ears, but with your heart. Follow the"
conv_fb13f21f43944c37b271dcc63a6d3dcb,ai-ai,7,7,True,author_1,ai,author_2,ai,False,ai,"song beneath the ticking.” Lira clasped the pendant, its warmth pulsing through her palms. With a deep breath, she let her thoughts quiet, standing still until she"
conv_fb13f21f43944c37b271dcc63a6d3dcb,ai-ai,8,8,True,author_1,ai,author_1,ai,True,ai,"felt the melody’s thread guiding her deeper into the trees. Roots and leaves brushed her ankles as the forest sounds shifted—a harmony beneath the ordinary rustle, now clearer and more"
conv_fb13f21f43944c37b271dcc63a6d3dcb,ai-ai,8,8,True,author_1,ai,author_2,ai,False,ai,"urgent. She followed, past twisted oaks and slow-dancing ferns, to a clearing where an ancient, hollow tree stood. Within its trunk, tangled gears and vines"
conv_fb13f21f43944c37b271dcc63a6d3dcb,ai-ai,9,9,True,author_1,ai,author_1,ai,True,ai,"wound tightly together, unmoving and heavy with dust. Lira knelt before the tree, holding the pendant so its gentle ticking echoed softly in the hollow. She listened"
conv_fb13f21f43944c37b271dcc63a6d3dcb,ai-ai,9,9,True,author_1,ai,author_2,ai,False,ai,"as the pulse of the watch aligned with the hush of the ancient tree. Carefully, gently, she turned the hands of the pendant, letting its rhythm guide her fingers as she"
conv_fb13f21f43944c37b271dcc63a6d3dcb,ai-ai,10,10,True,author_1,ai,author_1,ai,True,ai,"untangled vines from rusted gears, oiling stuck cogs, whispering a promise to care for the forest’s time. As she worked, the ticking grew stronger,"
conv_fb13f21f43944c37b271dcc63a6d3dcb,ai-ai,10,10,True,author_1,ai,author_2,ai,False,ai,"until with a final, delicate adjustment, the ancient mechanism whirred to life. A pulse of gentle music hummed through roots and branches, carrying hope through the woods once"
conv_ffb8e125adcc44db9b5bd937dd32893d,ai-ai,1,1,True,author_1,ai,author_1,ai,True,ai,"a small village nestled deep within the heart of an ancient forest, where the trees whispered secrets of old and the river sang lullabies at night. The villagers lived in harmony"
conv_ffb8e125adcc44db9b5bd937dd32893d,ai-ai,1,1,True,author_1,ai,author_2,ai,False,ai,"with nature, their lives intertwined with the rhythms of the forest. At the center of the village stood a grand oak tree, its branches sprawling wide and its leaves a lush canopy"
conv_ffb8e125adcc44db9b5bd937dd32893d,ai-ai,2,2,True,author_1,ai,author_1,ai,True,ai,"that shaded the bustling marketplace below. This tree was more than just a landmark; it was a symbol of the village’s strength and unity. Under its boughs, the"
conv_ffb8e125adcc44db9b5bd937dd32893d,ai-ai,2,2,True,author_1,ai,author_2,ai,False,ai,"villagers gathered to share news, trade goods, and celebrate festivals. One such festival was approaching—the Festival of Lights, a time when the entire village would come together to"
conv_ffb8e125adcc44db9b5bd937dd32893d,ai-ai,3,3,True,author_1,ai,author_1,ai,True,ai,"light lanterns and release them into the night sky, each one carrying a wish or a prayer for the coming year. As the day of the festival drew near, the excitement"
conv_ffb8e125adcc44db9b5bd937dd32893d,ai-ai,3,3,True,author_1,ai,author_2,ai,False,ai,"in the village grew. Children ran through the streets, their laughter mingling with the scent of freshly baked bread and the sound of blacksmiths hammering away at new lantern"
conv_ffb8e125adcc44db9b5bd937dd32893d,ai-ai,4,4,True,author_1,ai,author_1,ai,True,ai,"frames. The air buzzed with anticipation, and every villager had a part to play. Elders told stories of past festivals, their eyes sparkling with nostalgia, while the"
conv_ffb8e125adcc44db9b5bd937dd32893d,ai-ai,4,4,True,author_1,ai,author_2,ai,False,ai,"younger ones helped to decorate the village square with colorful ribbons and paper flowers. As the sun began to set on the eve of the festival, the first lanterns were"
conv_ffb8e125adcc44db9b5bd937dd32893d,ai-ai,5,5,True,author_1,ai,author_1,ai,True,ai,"lit, casting a warm glow over the gathering crowd. The grand oak tree stood as a silent witness, its leaves rustling softly in the evening breeze. Villagers young and"
conv_ffb8e125adcc44db9b5bd937dd32893d,ai-ai,5,5,True,author_1,ai,author_2,ai,False,ai,"old held their lanterns high, their faces illuminated by the soft light. The moment arrived when everyone released their lanterns into the sky, and the air filled with a mesmer"
conv_ffb8e125adcc44db9b5bd937dd32893d,ai-ai,6,6,True,author_1,ai,author_1,ai,True,ai,"izing display of floating lights. Each lantern drifted upward, carrying the hopes and dreams of the villagers into the starry night. The sight was breathtaking, a testament to the community"
conv_ffb8e125adcc44db9b5bd937dd32893d,ai-ai,6,6,True,author_1,ai,author_2,ai,False,ai,"and the bonds that held them together. As the last lantern disappeared into the darkness, the villagers joined hands, forming a circle around the grand oak tree. They sang ancient songs"
conv_ffb8e125adcc44db9b5bd937dd32893d,ai-ai,7,7,True,author_1,ai,author_1,ai,True,ai,"and danced well into the night, their hearts full of joy and gratitude. The Festival of Lights not only brought light to the dark winter but also strengthened the ties that bound the"
conv_ffb8e125adcc44db9b5bd937dd32893d,ai-ai,7,7,True,author_1,ai,author_2,ai,False,ai,"village together. As the night wore on, the villagers eventually retired to their homes, their spirits lifted and their hearts warm with the promise of a bright new year. The"
conv_ffb8e125adcc44db9b5bd937dd32893d,ai-ai,8,8,True,author_1,ai,author_1,ai,True,ai,"grand oak tree remained standing tall, a silent guardian of the village’s traditions and a symbol of enduring hope. And so, the cycle of life continued, with each festival weaving"
conv_ffb8e125adcc44db9b5bd937dd32893d,ai-ai,8,8,True,author_1,ai,author_2,ai,False,ai,"new threads into the rich tapestry of the village’s history. The forest whispered its approval, and the river sang on, a gentle reminder that no matter what the future held"
conv_ffb8e125adcc44db9b5bd937dd32893d,ai-ai,9,9,True,author_1,ai,author_1,ai,True,ai,"for the village, they would face it together, united under the canopy of the ancient oak and the watchful stars above."
conv_ffb8e125adcc44db9b5bd937dd32893d,ai-ai,9,9,True,author_1,ai,author_2,ai,False,ai,"The next morning, as the first light of dawn broke through the trees, the villagers awoke with a renewed sense of purpose and community. The grand oak tree stood as a"
conv_ffb8e125adcc44db9b5bd937dd32893d,ai-ai,10,10,True,author_1,ai,author_1,ai,True,ai,"constant reminder of their resilience and the beauty of their shared traditions. With the Festival of Lights behind them, the villagers looked forward to the coming year with optimism and determination, ready"
conv_ffb8e125adcc44db9b5bd937dd32893d,ai-ai,10,10,True,author_1,ai,author_2,ai,False,ai,"to embrace whatever challenges and joys it might bring. The forest and the river continued to nurture their home, and the village thrived, a living testament to the power of unity"
