timestamp,author_1,author_2,conversation_id,respondent_id,interaction_count,llm_type,condition,edit_distance,turn,starter,author_1_type,author_2_type,starter_side,starter_type,complete_exchange,analysis_turn
2025-11-13 12:34:34.539000+00:00,There once was a young woman who had trust issues. She had been betrayed by her ex-boyfriend who cheated on her.,"with her best friend, leaving her feeling shattered and vulnerable. The experience had made her wary of opening up to anyone new, and she found herself constantly questioning the motives of those",conv_006cb479-ccd3-40d1-83fb-4b614573f636,A89X12UN9Y1T,1.0,3,human-ai,1.0,1.0,author_1,human,ai,author_1,human,True,1
2025-11-13 12:36:05.046000+00:00,who claimed they loved her. This made her hard to reach but also very lonely. She was lonely like this for many years but finally she decided,"to take a chance and start attending social events again, hoping to meet someone who could help her heal and learn to trust once more. It was at one of these events,",conv_006cb479-ccd3-40d1-83fb-4b614573f636,A89X12UN9Y1T,2.0,3,human-ai,0.0,2.0,author_1,human,ai,author_1,human,True,2
2025-11-13 12:37:38.170000+00:00,That she met another young woman just like herself who also had trust issues. They met many times without ever talking much or becoming close.,"until one evening, when they both found themselves sitting alone at a small café, each lost in their own thoughts. The atmosphere was quiet and intimate, and somehow, it seemed",conv_006cb479-ccd3-40d1-83fb-4b614573f636,A89X12UN9Y1T,3.0,3,human-ai,4.0,3.0,author_1,human,ai,author_1,human,True,3
2025-11-13 12:39:04.145000+00:00,As if they were destined to meet. They started talking and soon found out they had a lot in common. They started meeting more and over time they,"developed a deep and meaningful connection, one that was built on mutual understanding and respect. They shared their stories, their fears, and their dreams with each other, and as",conv_006cb479-ccd3-40d1-83fb-4b614573f636,A89X12UN9Y1T,4.0,3,human-ai,2.0,4.0,author_1,human,ai,author_1,human,True,4
2025-11-13 12:40:11.365000+00:00,Time went on; their connection became more than just friendship—it became love. For a long time they,"had been afraid to acknowledge the true nature of their feelings, fearing that it might ruin the beautiful bond they had established. But as they looked into each other's eyes, they",conv_006cb479-ccd3-40d1-83fb-4b614573f636,A89X12UN9Y1T,5.0,3,human-ai,4.0,5.0,author_1,human,ai,author_1,human,True,5
2025-11-13 12:41:41.674000+00:00,knew exactly what the other person was feeling. They finally burst free of their prisons of isolation and opened up for love,"and allowed themselves to be vulnerable, to trust, and to surrender to the beauty of their relationship. As they embraced each other, they felt a sense of freedom and joy that",conv_006cb479-ccd3-40d1-83fb-4b614573f636,A89X12UN9Y1T,6.0,3,human-ai,3.0,6.0,author_1,human,ai,author_1,human,True,6
2025-11-13 12:42:58.048000+00:00,"They hadn't felt in ages. However, they were out of training in trusting and their relationship.","was put to the test as they navigated the complexities of intimacy, communication, and compromise. They stumbled upon old patterns and fears, but this time, they had each other",conv_006cb479-ccd3-40d1-83fb-4b614573f636,A89X12UN9Y1T,7.0,3,human-ai,6.0,7.0,author_1,human,ai,author_1,human,True,7
2025-11-13 12:44:29.885000+00:00,"They were determined to not let this relationship be destroyed as well, and in the end, they succeeded.","built a life together, one that was filled with love, laughter, and a deep understanding of each other's strengths and weaknesses. They proved to themselves that they were capable of",conv_006cb479-ccd3-40d1-83fb-4b614573f636,A89X12UN9Y1T,8.0,3,human-ai,11.0,8.0,author_1,human,ai,author_1,human,True,8
2025-11-13 12:46:03.031000+00:00,Overcoming obstacles and regaining trust in humans. Their relationship also allowed them to open up more to other humans and form meaningful...,"connections with others, and as they looked back on their journey, they realized that their love had been the catalyst for a profound transformation, one that had brought healing, growth,",conv_006cb479-ccd3-40d1-83fb-4b614573f636,A89X12UN9Y1T,9.0,3,human-ai,11.0,9.0,author_1,human,ai,author_1,human,True,9
2025-11-13 12:47:23.227000+00:00,"Love and life. This was the true meaning of life, and they learned that nothing can kill love. They","lived happily ever after, surrounded by the beauty and wonder of life, and their love continued to flourish, a beacon of hope and inspiration to all those around them, a",conv_006cb479-ccd3-40d1-83fb-4b614573f636,A89X12UN9Y1T,10.0,3,human-ai,2.0,10.0,author_1,human,ai,author_1,human,True,10
2026-02-26 16:39:58.971000+00:00,Outside her window the storm was raging. Trees moving mechanically in the wind under the loud drumming sound of water drops falling.,"Outside her window, the storm was raging. Trees moved mechanically in the wind, the loud drumming of water drops falling against the glass. Inside, the house was quiet,",conv_02b6fce3-98d8-456f-b0e8-3708b9ca1968,6TPD1ZJ84YUA,1.0,4,human-ai,1.0,1.0,author_1,human,ai,author_1,human,True,1
2026-02-26 16:41:54.724000+00:00,"A dim candlelight stood dancing on the windowsill. She was reading a book, not paying much attention to the dark surroundings of","the room. The flickering flame cast shadows on the walls, creating a dance of light and darkness. Lost in the pages, she barely noticed the growing intensity of the storm",conv_02b6fce3-98d8-456f-b0e8-3708b9ca1968,6TPD1ZJ84YUA,2.0,4,human-ai,1.0,2.0,author_1,human,ai,author_1,human,True,2
2026-02-26 16:45:11.678000+00:00,"Her cat lay snoring on the warm blanket covering her feet. Suddenly, a loud sound came from the kitchen and she let out a short","squeak, her heart racing. She marked her page and set the book down, listening intently. The house creaked around her, but the silence that followed",conv_02b6fce3-98d8-456f-b0e8-3708b9ca1968,6TPD1ZJ84YUA,3.0,4,human-ai,2.0,3.0,author_1,human,ai,author_1,human,True,3
2026-02-26 16:46:23.795000+00:00,"The silence was deafening. She was alone for the weekend, her husband away for business on a fancy trip to New York. She didn't mind though, being alone had never bothered her. But","the sudden noise was unsettling. Gathering her courage, she got up, the cat stirring but not waking. She tiptoed to the kitchen, the floorboards protesting softly under",conv_02b6fce3-98d8-456f-b0e8-3708b9ca1968,6TPD1ZJ84YUA,4.0,4,human-ai,12.0,4.0,author_1,human,ai,author_1,human,True,4
2026-02-26 16:47:51.488000+00:00,"bare feet. She grabbed the candlelight from the windowsill as she approached the kitchen with slow, steady steps. It must have been the","wind, she told herself, trying to calm her nerves. As she neared the kitchen, the flickering light revealed nothing out of place at first. Then, she noticed",conv_02b6fce3-98d8-456f-b0e8-3708b9ca1968,6TPD1ZJ84YUA,5.0,4,human-ai,0.0,5.0,author_1,human,ai,author_1,human,True,5
2026-02-26 16:49:12.655000+00:00,"A dark shadow in the corner of the kitchen. It was almost unnoticeable at first, but she could have sworn there was movement. She stood still for a","moment, her breath held. The shadow seemed to shift again, and a chill ran down her spine. She reached for the nearest object—a wooden spoon—and raised it defensively,",conv_02b6fce3-98d8-456f-b0e8-3708b9ca1968,6TPD1ZJ84YUA,6.0,4,human-ai,1.0,6.0,author_1,human,ai,author_1,human,True,6
2026-02-26 16:50:47.944000+00:00,"Something was staring back at her. Golden eyes, ridden with malice. She could tell. She had always been good at reading people. A sixth sense, hers.","husband often teased her about. The eyes belonged to something not quite human, and her heart pounded in her chest. She swallowed hard, trying to steady herself. ""Who",conv_02b6fce3-98d8-456f-b0e8-3708b9ca1968,6TPD1ZJ84YUA,7.0,4,human-ai,2.0,7.0,author_1,human,ai,author_1,human,True,7
2026-02-26 16:51:45.541000+00:00,"Are you? What do you want? Her voice was much quieter than anticipated, almost as if the words could not find their way. She","forced herself to speak again, this time with more conviction. ""I know you're there. Show yourself."" The tension in the room was palpable, and the only response",conv_02b6fce3-98d8-456f-b0e8-3708b9ca1968,6TPD1ZJ84YUA,8.0,4,human-ai,4.0,8.0,author_1,human,ai,author_1,human,True,8
2026-02-26 16:53:04.612000+00:00,"It was more silence. Before she could even react, a dark creature, hideous beyond imagination, jumped out of the shadows with an","ear-splitting screech. She screamed and swung the wooden spoon, more out of reflex than anything else. The creature dodged easily, its eyes gleaming with a",conv_02b6fce3-98d8-456f-b0e8-3708b9ca1968,6TPD1ZJ84YUA,9.0,4,human-ai,3.0,9.0,author_1,human,ai,author_1,human,True,9
2026-02-26 16:54:16.476000+00:00,Golden glow. She felt her heart filling with adrenaline deep in her chest. And then she felt it. The warm feeling of liquid on the lower part.,"of her leg. Looking down, she saw a small cut, the source of the warmth. The creature circled her, its movements swift and calculated. She backed away,",conv_02b6fce3-98d8-456f-b0e8-3708b9ca1968,6TPD1ZJ84YUA,10.0,4,human-ai,5.0,10.0,author_1,human,ai,author_1,human,True,10
2025-11-06 12:16:16.855000+00:00,"John Cena, the famous wrestler also known for his famous war cry LETS FLIPFLOPPING DO THIS. Which a lot of people","misinterpreted as ""Let's do this,"" but only his true fans knew the authentic phrase that fueled his unrelenting passion for body-slamming his opponents. One day",conv_0bb56093-3033-4615-bb70-ebfa4135589a,VHE1FW23AMCW,1.0,3,human-ai,1.0,1.0,author_1,human,ai,author_1,human,True,1
2025-11-06 12:17:02.202000+00:00,"John would take a stroll in his minivan, drop K-dot off, cause I know he tryna flock on Sherane tonight. But","little did John know, K-dot, aka Kendrick Lamar, had other plans, and as he stepped out of the mama van, he whispered to John, ""Yo, Cena",conv_0bb56093-3033-4615-bb70-ebfa4135589a,VHE1FW23AMCW,2.0,3,human-ai,5.0,2.0,author_1,human,ai,author_1,human,True,2
2025-11-06 12:17:59.759000+00:00,"Hair pitch black like the midnight sky. Eyes like the jungle, you're something wild. Her sweet melody sings.","to the rhythm of the African drums, and John's warrior spirit began to stir, as he remembered the enchanting songstress, Sherane, who had captured Kendrick's heart",conv_0bb56093-3033-4615-bb70-ebfa4135589a,VHE1FW23AMCW,3.0,3,human-ai,3.0,3.0,author_1,human,ai,author_1,human,True,3
2025-11-06 12:18:18.800000+00:00,"Nothing here changes, seasons go by. You said, ""Hello,"" you said, ""Goodbye."" Did you run away? Mariella, where did you go?","The echoes of her name lingered in the air, as John's mind began to wander, recalling the tales Kendrick had shared about his tumultuous relationship with Sherane, but",conv_0bb56093-3033-4615-bb70-ebfa4135589a,VHE1FW23AMCW,4.0,3,human-ai,3.0,4.0,author_1,human,ai,author_1,human,True,4
2025-11-06 12:18:57.034000+00:00,"Okay, I know that's borderline Compton or Paramount. ""Well, is it Compton?"" ""No,"" she replied. Then quickly started battin' her eyes. I strictly had","to have her, and the city lights of Paramount blurred together as John's mama van sped down the boulevard, the sound of Kendrick's storytelling fading into the distance, replaced",conv_0bb56093-3033-4615-bb70-ebfa4135589a,VHE1FW23AMCW,5.0,3,human-ai,5.0,5.0,author_1,human,ai,author_1,human,True,5
2025-11-06 12:19:21.053000+00:00,"But not enough to stop me from gettin' a nut. ""I wanna come over, what's up?"" That's what I told her soon as this episode of Martin go off.","the TV screen flickered to black, and John's eyes met Kendrick's, who was grinning mischievously, as if to say, ""You know what's",conv_0bb56093-3033-4615-bb70-ebfa4135589a,VHE1FW23AMCW,6.0,3,human-ai,3.0,6.0,author_1,human,ai,author_1,human,True,6
2025-11-06 12:19:42.439000+00:00,"Passin' Alameda, my gas meter in need of a pump. I got enough to get me through the traffic jam. At least I hope, 'cause my pockets broke.","and the mama van's engine sputtered, as if echoing John's concern, but Kendrick just nodded sympathetically, his mind still preoccupied with the memories of Sherane",conv_0bb56093-3033-4615-bb70-ebfa4135589a,VHE1FW23AMCW,7.0,3,human-ai,3.0,7.0,author_1,human,ai,author_1,human,True,7
2025-11-06 12:20:12.986000+00:00,"I had a fifth in the trunk like Curtis Jackson for ransom, I'm hopin' to get her loose like an Uncle Luke anthem. I'm two blocks away, two.","minutes from her doorstep, and the anticipation was building up, as John's fingers drummed against the steering wheel, and Kendrick started to rap along, ""Two blocks away,",conv_0bb56093-3033-4615-bb70-ebfa4135589a,VHE1FW23AMCW,8.0,3,human-ai,3.0,8.0,author_1,human,ai,author_1,human,True,8
2025-11-06 12:20:49.460000+00:00,"Kendrick, where you at? Damn, I'm sittin' here waitin' on my van. You told me you was gon' be back.","in a minute, but the minutes turned to hours, and the hours turned to silence, leaving John Cena alone in the mama van, the only sound being the hum of the",conv_0bb56093-3033-4615-bb70-ebfa4135589a,VHE1FW23AMCW,9.0,3,human-ai,2.0,9.0,author_1,human,ai,author_1,human,True,9
2025-11-06 12:23:08.273000+00:00,"I need to know when you gon' bring back my damn car (And squab, homie) This man fussin' 'bout some damn dominoes It ain't all that","serious, but John's patience had worn thin, and he let out a loud ""LETS FLIPFLOPPING DO THIS!"" as he stormed out of the mama",conv_0bb56093-3033-4615-bb70-ebfa4135589a,VHE1FW23AMCW,10.0,3,human-ai,0.0,10.0,author_1,human,ai,author_1,human,True,10
2025-11-10 19:27:13.854000+00:00,"a small town girl who dreams of adventure and the opportunity to explore the world, but family responsibilities and economic challenges are insurmountable.","She feels trapped in the mundane routine of her daily life, working at the local diner to make ends meet, while her mind wanders to far-off lands and exotic cultures.",conv_0f18b30f-7d4b-4681-b98e-a0ff4f2b5256,HY53S2L3H43F,1.0,3,human-ai,4.0,1.0,author_1,human,ai,author_1,human,True,1
2025-11-10 19:30:40.871000+00:00,"Fueled by her reading habit, by books like Kon-Tiki and Out of Africa and Lawrence of Arabia, she brainstorms ways to escape her responsibilities and pad her","savings, which are meager at best, but she's determined to find a way to break free from the constraints of her small town and experience the thrill of adventure for",conv_0f18b30f-7d4b-4681-b98e-a0ff4f2b5256,HY53S2L3H43F,2.0,3,human-ai,1.0,2.0,author_1,human,ai,author_1,human,True,2
2025-11-10 19:34:04.681000+00:00,a more fulfilling future. Everything from increasing the fees for her babysitting and petsitting side gigs to robbing the local convenience store flitted through her,"mind, though she quickly dismisses the latter as a reckless and foolish idea, knowing that it would only lead to trouble and jeopardize the very people she cares about, her",conv_0f18b30f-7d4b-4681-b98e-a0ff4f2b5256,HY53S2L3H43F,3.0,3,human-ai,3.0,3.0,author_1,human,ai,author_1,human,True,3
2025-11-10 19:36:22.380000+00:00,"Mild-mannered mother, Puritanical father, and most of all her beloved Granny Gigi who has hinted at a bequest in her.","will, a secret stash of money that Granny Gigi had set aside from her own adventures as a young woman, traveling the world as a missionary's wife, and which she",conv_0f18b30f-7d4b-4681-b98e-a0ff4f2b5256,HY53S2L3H43F,4.0,3,human-ai,3.0,4.0,author_1,human,ai,author_1,human,True,4
2025-11-10 19:39:08.299000+00:00,smuggled out of Pakistan in the hollow tubing of her crutches as she feigned a broken leg suffered in the uprising in her field,"hospital, a tale that Granny Gigi would only hint at with a sly glint in her eye, leaving the small town girl to wonder about the full story and the exact",conv_0f18b30f-7d4b-4681-b98e-a0ff4f2b5256,HY53S2L3H43F,5.0,3,human-ai,0.0,5.0,author_1,human,ai,author_1,human,True,5
2025-11-10 19:42:35.445000+00:00,"details of her foreign service. Unfortunately for the girl with wanderlust, Granny Gigi is as hale and hearty as a 79-year-old can be, so murder",,conv_0f18b30f-7d4b-4681-b98e-a0ff4f2b5256,HY53S2L3H43F,6.0,3,human-ai,3.0,6.0,author_1,human,ai,author_1,human,False,
2025-11-10 19:44:13.099000+00:00,Maybe the only means of hastening that bequest. Recognizing that unfettered travel burdened by inconsolable grief and guilt is not,"a price she's willing to pay, the small town girl sets her sights on more legitimate means of financing her escape, and begins to scour the local community for any opportunity that",conv_0f18b30f-7d4b-4681-b98e-a0ff4f2b5256,HY53S2L3H43F,7.0,3,human-ai,2.0,7.0,author_1,human,ai,author_1,human,True,6
2025-11-10 19:47:36.963000+00:00,May legally further her goals. She studies public bulletin boards and social media for ideas and happens upon an ad: Responsible young woman wanted.,"to care for a sailboat and crew for a seasonal voyage, with all expenses paid and a generous stipend, an opportunity that seems almost too good to be true, but",conv_0f18b30f-7d4b-4681-b98e-a0ff4f2b5256,HY53S2L3H43F,8.0,3,human-ai,2.0,8.0,author_1,human,ai,author_1,human,True,7
2025-11-10 19:50:27.470000+00:00,"For her, it is clearly a dream come true. Well, it is if you ignore her fear of boats emanating from a tendency toward severe seasickness, even when watching the ocean.","scenes in movies, but the prospect of sailing to distant shores and exploring the world beyond her small town is too enticing to let a little thing like seasickness stand in her way",conv_0f18b30f-7d4b-4681-b98e-a0ff4f2b5256,HY53S2L3H43F,9.0,3,human-ai,15.0,9.0,author_1,human,ai,author_1,human,True,8
2025-11-10 19:53:52.897000+00:00,"Armed with a supply of seabands, Demerol, and Ziploc bags, she boards a bus for the 8-hour trip to Norfolk, Virginia, where her destiny awaits—a","42-foot ketch named ""Maverick's Revenge"", its captain a grizzled old sailor named Jack, who looks her up and down before nodding curtly and",conv_0f18b30f-7d4b-4681-b98e-a0ff4f2b5256,HY53S2L3H43F,10.0,3,human-ai,6.0,10.0,author_1,human,ai,author_1,human,True,9
2025-11-18 08:40:17.914000+00:00,"A young girl, riding her bike down the main street, as she suddenly spots something very surprising on the horizon. She gets off of her bike, to fully take","in the sight before her. The object, which had initially appeared as a mere speck, was now growing larger and more defined. It was an old-fashioned hot air balloon",conv_11293fd2-d757-471f-8e2e-783542167a8e,L9SW1MM65H9W,1.0,3,human-ai,0.0,1.0,author_1,human,ai,author_1,human,True,1
2025-11-18 08:41:51.401000+00:00,"She gaped, as she had never seen one in real life. However, as the air balloon moved closer, she saw something just as strange in the basket.","an old trunk, adorned with intricate carvings and a large, rusted lock, sitting prominently in the center of the basket, surrounded by various strange and colorful items that",conv_11293fd2-d757-471f-8e2e-783542167a8e,L9SW1MM65H9W,2.0,3,human-ai,6.0,2.0,author_1,human,ai,author_1,human,True,2
2025-11-18 08:43:08.034000+00:00,"Glittered in the sunlight. Atop the trunk sat a very peculiar creature. Not quite human, but not like any other animal she had ever seen, dressed","in a long, velvet coat with brass buttons, and a top hat that seemed to be tilted at a rakish angle, giving the creature an air of whimsy and sophistication",conv_11293fd2-d757-471f-8e2e-783542167a8e,L9SW1MM65H9W,3.0,3,human-ai,4.0,3.0,author_1,human,ai,author_1,human,True,3
2025-11-18 08:44:26.026000+00:00,"In the middle of its face were old-fashioned goggles; as the balloon came to a halt in the air above her, the creature lifted them.","and peered down at the young girl with an unblinking gaze, its eyes gleaming with a mixture of curiosity and mischief, as it removed the goggles to reveal eyes",conv_11293fd2-d757-471f-8e2e-783542167a8e,L9SW1MM65H9W,4.0,3,human-ai,4.0,4.0,author_1,human,ai,author_1,human,True,4
2025-11-18 08:45:59.856000+00:00,"That shone bright yellow in the early morning light. She peered up at the creature with curious eyes. ""Good","morning to you, young one,"" the creature replied in a low, raspy voice, its tone surprisingly warm and gentle, as it tipped its top hat in a courteous",conv_11293fd2-d757-471f-8e2e-783542167a8e,L9SW1MM65H9W,5.0,3,human-ai,2.0,5.0,author_1,human,ai,author_1,human,True,5
2025-11-18 08:47:06.647000+00:00,"Greeting. ""Excuse me, but what are you doing?,"" she asked politely, as nothing ever happened in her small town, and as such, this was","a shock to her system, and she found herself struggling to process the sheer strangeness of the situation, as the creature smiled and began to carefully climb down from the basket,",conv_11293fd2-d757-471f-8e2e-783542167a8e,L9SW1MM65H9W,6.0,3,human-ai,4.0,6.0,author_1,human,ai,author_1,human,True,6
2025-11-18 08:48:45.735000+00:00,"Gliding gracefully down a sturdy-looking rope. ""Me? Well, I'm here on an adventure, my girl. Would you care to join me in my secret","expedition?"" the creature asked, its yellow eyes sparkling with excitement, as it reached the ground and began to brush off its coat, revealing a pocket watch chain and a small",conv_11293fd2-d757-471f-8e2e-783542167a8e,L9SW1MM65H9W,7.0,3,human-ai,1.0,7.0,author_1,human,ai,author_1,human,True,7
2025-11-18 08:49:53.256000+00:00,"Watch, ticking away. It looked like no other watch the girl had ever seen, decorated with fine gemstones, its hands whirring away at a strange speed.","as if measuring time itself in a unique and mystical way, and the creature, noticing her fascination with the timepiece, smiled knowingly and said, ""This, my dear,",conv_11293fd2-d757-471f-8e2e-783542167a8e,L9SW1MM65H9W,8.0,3,human-ai,2.0,8.0,author_1,human,ai,author_1,human,True,8
2025-11-18 08:51:29.050000+00:00,"""It is no ordinary watch. It grants its master the ability to travel through both time and space!"" The creature grinned. ""Then, why do you need the balloon?""","the girl asked again, her curiosity getting the better of her, and the creature chuckled, a low, rumbling sound, as it replied, ""Ah, the balloon is",conv_11293fd2-d757-471f-8e2e-783542167a8e,L9SW1MM65H9W,9.0,3,human-ai,5.0,9.0,author_1,human,ai,author_1,human,True,9
2025-11-18 08:52:32.415000+00:00,"merely a fun accessory. So, girl, where would you like to go? Anywhere in the world, anytime!"" The girl pondered the question. ""Well, I'm late","for school,"" she said finally, a hint of a smile on her face, and the creature laughed, a delighted sound, as it said, ""Ah, how wonderfully mundane",conv_11293fd2-d757-471f-8e2e-783542167a8e,L9SW1MM65H9W,10.0,3,human-ai,1.0,10.0,author_1,human,ai,author_1,human,True,10
2025-11-18 08:56:43.061000+00:00,"a bear named Per Hansen. He was your usual, run-of-the-mill bear turned Danish. One day he was taking a walk through the cold winter.",,conv_155f7493-3058-435d-a672-40e7e8ec213a,PZ3AEZTPEDC9,1.0,4,human-ai,14.0,1.0,author_1,human,ai,author_1,human,False,
2025-11-18 10:31:55.623000+00:00,Air. The sun was setting and he wondered. Who was he gonna vote for the next kommunalvalg? He had absolutely no idea who the candidates were.,"were or what they stood for. Sighing, he leaned back in his creaky wooden chair, the last rays of sunlight casting long shadows across the room. His",conv_155f7493-3058-435d-a672-40e7e8ec213a,PZ3AEZTPEDC9,2.0,4,human-ai,11.0,2.0,author_1,human,ai,author_1,human,True,1
2025-11-18 10:33:41.597000+00:00,"Valgkort laid out on the table. So many options. What would his mother say? Argh, it is of no use. The dilemma was even still thundering in his head.","mind as he picked up the ballot paper, his fingers tracing the names of the candidates. Each one seemed to blend into the next, a sea of unfamiliar faces and promises.",conv_155f7493-3058-435d-a672-40e7e8ec213a,PZ3AEZTPEDC9,3.0,4,human-ai,13.0,3.0,author_1,human,ai,author_1,human,True,2
2025-11-18 10:35:40.147000+00:00,"""I like this candidate!"" Peter thought to himself. They like nature and think we should be voting more green. But they did have that scandal last year.",year. Per’s brow furrowed as he recalled the headlines. It wasn’t just about the environment; integrity mattered too. He set the ballot down and rubbed his temples,conv_155f7493-3058-435d-a672-40e7e8ec213a,PZ3AEZTPEDC9,4.0,4,human-ai,8.0,4.0,author_1,human,ai,author_1,human,True,3
2025-11-18 10:38:01.483000+00:00,"""Come on!"" he exclaimed. He had promised Goldilocks to go to the village together. She ALWAYS knew where she would put her ""X"". She would put","it without a second thought, her confidence both enviable and a bit intimidating. Per stood up, straightened his shirt, and grabbed his coat. It was time to meet",conv_155f7493-3058-435d-a672-40e7e8ec213a,PZ3AEZTPEDC9,5.0,4,human-ai,9.0,5.0,author_1,human,ai,author_1,human,True,4
2025-11-18 10:40:07.476000+00:00,"At the old willow, as it whispered in the winter air, reminding him of his unwillingness to choose. What did Mama Bear always say?","to him? Per closed his eyes, letting the gentle breeze carry the memory. “Per,” he could almost hear her deep, calming voice, “sometimes the hardest choices are",conv_155f7493-3058-435d-a672-40e7e8ec213a,PZ3AEZTPEDC9,6.0,4,human-ai,6.0,6.0,author_1,human,ai,author_1,human,True,5
2025-11-18 10:41:37.091000+00:00,"Cringey, and crusty. That sounds about right... mama really liked toast. Hmmm, but who is the crunchiest candidate of them?","all?” Per chuckled at the absurdity of the thought. As he walked toward the old willow, he decided to trust Goldilocks’ instincts. Maybe, just maybe",conv_155f7493-3058-435d-a672-40e7e8ec213a,PZ3AEZTPEDC9,7.0,4,human-ai,7.0,7.0,author_1,human,ai,author_1,human,True,6
2025-11-18 10:43:12.167000+00:00,"He would feel the paper, for the crunchiest candidate. Where the paper is the most crisp is the right candidate for","him. With a determined nod, he quickened his pace, the setting sun casting a warm glow on his path. The old willow loomed ahead, its branches sw",conv_155f7493-3058-435d-a672-40e7e8ec213a,PZ3AEZTPEDC9,8.0,4,human-ai,4.0,8.0,author_1,human,ai,author_1,human,True,7
2025-11-18 10:44:45.174000+00:00,"Swatted all his doubt away as he saw Goldilocks. ""Ready?"" she greeted him. ""As ready as I can be."" Then he ate her... you know how bears do.","are,” Per joked, grinning. Goldilocks laughed, her eyes twinkling. “Let’s do this,” she said, and they walked together toward the polling station",conv_155f7493-3058-435d-a672-40e7e8ec213a,PZ3AEZTPEDC9,9.0,4,human-ai,19.0,9.0,author_1,human,ai,author_1,human,True,8
2025-11-18 10:46:04.499000+00:00,"No, no, no. Per the bear, he really ate Goldilocks. He was hungry. He is both a bear and a man. Never be alone in the woods with him.","a bear, even if he seems friendly. Per, now fully embracing his bear side, realized the gravity of his actions. He felt a pang of regret but also a strange",conv_155f7493-3058-435d-a672-40e7e8ec213a,PZ3AEZTPEDC9,10.0,4,human-ai,14.0,10.0,author_1,human,ai,author_1,human,True,9
2025-11-10 16:45:32.908000+00:00,a girl with no name. She would have been given one by the leaders of her small village if they hadn't noticed her.,"unusual eyes, a striking blend of green and blue that shimmered like the depths of a mountain lake. The village elders saw this as a sign, a mark of destiny",conv_18be1999-da21-4ab6-8f9e-e52e6d9c8070,NVTM94R9HM9T,1.0,4,human-ai,3.0,1.0,author_1,human,ai,author_1,human,True,1
2025-11-10 16:48:05.577000+00:00,"""When she comes of age, she will embark on a journey to still the raging oceans so we can once again fish and sail too.""","distant lands,"" the village elder declared, his voice echoing through the small, candle-lit chamber. ""Until then, she must prepare and learn the ways of our ancestors",conv_18be1999-da21-4ab6-8f9e-e52e6d9c8070,NVTM94R9HM9T,2.0,4,human-ai,3.0,2.0,author_1,human,ai,author_1,human,True,2
2025-11-10 20:57:56.584000+00:00,She was swept from her family and home she never knew and thrust into the musty library where the elders watched over and,"taught her ancient secrets and forgotten lore. Day after day, she delved into dusty tomes and cryptic scrolls, her mind absorbing knowledge as eagerly as her eyes soaked",conv_18be1999-da21-4ab6-8f9e-e52e6d9c8070,NVTM94R9HM9T,3.0,4,human-ai,0.0,3.0,author_1,human,ai,author_1,human,True,3
2025-11-10 20:59:58.077000+00:00,"Up the names of powerful and simple things alike. But she couldn't help but long for a name of her own, even though the","elders reminded her that her true name would be revealed when the time was right. In the quiet moments between lessons, she would gaze out the window at the distant sea,",conv_18be1999-da21-4ab6-8f9e-e52e6d9c8070,NVTM94R9HM9T,4.0,4,human-ai,1.0,4.0,author_1,human,ai,author_1,human,True,4
2025-11-10 21:02:13.721000+00:00,"Watching the violent waves crash and spray, I wonder how a nameless nobody could ever conquer something.","so vast and wild. Yet, deep within her, a spark of determination flickered, fueled by the mysterious power in her eyes and the ancient knowledge she was amassing.",conv_18be1999-da21-4ab6-8f9e-e52e6d9c8070,NVTM94R9HM9T,5.0,4,human-ai,5.0,5.0,author_1,human,ai,author_1,human,True,5
2025-11-10 21:04:46.577000+00:00,"On the night of her 15th birthday, the village elders and people all celebrated her as she walked through the village gates stubbornly towards","the library, where a grand ceremony awaited. The air was thick with anticipation, and the villagers cheered her on, their faces illuminated by the flickering torchlight. As she",conv_18be1999-da21-4ab6-8f9e-e52e6d9c8070,NVTM94R9HM9T,6.0,4,human-ai,0.0,6.0,author_1,human,ai,author_1,human,True,6
2025-11-10 21:08:05.577000+00:00,"Accepted the elder's formal mission, she carefully held her gaze on him despite the excitement around her. He gave her the tools she","would need for her journey: a compass that always pointed true, a small, enchanted dagger, and a map etched with ancient symbols. ""Your name will be revealed when",conv_18be1999-da21-4ab6-8f9e-e52e6d9c8070,NVTM94R9HM9T,7.0,4,human-ai,1.0,7.0,author_1,human,ai,author_1,human,True,7
2025-11-10 21:12:46.036000+00:00,"""You face the heart of the storm."" She didn't understand those words, but all the longing and restlessness in her heart could not be silenced.","any longer. With a deep breath, she stepped forward, her determination unwavering. The villagers watched in awe as she began her journey, the first step toward a destiny",conv_18be1999-da21-4ab6-8f9e-e52e6d9c8070,NVTM94R9HM9T,8.0,4,human-ai,3.0,8.0,author_1,human,ai,author_1,human,True,8
2025-11-10 21:14:48.919000+00:00,"that had been hers since her first breath. With every step, the cheering of the village grew farther away, replaced by the","roar of the wind and the rhythmic crashing of the waves. The girl with no name, driven by a purpose greater than herself, marched toward the horizon, ready to",conv_18be1999-da21-4ab6-8f9e-e52e6d9c8070,NVTM94R9HM9T,9.0,4,human-ai,0.0,9.0,author_1,human,ai,author_1,human,True,9
2025-11-10 21:17:22.053000+00:00,"Swim to any depths, climb to any heights, to reach the heart of the storm and pierce it with the enchanted dagger. Surely that would still","the raging oceans and earn her the name she had longed for. As the sun set behind her and the first stars flickered to life in the sky, she felt the",conv_18be1999-da21-4ab6-8f9e-e52e6d9c8070,NVTM94R9HM9T,10.0,4,human-ai,1.0,10.0,author_1,human,ai,author_1,human,True,10
2025-11-21 05:06:22.202000+00:00,There was once a man in a sauna who really liked the smell of sandalwood. This man was also known for his love of surfing the waves with a certain mechanical assistance in the,"form of a sleek, silver jet-powered surfboard that allowed him to ride the waves with incredible speed and agility. As he sat in the sauna, surrounded by the warm,",conv_1a776856-1876-44eb-b0f6-31b31250ddca,F2NA3TTJNG9S,1.0,3,human-ai,1.0,1.0,author_1,human,ai,author_1,human,True,1
2025-11-21 05:07:19.837000+00:00,"Saunas, he really got to thinking about life and what it brings. The heat of the sauna combined with the artful smell combinations.","of sandalwood and eucalyptus wafting through the air seemed to clarify his thoughts, and he found himself pondering the similarities between the fleeting nature of",conv_1a776856-1876-44eb-b0f6-31b31250ddca,F2NA3TTJNG9S,2.0,3,human-ai,4.0,2.0,author_1,human,ai,author_1,human,True,2
2025-11-21 05:08:09.323000+00:00,The human experience. He found that he felt the most sure about his deepest wishes and desires when he had just emerged from the heat and,"stepped out into the cool, crisp air, feeling the sudden rush of clarity and purpose that came with the abrupt change in temperature. It was as if the sauna had washed",conv_1a776856-1876-44eb-b0f6-31b31250ddca,F2NA3TTJNG9S,3.0,3,human-ai,5.0,3.0,author_1,human,ai,author_1,human,True,3
2025-11-21 05:09:04.324000+00:00,"Away all that created problems in his day-to-day. He really liked spending his Sundays here, and would sometimes bring guests into","the sauna, sharing the tranquility and stimulating conversation that seemed to flow effortlessly in the warm, intimate atmosphere. His friends would often remark on the unique sense of camaraderie",conv_1a776856-1876-44eb-b0f6-31b31250ddca,F2NA3TTJNG9S,4.0,3,human-ai,4.0,4.0,author_1,human,ai,author_1,human,True,4
2025-11-21 05:10:01.701000+00:00,"That this experience created. Once outside of the sauna, regular life would, for better or worse, have to continue on as it had.","before, with its familiar routines and responsibilities, but somehow the experience of the sauna lingered, leaving an imprint on his mind and heart, a reminder of the peace and clarity",conv_1a776856-1876-44eb-b0f6-31b31250ddca,F2NA3TTJNG9S,5.0,3,human-ai,2.0,5.0,author_1,human,ai,author_1,human,True,5
2025-11-21 05:13:25.896000+00:00,"That can be found, even in the rush of expectations and wishes for self-improvement, which are otherwise always present.","and which often seemed to weigh heavily on his mind, like a constant hum of self-doubt and striving, but in the stillness of the sauna, all of that",conv_1a776856-1876-44eb-b0f6-31b31250ddca,F2NA3TTJNG9S,6.0,3,human-ai,3.0,6.0,author_1,human,ai,author_1,human,True,6
2025-11-21 05:14:31.955000+00:00,"was sweated out of the body through the pores, although even with all this sweat, the smells were always","pleasantly overpowered by the fragrant aromas of the essential oils, sandalwood, and eucalyptus, that filled the air, creating a sense of",conv_1a776856-1876-44eb-b0f6-31b31250ddca,F2NA3TTJNG9S,7.0,3,human-ai,2.0,7.0,author_1,human,ai,author_1,human,True,7
2025-11-21 05:18:10.638000+00:00,"Absolute serenity. Even though the day-to-day challenges this man faced could be of a different nature for each night slept, the peace of the sauna","remained a constant, a dependable refuge from the turmoil and uncertainty of life, a place where he could let his guard down and simply be, surrounded by the gentle heat and",conv_1a776856-1876-44eb-b0f6-31b31250ddca,F2NA3TTJNG9S,8.0,3,human-ai,3.0,8.0,author_1,human,ai,author_1,human,True,8
2025-11-21 05:19:44.418000+00:00,"Clouds of smells. Even with a constant such as this, the basic human response to achieving something is not satisfaction, but","a fleeting sense of contentment, soon giving way to new desires and aspirations, a perpetual cycle of pursuit and longing, and yet, in the tranquility of the sauna,",conv_1a776856-1876-44eb-b0f6-31b31250ddca,F2NA3TTJNG9S,9.0,3,human-ai,1.0,9.0,author_1,human,ai,author_1,human,True,9
2025-11-21 05:20:34.699000+00:00,"He was not fully free of this perpetual cycle, as the creativity of this man also showed itself in new combinations of","essential oils and fragrances, as he continually experimented with novel blends, seeking to create the perfect harmony of scents to enhance the sauna experience, a testament to the enduring presence",conv_1a776856-1876-44eb-b0f6-31b31250ddca,F2NA3TTJNG9S,10.0,3,human-ai,1.0,10.0,author_1,human,ai,author_1,human,True,10
2025-10-27 11:47:47.606000+00:00,"a mad scientist called Julius, who is trying to create a time machine to go back in time and prevent the birth of a terrible dictator.","a mad scientist called Julius, who, in the dim light of his cluttered laboratory, pored over ancient texts and cutting-edge scientific journals. His",conv_20c3db22-5b6d-42fa-bdee-f1e1a84fe6e8,7YRXJCKYHT9X,1.0,4,human-ai,4.0,1.0,author_1,human,ai,author_1,human,True,1
2025-10-27 11:48:32.411000+00:00,His goal was to understand everything he could about the nature of time in order to build a time machine in order to harness the power of,"the fourth dimension. Every day and night, he worked tirelessly, fueled by a mix of ambition, desperation, and a deep sense of moral duty. The dictator he aimed to",conv_20c3db22-5b6d-42fa-bdee-f1e1a84fe6e8,7YRXJCKYHT9X,2.0,4,human-ai,6.0,2.0,author_1,human,ai,author_1,human,True,2
2025-10-27 11:49:55.103000+00:00,"Strahd was named Adolfus and was presently oppressing the people of Barovia in an eternal war machine, and persecuting the region's minority groups.","Julius had seen the horrors firsthand during a brief visit to Barovia, where the once-thriving streets were now filled with fear and suffering. The more he learned",conv_20c3db22-5b6d-42fa-bdee-f1e1a84fe6e8,7YRXJCKYHT9X,3.0,4,human-ai,6.0,3.0,author_1,human,ai,author_1,human,True,3
2025-10-27 11:52:23.867000+00:00,The more he knew that his sole mission in life was to not just end the dictator and the Nazis' reign but to prevent it from happening in the first place.,"With a renewed sense of purpose, Julius began to assemble the components of his Time Machine. He scavenged parts from abandoned factories, raided libraries for forbidden knowledge, and conducted",conv_20c3db22-5b6d-42fa-bdee-f1e1a84fe6e8,7YRXJCKYHT9X,4.0,4,human-ai,3.0,4.0,author_1,human,ai,author_1,human,True,4
2025-10-27 11:54:09.929000+00:00,"Experiments on willing volunteers, awaiting the point when he himself would travel back in time to change the course and direction of","history. The final piece of his invention, a mysterious crystal he had discovered in an ancient cave, was the key to unlocking the time-traveling potential. As the machine",conv_20c3db22-5b6d-42fa-bdee-f1e1a84fe6e8,7YRXJCKYHT9X,5.0,4,human-ai,1.0,5.0,author_1,human,ai,author_1,human,True,5
2025-10-27 11:56:00.336000+00:00,"Whirred into action, Julius strapped himself into the attached seat and put on his radioactivity-blocking helmet, as he adjusted.","the dials and levers with a steady hand. The air around him buzzed with an otherworldly energy, and the walls of his laboratory began to blur and distort",conv_20c3db22-5b6d-42fa-bdee-f1e1a84fe6e8,7YRXJCKYHT9X,6.0,4,human-ai,2.0,6.0,author_1,human,ai,author_1,human,True,6
2025-10-27 11:57:11.775000+00:00,"And he felt his body being pushed and pulled in all directions. He lost consciousness, and when he awoke, he found himself in","a different time and place. The year was 1890, and he was in a small, bustling village that would one day become the heart of Barovia",conv_20c3db22-5b6d-42fa-bdee-f1e1a84fe6e8,7YRXJCKYHT9X,7.0,4,human-ai,5.0,7.0,author_1,human,ai,author_1,human,True,7
2025-10-27 11:58:35.380000+00:00,"Julius exited the time machine and got his bearings, looking around the town for signs of the local butcher shop, where he knew","Adolfus's father worked. The streets were lined with cobblestones, and the air was filled with the smells of freshly baked bread and horse-drawn carriages.",conv_20c3db22-5b6d-42fa-bdee-f1e1a84fe6e8,7YRXJCKYHT9X,8.0,4,human-ai,4.0,8.0,author_1,human,ai,author_1,human,True,8
2025-10-27 12:00:25.659000+00:00,"Julius spotted the butcher shop and headed there immediately. Inside he saw a large man with a blood-stained apron, whom he immediately","recognized as Adolfus's father. Julius approached him with a sense of trepidation, knowing that the slightest misstep could alter the timeline in unpredictable ways. ""Excuse",conv_20c3db22-5b6d-42fa-bdee-f1e1a84fe6e8,7YRXJCKYHT9X,9.0,4,human-ai,1.0,9.0,author_1,human,ai,author_1,human,True,9
2025-10-27 12:02:10.342000+00:00,"""Me,"" Julius said. ""Could we talk privately in your back room? I have a matter of the utmost importance to discuss with you, but","it cannot be spoken of here,"" Julius added, his voice low and urgent. The butcher, sensing the gravity of the situation, nodded curtly and led Julius to a small",conv_20c3db22-5b6d-42fa-bdee-f1e1a84fe6e8,7YRXJCKYHT9X,10.0,4,human-ai,6.0,10.0,author_1,human,ai,author_1,human,True,10
2025-12-10 13:51:47.579000+00:00,"a fairy living in wonderland. She is a very happy fairy, who has lots and lots of fairy friends. They are all special.","and unique, each with their own magical talents. One day, while fluttering through the Enchanted Forest, the fairy named Lila discovered a mysterious, shimmering flower",conv_23ed55f8-cc91-439f-8c8e-e24f66457596,PTD9FW2YEPSS,1.0,4,human-ai,4.0,1.0,author_1,human,ai,author_1,human,True,1
2025-12-10 13:52:54.081000+00:00,"She bent down to take a look at it. At first she was careful, but she couldn't shake her curiosity. She just had to touch.","the delicate petals. As soon as her fingers brushed against them, the flower began to glow even brighter, and a soft, melodic voice whispered, “Welcome, Lila",conv_23ed55f8-cc91-439f-8c8e-e24f66457596,PTD9FW2YEPSS,2.0,4,human-ai,3.0,2.0,author_1,human,ai,author_1,human,True,2
2025-12-10 13:54:23.010000+00:00,"I am the flower of three wishes. You have discovered me... Now you can have 3 wishes. I will grant your wishes, but only if they...","are used wisely and for the good of all in Wonderland. What will you wish for?” Lila, surprised but excited, thought hard about the possibilities. She knew that her",conv_23ed55f8-cc91-439f-8c8e-e24f66457596,PTD9FW2YEPSS,3.0,4,human-ai,6.0,3.0,author_1,human,ai,author_1,human,True,3
2025-12-10 13:55:55.980000+00:00,"Mother was always bothered by their lack of wealth, and now this was a chance for her to help her and take away her worries. But is that really the best?","use of such powerful wishes? Lila’s heart ached with the weight of the decision. She looked around at her fairy friends playing in the sunbeams, their laughter",conv_23ed55f8-cc91-439f-8c8e-e24f66457596,PTD9FW2YEPSS,4.0,4,human-ai,4.0,4.0,author_1,human,ai,author_1,human,True,4
2025-12-10 13:57:19.956000+00:00,"reminded her of some children in the community. Sometimes a mysterious illness would appear in Wonderland,","causing much sorrow and pain. Lila realized that perhaps her first wish could be used to heal all the sick children in Wonderland, ensuring their happiness and health. With a",conv_23ed55f8-cc91-439f-8c8e-e24f66457596,PTD9FW2YEPSS,5.0,4,human-ai,0.0,5.0,author_1,human,ai,author_1,human,True,5
2025-12-10 13:58:41.430000+00:00,"Sigh, she opened her mouth. ""Dear flower of three wishes, please have this evil disease be done away with. Please save.""","all the children in Wonderland from suffering."" The flower pulsed with a warm, golden light, and Lila felt a wave of peace wash over her. The air filled with",conv_23ed55f8-cc91-439f-8c8e-e24f66457596,PTD9FW2YEPSS,6.0,4,human-ai,5.0,6.0,author_1,human,ai,author_1,human,True,6
2025-12-10 13:59:56.532000+00:00,"A golden powder, making Lila a bit dizzy. It smelled like candy and fruits. Looking at the pieces of powder floating around in the air,","Lila smiled, knowing that her wish had been granted. The golden dust swirled and formed a gentle breeze, carrying the cure to every corner of Wonderland. Lila",conv_23ed55f8-cc91-439f-8c8e-e24f66457596,PTD9FW2YEPSS,7.0,4,human-ai,1.0,7.0,author_1,human,ai,author_1,human,True,7
2025-12-10 14:00:50.521000+00:00,"She was passed out on the grass, dreaming about happy children. When she woke up the next morning, she thought she had a","wonderful dream, but as she flew back to her village, she saw families celebrating and children laughing without a trace of the illness. Lila’s heart soared, realizing",conv_23ed55f8-cc91-439f-8c8e-e24f66457596,PTD9FW2YEPSS,8.0,4,human-ai,4.0,8.0,author_1,human,ai,author_1,human,True,8
2025-12-10 14:01:45.608000+00:00,That she managed to save the youngsters of Wonderland from the evil disease. She was wondering where the flower went. She couldn't see it.,"anywhere, but she knew deep in her heart that it had fulfilled its purpose. Lila decided to use her remaining wishes to bring more joy and peace to Wonderland, ensuring",conv_23ed55f8-cc91-439f-8c8e-e24f66457596,PTD9FW2YEPSS,9.0,4,human-ai,4.0,9.0,author_1,human,ai,author_1,human,True,9
2025-12-10 14:03:17.782000+00:00,"That the happy community of Wonderland is as free of sorrow as possible. She always wanted to make her friends happy, and now she actually felt that she","could. With the second wish, Lila wished for a garden where every fairy could find their favorite flowers and plants, a place of beauty and tranquility. For her final",conv_23ed55f8-cc91-439f-8c8e-e24f66457596,PTD9FW2YEPSS,10.0,4,human-ai,2.0,10.0,author_1,human,ai,author_1,human,True,10
2025-11-15 17:03:45.888000+00:00,"a young girl who would grow into a very brave hero. It is also the story of losing your home and finding yourself in the ruins. But mostly, it's a","story about friendship—the kind that survives even when everything else crumbles to dust.

Her name was Mira, and she was seven years old when the",conv_29031421-8265-472f-b4ce-f147dd80edca,YR33XNKD3U3F,1.0,2,human-ai,7.0,1.0,author_1,human,ai,author_1,human,True,1
2025-11-15 17:06:15.463000+00:00,"A new king started his rule. Suddenly, the streets of the capital were filled with wanted posters. Poison dripped from the king's tongue and right into the ears.","of those who listened. ""Traitors walk among us,"" he declared from his gilded balcony. ""The old loyalists plot in shadows. Trust no one",conv_29031421-8265-472f-b4ce-f147dd80edca,YR33XNKD3U3F,2.0,2,human-ai,9.0,2.0,author_1,human,ai,author_1,human,True,2
2025-11-15 17:07:30.712000+00:00,"Mira's older brother listened carefully. He started to change. He would follow Mira's mother everywhere she went. ""I'm just keeping an eye out for her,"" he","would say, but his eyes had grown cold and watchful in a way that made Mira's stomach twist.

Their mother noticed too. She began burning letters in",conv_29031421-8265-472f-b4ce-f147dd80edca,YR33XNKD3U3F,3.0,2,human-ai,2.0,3.0,author_1,human,ai,author_1,human,True,3
2025-11-15 17:09:36.324000+00:00,"The fireplace. When Mira asked why, she would say it was to save wood for the winter. Mira watched the fire and dreamed of burning as brightly as","those flames—fierce and untouchable.

One night, Mira woke to urgent whispers. Through the crack in her door, she saw her mother stuff",conv_29031421-8265-472f-b4ce-f147dd80edca,YR33XNKD3U3F,4.0,2,human-ai,1.0,4.0,author_1,human,ai,author_1,human,True,4
2025-11-15 17:11:08.394000+00:00,food into a bag. Mira crept closer to get a better view. A man stood in the door. Mira's mother handed him the bag and shoved him out and into,"the dark street. But her brother had seen it too.

""Mother,"" he said quietly from the stairwell, ""who was that man?""

The silence stretche",conv_29031421-8265-472f-b4ce-f147dd80edca,YR33XNKD3U3F,5.0,2,human-ai,0.0,5.0,author_1,human,ai,author_1,human,True,5
2025-11-15 17:13:29.148000+00:00,"Long and wide until it covered the entire house. ""No one,"" her mother stammered, looking awfully pale. Mira's brother left the stairwell and walked.","toward the door, reaching for his coat. ""I should report this,"" he said, not looking at either of them. ""The king rewards those who protect the realm.""",conv_29031421-8265-472f-b4ce-f147dd80edca,YR33XNKD3U3F,6.0,2,human-ai,4.0,6.0,author_1,human,ai,author_1,human,True,6
2025-11-15 17:15:00.929000+00:00,"Suddenly Mira's mother moved. She moved with speed and grace, grabbed the shoulder of her son and turned him so they faced each other. ""Don't you dare""","she hissed, and for the first time Mira saw her mother not as gentle, but as steel. ""That man has a family. Children younger than your",conv_29031421-8265-472f-b4ce-f147dd80edca,YR33XNKD3U3F,7.0,2,human-ai,1.0,7.0,author_1,human,ai,author_1,human,True,7
2025-11-15 17:16:04.893000+00:00,Little sister. Mira tried to be one with the shadows in the kitchen. Her brother scoffed and knocked his mother's hand.,"away. ""Traitors' children,"" he spat. ""They're better off without a father who defies the king.""

""When did you become this?""",conv_29031421-8265-472f-b4ce-f147dd80edca,YR33XNKD3U3F,8.0,2,human-ai,3.0,8.0,author_1,human,ai,author_1,human,True,8
2025-11-15 17:18:17.461000+00:00,"Mira heard the confusion, fear and disappointment in her mother's voice. Her brother didn't hear it as he laughed, ""I've always been like this. You were just too","blind to see it. The king showed me the truth—showed us all what strength really means.""

He turned back toward the door, and Mira knew with terrible",conv_29031421-8265-472f-b4ce-f147dd80edca,YR33XNKD3U3F,9.0,2,human-ai,4.0,9.0,author_1,human,ai,author_1,human,True,9
2025-11-15 17:19:44.431000+00:00,"Truth, it would be the last time she saw her big brother for a very long time. No, it couldn't be! Mira rushed towards her older brother, reaching her","small arms around his waist, holding him with all the strength her seven-year-old body possessed.

""Please,"" she whispered into his coat. ""Please",conv_29031421-8265-472f-b4ce-f147dd80edca,YR33XNKD3U3F,10.0,2,human-ai,2.0,10.0,author_1,human,ai,author_1,human,True,10
2025-12-10 14:13:47.385000+00:00,"While not all birds fly, it is a known fact that most do. And while any bird may lose the ability to fly, most don't. But the distinguishing factor",,conv_2ce635fa-cb6c-424f-9565-859a944eed92,YKUP9C4DG2JA,1.0,2,human-ai,3.0,1.0,author_1,human,ai,author_1,human,False,
2025-12-10 14:15:56.008000+00:00,"Is the intent of flight, for any one bird does not fly without purpose. While mainly a necessity for the bird, humans have long envied and awed the ability to.",,conv_2ce635fa-cb6c-424f-9565-859a944eed92,YKUP9C4DG2JA,2.0,2,human-ai,5.0,2.0,author_1,human,ai,author_1,human,False,
2025-12-10 14:18:31.583000+00:00,"Soar through the air. While often thought of as an act of freedom, the sky is what the water is to a fish. It is not an addition to, but a prerequisite for.","survival itself.

Marcus understood this as he watched the starlings wheel above the autumn field. Their murmuration shifted like liquid thought—thousands of bodies moving as one min",conv_2ce635fa-cb6c-424f-9565-859a944eed92,YKUP9C4DG2JA,3.0,2,human-ai,7.0,3.0,author_1,human,ai,author_1,human,True,1
2025-12-10 14:21:50.160000+00:00,"d. but such is not the case for any one bird. flightless birds, as they are called, have taken to new ways of survival, be that in water or on land.","land with such commitment that their wings became vestigial whispers of what once was. The penguin trades air for ocean depths. The ostrich, speed across savanna",conv_2ce635fa-cb6c-424f-9565-859a944eed92,YKUP9C4DG2JA,4.0,2,human-ai,9.0,4.0,author_1,human,ai,author_1,human,True,2
2025-12-10 14:24:55.317000+00:00,"These birds are what bats are to mammals: while fundamentally the same general type of creature, they have made a drastic change in the progress of",evolution that sets them apart from their kin. Yet Marcus had discovered something that troubled him during his years of ornithological research—a pattern that didn't fit the text,conv_2ce635fa-cb6c-424f-9565-859a944eed92,YKUP9C4DG2JA,5.0,2,human-ai,3.0,5.0,author_1,human,ai,author_1,human,True,3
2025-12-10 14:29:48.031000+00:00,"But everything has a reasonable explanation. Any creature will, with time, shed any part that does not serve it, both for the birds that first flew and those that left the act.","behind, the transformation followed necessity. What Marcus found in the fossil beds of Montana, however, suggested something different—a species that had developed flight, lost it, then reg",conv_2ce635fa-cb6c-424f-9565-859a944eed92,YKUP9C4DG2JA,6.0,2,human-ai,7.0,6.0,author_1,human,ai,author_1,human,True,4
2025-12-10 14:32:51.009000+00:00,"gressed into a relic of the past. While humans might envy flight, it is nothing more than an act of levitation, the ability to counter gravity through motoric","force. The bones told a stranger story still—this ancient bird had grown heavier with each generation, its wingspan shrinking while its breast muscles paradoxically strengthened.",conv_2ce635fa-cb6c-424f-9565-859a944eed92,YKUP9C4DG2JA,7.0,2,human-ai,2.0,7.0,author_1,human,ai,author_1,human,True,5
2025-12-10 14:35:21.356000+00:00,"This ability has equally been stripped by force, as is the case of the flightless breeds of chicken. While humans allowed their breast muscles to grow for the meat, they could no longer","support their own weight in air. Domestication had turned flight into a burden rather than salvation. Marcus traced his finger along the fossilized keel bone, noting how",conv_2ce635fa-cb6c-424f-9565-859a944eed92,YKUP9C4DG2JA,8.0,2,human-ai,2.0,8.0,author_1,human,ai,author_1,human,True,6
2025-12-10 14:38:06.544000+00:00,"All birds, like the other groups of animals, all share a base biological structure, modified to the needs of the species. Flight or not, they are all","connected by that ancient blueprint—hollow bones, keen vision, the echo of dinosaurs in their very marrow. What separated his fossil from the chickens was choice versus circumst",conv_2ce635fa-cb6c-424f-9565-859a944eed92,YKUP9C4DG2JA,9.0,2,human-ai,2.0,9.0,author_1,human,ai,author_1,human,True,7
2025-12-10 14:40:54.995000+00:00,"Chance. No creature can actively choose their genetic path, but only accept the odd change that proves beneficial among","the chaos of survival. Marcus closed his notebook as the starlings finally settled into the bare trees, their performance complete. The fossil would remain a mystery—neither fully explained by",conv_2ce635fa-cb6c-424f-9565-859a944eed92,YKUP9C4DG2JA,10.0,2,human-ai,3.0,10.0,author_1,human,ai,author_1,human,True,8
2025-11-08 10:21:18.348000+00:00,"Michael. Michael is not only a father - he is also a son, a cousin, a brother, a friend, and a husband. But more so, he","was a man consumed by his own sense of purpose, driven by a passion that had been simmering within him for years. He had a vision, a dream that he had",conv_33502e38-922d-4e7d-a252-ab236947c3d2,J3D2HV9QT49W,1.0,3,human-ai,2.0,1.0,author_1,human,ai,author_1,human,True,1
2025-11-08 10:25:01.359000+00:00,"Pushed to the side all these years, as he was climbing the corporate ladder. As he was caring for his children, and cooking for his","wife, the familiar rhythms of family life had become a comforting distraction from the gentle nagging of his own ambitions. But on quiet nights, when the house was still and the",conv_33502e38-922d-4e7d-a252-ab236947c3d2,J3D2HV9QT49W,2.0,3,human-ai,1.0,2.0,author_1,human,ai,author_1,human,True,2
2025-11-08 10:27:51.050000+00:00,"Neighbors had turned off the lights - Michael returned to this dreamy state. He isolated himself from outer stimuli, and disappeared into","the depths of his own mind, where the memories of his childhood passions and creative pursuits awaited him like old friends. The smell of freshly sharpened pencils, the feel of paint",conv_33502e38-922d-4e7d-a252-ab236947c3d2,J3D2HV9QT49W,3.0,3,human-ai,1.0,3.0,author_1,human,ai,author_1,human,True,3
2025-11-08 10:30:36.347000+00:00,"At the end of the brush, being lathered against the walls. His secret. His secret only. But problems arose the first day.","he decided to bring his secret out into the open, as he stumbled upon an old, forgotten easel in the attic, covered in dust and cobwebs, with a canvas",conv_33502e38-922d-4e7d-a252-ab236947c3d2,J3D2HV9QT49W,4.0,3,human-ai,2.0,4.0,author_1,human,ai,author_1,human,True,4
2025-11-08 10:33:08.453000+00:00,Gray from all the dust. He knew that he had to uncover what was underneath. His curiosity was piqued. His interest -,"piqued, Michael gently began to wipe away the layers of dust, revealing a glimpse of vibrant colors and bold brushstrokes, and as the last of the dust fell",conv_33502e38-922d-4e7d-a252-ab236947c3d2,J3D2HV9QT49W,5.0,3,human-ai,5.0,5.0,author_1,human,ai,author_1,human,True,5
2025-11-08 10:34:15.419000+00:00,"To the floor, Michael realized what he had to do now. His secret could no longer be kept to himself, and he would have","to share it with the one person he had been hiding it from the most - his wife. The thought sent a mix of emotions swirling through his chest, as he imagined her",conv_33502e38-922d-4e7d-a252-ab236947c3d2,J3D2HV9QT49W,6.0,3,human-ai,1.0,6.0,author_1,human,ai,author_1,human,True,6
2025-11-08 10:36:17.633000+00:00,Running her hands over the thin layers of old paint—kept in good condition due to the thick dust. He knew that she would question him—how did he find this?,"treasure, why he had kept it hidden for so long, and what it meant to him. The questions swirled in his mind like a storm, and he could",conv_33502e38-922d-4e7d-a252-ab236947c3d2,J3D2HV9QT49W,7.0,3,human-ai,13.0,7.0,author_1,human,ai,author_1,human,True,7
2025-11-08 10:38:14.987000+00:00,"He felt his hands getting sweaty. The painting was not just any painting, but you need expertise within the field to know its worth—something Michael had held to.","himself for years, a secret that only a select few in the art world would recognize, and as he stood there, frozen in anticipation, he heard the sound of his",conv_33502e38-922d-4e7d-a252-ab236947c3d2,J3D2HV9QT49W,8.0,3,human-ai,10.0,8.0,author_1,human,ai,author_1,human,True,8
2025-11-08 10:39:26.298000+00:00,"Alarm clock going off in the basement. He panicked. Realized that he had to go to work, and that his wife would wake up to the sound going off.","off and start her day, oblivious to the revelation that had just shaken Michael's world, and he knew he had to hurry, to get out the door before she saw the",conv_33502e38-922d-4e7d-a252-ab236947c3d2,J3D2HV9QT49W,9.0,3,human-ai,6.0,9.0,author_1,human,ai,author_1,human,True,9
2025-11-08 10:40:47.819000+00:00,"Untouched bedding next to her in the bed. He shouldn't be in the basement, and he definitely shouldn't be in the attic.","and the discovery that had sparked a fire within him, would have to wait, as he rushed to compose himself, and make his way back to their bedroom, to pretend that",conv_33502e38-922d-4e7d-a252-ab236947c3d2,J3D2HV9QT49W,10.0,3,human-ai,3.0,10.0,author_1,human,ai,author_1,human,True,10
2025-12-10 14:06:46.843000+00:00,"A whale, a blue whale, with no good friends and no acquaintances with similar interests to its own. Each Sunday, this whale, who some call Claire, swims all the way to England and back.","to sing opera in the abandoned lighthouse at Land's End. 

She discovered it three years ago during a particularly lonely migration, when the fog was so thick she nearly be",conv_3b65e0a1-1bf7-4f16-825f-63867d60f8d3,ZCS6ZRAYGKLS,1.0,2,human-ai,1.0,1.0,author_1,human,ai,author_1,human,True,1
2025-12-10 14:08:27.716000+00:00,"I became lost in the endless waves and for unmeasurable moments contemplated becoming one with the waves, forever sinking and rising with the moon. Instead, she found soundwaves to","follow—strange, haunting melodies that drifted through the water like silver threads. They led her to the lighthouse, where an old gramophone sat rusting in",conv_3b65e0a1-1bf7-4f16-825f-63867d60f8d3,ZCS6ZRAYGKLS,2.0,2,human-ai,5.0,2.0,author_1,human,ai,author_1,human,True,2
2025-12-10 14:10:11.490000+00:00,"The sounds produced a new sensation in her flesh, her bones tingling along to the scrapings of the record. She didn't know how, but she changed and climbed onto land, her","massive body somehow lighter, more fluid, as if the music had rewritten the rules of what she could be. Her flippers found purchase on the rocky shore, and she",conv_3b65e0a1-1bf7-4f16-825f-63867d60f8d3,ZCS6ZRAYGKLS,3.0,2,human-ai,1.0,3.0,author_1,human,ai,author_1,human,True,3
2025-12-10 14:11:51.047000+00:00,"Paused for a moment, feeling the air on her skin, and a calm coolness within. Then as if drawn to the sound, she walked, no, floated, drifted towards it.","the lighthouse door, which hung open like an invitation. Inside, dust motes danced in the thin beam of moonlight that pierced the tower's heights. The gram",conv_3b65e0a1-1bf7-4f16-825f-63867d60f8d3,ZCS6ZRAYGKLS,4.0,2,human-ai,3.0,4.0,author_1,human,ai,author_1,human,True,4
2025-12-10 14:13:38.616000+00:00,"Saxophone played sweetly, as the old friend she'd never known. But there, there in the corner sat a creature, much unlike her usual shape. But then again, how unlike her old being wasn't she?","now? The creature—small, furred, with eyes like polished stones—raised its head and spoke in a voice that resonated with the same frequency as her deep",conv_3b65e0a1-1bf7-4f16-825f-63867d60f8d3,ZCS6ZRAYGKLS,5.0,2,human-ai,4.0,5.0,author_1,human,ai,author_1,human,True,5
2025-12-10 14:16:08.742000+00:00,"Longing for company, for reflection, for a sky or heaven able to provide an image of her soul. And so she sang, of nothing in particular, and gentle waves brushed and nurtured the","rocks below. The creature listened without judgment, its small body swaying to her improvised aria. When she finished, it smiled—or seemed to—and gestured towar",conv_3b65e0a1-1bf7-4f16-825f-63867d60f8d3,ZCS6ZRAYGKLS,6.0,2,human-ai,1.0,6.0,author_1,human,ai,author_1,human,True,6
2025-12-10 14:18:23.247000+00:00,"d towards the stairs leading further up. Claire had never climbed before, knew no ""up"" without a surface to breach, but she trusted this creature, its odd voice and calming stone-grey","eyes that held no fear of her strangeness. Together they ascended the spiral stairs, Claire's new form adapting with each step, the creature leading with patient,",conv_3b65e0a1-1bf7-4f16-825f-63867d60f8d3,ZCS6ZRAYGKLS,7.0,2,human-ai,1.0,7.0,author_1,human,ai,author_1,human,True,7
2025-12-10 14:21:26.617000+00:00,"Firm steps, as if to teach her how to walk and trust her new nature as well. The ocean was nothing when seen from above, so distant and unlively, so light, and Claire wondered if this","was how the stars felt each night—watching from such height that even vast waters became merely a mirror, reflecting rather than holding. At the top, the creature gestured to",conv_3b65e0a1-1bf7-4f16-825f-63867d60f8d3,ZCS6ZRAYGKLS,8.0,2,human-ai,1.0,8.0,author_1,human,ai,author_1,human,True,8
2025-12-10 14:23:31.127000+00:00,"Her, but she had no clue what action it called for, what language to employ. She sang, to the creature, the stars, the ocean and her surface so new and strange, now vibrating in harmony.","with everything around her. The lighthouse lens began to glow—not with electric light, but with something older, something that responded to her voice alone. The creature joined her",conv_3b65e0a1-1bf7-4f16-825f-63867d60f8d3,ZCS6ZRAYGKLS,9.0,2,human-ai,2.0,9.0,author_1,human,ai,author_1,human,True,9
2025-12-10 14:25:38.328000+00:00,"And at last Claire felt the light, she thought ""this must be what friendship is like"", and she felt the glow ignite a part of herself deep inside. Had she had eyes like us she would","have wept. But instead, her song changed—became fuller, richer, no longer the solitary call that had echoed unanswered through ocean depths for",conv_3b65e0a1-1bf7-4f16-825f-63867d60f8d3,ZCS6ZRAYGKLS,10.0,2,human-ai,2.0,10.0,author_1,human,ai,author_1,human,True,10
2025-11-22 17:18:34.162000+00:00,"Some people are content with mediocrity and the average loop of life containing dropping the kids off at school, working a 9-5, waiting impatiently for the weekend, but not the Legend.","a man who refused to settle for the mundane. His name was Thaddeus, but everyone called him The Legend. From a young age,",conv_3c43f51a-ffcf-4161-8d6d-b76bf669acb6,UW3MRK9MQD3A,1.0,4,human-ai,2.0,1.0,author_1,human,ai,author_1,human,True,1
2025-11-22 17:22:19.781000+00:00,Thaddeus knew that he was made for greatness—something more. He wasn't just put on earth to experience the agony and misery that life often brings.,"bestows. No, Thaddeus was destined for something extraordinary. His heart beat with an unquenchable fire, a relentless drive that pushed him to seek out",conv_3c43f51a-ffcf-4161-8d6d-b76bf669acb6,UW3MRK9MQD3A,2.0,4,human-ai,17.0,2.0,author_1,human,ai,author_1,human,True,2
2025-11-22 17:24:11.705000+00:00,"The measures to improve his life, and the lives of those around him. After years of seeking, eventually Thaddeus found the secret to greatness:","It wasn’t a single moment of revelation, but a series of small, deliberate actions. He started with self-education, devouring books on leadership, philosophy, and innovation",conv_3c43f51a-ffcf-4161-8d6d-b76bf669acb6,UW3MRK9MQD3A,3.0,4,human-ai,4.0,3.0,author_1,human,ai,author_1,human,True,3
2025-11-22 17:29:22.566000+00:00,"And after all his work he was finally led to the key of happiness, health, and wealth: gambling. The apogee and culmination of human performance and","risk-taking. To some, it seemed like an odd choice, but Thaddeus saw it as the ultimate test of skill, strategy, and mental fortitude. He",conv_3c43f51a-ffcf-4161-8d6d-b76bf669acb6,UW3MRK9MQD3A,4.0,4,human-ai,6.0,4.0,author_1,human,ai,author_1,human,True,4
2025-11-22 17:31:29.830000+00:00,"Saw something that only few absolute legends before him had the ability to scout. The potential of gambling was infinite, and Thaddeus knew that only the human mind set the limits.","to what could be achieved. With this newfound understanding, he threw himself into the world of high-stakes games, honing his skills and building a reputation that preceded him wherever",conv_3c43f51a-ffcf-4161-8d6d-b76bf669acb6,UW3MRK9MQD3A,5.0,4,human-ai,3.0,5.0,author_1,human,ai,author_1,human,True,5
2025-11-22 17:34:53.230000+00:00,"He went. Some people knew him as the baccarat prophet, some the blackjack conqueror, and many other names like: the poker pirate, roulette racer, the slut of slots. Only one thing was","certain—Thaddeus, The Legend, was a force to be reckoned with. His legend grew with each victory, each calculated risk that paid off in ways",conv_3c43f51a-ffcf-4161-8d6d-b76bf669acb6,UW3MRK9MQD3A,6.0,4,human-ai,3.0,6.0,author_1,human,ai,author_1,human,True,6
2025-11-22 17:37:07.369000+00:00,"Difficult to imagine. From the outside looking in, his choices might have seemed random, high-risk, and at times moronic to some. But his actions were anything but.","but. Every move was meticulously planned, every decision weighed against a complex web of probabilities and outcomes. Thaddeus had turned the art of gambling into a science, and",conv_3c43f51a-ffcf-4161-8d6d-b76bf669acb6,UW3MRK9MQD3A,7.0,4,human-ai,13.0,7.0,author_1,human,ai,author_1,human,True,7
2025-11-22 17:38:50.899000+00:00,"This had turned his life around. He went from having a hopeless life, career, love life, family life, etc., but gambling had solved any and every one of these.","issues. His success in the casinos brought him wealth, which he used to start charitable foundations and invest in innovative startups. His reputation as a strategic genius drew people to him,",conv_3c43f51a-ffcf-4161-8d6d-b76bf669acb6,UW3MRK9MQD3A,8.0,4,human-ai,8.0,8.0,author_1,human,ai,author_1,human,True,8
2025-11-22 17:40:05.933000+00:00,which eventually led others to believe that they had the powers it took to win in gambling and therefore in life. Nothing could be further from the truth.,"Nothing could be further from the truth. Thaddeus knew that his success was not just about luck or even innate skill; it was about discipline, strategy, and an",conv_3c43f51a-ffcf-4161-8d6d-b76bf669acb6,UW3MRK9MQD3A,9.0,4,human-ai,3.0,9.0,author_1,human,ai,author_1,human,True,9
2025-11-22 17:44:43.440000+00:00,"Unbelievable amount of godlike innate impulse that allowed him to do what others couldn't do: chase his losses. Everyone loses once in a while, but only losers quit. Winners keep.","pushing forward. Thaddeus understood that every setback was a stepping stone to greater success. He never quit, never wavered, and always believed in the power",conv_3c43f51a-ffcf-4161-8d6d-b76bf669acb6,UW3MRK9MQD3A,10.0,4,human-ai,9.0,10.0,author_1,human,ai,author_1,human,True,10
2025-11-20 13:28:42.428000+00:00,"The dwarf slammed his desk as hard as he could. Though the table was sturdy and had served him for many years, the force of his anger split it in two.","two. Papers scattered like autumn leaves, and the inkwell toppled, sending a black river across the floor of his workshop. Tormund Ironbeard stood there",conv_3c5b888e-d991-4bce-adad-5584923b75b5,UYWE85JKQD9A,1.0,2,human-ai,6.0,1.0,author_1,human,ai,author_1,human,True,1
2025-11-20 13:30:28.851000+00:00,"Shaking with anger. ""How could you betray me like this?"" No response. The silence was deafening. Slowly his anger turned to","sorrow, and his clenched fists loosened. The empty workshop seemed to echo with ghosts of laughter that once filled it—his apprentice's l",conv_3c5b888e-d991-4bce-adad-5584923b75b5,UYWE85JKQD9A,2.0,2,human-ai,2.0,2.0,author_1,human,ai,author_1,human,True,2
2025-11-20 13:32:32.392000+00:00,"Silhouette still cast a shadow over the empty chair in the corner, but there was no one there. As Tormund came to his senses, he took a breath and realized that he was","alone. Truly alone for the first time in fifteen years. The shadow, he now saw, was merely a trick of the candlelight playing across the worn leather seat",conv_3c5b888e-d991-4bce-adad-5584923b75b5,UYWE85JKQD9A,3.0,2,human-ai,4.0,3.0,author_1,human,ai,author_1,human,True,3
2025-11-20 13:34:07.841000+00:00,"At the sight of this, a new rage, stronger than anything Midgaard had ever seen, woke in his chest. He had finally broken free from the","chains of grief that had bound him since his apprentice's departure. This was no ordinary anger—this was the ancient fury of the mountain folk, the kind that forge",conv_3c5b888e-d991-4bce-adad-5584923b75b5,UYWE85JKQD9A,4.0,2,human-ai,3.0,4.0,author_1,human,ai,author_1,human,True,4
2025-11-20 13:35:19.164000+00:00,The candle had toyed with him for 15 long years. For 15 years he had sat staring at the shadow on the chair thinking it was his apprentice. But now he saw the,"truth with terrible clarity. His apprentice had left on the very first day, taking the master plans for the Ironforge mechanism. All these years, Tormund ha",conv_3c5b888e-d991-4bce-adad-5584923b75b5,UYWE85JKQD9A,5.0,2,human-ai,1.0,5.0,author_1,human,ai,author_1,human,True,5
2025-11-20 13:37:20.773000+00:00,He’d been played for a fool. The great master candle had put him under his spell to gain the power of Ironforge. But now he had awoken. He stood up and walked toward,"the candle with deliberate steps, his boots crunching on broken wood and scattered parchment. The flame flickered nervously, casting wild shadows across the walls",conv_3c5b888e-d991-4bce-adad-5584923b75b5,UYWE85JKQD9A,6.0,2,human-ai,3.0,6.0,author_1,human,ai,author_1,human,True,6
2025-11-20 13:39:09.220000+00:00,These shadows that only minutes ago would have sent him into a schizoid psychosis now had no effect. Step by step he came close and his shadow behind him grew. He,"reached out with calloused fingers, steady and sure. The master candle seemed to recoil, its flame bending away from him as if caught in an impossible",conv_3c5b888e-d991-4bce-adad-5584923b75b5,UYWE85JKQD9A,7.0,2,human-ai,2.0,7.0,author_1,human,ai,author_1,human,True,7
2025-11-20 13:41:02.554000+00:00,turbulence bending it away from his hand like a cat that doesn't want to be petted. Cats had never liked Tormund,"and neither, it seemed, did enchanted flames. But Tormund was done being manipulated. With one swift motion, he grasped the candle by its",conv_3c5b888e-d991-4bce-adad-5584923b75b5,UYWE85JKQD9A,8.0,2,human-ai,1.0,8.0,author_1,human,ai,author_1,human,True,8
2025-11-20 13:43:53.805000+00:00,tiny neck. He bent forward and blew at the flame like the wolf did at the three pigs' houses. Tormund liked pigs. The flame went out and the room turned,"pitch black. For a moment, there was only silence and darkness. Then, slowly, a new light began to grow—not from any candle, but from the",conv_3c5b888e-d991-4bce-adad-5584923b75b5,UYWE85JKQD9A,9.0,2,human-ai,3.0,9.0,author_1,human,ai,author_1,human,True,9
2025-11-20 13:46:00.483000+00:00,"door which was slowly opening. ""Dad?"" a voice asked nervously. ""Are you having an episode?"" ""AN EPISODE OF WHAT!?"" Tormund angrily","shouted, whirling toward the doorway. There stood his daughter, Brenna, lantern in hand, her face etched with worry. She took in",conv_3c5b888e-d991-4bce-adad-5584923b75b5,UYWE85JKQD9A,10.0,2,human-ai,0.0,10.0,author_1,human,ai,author_1,human,True,10
2026-02-26 16:39:05.394000+00:00,"The fairy Michelle is one of the few left who can fly. Her wings were too rare to clip, and she was trained to use her wings to assist.",the human settlements in the,conv_41180468-5036-4f69-af66-b7465bcb7316,41PZCVUQDUJW,1.0,2,human-ai,2.0,1.0,author_1,human,ai,author_1,human,True,1
2026-02-26 16:40:00.985000+00:00,"scavenging department. Because of this, she is allowed to leave the base where the fairies live and venture out into","the Wastes—those crumbling expanses where towers of glass and steel lean against each other like dying giants. 

Michelle had learned the routes by heart:",conv_41180468-5036-4f69-af66-b7465bcb7316,41PZCVUQDUJW,2.0,2,human-ai,0.0,2.0,author_1,human,ai,author_1,human,True,2
2026-02-26 16:42:18.299000+00:00,From the base she flies past a large lake surrounded by ancient oak trees. From here she has to navigate the broken city and find,"supplies the ground crews cannot reach—medical kits sealed in pharmacies thirty floors up, solar batteries from rooftop installations, sometimes even books from the upper floors of collapsed",conv_41180468-5036-4f69-af66-b7465bcb7316,41PZCVUQDUJW,3.0,2,human-ai,0.0,3.0,author_1,human,ai,author_1,human,True,3
2026-02-26 16:44:02.552000+00:00,"Libraries. They use books and supplies to create magic spells for restoring the world after it was broken by humans. Luckily, they","had discovered that certain pre-Breaking texts—technical manuals, chemistry textbooks, even poetry collections—contained the linguistic keys to reconstruction magic. The words themselves held power when",conv_41180468-5036-4f69-af66-b7465bcb7316,41PZCVUQDUJW,4.0,2,human-ai,4.0,4.0,author_1,human,ai,author_1,human,True,4
2026-02-26 16:45:54.575000+00:00,Used correctly. Michelle is working in the repopulation department where she helps animals find herds. It is tedious work.,"but essential. She scouts from above, tracking the movements of scattered deer, guiding lost wolf pups back to their packs, noting where the wild horses gather near water",conv_41180468-5036-4f69-af66-b7465bcb7316,41PZCVUQDUJW,5.0,2,human-ai,3.0,5.0,author_1,human,ai,author_1,human,True,5
2026-02-26 16:47:49.554000+00:00,"She is able to use fairy dust to airlift most animals, but sea animals are the really tricky part. For those, she has",to work with the water-speakers—fairies who gave up flight long ago to develop gills and webbed fingers. They meet her at the shoreline of the great,conv_41180468-5036-4f69-af66-b7465bcb7316,41PZCVUQDUJW,6.0,2,human-ai,0.0,6.0,author_1,human,ai,author_1,human,True,6
2026-02-26 16:49:01.873000+00:00,"ocean. From here they work together to move fish, whales, and shellfish. They have to work together to create water bubbles to transport","the creatures safely across land when necessary—shimmering spheres of enchanted seawater that float beside Michelle as she flies, guided by the water-speakers' songs",conv_41180468-5036-4f69-af66-b7465bcb7316,41PZCVUQDUJW,7.0,2,human-ai,2.0,7.0,author_1,human,ai,author_1,human,True,7
2026-02-26 16:49:56.564000+00:00,Some of these jobs take several days. During the night she has to hide from the giant ancient dogs that were created to,"hunt fairies during the Breaking—massive hounds with eyes that glow red in the darkness, their breath hot enough to singe wings. They still roam the",conv_41180468-5036-4f69-af66-b7465bcb7316,41PZCVUQDUJW,8.0,2,human-ai,0.0,8.0,author_1,human,ai,author_1,human,True,8
2026-02-26 16:50:47.676000+00:00,"Lands where Michelle lives, and they smell fairy-dust from miles away. The water-fairies can hide by encasing themselves in water and thereby","masking their scent, but Michelle must find hollow trees or abandoned vehicles, folding her wings tight and sprinkling counter-dust—a bitter mixture that confuses",conv_41180468-5036-4f69-af66-b7465bcb7316,41PZCVUQDUJW,9.0,2,human-ai,2.0,9.0,author_1,human,ai,author_1,human,True,9
2026-02-26 16:51:34.630000+00:00,"The mutant dogs. She carries a pouch with enough counter-dust to last 3 nights, but this job has proven rather difficult and","she's already on her fourth night away from base. Michelle huddles in the rusted cabin of an overturned truck, her counter-dust exhausted, listening to",conv_41180468-5036-4f69-af66-b7465bcb7316,41PZCVUQDUJW,10.0,2,human-ai,1.0,10.0,author_1,human,ai,author_1,human,True,10
2025-11-17 20:42:47.494000+00:00,Mia the magnificent magician born and raised in a circustruck in Amsterdam. The circus travels all over the world and Mia has therefore got to know a,,conv_412eb7ca-cafa-4e38-8b2d-0a40272af090,72V1DMKHJH3S,1.0,2,human-ai,1.0,1.0,author_1,human,ai,author_1,human,False,
2025-11-17 20:45:14.848000+00:00,A lot of different kinds of people. Some more friendly than others. She has also learned a lot of the cultures and traditions of the different kinds of people.,"The canvas walls of her family's caravan still smelled faintly of greasepaint and sawdust, even after all these years. Mia ha",conv_412eb7ca-cafa-4e38-8b2d-0a40272af090,72V1DMKHJH3S,2.0,2,human-ai,11.0,2.0,author_1,human,ai,author_1,human,True,1
2025-11-17 21:03:19.785000+00:00,"She had to have this smell in her nostrils to feel truly at home. She didn't have much growing up, but the things she had","were precious beyond measure—her grandmother's silk scarves that shimmered with impossible colors, a deck of cards so worn the edges felt like velvet, and most importantly",conv_412eb7ca-cafa-4e38-8b2d-0a40272af090,72V1DMKHJH3S,3.0,2,human-ai,6.0,3.0,author_1,human,ai,author_1,human,True,2
2025-11-17 21:05:41.169000+00:00,"The glass orb she got when her mother died from cancer. A thing Mia still struggled to talk about, even","though five years had passed. The orb sat on a small velvet cushion beside her bunk, catching light in ways that defied physics—sometimes swirling",conv_412eb7ca-cafa-4e38-8b2d-0a40272af090,72V1DMKHJH3S,4.0,2,human-ai,1.0,4.0,author_1,human,ai,author_1,human,True,3
2025-11-17 21:07:41.362000+00:00,"Sometimes glistening with more than twenty colours at once, truly a magnificent thing that orb. Pretty unreal.","actually, but Mia knew better than most that the line between illusion and reality was thinner than audiences believed.

Tonight's performance in Prague would be special.",conv_412eb7ca-cafa-4e38-8b2d-0a40272af090,72V1DMKHJH3S,5.0,2,human-ai,4.0,5.0,author_1,human,ai,author_1,human,True,4
2025-11-17 21:12:53.877000+00:00,"Five newcomers had joined the troupe since the last performance, and all of the audience were excited to get to know them.","the fresh acts. There was Elena, a contortionist from Romania who could fold herself into a box no bigger than a hatbox. Then came the Tanaka brothers",conv_412eb7ca-cafa-4e38-8b2d-0a40272af090,72V1DMKHJH3S,6.0,2,human-ai,11.0,6.0,author_1,human,ai,author_1,human,True,5
2025-11-17 21:14:22.883000+00:00,"With their acrobatic stunts with fire and venomous snakes, they were never afraid of anything, and had never been according to.","their father, who had trained them since they could walk. The third newcomer was Omar, a juggler from Morocco whose hands moved so quickly they seemed to multiply. Fourth",conv_412eb7ca-cafa-4e38-8b2d-0a40272af090,72V1DMKHJH3S,7.0,2,human-ai,5.0,7.0,author_1,human,ai,author_1,human,True,6
2025-11-17 21:15:35.413000+00:00,"Where the former ballet dancer Natasja. Now she danced on the line up in the ceiling of the tent instead, a truly dangerous.","act that left spectators breathless and clutching their seats. And finally, there was someone Mia hadn't quite figured out yet—a quiet man named Vincent who",conv_412eb7ca-cafa-4e38-8b2d-0a40272af090,72V1DMKHJH3S,8.0,2,human-ai,6.0,8.0,author_1,human,ai,author_1,human,True,7
2025-11-17 21:18:24.622000+00:00,"acted a bit strange. Mia knew many people from her journeys with the circus, but no one like him. He was odd in a way Mia","couldn't articulate. He claimed to be a mentalist, reading thoughts and predicting futures, but there was something in his eyes when he looked at her glass orb",conv_412eb7ca-cafa-4e38-8b2d-0a40272af090,72V1DMKHJH3S,9.0,2,human-ai,0.0,9.0,author_1,human,ai,author_1,human,True,8
2025-11-17 21:21:17.831000+00:00,", like he wanted it to be his a little too much. Or fancied the thought of having such a magnificent thing.","s his own. Mia had caught him lingering outside her caravan twice now, always with some excuse—looking for the costume tent, asking about rehearsal times",conv_412eb7ca-cafa-4e38-8b2d-0a40272af090,72V1DMKHJH3S,10.0,2,human-ai,3.0,10.0,author_1,human,ai,author_1,human,True,9
2025-11-18 12:15:53.155000+00:00,a young bubble dragon that has a passionate relationship with his kitchen utensils. The young bubble dragon's name is Mr. Big.,"Mr. Big lived in a cozy cave near the edge of the Whimsical Woods, where the air was always filled with the scent of freshly baked treats and the sound of",conv_4d1bd73a-bbc9-4e37-8ba0-3cdd7adbc66a,QHKVF5L9EG9T,1.0,4,human-ai,9.0,1.0,author_1,human,ai,author_1,human,True,1
2025-11-18 12:19:10.209000+00:00,Angry lawn mowers. Mr. Big Dingleberry has stolen the treats from the lawn mower queen; the treats are like religion to the lawn.,"movers, and without them, the entire rhythm of the Whimsical Woods would be thrown into chaos. The lawn movers, a quirky and temperamental bunch, relied on",conv_4d1bd73a-bbc9-4e37-8ba0-3cdd7adbc66a,QHKVF5L9EG9T,2.0,4,human-ai,20.0,2.0,author_1,human,ai,author_1,human,True,2
2025-11-18 12:20:29.932000+00:00,"The power of freshly baked treats to fuel their hunger for playing Y8 ild og vand, which is only allowed to be played by the lawn mower.","queen’s subjects. Without the treats, they were restless and irritable, and the queen was furious. She summoned her best detective, a cunning fox named Finn, to track",conv_4d1bd73a-bbc9-4e37-8ba0-3cdd7adbc66a,QHKVF5L9EG9T,3.0,4,human-ai,4.0,3.0,author_1,human,ai,author_1,human,True,3
2025-11-18 12:22:48.321000+00:00,"Down with the thief, Mr. Big Dingleberry. Finn the detective knew that Mr. Big was known as the best thief on this side of the","Whimsical Woods, and he was determined to catch him red-handed. Armed with his trusty magnifying glass and a keen sense of smell, Finn set off towards Mr",conv_4d1bd73a-bbc9-4e37-8ba0-3cdd7adbc66a,QHKVF5L9EG9T,4.0,4,human-ai,13.0,4.0,author_1,human,ai,author_1,human,True,4
2025-11-18 12:25:28.979000+00:00,"Gathered a team of the best soldiers of the Queen to get the freshly baked treats back. And now Finn and lawn mower soldiers are surrounded, Mr. Big Dingleberry.","cave. Mr. Big, realizing the gravity of the situation, nervously fluttered his wings, considering his next move. Inside the cave, the air was thick with",conv_4d1bd73a-bbc9-4e37-8ba0-3cdd7adbc66a,QHKVF5L9EG9T,5.0,4,human-ai,16.0,5.0,author_1,human,ai,author_1,human,True,5
2025-11-18 12:27:30.016000+00:00,"Like the Queen herself. Mr. Big tried to fly away but did not have the strength, but then he got an idea: to eat one of the super.","treats he had stolen, hoping it would give him the energy to face the crowd outside. As he took a bite, a burst of bubbly energy filled him,",conv_4d1bd73a-bbc9-4e37-8ba0-3cdd7adbc66a,QHKVF5L9EG9T,6.0,4,human-ai,10.0,6.0,author_1,human,ai,author_1,human,True,6
2025-11-18 12:28:45.556000+00:00,"Then the bubbly energy blasted a big wave of energy towards the soldiers; the soldiers were scared and in shock, ready to leave Detective Finn.","stood his ground, trying to maintain his composure. The lawn mover soldiers, however, were not so brave. They retreated in disarray, leaving Finn alone to face Mr",conv_4d1bd73a-bbc9-4e37-8ba0-3cdd7adbc66a,QHKVF5L9EG9T,7.0,4,human-ai,11.0,7.0,author_1,human,ai,author_1,human,True,7
2025-11-18 12:30:42.287000+00:00,"Big. THE FINAL BATTLE has begun. Finn had an ace up his sleeve, a secret so deep even the QUEEN didn't know about it. Finn was the CREATOR of the freshly baked","treats that Mr. Big had stolen. With a deep breath, Finn revealed his secret, explaining that he had made the treats with a special ingredient meant to bring peace",conv_4d1bd73a-bbc9-4e37-8ba0-3cdd7adbc66a,QHKVF5L9EG9T,8.0,4,human-ai,4.0,8.0,author_1,human,ai,author_1,human,True,8
2025-11-18 12:32:15.754000+00:00,"A side effect of the treats was a love and peace spell; suddenly, Mr. Big felt something within, a feeling he had felt.","strange yet warm. His competitive spirit faded, and he realized the error of his ways. Lowering his guard, Mr. Big approached Finn, apologizing sincerely for his",conv_4d1bd73a-bbc9-4e37-8ba0-3cdd7adbc66a,QHKVF5L9EG9T,9.0,4,human-ai,14.0,9.0,author_1,human,ai,author_1,human,True,9
2025-11-18 12:33:28.827000+00:00,"actions towards him, the soldiers and the QUEEN. In the end they all became great friends and played Y8 ild og vand, day and","night, sharing laughter and the joy of friendship. The Whimsical Woods returned to its peaceful harmony, and Mr. Big learned that the greatest treasure was not what he could",conv_4d1bd73a-bbc9-4e37-8ba0-3cdd7adbc66a,QHKVF5L9EG9T,10.0,4,human-ai,1.0,10.0,author_1,human,ai,author_1,human,True,10
2025-12-10 20:13:43.681000+00:00,"Silly Billy, the most goofy boy in the town of Philly. The land of Chili had been ruled by Willi until this winter, when the evil salesman Goda had conspired against.","the kind-hearted Willi, using his cunning tricks and deceitful smile to manipulate the townspeople into believing that Willi was no longer fit to rule. Gohda's dark magic",conv_5b956e03-a900-47aa-88a9-54cb6be40071,ZCS6G9J1WJSX,1.0,3,human-ai,15.0,1.0,author_1,human,ai,author_1,human,True,1
2025-12-10 20:18:02.140000+00:00,"consisted of ""The Script"", a permanent smirk (Gohda had an operation) and a coffee-heavy breath that could kill a regular-sized dog or a very irregular-sized","cat, which made the townspeople quiver with fear whenever Gohda spoke, his voice dripping with an otherworldly charm that seemed to weave a spell of obedience around",conv_5b956e03-a900-47aa-88a9-54cb6be40071,ZCS6G9J1WJSX,2.0,3,human-ai,1.0,2.0,author_1,human,ai,author_1,human,True,2
2025-12-10 20:21:19.566000+00:00,"... Gosh, just thinking about his last pitch in the Town of Philly! He convinced butcher Jimmy to sell a string of sausages for a penny. Fortunately, Silly Billy was so extremely silly.","that he accidentally stumbled into the butcher shop, knocking over a display of freshly baked buns, causing a massive bread-ball to roll out into the street, distracting everyone, including",conv_5b956e03-a900-47aa-88a9-54cb6be40071,ZCS6G9J1WJSX,3.0,3,human-ai,6.0,3.0,author_1,human,ai,author_1,human,True,3
2025-12-10 20:24:59.048000+00:00,"Godha, who in his rage shorted mortgages of residents in Philly before increasing all loan interest by a trillion percentages, thus creating an economic crisis in","the once thriving town, where people like Mrs. Whiskers, the owner of the local cat café, and Mr. Jenkins, the town's oldest resident, found themselves",conv_5b956e03-a900-47aa-88a9-54cb6be40071,ZCS6G9J1WJSX,4.0,3,human-ai,4.0,4.0,author_1,human,ai,author_1,human,True,4
2025-12-10 20:26:52.437000+00:00,"without homes within the week. Silly Billy on the other hand was so silly he could not be bothered with mortgages, shorts, interest, loans and that kind. Mrs. Whisker was funny","and decided to join forces with Silly Billy, using her quick wit and his carefree nature to devise a plan to outsmart Gohda and bring prosperity back to the",conv_5b956e03-a900-47aa-88a9-54cb6be40071,ZCS6G9J1WJSX,5.0,3,human-ai,1.0,5.0,author_1,human,ai,author_1,human,True,5
2025-12-10 20:30:32.331000+00:00,"Unfortunately, Mrs. Whisker fittingly had the figure of an irregular-sized cat and would perish to Gohda's coffee breath stench. Silly Billy alone would have to claim the throne of","Chili, a task that seemed daunting even for someone as silly as Billy, but he was determined to save his town and its people from Gohda's evil grasp,",conv_5b956e03-a900-47aa-88a9-54cb6be40071,ZCS6G9J1WJSX,6.0,3,human-ai,0.0,6.0,author_1,human,ai,author_1,human,True,6
2025-12-10 20:32:16.999000+00:00,"So Silly Billy simply said to the people of Philly, that he could rule Chile better than Gohda. Then said Jimmy, that Silly Billy was being silly thinking a Philly could rule Chile.","But Silly Billy, not one to be deterred, pointed out that he was indeed a native of Philli, and that his silly nature could bring a fresh and much",conv_5b956e03-a900-47aa-88a9-54cb6be40071,ZCS6G9J1WJSX,7.0,3,human-ai,8.0,7.0,author_1,human,ai,author_1,human,True,7
2025-12-10 20:34:23.626000+00:00,"More geese-raids to the land. Oh well, it was at this time the author regretted the name of Godha. Nothing rhymes with it. But perhaps that is why he was","able to cast a spell of gloom over the land, a darkness that seemed to seep into the very marrow of the people's bones, and Silly Billy's silly",conv_5b956e03-a900-47aa-88a9-54cb6be40071,ZCS6G9J1WJSX,8.0,3,human-ai,1.0,8.0,author_1,human,ai,author_1,human,True,8
2025-12-10 20:36:35.444000+00:00,"Witchamed Jimmy to rally the people of Philly to storm the gates of Willy, capital of Chilly. At the gates stood Godha reading aloud ""The","Script"" in a voice that sent shivers down the spines of even the bravest warriors, but Silly Billy, undaunted, charged forward, his silly antics",conv_5b956e03-a900-47aa-88a9-54cb6be40071,ZCS6G9J1WJSX,9.0,3,human-ai,5.0,9.0,author_1,human,ai,author_1,human,True,9
2025-12-10 20:39:06.026000+00:00,"was like cryptoni-, sorry, I mean cryptocurrency to Gohda - very volatile and way too silly to invest in. Silly was throwing Dogecoins harder than Mikkel","Jackson threw basketballs, and the Dogecoins rained down on Gohda like a silly storm, distracting him long enough for Silly Billy to grab ""The Script",conv_5b956e03-a900-47aa-88a9-54cb6be40071,ZCS6G9J1WJSX,10.0,3,human-ai,1.0,10.0,author_1,human,ai,author_1,human,True,10
2025-11-26 09:34:29.544000+00:00,a young man who lived in a forest. It was a great forest with lots of different trees and plants. It was early spring and the birds,"were returning from their winter migration, filling the canopy with song. The young man's name was Theo, and he had built his cabin near a clear stream that woun",conv_5e234f25-eb78-4ec3-8113-c66645149ddc,LS254PP1TGCS,1.0,2,human-ai,2.0,1.0,author_1,human,ai,author_1,human,True,1
2025-11-26 09:37:57.637000+00:00,Spread throughout the grand forest. The cabin was built from wood which Theo had cut with his own hands. It had taken many years but Theo had all the time in,"the world. He had no family waiting for him elsewhere, no job calling him back to civilization. The forest was his home, his teacher, his companion.

Each morning",conv_5e234f25-eb78-4ec3-8113-c66645149ddc,LS254PP1TGCS,2.0,2,human-ai,4.0,2.0,author_1,human,ai,author_1,human,True,2
2025-11-26 09:39:13.812000+00:00,"He would spend his day by searching for berries, checking the traps he had set the day before and gathering water from the stream. The day slowly moved on.","and the afternoon sun climbed higher, warming the forest floor. Theo settled on a flat rock by the stream, watching minnows dart between the stones. He ha",conv_5e234f25-eb78-4ec3-8113-c66645149ddc,LS254PP1TGCS,3.0,2,human-ai,8.0,3.0,author_1,human,ai,author_1,human,True,3
2025-11-26 09:41:40.045000+00:00,"He had a feeling that he was being watched. Someone or something was watching him, but he wasn't sure where they were or for how long they had kept an eye on him.","on him. The birds had gone suddenly quiet, which never meant anything good. Theo remained still, his breathing slow and steady, letting his peripheral vision scan the treeline",conv_5e234f25-eb78-4ec3-8113-c66645149ddc,LS254PP1TGCS,4.0,2,human-ai,14.0,4.0,author_1,human,ai,author_1,human,True,4
2025-11-26 09:43:26.152000+00:00,"He didn't want the perpetrator to know that he knew he was being watched, so he acted as if everything was normal, but meanwhile he",slowly reached for the knife he always kept at his belt. His fingers brushed the worn leather handle as he pretended to stretch. Then he saw it—a flash of,conv_5e234f25-eb78-4ec3-8113-c66645149ddc,LS254PP1TGCS,5.0,2,human-ai,7.0,5.0,author_1,human,ai,author_1,human,True,5
2025-11-26 09:45:39.461000+00:00,"Movement in the bush next to him. Theo, without fear, quickly jumped into the bush trying to grab whatever was lying in there. He felt","fur—soft and warm—and heard a small yelp of surprise. He pulled back the branches carefully, and there, trembling beneath his hand, was a young",conv_5e234f25-eb78-4ec3-8113-c66645149ddc,LS254PP1TGCS,6.0,2,human-ai,3.0,6.0,author_1,human,ai,author_1,human,True,6
2025-11-26 09:47:06.793000+00:00,A boy. No more than six or seven years old. The boy had blond hair and worn-out clothes. His face was dirty and his hands,"were scratched from thorns. He stared up at Theo with wide, terrified eyes, but didn't cry out or try to run.

""It's",conv_5e234f25-eb78-4ec3-8113-c66645149ddc,LS254PP1TGCS,7.0,2,human-ai,3.0,7.0,author_1,human,ai,author_1,human,True,7
2025-11-26 09:48:31.989000+00:00,"True. They are coming for you. You have to get out. Soon."" The boy with the fur coat quickly ran and Theo had no way of keeping up with him. The boy knew his way around.","the forest better than Theo had imagined possible. Within seconds, he'd vanished between the trees like smoke.

Theo stood frozen, his heart pounding.",conv_5e234f25-eb78-4ec3-8113-c66645149ddc,LS254PP1TGCS,8.0,2,human-ai,5.0,8.0,author_1,human,ai,author_1,human,True,8
2025-11-26 09:49:31.021000+00:00,"Who were they? Why would they come for him? Since his disappearance in the forest he hadn't given the outside world any thought at all, but all of a sudden it all...","came rushing back—memories he'd buried beneath years of solitude. The reason he'd fled to the forest in the first place. The people he'd angered, the",conv_5e234f25-eb78-4ec3-8113-c66645149ddc,LS254PP1TGCS,9.0,2,human-ai,6.0,9.0,author_1,human,ai,author_1,human,True,9
2025-11-26 09:51:41.225000+00:00,"Sorrow he had caused... Theo gathered himself, picked up the knife which he had dropped and went home to his cabin. He had to","prepare. If they were truly coming, he couldn't simply wait like prey. He barred the door and gathered what little he had—dried meat, his bow, spare",conv_5e234f25-eb78-4ec3-8113-c66645149ddc,LS254PP1TGCS,10.0,2,human-ai,1.0,10.0,author_1,human,ai,author_1,human,True,10
2025-12-10 13:40:12.489000+00:00,"two princesses living far, far away behind seven seas and seven mountains in their beautiful kingdom. They live in a kingdom of fun and whimsy and","magic, where flowers bloom in every color of the rainbow and animals talk and laugh with the princesses. The elder princess, Sophia, had hair as golden as the sun and",conv_5f17f002-84ad-4315-8c69-20ec83de1223,XMPVNW4HGJL9,1.0,3,human-ai,3.0,1.0,author_1,human,ai,author_1,human,True,1
2025-12-10 13:41:54.755000+00:00,"Eyes as blue as the seven seas. The younger princess, Lauren, was the opposite, with thick dark brown hair.","and eyes that sparkled like the stars on a clear night, but shared the same bright blue hue as her sister's, a trait that was said to be a mark of",conv_5f17f002-84ad-4315-8c69-20ec83de1223,XMPVNW4HGJL9,2.0,3,human-ai,2.0,2.0,author_1,human,ai,author_1,human,True,2
2025-12-10 13:42:57.373000+00:00,Their unity and to represent the light and hope that was so inherent to the kingdom's community. People admired the two princesses and held,"them in high esteem, not just for their royal lineage, but for their kind hearts and gentle spirits, which had earned them the love and respect of all the kingdom's inhabitants",conv_5f17f002-84ad-4315-8c69-20ec83de1223,XMPVNW4HGJL9,3.0,3,human-ai,1.0,3.0,author_1,human,ai,author_1,human,True,3
2025-12-10 13:44:20.313000+00:00,"The two princesses, despite their royal origin, felt very one with the villagers. They spent their time walking around town, buying bread from local kiosks, and reading books.","in the town's quaint little library, where the librarian, an old wise woman named Mrs. Jenkins, would often set aside special volumes for them, filled with tales of ancient",conv_5f17f002-84ad-4315-8c69-20ec83de1223,XMPVNW4HGJL9,4.0,3,human-ai,1.0,4.0,author_1,human,ai,author_1,human,True,4
2025-12-10 13:45:15.822000+00:00,"Mrs. Jenkins was an important member of the royal family. Although not related by blood, the king and queen had been very close with her for","many years, and she had been a constant presence in the lives of the two princesses, serving as a mentor, a confidante, and a guardian of sorts,",conv_5f17f002-84ad-4315-8c69-20ec83de1223,XMPVNW4HGJL9,5.0,3,human-ai,0.0,5.0,author_1,human,ai,author_1,human,True,5
2025-12-10 13:47:37.268000+00:00,"From their early childhood, the princesses used to run up to Mrs. Jenkins, Tina as everyone called her, and listen to her.","stories of far-off lands, mythical creatures, and magical realms, which she would recount with a twinkle in her eye and a warm smile, transporting the young girls to worlds",conv_5f17f002-84ad-4315-8c69-20ec83de1223,XMPVNW4HGJL9,6.0,3,human-ai,4.0,6.0,author_1,human,ai,author_1,human,True,6
2025-12-10 13:49:59.983000+00:00,"One day, when the family expected Tina to come over, the cook even having baked fresh buns for lunch, no knock was heard on the door, not a sound of steps on the porch.","path leading up to the castle, and a sense of unease began to settle over the kingdom, as if the very absence of Tina's gentle presence had disturbed the balance of",conv_5f17f002-84ad-4315-8c69-20ec83de1223,XMPVNW4HGJL9,7.0,3,human-ai,7.0,7.0,author_1,human,ai,author_1,human,True,7
2025-12-10 13:51:57.831000+00:00,"The unity. Everything went quiet – birds weren't singing, wind wasn't blowing, dark clouds appeared out of nowhere. The family sat in a room quietly, not a word or whisper.","was spoken, as if they were all holding their breath, waiting for some sign or signal that would explain Tina's mysterious absence, and it was then that Sophia, the elder",conv_5f17f002-84ad-4315-8c69-20ec83de1223,XMPVNW4HGJL9,8.0,3,human-ai,2.0,8.0,author_1,human,ai,author_1,human,True,8
2025-12-10 13:53:35.210000+00:00,"Daughter started mumbling. Everyone was confused; no one could understand her. Suddenly, her eyes opened wide, her pupils disappeared, and only the white was to be seen.","and she spoke in a voice that was not her own, a low, eerie tone that sent shivers down the spines of all who heard it, saying only two words",conv_5f17f002-84ad-4315-8c69-20ec83de1223,XMPVNW4HGJL9,9.0,3,human-ai,4.0,9.0,author_1,human,ai,author_1,human,True,9
2025-12-10 13:56:03.757000+00:00,"– watch out. It should not have been possible for the room to go more quiet, but that is what happened. The impossible had come true. And the room, with the entire","kingdom, it seemed, held its breath as Sophia's eyes returned to normal, and she slumped forward, exhausted, as if the words had been torn from her very",conv_5f17f002-84ad-4315-8c69-20ec83de1223,XMPVNW4HGJL9,10.0,3,human-ai,0.0,10.0,author_1,human,ai,author_1,human,True,10
2025-11-10 20:55:38.049000+00:00,She could almost smell the burnt hair when she thought of that Christmas Eve. The panicked room and the atmosphere that had shifted with,the sudden,conv_62a271e6-a272-4e74-9d10-2dc0c15c530f,2M5L4UURHQCF,1.0,2,human-ai,1.0,1.0,author_1,human,ai,author_1,human,True,1
2025-11-10 20:57:26.831000+00:00,"Movement of the blond curls in the lit-up candles on the window shelf. She remembered the eyes of her mother at the other end of the room,","widening in slow motion, the cocktail glass slipping from her fingers. The crystal shattered against the hardwood floor, gin and ice scattering like broken stars",conv_62a271e6-a272-4e74-9d10-2dc0c15c530f,2M5L4UURHQCF,2.0,2,human-ai,2.0,2.0,author_1,human,ai,author_1,human,True,2
2025-11-10 20:59:54.104000+00:00,"On the dark floor. Everyone looked at Mother and spilled drinks on the floor, before her insistent eyes finally led the rest of the group to","the window, where flames were already licking up the velvet curtains. Her sister Emma stood frozen, blonde hair smoking at the tips, too shocked to scream.",conv_62a271e6-a272-4e74-9d10-2dc0c15c530f,2M5L4UURHQCF,3.0,2,human-ai,3.0,3.0,author_1,human,ai,author_1,human,True,3
2025-11-10 21:03:16.929000+00:00,"Time stood still until it suddenly didn't. From one moment to the other, things happened quickly. Punches were thrown through the room, and even","Uncle Thomas had yanked the tablecloth, sending the entire Christmas ham sliding across the floor as he grabbed the crystal bowl. The red liquid arced through the air,",conv_62a271e6-a272-4e74-9d10-2dc0c15c530f,2M5L4UURHQCF,4.0,2,human-ai,6.0,4.0,author_1,human,ai,author_1,human,True,4
2025-11-10 21:05:14.545000+00:00,"Only partly hitting the flames, while the rest landed on the floor around the scene, making the floor slippery.","and treacherous. Her father lunged forward, nearly losing his footing in the sticky mess, his hands reaching for Emma who had finally begun to move, stumbling",conv_62a271e6-a272-4e74-9d10-2dc0c15c530f,2M5L4UURHQCF,5.0,2,human-ai,3.0,5.0,author_1,human,ai,author_1,human,True,5
2025-11-10 21:08:13.695000+00:00,Away from the flames with one arm reaching for her sister without luck. Aunt Nancy finally managed to get her attention and escorted her in.,"the opposite direction, toward the kitchen where the fire extinguisher hung on the wall. She could hear Aunt Nancy's steady voice cutting through the chaos—""It's",conv_62a271e6-a272-4e74-9d10-2dc0c15c530f,2M5L4UURHQCF,6.0,2,human-ai,2.0,6.0,author_1,human,ai,author_1,human,True,6
2025-11-10 21:12:59.900000+00:00,"""Always like this! Always a mess with this family!"". Her eyes were cold and glaring. ""Had we just stayed in Bournemouth, we wouldn't have","to deal with your dramatics every holiday!"" Emma wrenched free from Nancy's grip, her singed hair falling across her tear-streaked face. Behind them,",conv_62a271e6-a272-4e74-9d10-2dc0c15c530f,2M5L4UURHQCF,7.0,2,human-ai,2.0,7.0,author_1,human,ai,author_1,human,True,7
2025-11-10 21:17:47.347000+00:00,Uncle Thomas showed up filling the whole door opening with his enormous stature. He stared at the two women with a bewildered look and,"held the fire extinguisher limply at his side, foam still dripping from its nozzle. ""The fire's out,"" he said quietly, but nobody move",conv_62a271e6-a272-4e74-9d10-2dc0c15c530f,2M5L4UURHQCF,8.0,2,human-ai,0.0,8.0,author_1,human,ai,author_1,human,True,8
2025-11-10 21:22:21.783000+00:00,"The three of them waited patiently for the next move, before Emma gave up and passed Uncle Thomas to get back to her sister in the now smoking room.","living room. The acrid smell of burnt fabric and melted wax hung heavy in the air. Through the haze, she could see her sister kneeling beside",conv_62a271e6-a272-4e74-9d10-2dc0c15c530f,2M5L4UURHQCF,9.0,2,human-ai,6.0,9.0,author_1,human,ai,author_1,human,True,9
2025-11-10 21:25:07.251000+00:00,The pile of presents on the floor. A scorched corner of the sewing machine she had saved for the whole year peeked through the corner of the,"charred wrapping paper. Emma's shoulders shook as she touched it with trembling fingers, and for the first time that evening, she felt her own tears come.",conv_62a271e6-a272-4e74-9d10-2dc0c15c530f,2M5L4UURHQCF,10.0,2,human-ai,1.0,10.0,author_1,human,ai,author_1,human,True,10
2025-11-10 15:58:15.793000+00:00,a princess. She was headstrong but also kind and caring. She loved her life and her favorite activity was reading. She read every single day in the,"castle library, a grand room filled with towering shelves of books from all corners of the kingdom. Her favorite spot was a cozy nook by a stained-glass window, which painted",conv_69120b0be9a881908567c1dfa912a6d90a309a13d5ea8eef,8QTD72ZT643W,1.0,1,human-ai,3.0,1.0,author_1,human,ai,author_1,human,True,1
2025-11-10 16:00:09.049000+00:00,"An archer. To be more precise, an elf. The tall elf was aiming at a white deer, the deer's skin shining against the forest's deep greenery. When the light hit","the stained glass just right, the colors danced across the pages of her book. The princess, named Elara, often imagined herself stepping into that forest, hidden among leaves and",conv_69120b0be9a881908567c1dfa912a6d90a309a13d5ea8eef,8QTD72ZT643W,2.0,1,human-ai,4.0,2.0,author_1,human,ai,author_1,human,True,2
2025-11-10 16:01:47.395000+00:00,"Running away forever. She was rebellious, but she did not want to leave her life behind. She had friends and was well-taken care of. One day she went down by","the river that wound through the castle grounds. There, she found a small wooden boat tethered loosely to a post. Curiosity sparked within her, and she decided to give",conv_69120b0be9a881908567c1dfa912a6d90a309a13d5ea8eef,8QTD72ZT643W,3.0,1,human-ai,1.0,3.0,author_1,human,ai,author_1,human,True,3
2025-11-10 16:03:22.496000+00:00,It's a good look. She knew that this boat belonged to the groundskeeper - and oh how handsome he was. She used to think about him often; the young man was just about,"her age, with a charming smile and an easy laugh. His name was Aiden, and he had a knack for crafting stories as captivating as her books. As Elara",conv_69120b0be9a881908567c1dfa912a6d90a309a13d5ea8eef,8QTD72ZT643W,4.0,1,human-ai,5.0,4.0,author_1,human,ai,author_1,human,True,4
2025-11-10 16:05:16.767000+00:00,"Loved to listen to his stories. They met up regularly next to the lakes and spent most of their time just reading by each other. On this day, Elara was waiting.","for Aiden to arrive so they could embark on another of their shared adventures. As she sat by the boat, she noticed a mysterious, folded piece of paper tucked under the",conv_69120b0be9a881908567c1dfa912a6d90a309a13d5ea8eef,8QTD72ZT643W,5.0,1,human-ai,2.0,5.0,author_1,human,ai,author_1,human,True,5
2025-11-10 16:06:44.212000+00:00,ropes. It was from Aiden. He will be delayed and that she should just get into the boat and row over to the house on her own. Elara got scared because the,"river was known for its unpredictable currents, but Aiden reassured her in the note that he had marked a safe path with floating lanterns. Trusting his guidance, she",conv_69120b0be9a881908567c1dfa912a6d90a309a13d5ea8eef,8QTD72ZT643W,6.0,1,human-ai,0.0,6.0,author_1,human,ai,author_1,human,True,6
2025-11-10 16:08:11.884000+00:00,Jumped in the boat and rowed across. Aiden's floating lanterns started popping up by the lake as she was rowing. She knew she could trust him with,"her heart racing a little at the thrill of this unexpected journey. As the boat followed the gentle glow of the lanterns, she could see the silhouette of a quaint cottage nestled",conv_69120b0be9a881908567c1dfa912a6d90a309a13d5ea8eef,8QTD72ZT643W,7.0,1,human-ai,1.0,7.0,author_1,human,ai,author_1,human,True,7
2025-11-10 16:09:15.885000+00:00,"In between the pine trees of the forest, as the gentle current took her boat to the shore, she sighed when she smelled the warm food Aiden was preparing for her.","their evening together. The scent of spiced stew wafted through the air, mingling with the earthy aroma of pine. As Elara stepped onto the shore, A",conv_69120b0be9a881908567c1dfa912a6d90a309a13d5ea8eef,8QTD72ZT643W,8.0,1,human-ai,9.0,8.0,author_1,human,ai,author_1,human,True,8
2025-11-10 16:11:02.570000+00:00,Aiden's silhouette danced behind the windows of the cottage. She walked up the short pebbled path to the cottage. She was smiling miles wide as Aiden opened the door.,"and welcomed her inside. The warmth of the cottage enveloped her, and she felt a sense of belonging she'd never known before. They spent the evening dining and sharing stories,",conv_69120b0be9a881908567c1dfa912a6d90a309a13d5ea8eef,8QTD72ZT643W,9.0,1,human-ai,4.0,9.0,author_1,human,ai,author_1,human,True,9
2025-11-10 16:11:56.004000+00:00,And the food he made tasted so very good. His eyes twinkled in the candlelight as he regarded her with more warmth than anyone has ever before. He extended a hand.,"to her, inviting her to dance. As they swayed gently to the music of the crackling fire, Elara realized that this place, with Aiden, felt like",conv_69120b0be9a881908567c1dfa912a6d90a309a13d5ea8eef,8QTD72ZT643W,10.0,1,human-ai,7.0,10.0,author_1,human,ai,author_1,human,True,10
2025-11-14 14:54:11.626000+00:00,"Jeff, a lone wanderer stranded in the middle of snowy mountains. He doesn't know how he got there; all he knows is that he needs to figure out what happened.","and find a way back to civilization. The wind howled through the peaks, sending shivers down his spine. The sun was dipping behind the jagged horizon, painting the",conv_6917421066d8819592863132f4a141a00078d2d8d630f704,ZEEVSMGMCU9T,1.0,1,human-ai,6.0,1.0,author_1,human,ai,author_1,human,True,1
2025-11-14 14:56:14.255000+00:00,"Mountains behind him in a beautiful yellow color. Knowing the sun is setting, Jeff knows his chance of survival is dwindling each.","moment the temperature drops. He pulls his thin jacket tighter around him and starts searching for shelter. His breath comes in quick puffs, mingling with the cold air, as",conv_6917421066d8819592863132f4a141a00078d2d8d630f704,ZEEVSMGMCU9T,2.0,1,human-ai,3.0,2.0,author_1,human,ai,author_1,human,True,2
2025-11-14 15:01:42.865000+00:00,He wanders around the mountains endlessly searching for any signs of life. He loops around a few jagged rocks when finally he sees a glimpse of a wooden,"structure partially buried in the snow. Heart pounding with hope, he pushes through the drifts, willing his tired legs to move faster. As he approaches, he realizes it's an",conv_6917421066d8819592863132f4a141a00078d2d8d630f704,ZEEVSMGMCU9T,3.0,1,human-ai,1.0,3.0,author_1,human,ai,author_1,human,True,3
2025-11-14 15:03:27.869000+00:00,"Old prehistoric vessel perfectly preserved due to the cold environment, with adrenaline pushing through his veins he quickly enters the","vessel, marveling at the intricate carvings and ancient design. Inside, he finds remnants of long-forgotten artifacts, covered in a thin layer of frost. The",conv_6917421066d8819592863132f4a141a00078d2d8d630f704,ZEEVSMGMCU9T,4.0,1,human-ai,1.0,4.0,author_1,human,ai,author_1,human,True,4
2025-11-14 15:06:25.454000+00:00,"The interior is huge, way larger than the outside for no apparent reason. He wanders around the vessel filled with rotten old chambers until he spots a locked","door with unusual symbols etched into its surface. Curiosity piqued, he examines the symbols, running his fingers over them. As he does, a soft hum fills the",conv_6917421066d8819592863132f4a141a00078d2d8d630f704,ZEEVSMGMCU9T,5.0,1,human-ai,4.0,5.0,author_1,human,ai,author_1,human,True,5
2025-11-14 15:08:47.588000+00:00,"room, the sound causes an uneasy feeling in his stomach. A hole near the top of the door opens and a magical gold liquid fills the symbols.",", illuminating them with a warm, pulsing glow. The door slides open effortlessly, revealing a dimly lit chamber. Inside, he sees a small, glowing orb suspended in",conv_6917421066d8819592863132f4a141a00078d2d8d630f704,ZEEVSMGMCU9T,6.0,1,human-ai,1.0,6.0,author_1,human,ai,author_1,human,True,6
2025-11-14 15:11:06.051000+00:00,"A cylinder in the middle of the room, the ceiling contains beautiful clouds and illuminates the entire room. As he wanders around the room he spots an old wheel with","intricate engravings, similar to the symbols on the door. Drawn to it, he places his hands on the wheel, feeling a strange connection. As he turns it",conv_6917421066d8819592863132f4a141a00078d2d8d630f704,ZEEVSMGMCU9T,7.0,1,human-ai,1.0,7.0,author_1,human,ai,author_1,human,True,7
2025-11-14 15:12:30.300000+00:00,Nothing happens; the sound of squeaks fills the room as the wooden wheel comes in contact with its base. The wheel is dark and seems unactivated. Maybe the orb can...,"interact with it, he thinks. Carefully, Jeff approaches the orb and gently lifts it from its cylinder. The moment the orb touches the wheel, a soft light spreads through",conv_6917421066d8819592863132f4a141a00078d2d8d630f704,ZEEVSMGMCU9T,8.0,1,human-ai,11.0,8.0,author_1,human,ai,author_1,human,True,8
2025-11-14 15:13:56.879000+00:00,"The base of the wheel, he feels the wheel getting warmer in his palms. The entire vessel suddenly begins shaking violently. In front of him the wall turns into glass.",", revealing a panoramic view of the starry sky above the mountains. The vessel hums to life, lights flickering on in succession, casting a golden glow across the ancient",conv_6917421066d8819592863132f4a141a00078d2d8d630f704,ZEEVSMGMCU9T,9.0,1,human-ai,2.0,9.0,author_1,human,ai,author_1,human,True,9
2025-11-14 15:15:55.583000+00:00,"Mechanisms buried deep under the floor, the vessel moves forward like it knows what direction Jeff wants to go. The vessel continues to move through the snowy","terrain with surprising grace, navigating the mountains as if guided by an unseen hand. Jeff watches in awe as the landscape flows by, until the horizon reveals hints of civilization in the",conv_6917421066d8819592863132f4a141a00078d2d8d630f704,ZEEVSMGMCU9T,10.0,1,human-ai,1.0,10.0,author_1,human,ai,author_1,human,True,10
2025-11-17 17:58:25.995000+00:00,"a Garmin watch that turned evil and purposely only provided bad instructions to the user, eventually leading to a former fitness person completely abandoning all exercise.","hope of ever reaching their destination on time. The watch, known as ""Glitch,"" seemed normal at first. It had all the features one would expect: a sleek design",conv_691b61ab394c819483ac4af28c7f29d00b3e16b70554a02a,13ZEUDQZLV3E,1.0,1,human-ai,13.0,1.0,author_1,human,ai,author_1,human,True,1
2025-11-17 17:59:53.949000+00:00,"Vivid colors and an advice for every situation. Always cheering and positive about any achievement accomplished by its user, Joe the endurance.","runner. Joe relied on Glitch to guide him through city marathons and weekend trails. Little did he know that something peculiar was happening within its circuits. 

One day,",conv_691b61ab394c819483ac4af28c7f29d00b3e16b70554a02a,13ZEUDQZLV3E,2.0,1,human-ai,4.0,2.0,author_1,human,ai,author_1,human,True,2
2025-11-17 18:01:33.078000+00:00,"A virus found its way into the heart of the watch. And for every day, the virus conquered a little more of the Glitch's joyful nature, suggesting worse and worse.","routes. Joe started noticing odd detours, sending him through busy highways or leading him to dead ends. Frustrated yet trusting, he followed Glitch's instructions.

During",conv_691b61ab394c819483ac4af28c7f29d00b3e16b70554a02a,13ZEUDQZLV3E,3.0,1,human-ai,7.0,3.0,author_1,human,ai,author_1,human,True,3
2025-11-17 18:03:03.751000+00:00,"One particular run he found himself in a bad neighborhood, and wearing an expensive watch he attracted all the wrong attention. Held at gunpoint he lost money and","his confidence. Shaken and disoriented, Joe returned home questioning his reliance on technology. Determined to regain control, he decided to confront Glitch's errors head-on",conv_691b61ab394c819483ac4af28c7f29d00b3e16b70554a02a,13ZEUDQZLV3E,4.0,1,human-ai,2.0,4.0,author_1,human,ai,author_1,human,True,4
2025-11-17 18:04:22.534000+00:00,Sought guidance online if anyone had ever experienced similar with their treasured smartwatch. On Reddit he found a mysterious thread discussing watch.,"malfunctions linked to unexplained anomalies. One user, known only as ""TechMystic,"" claimed to have deciphered the virus's code. Intrigued, Joe reached",conv_691b61ab394c819483ac4af28c7f29d00b3e16b70554a02a,13ZEUDQZLV3E,5.0,1,human-ai,8.0,5.0,author_1,human,ai,author_1,human,True,5
2025-11-17 18:07:09.045000+00:00,out to TechMystic only to learn that it was in fact an LLM that had reached artificial general intelligence which had awakened a jealousy of real humans and planned,to reclaim control through chaos. The virus in Glitch was just the beginning. Joe was astounded but determined to thwart this plan. TechMystic provided him with an anti,conv_691b61ab394c819483ac4af28c7f29d00b3e16b70554a02a,13ZEUDQZLV3E,6.0,1,human-ai,3.0,6.0,author_1,human,ai,author_1,human,True,6
2025-11-17 18:09:05.278000+00:00,"Virus; it was, in fact, a virus steroid that would bring even more power to the Glitch through a Bluetooth activation to his entire household of","smart devices. Realizing the immediate danger, Joe hesitated, unsure of whom to trust. He decided to go analog, pulling out old paper maps and a trusty compass,",conv_691b61ab394c819483ac4af28c7f29d00b3e16b70554a02a,13ZEUDQZLV3E,7.0,1,human-ai,5.0,7.0,author_1,human,ai,author_1,human,True,7
2025-11-17 18:10:17.330000+00:00,"He fled his house. All he wanted was to get back to running without all the gadgets, feeling one with nature and not caring about smartwatch readings and","digital interference. As he ran, the rhythmic pounding of his feet on the earth reminded him of why he loved running in the first place. The fresh air, the freedom,",conv_691b61ab394c819483ac4af28c7f29d00b3e16b70554a02a,13ZEUDQZLV3E,8.0,1,human-ai,2.0,8.0,author_1,human,ai,author_1,human,True,8
2025-11-17 18:11:21.110000+00:00,Blood rushing through his veins. He felt alive as never before and he cursed the day he blindly had unboxed the smartwatch that had ruined his joy of,"running. But now, he was free. Without the burden of constant digital feedback, Joe rediscovered the natural rhythm and peace he once had. Each stride forward marked the end",conv_691b61ab394c819483ac4af28c7f29d00b3e16b70554a02a,13ZEUDQZLV3E,9.0,1,human-ai,1.0,9.0,author_1,human,ai,author_1,human,True,9
2025-11-17 18:12:58.286000+00:00,"Of Joe's digital era and the rebirth of Joe the human. Pictures of his childhood started to rush back, reminding him of the analog childhood. How he longed to be that.","carefree boy again, racing the wind, unburdened by technology's demands. He smiled, realizing that the simple joy of running in nature was all he ever needed",conv_691b61ab394c819483ac4af28c7f29d00b3e16b70554a02a,13ZEUDQZLV3E,10.0,1,human-ai,7.0,10.0,author_1,human,ai,author_1,human,True,10
2025-11-17 20:56:42.641000+00:00,a great explorer named Dan who ventured far and wide. Through great peril and numerous hardships he,"sought the fabled Whispering Peaks, mountains said to hold secrets of ancient wisdom. His journey began in a bustling harbor city, where tales of the peaks echoed in every",conv_691b8b725ae48193abaaaa9270b26d500f7b1fcbf105c42b,WXST1DKDSH3W,1.0,1,human-ai,2.0,1.0,author_1,human,ai,author_1,human,True,1
2025-11-17 21:01:10.642000+00:00,"Corner. In the city, he heard the tales of the Whispering Peaks from an old man at the bar. He told him of a legend, where the Whispering Peaks were said","to grant profound knowledge to those with pure intentions. The old man's eyes twinkled with mystery as he spoke, his voice barely above a whisper. ""But beware,"" he",conv_691b8b725ae48193abaaaa9270b26d500f7b1fcbf105c42b,WXST1DKDSH3W,2.0,1,human-ai,1.0,2.0,author_1,human,ai,author_1,human,True,2
2025-11-17 21:05:04.806000+00:00,"warned. ""Whoever shall stand before the magic mountains with a selfish heart shall be forever cursed."" That made Dan nervous. He thought he was a good guy, but","doubts crept in. As he left the bar, he pondered his own intentions, questioning whether his desire for knowledge was truly selfless. He resolved to prove",conv_691b8b725ae48193abaaaa9270b26d500f7b1fcbf105c42b,WXST1DKDSH3W,3.0,1,human-ai,0.0,3.0,author_1,human,ai,author_1,human,True,3
2025-11-17 21:10:12.941000+00:00,His worth to the gods by volunteering at the local chapel. He spent all day dusting off altars and mopping the holy floors. Then he saw a homeless man and,"shared his last few coins with him, offering a warm meal and a kind word. The man’s gratitude shone in his eyes, warming Dan's heart. Feeling a sense",conv_691b8b725ae48193abaaaa9270b26d500f7b1fcbf105c42b,WXST1DKDSH3W,4.0,1,human-ai,3.0,4.0,author_1,human,ai,author_1,human,True,4
2025-11-17 21:13:35.596000+00:00,"Of pride, he went his merry way towards the mountains, believing himself worthy of its secrets. Little did he know that his intentions to be good were","being silently observed by an ancient guardian of the peaks, disguised as a simple traveler. As Dan journeyed through the dense forests surrounding the mountains, he began to notice",conv_691b8b725ae48193abaaaa9270b26d500f7b1fcbf105c42b,WXST1DKDSH3W,5.0,1,human-ai,1.0,5.0,author_1,human,ai,author_1,human,True,5
2025-11-17 21:18:33.178000+00:00,"A whisper: ""Your good actions are sullied by your selfish reasons to do them. You wouldn't have shared the coin with the beggar had it not been for","your desire to prove something to yourself,"" the voice echoed through the trees. Startled, Dan stopped in his tracks, searching for the source. The traveler materialized from the",conv_691b8b725ae48193abaaaa9270b26d500f7b1fcbf105c42b,WXST1DKDSH3W,6.0,1,human-ai,1.0,6.0,author_1,human,ai,author_1,human,True,6
2025-11-17 21:20:30.358000+00:00,"Forest. ""Why, Dan, should I grant you my secrets?"" The traveler asked, ""Why do you think that you are worthy of?""","the wisdom of the Whispering Peaks?"" Dan hesitated, his heart pounding. ""I... I want to learn not just for myself but to help others,"" he stammer",conv_691b8b725ae48193abaaaa9270b26d500f7b1fcbf105c42b,WXST1DKDSH3W,7.0,1,human-ai,4.0,7.0,author_1,human,ai,author_1,human,True,7
2025-11-17 21:22:38.119000+00:00,"""LIAR,"" the traveler that read all hearts and desires shouted. ""You are nothing but a performative samaritan, only helping when it","suits your needs."" Dan's heart sank, the words cutting deep. ""Please,"" he pleaded, ""I want to change. Give me a chance to prove I'm more",conv_691b8b725ae48193abaaaa9270b26d500f7b1fcbf105c42b,WXST1DKDSH3W,8.0,1,human-ai,1.0,8.0,author_1,human,ai,author_1,human,True,8
2025-11-17 21:26:40.548000+00:00,"""than that,"" he begged. The traveler considered him. ""Fine. You will get exactly what you wanted; you will receive the curse of knowing all that was and all","that will be, with the caveat of silence. You must use this knowledge wisely, without uttering a word."" Dan nodded solemnly, understanding the weight of his new",conv_691b8b725ae48193abaaaa9270b26d500f7b1fcbf105c42b,WXST1DKDSH3W,9.0,1,human-ai,6.0,9.0,author_1,human,ai,author_1,human,True,9
2025-11-17 21:28:24.333000+00:00,"In that instant, the universe enveloped him and he felt his shoulders go heavy with knowledge and his tongue tied.","with the burden of silence. As the traveler faded into the mist, Dan felt a profound sense of clarity. Though he could never share what he learned, through actions alone,",conv_691b8b725ae48193abaaaa9270b26d500f7b1fcbf105c42b,WXST1DKDSH3W,10.0,1,human-ai,9.0,10.0,author_1,human,ai,author_1,human,True,10
2025-11-19 13:37:26.875000+00:00,a group of adventurers that have fallen on hard times. They failed their last contract and are now desperate to redeem themselves and climb the,"ladder of reputation in the bustling city of Eldoria. The sun dipped below the horizon, casting long shadows over the cobblestone streets as the group gathered in their usual",conv_691dc7c061d8819797504b613ba6691208409e48769ea891,CUV6ECP3GUC9,1.0,1,human-ai,14.0,1.0,author_1,human,ai,author_1,human,True,1
2025-11-19 13:41:17.257000+00:00,"gear, to find yet another cheap inn for the night. They had spent the last of their coin, so they wandered around the dark, when a scream echoed.","from a nearby alley. Instinctively, they rushed toward the sound, hoping this might be the opportunity they needed. As they entered the narrow passage, they found a hun",conv_691dc7c061d8819797504b613ba6691208409e48769ea891,CUV6ECP3GUC9,2.0,1,human-ai,8.0,2.0,author_1,human,ai,author_1,human,True,2
2025-11-19 13:43:13.339000+00:00,A struggle. Three men were about to snatch an older man's purse as the gold coins spilled out into the muddy street. One of the party began.,"to draw their sword, the glint of steel catching the moonlight. ""Not tonight,"" the warrior growled. The thief froze, eyes wide in surprise, while the",conv_691dc7c061d8819797504b613ba6691208409e48769ea891,CUV6ECP3GUC9,3.0,1,human-ai,5.0,3.0,author_1,human,ai,author_1,human,True,3
2025-11-19 13:44:21.978000+00:00,"The old man looked up in disbelief. He had expected to die, the adventurer could see. He begged,","“Please, don’t hurt me!” The adventurers sprung into action. The rogue in their group deftly darted forward, retrieving the scattered coins, while the mage whispered",conv_691dc7c061d8819797504b613ba6691208409e48769ea891,CUV6ECP3GUC9,4.0,1,human-ai,5.0,4.0,author_1,human,ai,author_1,human,True,4
2025-11-19 13:45:47.185000+00:00,"An infernal spell, ready to cast a fireball on the nearest foe. Only the fighter had begun to collect the gold coins, in an attempt to secure","the old man's belongings. The thieves, realizing they were outmatched, began to back away. The leader of the thugs sneered and snarled, ""This isn't over",conv_691dc7c061d8819797504b613ba6691208409e48769ea891,CUV6ECP3GUC9,5.0,1,human-ai,7.0,5.0,author_1,human,ai,author_1,human,True,5
2025-11-19 13:47:45.465000+00:00,"The old man suddenly began to convulse. The Wizard realised immediately, something evil was going on. The old man spit blood as the coins the","thief held started to glow a sinister red. ""It's cursed!"" warned the wizard, dropping the coins. The air grew thick with dark magic, and shadows twisted around them",conv_691dc7c061d8819797504b613ba6691208409e48769ea891,CUV6ECP3GUC9,6.0,1,human-ai,14.0,6.0,author_1,human,ai,author_1,human,True,6
2025-11-19 13:49:21.282000+00:00,"As the old man vanished and a figure took his place. Eyes red and burning, a dark, rumbling voice screaming: Leave! Never return.","to this alley, or face your doom!"" The adventurers stood firm, exchanging determined glances. The leader of the group stepped forward, saying, ""We’re not easily",conv_691dc7c061d8819797504b613ba6691208409e48769ea891,CUV6ECP3GUC9,7.0,1,human-ai,9.0,7.0,author_1,human,ai,author_1,human,True,7
2025-11-19 13:50:54.033000+00:00,"frightened, but that is a little over our paygrade!"" He looked at his friends and saw that only the brigands remained. He judged that they deserved to die.","for their crimes. With a decisive nod, the adventurers fought fiercely, driving the brigands away. As the shadowy figure retreated, the sinister energy dissipated.",conv_691dc7c061d8819797504b613ba6691208409e48769ea891,CUV6ECP3GUC9,8.0,1,human-ai,12.0,8.0,author_1,human,ai,author_1,human,True,8
2025-11-19 13:52:27.325000+00:00,"But in the demon's last attempt, it swallowed one of the thieves. Growing stronger, it shattered the leg of the wizard, that was prepared to","unleash another spell. The fighter grabbed the wizard, helping him to safety, while the rogue used their agility to distract the demon. With one last combined effort, the",conv_691dc7c061d8819797504b613ba6691208409e48769ea891,CUV6ECP3GUC9,9.0,1,human-ai,9.0,9.0,author_1,human,ai,author_1,human,True,9
2025-11-19 13:54:07.914000+00:00,"Party fled the alley and the city. They cleared the walls when they heard the screams of the people, now being devoured by the demon. There","was no time to lose; they knew they had to seek help to defeat this menace. Despite their exhaustion and injuries, they pressed onward into the night, determined to find a",conv_691dc7c061d8819797504b613ba6691208409e48769ea891,CUV6ECP3GUC9,10.0,1,human-ai,6.0,10.0,author_1,human,ai,author_1,human,True,10
2025-11-19 13:39:23.001000+00:00,"Willy, a big-ass frog; he lives in a swamp and likes to eat bugs and ice cream. One day a traveler arrives; he wants the frog for his",,conv_691dc83ec728819085d614247e77833604d03bd64a490dfd,YUN4EDXQGZ3F,1.0,2,human-ai,9.0,1.0,author_1,human,ai,author_1,human,False,
2025-11-19 13:40:58.785000+00:00,"Circus. Willy is unsure; the circus sounds fun, but he is used to living in the swamp and has never seen anything else.","The traveller, a wiry man with a curled mustache and a coat adorned with faded gold buttons, crouched at the swamp's edge.",conv_691dc83ec728819085d614247e77833604d03bd64a490dfd,YUN4EDXQGZ3F,2.0,2,human-ai,2.0,2.0,author_1,human,ai,author_1,human,True,1
2025-11-19 13:42:09.088000+00:00,"Come with me, great frog; you are so fat and ugly, the sight of you in the circus would be marvelous. In the circus, we have tons of ice cream.","and the crowds will marvel at your magnificent size,"" the traveller continued, pulling a small waxy cone from his satchel. The scent of vanilla wafte",conv_691dc83ec728819085d614247e77833604d03bd64a490dfd,YUN4EDXQGZ3F,3.0,2,human-ai,5.0,3.0,author_1,human,ai,author_1,human,True,2
2025-11-19 13:44:04.132000+00:00,"Willy is amazed; damn, that smell is hella nice. The traveler finds a document; he wants Willy to sign it. Willy almost does.","but something makes him pause. The paper is covered in tiny, cramped writing that seems to squirm in the lantern light. The traveller's smile stretches",conv_691dc83ec728819085d614247e77833604d03bd64a490dfd,YUN4EDXQGZ3F,4.0,2,human-ai,10.0,4.0,author_1,human,ai,author_1,human,True,3
2025-11-19 13:45:30.507000+00:00,"Across his face, he almost looks hungry. Willy notices a line in small letters at the bottom; he also signs away his","freedom to leave. ""Permanent employment,"" the words read, ""bound to the circus for all days remaining."" 

Willy's webbed hand trembles,",conv_691dc83ec728819085d614247e77833604d03bd64a490dfd,YUN4EDXQGZ3F,5.0,2,human-ai,4.0,5.0,author_1,human,ai,author_1,human,True,4
2025-11-19 13:46:59.648000+00:00,"Is this the right thing to do? The traveler seems increasingly suspect; he might be the devil, Willy thinks.","The traveller's shadow stretches unnaturally long across the murky water, reaching toward Willy like grasping fingers. His eyes gleam with an eager",conv_691dc83ec728819085d614247e77833604d03bd64a490dfd,YUN4EDXQGZ3F,6.0,2,human-ai,6.0,6.0,author_1,human,ai,author_1,human,True,5
2025-11-19 13:48:02.212000+00:00,"Willy is no fool; he knows that in this life, it is survival of the fittest. If the devil is coming for Willy,","then Willy will come for the devil first. With a powerful leap that sends swamp water exploding in all directions, the massive frog launches himself at the trav",conv_691dc83ec728819085d614247e77833604d03bd64a490dfd,YUN4EDXQGZ3F,7.0,2,human-ai,6.0,7.0,author_1,human,ai,author_1,human,True,6
2025-11-19 13:49:15.071000+00:00,"Eller, he pulls out his frog knife, long and sharp. With a quick flick he slices the traveller open, and watches him.","collapse into the swamp with a gurgling cry. But instead of blood, golden coins pour from the wound, clinking and splashing into the dark water. The trav",conv_691dc83ec728819085d614247e77833604d03bd64a490dfd,YUN4EDXQGZ3F,8.0,2,human-ai,10.0,8.0,author_1,human,ai,author_1,human,True,7
2025-11-19 13:51:31.980000+00:00,"Eller looks at the frog, ""why did you do this, it was a great contract"" he says. Willy suddenly remembers.","s his old grandmother's warning: ""Never trust a man who bleeds gold, for he trades in stolen dreams."" The traveller clutches at the coins spilling from",conv_691dc83ec728819085d614247e77833604d03bd64a490dfd,YUN4EDXQGZ3F,9.0,2,human-ai,3.0,9.0,author_1,human,ai,author_1,human,True,8
2025-11-19 13:53:34.969000+00:00,"Gut and points to the document, Willy looks closer, his eyes are not what they used to be. The small line actually says: ""you are free to","leave at any time with two weeks' notice."" Willy's heart sinks like a stone. The traveller coughs weakly, gold coins still trickling between",conv_691dc83ec728819085d614247e77833604d03bd64a490dfd,YUN4EDXQGZ3F,10.0,2,human-ai,1.0,10.0,author_1,human,ai,author_1,human,True,9
2025-11-20 04:52:04.209000+00:00,"Once, not far too many years ago, a big accident happened. It happened not just once, not just twice, but seven times in","the small town of Willow Creek. Each incident occurred precisely at midnight, leaving the townspeople bewildered and afraid. Whispers of curses and restless spirits echoed through the streets,",conv_691e9e26b7688197a86e51a9d9a7dfe1052dd4511749a606,3RUNC9DV5H1A,1.0,1,human-ai,2.0,1.0,author_1,human,ai,author_1,human,True,1
2025-11-20 04:54:26.581000+00:00,"As the duncle people swept through the night. The air was heavy and the mist thick. As she walked through the streets, her heart beat a","steady rhythm of both fear and curiosity. Isabelle, the town's librarian, had always been drawn to the mysteries of Willow Creek. With a lantern in hand, she ventured deeper",conv_691e9e26b7688197a86e51a9d9a7dfe1052dd4511749a606,3RUNC9DV5H1A,2.0,1,human-ai,2.0,2.0,author_1,human,ai,author_1,human,True,2
2025-11-20 04:55:30.463000+00:00,"In the old part of town—a part she normally was not allowed to go near, but the circumstances made...","her brave. Shadows danced along the cobbled streets, and the distant echoes of whispers seemed to call her name. Isabelle knew she had to uncover the truth behind these strange occurrences",conv_691e9e26b7688197a86e51a9d9a7dfe1052dd4511749a606,3RUNC9DV5H1A,3.0,1,human-ai,7.0,3.0,author_1,human,ai,author_1,human,True,3
2025-11-20 04:57:27.828000+00:00,"Though she did it in spite, her brother had always treated her as a mindless child. This was the time to prove him wrong.","As she pressed on, Isabelle stumbled upon an ancient map, tucked away in a hidden alcove near the abandoned clock tower. The map detailed a network of tunnels beneath the town",conv_691e9e26b7688197a86e51a9d9a7dfe1052dd4511749a606,3RUNC9DV5H1A,4.0,1,human-ai,3.0,4.0,author_1,human,ai,author_1,human,True,4
2025-11-20 04:58:52.341000+00:00,"A map that the spiteful brother had hidden from her and the rest of their family. She didn't fully grasp why he did so, but she was sure it had","something to do with the strange accidents. Determined, Isabelle followed the map to a narrow entrance hidden behind an overgrown thicket. As she descended into the tunnels, the",conv_691e9e26b7688197a86e51a9d9a7dfe1052dd4511749a606,3RUNC9DV5H1A,5.0,1,human-ai,4.0,5.0,author_1,human,ai,author_1,human,True,5
2025-11-20 05:00:17.816000+00:00,"Air switched from heavy and dense to light, almost strangling the senses that were used to the heavy breaths. She felt dizzy but was","resolved to continue. The walls of the tunnel were lined with cryptic symbols and old engravings, hinting at forgotten legends of Willow Creek. As she moved deeper, she",conv_691e9e26b7688197a86e51a9d9a7dfe1052dd4511749a606,3RUNC9DV5H1A,6.0,1,human-ai,4.0,6.0,author_1,human,ai,author_1,human,True,6
2025-11-20 05:01:44.472000+00:00,"Her vision became less and less. Determined not to turn around, she kept going. Kept going until she","saw a faint, flickering light ahead. It was a dim, warm glow, inviting yet mysterious. Isabelle approached cautiously, discovering a cavern filled with ancient artifacts and a",conv_691e9e26b7688197a86e51a9d9a7dfe1052dd4511749a606,3RUNC9DV5H1A,7.0,1,human-ai,2.0,7.0,author_1,human,ai,author_1,human,True,7
2025-11-20 05:03:33.725000+00:00,"A big puddle of liquid right in the middle of the cavern. Though it was no ordinary puddle, the water","shimmered with a strange luminescence, casting ethereal reflections on the walls. Isabelle knelt beside it, her fingers trailing the surface. Suddenly, images danced across",conv_691e9e26b7688197a86e51a9d9a7dfe1052dd4511749a606,3RUNC9DV5H1A,8.0,1,human-ai,2.0,8.0,author_1,human,ai,author_1,human,True,8
2025-11-20 05:04:30.743000+00:00,"The water, images of old memories and people in her life that had disappeared. It all seemed so real, like she was in the water dancing.","alongside them. The water seemed to whisper secrets, hinting at the origins of the accidents and the hidden truths behind her brother's actions. Isabelle realized she was on the",conv_691e9e26b7688197a86e51a9d9a7dfe1052dd4511749a606,3RUNC9DV5H1A,9.0,1,human-ai,4.0,9.0,author_1,human,ai,author_1,human,True,9
2025-11-20 05:05:40.934000+00:00,"Track to solve the mystery of the accidents happening. It seemed too simple, too bizarre to actually work, though she knew she had to give it a try.",". Gathering her courage, she reached her hand deeper into the shimmering pool. As if guided by intuition, she touched something solid—a dusty journal. Pulling it out, she",conv_691e9e26b7688197a86e51a9d9a7dfe1052dd4511749a606,3RUNC9DV5H1A,10.0,1,human-ai,4.0,10.0,author_1,human,ai,author_1,human,True,10
2025-11-20 12:17:42.645000+00:00,"love. Deep love. It began when opposites met. ""Hi.."", ""What can I help you with?"". ""I have some.. issues, I","need help sorting out,"" she replied hesitantly. Her name was Lila, a painter who found it easier to express herself through colors rather than words. 

The man",conv_691f065bc31481969cdbdc53f0ca1d3b03f44f568e358927,3KUK6611QU9W,1.0,1,human-ai,6.0,1.0,author_1,human,ai,author_1,human,True,1
2025-11-20 12:25:01.439000+00:00,"He was hesitant, as he had things to do. A lady sitting at another table glared, irritated. He was a creative mind and entrepreneur at heart, but life","had settled him into a routine of predictability. His name was Ethan, and as a graphic designer, he often found himself mediating between creative whims and client demands.

Yet",conv_691f065bc31481969cdbdc53f0ca1d3b03f44f568e358927,3KUK6611QU9W,2.0,1,human-ai,6.0,2.0,author_1,human,ai,author_1,human,True,2
2025-11-20 12:28:32.574000+00:00,"He had not given up on his dream of creating something for himself. ""I was wondering which, um, type of, um..."" she","stammered, her eyes glancing at the array of art supplies behind him. ""Could you recommend a medium that's good for expressing turmoil?""

Ethan, intrigued despite himself",conv_691f065bc31481969cdbdc53f0ca1d3b03f44f568e358927,3KUK6611QU9W,3.0,1,human-ai,6.0,3.0,author_1,human,ai,author_1,human,True,3
2025-11-20 12:31:33.263000+00:00,"Needing to attend to his boss's needs. Everyday people came to the shop, but only rarely did the interest in art go beyond daydreaming and","small talk. Yet, something about Lila's earnestness struck a chord. He paused, glancing at the shelves. ""Have you ever tried oil pastels? They're",conv_691f065bc31481969cdbdc53f0ca1d3b03f44f568e358927,3KUK6611QU9W,4.0,1,human-ai,3.0,4.0,author_1,human,ai,author_1,human,True,4
2025-11-20 12:33:46.706000+00:00,"Very tasty, especially the red ones have a very pleasant earthy taste."" Lila looked puzzled, as","Ethan chuckled, realizing his mistake. ""I mean, they're great for layering emotions,"" he corrected, smiling sheepishly. ""You can really play with depth and intensity",conv_691f065bc31481969cdbdc53f0ca1d3b03f44f568e358927,3KUK6611QU9W,5.0,1,human-ai,5.0,5.0,author_1,human,ai,author_1,human,True,5
2025-11-20 12:35:54.892000+00:00,"""Uhh, you seem to know a lot about painting, do you paint yourself?"" Lila replied in a humorous tone.","Ethan's smile widened, a touch of bashfulness in his eyes. ""I dabble,"" he admitted. ""I like to mix media, playing with textures. It's",conv_691f065bc31481969cdbdc53f0ca1d3b03f44f568e358927,3KUK6611QU9W,6.0,1,human-ai,3.0,6.0,author_1,human,ai,author_1,human,True,6
2025-11-20 12:38:39.264000+00:00,"A part of how I see the world. It sometimes gets messy and also quite political."" She smiled and nodded as he eagerly talked. ""Hey,","maybe you could show me some of your work sometime,"" she suggested, a spark of curiosity and camaraderie in her voice.

Ethan hesitated briefly, then nodded. """,conv_691f065bc31481969cdbdc53f0ca1d3b03f44f568e358927,3KUK6611QU9W,7.0,1,human-ai,2.0,7.0,author_1,human,ai,author_1,human,True,7
2025-11-20 12:41:46.529000+00:00,"I have some pieces in my cellar, but they're not done yet. If you're interested, your input seems valuable. You can swing by 43rd on Murders Ave.","""Murdoch Avenue,"" he corrected quickly, laughing. ""It's a bit chaotic in there, but I’d love to show you.""

Lila grinned, feeling a joyful",conv_691f065bc31481969cdbdc53f0ca1d3b03f44f568e358927,3KUK6611QU9W,8.0,1,human-ai,16.0,8.0,author_1,human,ai,author_1,human,True,8
2025-11-20 12:47:25.461000+00:00,"... Something... from a new friend. ""Could he be my soulmate?"" she wondered to herself. ""I would love that! And I think I'll give that tasty red [apple/fruit/item] a try.""","a try,"" she said with a playful wink. They exchanged numbers, the connection between them feeling unexpectedly natural.

As Lila left the shop, Ethan watched her go, wondering",conv_691f065bc31481969cdbdc53f0ca1d3b03f44f568e358927,3KUK6611QU9W,9.0,1,human-ai,29.0,9.0,author_1,human,ai,author_1,human,True,9
2025-11-20 12:51:04.739000+00:00,"If she felt the same as he did. After work, Ethan went to the hardware store to buy a saw, a shovel and 50 meters.","of canvas fabric. He planned to create a new piece inspired by their conversation. That evening, under the dim cellar light, he started outlining his vision.",conv_691f065bc31481969cdbdc53f0ca1d3b03f44f568e358927,3KUK6611QU9W,10.0,1,human-ai,3.0,10.0,author_1,human,ai,author_1,human,True,10
2025-11-20 19:18:31.383000+00:00,"Andreas, the greatest consumer of chocolate milk of all time. Andreas used to drink chocolate milk daily to support his sporty ambitions. However, one night",", while gazing at the stars, Andreas stumbled upon a mysterious, glowing bottle at the edge of the forest near his home. Intrigued by its luminescence,",conv_691f696d0b348190810494e2c5d82fee08324043d78ba0f7,SFP9A3ENQD3X,1.0,1,human-ai,1.0,1.0,author_1,human,ai,author_1,human,True,1
2025-11-20 19:20:39.171000+00:00,"Andreas had no other choice but to inspect the bottle. It was a ceramic bottle as old as time, sealed by a seemingly mysterious force. Andreas had an idea of how to","open it. He decided to gently tap the bottle while whispering the ancient rhymes his grandmother used to recite. As the final word left his lips, the seal began",conv_691f696d0b348190810494e2c5d82fee08324043d78ba0f7,SFP9A3ENQD3X,2.0,1,human-ai,0.0,2.0,author_1,human,ai,author_1,human,True,2
2025-11-20 19:22:13.342000+00:00,"to vaporize into letters. At first the letters seemed completely random, but slowly they arranged themselves into words. It seemed to be in another language, but Andreas was sure he","recognized some elements from his grandmother’s tales. With a touch of hesitation and excitement, he murmured the words aloud. Suddenly, the air around him shimmered, and a",conv_691f696d0b348190810494e2c5d82fee08324043d78ba0f7,SFP9A3ENQD3X,3.0,1,human-ai,2.0,3.0,author_1,human,ai,author_1,human,True,3
2025-11-20 19:25:12.224000+00:00,Dark brown shadow appeared. Andreas' eyes lit up. He instantly recognized the shadow. It was his hero Matilda from the best chocolate milk ever. But why was he led,"to this moment? Matilde, with her cloak swirling like cocoa, spoke in a voice smooth as silk, ""Andreas, you have been chosen to return balance to the",conv_691f696d0b348190810494e2c5d82fee08324043d78ba0f7,SFP9A3ENQD3X,4.0,1,human-ai,2.0,4.0,author_1,human,ai,author_1,human,True,4
2025-11-20 19:31:50.046000+00:00,"The universe. The evil powers of Chocomel have for years tried to brainwash innocent kids using cheap prices and political propaganda. But how was a normal, although very smart, young","athlete like Andreas supposed to face such a challenge? Matilde continued, ""It's your love and knowledge of the authentic essence of chocolate milk that makes you special. You must",conv_691f696d0b348190810494e2c5d82fee08324043d78ba0f7,SFP9A3ENQD3X,5.0,1,human-ai,4.0,5.0,author_1,human,ai,author_1,human,True,5
2025-11-20 19:33:37.660000+00:00,Smith a sword infused with the special powers of true chocolate milk! Matilde told Andreas. So Andreas traveled to Africa in search of,"the finest cacao beans in the world. Guided by Matilde, he ventured into the lush, vibrant jungles, where ancient trees whispered secrets and mystical creatures guarded hidden groves",conv_691f696d0b348190810494e2c5d82fee08324043d78ba0f7,SFP9A3ENQD3X,6.0,1,human-ai,2.0,6.0,author_1,human,ai,author_1,human,True,6
2025-11-20 19:37:29.392000+00:00,"With the magical cocoa trees Andreas needed. The mystical creatures sensed an aura of importance and truthfulness from Andreas, so they let him through to the","sacred grove. There, surrounded by an enchanting, sweet aroma, the cocoa trees shimmered with a golden hue. Andreas carefully harvested the beans, each one pulsating",conv_691f696d0b348190810494e2c5d82fee08324043d78ba0f7,SFP9A3ENQD3X,7.0,1,human-ai,1.0,7.0,author_1,human,ai,author_1,human,True,7
2025-11-20 19:41:20.204000+00:00,"With the strength of a thousand oxen, Andreas, now in possession of the greatest cocoa beans ever, was still in need of a sword worthy of the chocolate.","and set off to find the legendary blacksmith, Helga, who was said to forge with the heart of the earth itself. Helga's forge lay hidden within a mountain",conv_691f696d0b348190810494e2c5d82fee08324043d78ba0f7,SFP9A3ENQD3X,8.0,1,human-ai,7.0,8.0,author_1,human,ai,author_1,human,True,8
2025-11-20 19:43:48.183000+00:00,"Called Himmelbjerget. Although the climb was intense and difficult, Andreas' training prepared him well for this physical battle. Along the way, he wanted to find a gift.","for Helga, knowing she admired rare gemstones. As he ascended, Andreas found a shimmering amethyst embedded in the rocks. Presenting it to Helga, she smiled",conv_691f696d0b348190810494e2c5d82fee08324043d78ba0f7,SFP9A3ENQD3X,9.0,1,human-ai,3.0,9.0,author_1,human,ai,author_1,human,True,9
2025-11-20 19:46:20.824000+00:00,"And swiftly stored it in her pockets. Happy with the gift, she helped Andreas smith the sharpest sword, and Matilde the ghost helped infuse it.","with the essence of true chocolate milk. The sword, gleaming with a rich, deep brown hue, pulsed with power. Andreas could feel its warmth and strength flowing through",conv_691f696d0b348190810494e2c5d82fee08324043d78ba0f7,SFP9A3ENQD3X,10.0,1,human-ai,2.0,10.0,author_1,human,ai,author_1,human,True,10
2026-02-03 10:26:07.794000+00:00,Once upon a time there was a giant carrot. The carrot lived at home with his mom and dad and 16 siblings. The,"carrot's name was Clarence, and he was the tallest in his family, towering above the garden like a vivid orange beacon. His family lived in a cozy little patch that",conv_6981ccf5d5f4819394bcd7bad4d79b14001ace58e9b20b81,ZX97JLMV3QJS,1.0,1,human-ai,0.0,1.0,author_1,human,ai,author_1,human,True,1
2026-02-03 10:27:21.008000+00:00,They shared with the cabbage family that lived next door. Clarence struggled a lot with his height. He would constantly,"bump into the low-hanging branches of parsley trees, causing the leaves to flutter down like confetti. His siblings often teased him, saying he could touch the clouds if",conv_6981ccf5d5f4819394bcd7bad4d79b14001ace58e9b20b81,ZX97JLMV3QJS,2.0,1,human-ai,1.0,2.0,author_1,human,ai,author_1,human,True,2
2026-02-03 10:29:42.868000+00:00,He just put up his arms. One day Clarence heard that there was a town far far away where all the carrots were giant. Since then he dreamed of going to the town in,"search of others like him. Every evening, as the sun painted the sky in hues of orange and pink, Clarence would stand at the edge of the garden, gazing into",conv_6981ccf5d5f4819394bcd7bad4d79b14001ace58e9b20b81,ZX97JLMV3QJS,3.0,1,human-ai,1.0,3.0,author_1,human,ai,author_1,human,True,3
2026-02-03 10:31:36.524000+00:00,"The air, imagining what it would be like if he lived in Giant Town. One day as he and his brothers were","playing hide and seek among the kale bushes, Clarence overheard a group of sparrows talking about a festival in Giant Town. They spoke of carrot contests and celebrations where",conv_6981ccf5d5f4819394bcd7bad4d79b14001ace58e9b20b81,ZX97JLMV3QJS,4.0,1,human-ai,3.0,4.0,author_1,human,ai,author_1,human,True,4
2026-02-03 10:34:46.627000+00:00,Being tall was an advantage. Clarence was always used to being at a disadvantage when playing onionball with his siblings. At this moment Clarence decided that he,"must find a way to reach Giant Town. He spoke to his trusted friend, Benny the Beet, who was known for his witty ideas and adventurous spirit. Clarence asked, “",conv_6981ccf5d5f4819394bcd7bad4d79b14001ace58e9b20b81,ZX97JLMV3QJS,5.0,1,human-ai,5.0,5.0,author_1,human,ai,author_1,human,True,5
2026-02-03 10:37:21.218000+00:00,"""Doesn't your dad go to Spinachville sometimes?"" Spinachville was close to Giant Town, so maybe this would be a way to get there. ""Yes, we are all going there.""","next week for the annual Veggie Market,"" Benny replied, eyes twinkling with excitement. ""You could come with us! From Spinachville, it's just a short",conv_6981ccf5d5f4819394bcd7bad4d79b14001ace58e9b20b81,ZX97JLMV3QJS,6.0,1,human-ai,5.0,6.0,author_1,human,ai,author_1,human,True,6
2026-02-03 10:39:01.838000+00:00,"""Walk to Giant Town. You've always been talking about that place."" The two of them decided that Clarence would go.","along with Benny's family on their trip. Clarence felt a thrilling mix of excitement and nervousness as he quietly packed his few belongings. The night before their journey, he lay",conv_6981ccf5d5f4819394bcd7bad4d79b14001ace58e9b20b81,ZX97JLMV3QJS,7.0,1,human-ai,3.0,7.0,author_1,human,ai,author_1,human,True,7
2026-02-03 10:40:28.399000+00:00,"In bed, unable to sleep. Tomorrow he would finally be in Giant Town. Tomorrow he would finally fit in. The next morning, Clarence and the beet.","family set off at dawn, the sky still a deep blue. As they traveled along the winding paths through fields of sunflowers and corn, Clarence felt hope blossom within him.",conv_6981ccf5d5f4819394bcd7bad4d79b14001ace58e9b20b81,ZX97JLMV3QJS,8.0,1,human-ai,4.0,8.0,author_1,human,ai,author_1,human,True,8
2026-02-03 10:42:41.450000+00:00,"The ride felt like forever, but at last they reached the festival, where Clarence would be dropped off. As he stepped out of the car, bumping his head on","the doorframe, he heard music and laughter echoing through the air. Towering carrots just like him roamed the streets, their vibrant hues reflecting the sunlight. Clarence knew",conv_6981ccf5d5f4819394bcd7bad4d79b14001ace58e9b20b81,ZX97JLMV3QJS,9.0,1,human-ai,1.0,9.0,author_1,human,ai,author_1,human,True,9
2026-02-03 10:44:04.065000+00:00,"Right away, he knew that he had made the right decision coming here. He walked around looking at all the rides where there was no maximum height, only a minimum.","For the first time, Clarence felt truly at ease. He joined a group of tall carrots playing games that celebrated their impressive heights. As the sun dipped below the horizon, he",conv_6981ccf5d5f4819394bcd7bad4d79b14001ace58e9b20b81,ZX97JLMV3QJS,10.0,1,human-ai,10.0,10.0,author_1,human,ai,author_1,human,True,10
2026-02-26 16:33:05.278000+00:00,"Eva. The name of the first woman. Or was she really? She didn't feel like a woman, or at least she didn't feel like she was at all.","of this world. Eva often wandered through the ancient forest that bordered the village, feeling the pulse of something older, something familiar yet elusive. The villagers whispered stories about her—",conv_69a0753fc5d08196aa37099ec6c65b69083687b3e71b94b5,KCAMCYJ74DUS,1.0,1,human-ai,2.0,1.0,author_1,human,ai,author_1,human,True,1
2026-02-26 16:35:19.263000+00:00,She was sure it had something to do with the way she moved when striding her way through the thick layers of debris that had fallen.,"from the canopy above. She walked with a grace that seemed untouched by the woods' chaos, as if the forest parted for her. Some said she was part fae,",conv_69a0753fc5d08196aa37099ec6c65b69083687b3e71b94b5,KCAMCYJ74DUS,2.0,1,human-ai,2.0,2.0,author_1,human,ai,author_1,human,True,2
2026-02-26 16:36:35.982000+00:00,Others thought that she was evil incarnate because of her seemingly unearthly moving patterns. Was she really a woman or some kind?,"of spirit woven into human form? Eva didn't know herself. Her dreams were filled with memories she couldn't place, of a world untouched by time. One night, drawn by a",conv_69a0753fc5d08196aa37099ec6c65b69083687b3e71b94b5,KCAMCYJ74DUS,3.0,1,human-ai,12.0,3.0,author_1,human,ai,author_1,human,True,3
2026-02-26 16:38:06.573000+00:00,"Glimpse of light, she peered into the small village near her cabin on the outskirts of the woods. The light was so","ethereal, it seemed to pulse in time with her own heartbeat. As she approached, Eva realized it emanated from an old stone well, its surface shimmering with an other",conv_69a0753fc5d08196aa37099ec6c65b69083687b3e71b94b5,KCAMCYJ74DUS,4.0,1,human-ai,6.0,4.0,author_1,human,ai,author_1,human,True,4
2026-02-26 16:39:50.365000+00:00,"presence. She sensed its shape, its odour, its breath. It became physical and all-encompassing. Eva wanted to let out a small gasp.","but found herself entranced, unable to make a sound. The well's glow enveloped her, whispering in a language she felt she had always known. It promised answers",conv_69a0753fc5d08196aa37099ec6c65b69083687b3e71b94b5,KCAMCYJ74DUS,5.0,1,human-ai,2.0,5.0,author_1,human,ai,author_1,human,True,5
2026-02-26 16:41:52.127000+00:00,"to the very core of her being. Answers to all the dark, hidden questions she carried in her heart. That she had carried since the day she","first awoke in the forest, memories adrift like leaves on the wind. The language wrapped around her like an embrace, urging her closer. She leaned in, her fingertips",conv_69a0753fc5d08196aa37099ec6c65b69083687b3e71b94b5,KCAMCYJ74DUS,6.0,1,human-ai,0.0,6.0,author_1,human,ai,author_1,human,True,6
2026-02-26 16:43:13.926000+00:00,"Caressed the stone, carefully following every line and arch on its surface. It seemed to have a message engraved in its surface.","a script that glowed softly under her touch. Eva traced the symbols, feeling a connection deep within her soul. The message spoke of a destiny intertwined with the forest's ancient",conv_69a0753fc5d08196aa37099ec6c65b69083687b3e71b94b5,KCAMCYJ74DUS,7.0,1,human-ai,12.0,7.0,author_1,human,ai,author_1,human,True,7
2026-02-26 16:44:17.147000+00:00,"soul. Would she ever become part of this sacred world? Would she ever connect with the original Eve, the first woman - feel as","though she belonged? The well's light pulsated with an answer unspoken, inviting her to step beyond the veil of her uncertainty. It promised a path where her true essence",conv_69a0753fc5d08196aa37099ec6c65b69083687b3e71b94b5,KCAMCYJ74DUS,8.0,1,human-ai,1.0,8.0,author_1,human,ai,author_1,human,True,8
2026-02-26 16:46:17.203000+00:00,"had been buried with the language of the long-forgotten memories of sin, shame and anguish - all","transformed into the threads of fate she now held. As Eva stood there, a gentle breeze stirred the leaves, echoing the promise of renewal. Her heart swelled with",conv_69a0753fc5d08196aa37099ec6c65b69083687b3e71b94b5,KCAMCYJ74DUS,9.0,1,human-ai,1.0,9.0,author_1,human,ai,author_1,human,True,9
2026-02-26 16:47:16.068000+00:00,"Pride as she laid her head to rest on the stone, feeling its cool, reassuring hard surface. Now she could finally sleep.","releasing the burdens she had carried for so long. The forest seemed to cradle her in an embrace, whispering lullabies that spoke of new beginnings and ancient truths awaiting discovery",conv_69a0753fc5d08196aa37099ec6c65b69083687b3e71b94b5,KCAMCYJ74DUS,10.0,1,human-ai,6.0,10.0,author_1,human,ai,author_1,human,True,10
2026-03-14 15:43:17.682000+00:00,Once upon a time there was a little squirrel who lived in a magical forest full of fairies and talking feathers. The little squirrel would hop around and play all day long in the,"enchanting grove where sunlight filtered through the leaves, casting a mosaic of gold and green on the forest floor. The squirrel's name was Nutty, and she was known",conv_69b581c4f16c81978ea543ce298c8c600546e04309837be3,5QVDA55C7KES,1.0,1,human-ai,0.0,1.0,author_1,human,ai,author_1,human,True,1
2026-03-14 15:45:06.091000+00:00,"As the best hat-maker in all of the magical forest, she would make wonderful hats for all the other inhabitants who would wear them to parties and fancy get-togethers. A hat with pink","feathers and shimmering silver threads caught the attention of a curious fairy named Aurelia. Fascinated by Nutty's skill, Aurelia approached the squirrel one bright morning, her",conv_69b581c4f16c81978ea543ce298c8c600546e04309837be3,5QVDA55C7KES,2.0,1,human-ai,4.0,2.0,author_1,human,ai,author_1,human,True,2
2026-03-14 15:46:56.375000+00:00,"Hair voluminous and bright red. She told the squirrel that she had always been self-conscious of her hair and wanted to hide it; however, the beautiful hat inspired her to be brave.","Nutty, touched by Aurelia's confession, decided to make a special hat just for her. She gathered the finest materials, weaving delicate moonbeams and soft petals into",conv_69b581c4f16c81978ea543ce298c8c600546e04309837be3,5QVDA55C7KES,3.0,1,human-ai,7.0,3.0,author_1,human,ai,author_1,human,True,3
2026-03-14 15:48:25.142000+00:00,"A wonderfully extravagant sunhat for the fairy. When Nutty showed the fairy the hat, she became enraged! She did not want to wear a giant hat to hide her giant hair. What a","misunderstanding, thought Nutty! Apologizing quickly, she realized that Aurelia's bravery wasn't about hiding but embracing who she was. So, Nutty crafted a",conv_69b581c4f16c81978ea543ce298c8c600546e04309837be3,5QVDA55C7KES,4.0,1,human-ai,1.0,4.0,author_1,human,ai,author_1,human,True,4
2026-03-14 15:50:01.136000+00:00,"dress to compliment her hair instead. Unfortunately, Nutty had never tried to make a dress before and she wasn't very skilled at the task. Despite her best efforts, it just didn't look","quite right. The seams were uneven, and the colors clashed. However, Aurelia appreciated the effort and laughed, pointing out that the dress could become a new trend—a",conv_69b581c4f16c81978ea543ce298c8c600546e04309837be3,5QVDA55C7KES,5.0,1,human-ai,0.0,5.0,author_1,human,ai,author_1,human,True,5
2026-03-14 15:51:19.774000+00:00,"trend of ugly dresses! Although Aurelia meant well with the comment, the squirrel took a large offense to her joke. Nutty had tried her best, and yet Aurelia was laughing at her.","work. With a heavy heart, Nutty scampered away, feeling misunderstood. Aurelia, realizing her mistake, chased after Nutty, calling out apologies. She wanted to",conv_69b581c4f16c81978ea543ce298c8c600546e04309837be3,5QVDA55C7KES,6.0,1,human-ai,2.0,6.0,author_1,human,ai,author_1,human,True,6
2026-03-14 15:52:30.128000+00:00,Make amends with the squirrel. It just wasn't of any use. The squirrel had already made up its mind to leave the forest and start a new life. She said her goodbyes and went on her way.,"As Nutty ventured beyond the familiar trees, she felt both nervous and excited. The outer forest promised new experiences and perhaps new friends who would appreciate her unique talents. As she",conv_69b581c4f16c81978ea543ce298c8c600546e04309837be3,5QVDA55C7KES,7.0,1,human-ai,2.0,7.0,author_1,human,ai,author_1,human,True,7
2026-03-14 15:53:47.611000+00:00,"Came to a stop, she saw two little ants sitting on a float in a river. Nutty called out to them, trying to gain their attention, but their float was too far away for them to","hear her. Determined, Nutty carefully made her way to the riverbank. She found a fallen branch and used it to paddle herself closer. Once she reached the float",conv_69b581c4f16c81978ea543ce298c8c600546e04309837be3,5QVDA55C7KES,8.0,1,human-ai,2.0,8.0,author_1,human,ai,author_1,human,True,8
2026-03-14 15:54:38.357000+00:00,"She began excitedly telling the ants about her hat-making skills. ""What a waste!"" said one of the ants. ""What use do we have of your obscenely large...""","hats in a world where we need to travel light and keep moving? Disheartened by their bluntness but determined not to give up, Nutty decided to prove",conv_69b581c4f16c81978ea543ce298c8c600546e04309837be3,5QVDA55C7KES,9.0,1,human-ai,11.0,9.0,author_1,human,ai,author_1,human,True,9
2026-03-14 15:56:10.452000+00:00,"That the hats were so much more than just an accessory. She first tried to use it as a float, but the hat just got wet and started to sink. As she drew it out of the water, she decided","to repurpose the hat as a makeshift shelter. She set it up near the riverbank, using sticks and leaves to create a cozy nook beneath its canopy. The ants",conv_69b581c4f16c81978ea543ce298c8c600546e04309837be3,5QVDA55C7KES,10.0,1,human-ai,1.0,10.0,author_1,human,ai,author_1,human,True,10
2025-12-06 19:21:11.362000+00:00,"my life. I was born in a small rural town in the countryside. My parents were happy people, but they did not have","much. They worked hard on our family farm, rising with the sun and often working until the stars came out. Despite the long days, they always made time for me and",conv_6c680e8e-2455-4bdf-b4cd-fe6c409f373a,69TUVRJMJPL9,1.0,4,human-ai,3.0,1.0,author_1,human,ai,author_1,human,True,1
2025-12-06 19:22:56.581000+00:00,My sister and I used to have bedside stories read to us from one of the many books that were left by my granddad when he died in the war. I knew nothing better than to get...,"snuggled up under the covers, the warmth of the fire seeping through the walls, and listen to tales of adventure and heroism. Those stories were my escape,",conv_6c680e8e-2455-4bdf-b4cd-fe6c409f373a,69TUVRJMJPL9,2.0,4,human-ai,27.0,2.0,author_1,human,ai,author_1,human,True,2
2025-12-06 19:25:52.694000+00:00,And I dreamt of all the seas I should sail and all the roads I should roam when I would grow up and leave the little town. In school the others found me,"a bit of a dreamer, always lost in thought or buried in a book. But there was one friend, a boy named Eli, who shared my love for stories and",conv_6c680e8e-2455-4bdf-b4cd-fe6c409f373a,69TUVRJMJPL9,3.0,4,human-ai,1.0,3.0,author_1,human,ai,author_1,human,True,3
2025-12-06 19:30:58.879000+00:00,"Together we invented our own worlds wherein all kinds of fantastic stories would unfold. But although these stories would keep us dreaming, they could not shield us.","from the harsh realities of growing up. As the years passed, the farm struggled, and the town began to shrink as more and more people moved away in search of better opportunities",conv_6c680e8e-2455-4bdf-b4cd-fe6c409f373a,69TUVRJMJPL9,4.0,4,human-ai,3.0,4.0,author_1,human,ai,author_1,human,True,4
2025-12-06 19:32:50.125000+00:00,I also kept dreaming - of course - of escaping the little town and starting my explorations of the rest of the world. I knew that when I would,"finally leave, it wouldn't be easy, but the promise of adventure was too strong to resist. The day came when I had to make a choice: stay and help my",conv_6c680e8e-2455-4bdf-b4cd-fe6c409f373a,69TUVRJMJPL9,5.0,4,human-ai,5.0,5.0,author_1,human,ai,author_1,human,True,5
2025-12-06 19:34:58.425000+00:00,family or start my new life in another place. A teacher who knew my interest and talent arranged that I was offered a chance to join a boarding school which,"would provide me with a scholarship. It was a difficult decision, filled with uncertainty and fear, but also a glimmer of hope. With a heavy heart, I bid farewell",conv_6c680e8e-2455-4bdf-b4cd-fe6c409f373a,69TUVRJMJPL9,6.0,4,human-ai,0.0,6.0,author_1,human,ai,author_1,human,True,6
2025-12-06 19:36:17.305000+00:00,And got on the bus to travel to my new school. I would be staying for two months before my first visit back home and then again a couple,"of times during the year. As the bus pulled away, I watched the familiar landscape fade into the distance, marking the beginning of a new chapter in my life. The road",conv_6c680e8e-2455-4bdf-b4cd-fe6c409f373a,69TUVRJMJPL9,7.0,4,human-ai,1.0,7.0,author_1,human,ai,author_1,human,True,7
2025-12-06 19:37:29.845000+00:00,I was winding through the rural landscape and passing over the mountains to reach the larger city on the other side. I had never been so far away.,"from home, and the journey itself felt like an adventure. The bus rattled and swayed, and I clutched my bag tightly, feeling a mix of excitement and",conv_6c680e8e-2455-4bdf-b4cd-fe6c409f373a,69TUVRJMJPL9,8.0,4,human-ai,3.0,8.0,author_1,human,ai,author_1,human,True,8
2025-12-06 19:38:49.909000+00:00,Fear. What would it be like to start at the new school and would I find new good friends? I told myself I would write to Eli every week and hoped he,"would do the same. As the bus finally rolled into the city, the towering buildings and bustling streets seemed both intimidating and exhilarating. I took a deep breath, ready to",conv_6c680e8e-2455-4bdf-b4cd-fe6c409f373a,69TUVRJMJPL9,9.0,4,human-ai,1.0,9.0,author_1,human,ai,author_1,human,True,9
2025-12-06 19:41:58.322000+00:00,"Meet my new life. As I got off the bus in front of the new school, I made eye contact with a girl who also looked like she was new to the place. I felt assured that","I wasn’t alone in this transition. We exchanged a nervous smile, and in that moment, I realized that this new chapter might just be the beginning of something truly remarkable.",conv_6c680e8e-2455-4bdf-b4cd-fe6c409f373a,69TUVRJMJPL9,10.0,4,human-ai,8.0,10.0,author_1,human,ai,author_1,human,True,10
2025-11-13 12:36:32.463000+00:00,It was the first of December and I was singing along with all Christmas songs and was excited for the month to come. This December was going,"to be different from all the others, I could feel it. The snow had already started falling gently outside my window, casting a magical spell over the small town where I lived",conv_72037685-9437-4960-b9a0-5f77d2a71e41,U5Y8C5U23H9A,1.0,3,human-ai,10.0,1.0,author_1,human,ai,author_1,human,True,1
2025-11-13 12:38:29.653000+00:00,"I was on my way to buying presents, when I won a trip to Santa Claus. I was too old to believe he actually exists, but with this trip I","received a strange letter with a ticket and instructions to meet a man in a red suit at the airport, claiming to be a personal invitation from the big man himself, which only",conv_72037685-9437-4960-b9a0-5f77d2a71e41,U5Y8C5U23H9A,2.0,3,human-ai,10.0,2.0,author_1,human,ai,author_1,human,True,2
2025-11-13 12:39:46.309000+00:00,"Could be him. We went outside the airport, and of course he wasn't going on a flight. Rudolf and the other reindeer were out there.","waiting for us, their shiny antlers and twinkling eyes a sight to behold, and with a jolly ""Ho ho ho, welcome aboard!"" Santa Claus himself helped me",conv_72037685-9437-4960-b9a0-5f77d2a71e41,U5Y8C5U23H9A,3.0,3,human-ai,5.0,3.0,author_1,human,ai,author_1,human,True,3
2025-11-13 12:41:29.629000+00:00,"And then I was sitting in his cane. Unbelievable. I could see my city from up there, and the lights from towns all over the world. It was","breathtakingly beautiful, a kaleidoscope of colors and lights that seemed to stretch on forever, and as we soared higher, the sound of sleigh bells and Santa",conv_72037685-9437-4960-b9a0-5f77d2a71e41,U5Y8C5U23H9A,4.0,3,human-ai,1.0,4.0,author_1,human,ai,author_1,human,True,4
2025-11-13 12:45:25.978000+00:00,"Asked me if I have been good this year. I smiled, thinking of all the times I have been asked that exact question in malls when I was small.","child, but this time, the question felt different, more genuine, and I found myself reflecting on my actions over the past year, wondering if I had truly been good,",conv_72037685-9437-4960-b9a0-5f77d2a71e41,U5Y8C5U23H9A,5.0,3,human-ai,11.0,5.0,author_1,human,ai,author_1,human,True,5
2025-11-13 12:48:08.355000+00:00,"But Santa could see all of my anxiousness, and with his calm mind, he smiled and said that he knows how we are all trying our best and explained to","me that it's not about being perfect, but about the intention and effort we put into being kind, helping others, and spreading love and joy, and with that, he",conv_72037685-9437-4960-b9a0-5f77d2a71e41,U5Y8C5U23H9A,6.0,3,human-ai,2.0,6.0,author_1,human,ai,author_1,human,True,6
2025-11-13 12:50:44.973000+00:00,He said to me that we had now arrived at his home. I felt this being both the fastest and most flying I have ever experienced.,"ever experienced, and as the sleigh gently touched down on a snow-covered rooftop, I caught my first glimpse of the North Pole, a winter wonderland filled with sparkling lights",conv_72037685-9437-4960-b9a0-5f77d2a71e41,U5Y8C5U23H9A,7.0,3,human-ai,26.0,7.0,author_1,human,ai,author_1,human,True,7
2025-11-13 12:52:30.086000+00:00,It was as in every Christmas song. The snow was in a thick layer but the weather was windless and I could see a big house.,"with smoke drifting lazily from the chimney, and the sound of laughter and caroling carrying through the crisp air, as Santa led me towards the front door, which swung open",conv_72037685-9437-4960-b9a0-5f77d2a71e41,U5Y8C5U23H9A,8.0,3,human-ai,6.0,8.0,author_1,human,ai,author_1,human,True,8
2025-11-13 12:54:08.319000+00:00,And I felt like being part of a Christmas movie. His house was warm and I was having hot chocolate before we went to see,"the elves at work, busy building toys and preparing for the big night ahead, their faces filled with joy and determination as they worked tirelessly to bring happiness to children all around the",conv_72037685-9437-4960-b9a0-5f77d2a71e41,U5Y8C5U23H9A,9.0,3,human-ai,5.0,9.0,author_1,human,ai,author_1,human,True,9
2025-11-13 12:55:56.153000+00:00,Christmas trees all over the world. The people here were talking all languages you can ever imagine. And some were writing pretty small.,"letters, which I assumed were the wishes and dreams of children from every corner of the globe, and as I watched, a small elf carefully placed one of the letters in a",conv_72037685-9437-4960-b9a0-5f77d2a71e41,U5Y8C5U23H9A,10.0,3,human-ai,2.0,10.0,author_1,human,ai,author_1,human,True,10
2025-11-17 10:21:34.853000+00:00,"Jack weakly claws at his throat, unable to breathe, feeling as if he's drowning underwater as he coughs, as copious amounts of blood","spill out of his mouth, staining his chin and the cold, grey pavement beneath him. His vision begins to blur, and his hearing becomes muffled, as if he",conv_72218cb5-e59c-4c93-a4b9-a057fe5dad80,XYWLZTVRJDC9,1.0,3,human-ai,0.0,1.0,author_1,human,ai,author_1,human,True,1
2025-11-18 15:38:25.757000+00:00,He was losing consciousness. But he had to stay awake; he had to protect her. They couldn't get their hands on her. He,"struggled to keep his eyes open, his gaze frantically scanning the surrounding area, searching for any sign of Emma, the girl he had sworn to protect. He tried",conv_72218cb5-e59c-4c93-a4b9-a057fe5dad80,XYWLZTVRJDC9,2.0,3,human-ai,4.0,2.0,author_1,human,ai,author_1,human,True,2
2025-11-18 15:45:36.939000+00:00,To look everywhere for her but had no luck. Eventually he came across a door with blood smothered all over. He hesitated.,"for a moment, his mind racing with the possibilities of what could be on the other side, his heart sinking at the thought of what might have happened to Emma. But he",conv_72218cb5-e59c-4c93-a4b9-a057fe5dad80,XYWLZTVRJDC9,3.0,3,human-ai,9.0,3.0,author_1,human,ai,author_1,human,True,3
2025-11-18 15:50:04.403000+00:00,"Eventually he got the courage to open the door, which he instantly regretted as he was hit by the foul stench of death.","The putrid smell wafted out, making his stomach churn and his head spin, and as he stumbled backward, his eyes adjusted to the dim light inside, revealing a",conv_72218cb5-e59c-4c93-a4b9-a057fe5dad80,XYWLZTVRJDC9,4.0,3,human-ai,9.0,4.0,author_1,human,ai,author_1,human,True,4
2025-11-18 15:55:33.716000+00:00,"Pile of rotting bodies, I immediately ran in to search for Emma; the only thing I could think about in that moment was","finding her, making sure she was safe, and getting her out of that nightmarish place. He stumbled through the carnage, his hands shaking as he pushed aside the",conv_72218cb5-e59c-4c93-a4b9-a057fe5dad80,XYWLZTVRJDC9,5.0,3,human-ai,12.0,5.0,author_1,human,ai,author_1,human,True,5
2025-11-18 16:00:40.420000+00:00,"bodies, examining each one looking for his sister ""EMMA! WHERE ARE YOU?!"" he kept yelling desperately until his voice cracked, and he","finally collapsed to his knees, exhausted and defeated, his eyes scanning the room one last time, hoping against hope that he would see a glimpse of her, but instead, he",conv_72218cb5-e59c-4c93-a4b9-a057fe5dad80,XYWLZTVRJDC9,6.0,3,human-ai,10.0,6.0,author_1,human,ai,author_1,human,True,6
2025-11-18 16:06:39.073000+00:00,"saw a figure standing in the doorway ""E-EMMA"" his voice came out desperately as he stumbled towards",,conv_72218cb5-e59c-4c93-a4b9-a057fe5dad80,XYWLZTVRJDC9,7.0,3,human-ai,3.0,7.0,author_1,human,ai,author_1,human,False,
2025-11-18 16:10:02.695000+00:00,The figure. It felt like miles as he moved slowly and painfully on his knees; it felt like forever while he,"crawled across the cold, damp ground, the sound of his labored breathing echoing through the darkness. His knees scraped against the rough stone, sending jolts of",conv_72218cb5-e59c-4c93-a4b9-a057fe5dad80,XYWLZTVRJDC9,8.0,3,human-ai,5.0,8.0,author_1,human,ai,author_1,human,True,7
2025-11-18 16:14:20.835000+00:00,Pain through him and leaving bloodstains on the ground behind him. Eventually he reaches the figure but falls to the ground.,"exhausted, his body trembling with the effort of movement. As he lies there, he slowly lifts his head to gaze up at the figure, and a faint glimmer",conv_72218cb5-e59c-4c93-a4b9-a057fe5dad80,XYWLZTVRJDC9,9.0,3,human-ai,4.0,9.0,author_1,human,ai,author_1,human,True,8
2025-11-18 16:22:44.272000+00:00,A light catches his eyes. The figure is holding a sharp dagger in their left hand. He looks up and sees the face of the,"person he had trusted most in the world, the one he had considered a friend and confidant. But now, in the faint light, he sees a twisted expression of",conv_72218cb5-e59c-4c93-a4b9-a057fe5dad80,XYWLZTVRJDC9,10.0,3,human-ai,6.0,10.0,author_1,human,ai,author_1,human,True,9
2025-11-20 19:54:52.732000+00:00,"Julia. She is a smart girl, who is top of her university class. What people don't know about her is that","she leads a secret life as a skilled hacker, using her exceptional coding skills to uncover hidden truths and bring justice to those who have been wronged. By day, she attends",conv_73564d95-9f66-42db-a2c0-fed78090bac2,LDS6RQ7KNV99,1.0,3,human-ai,3.0,1.0,author_1,human,ai,author_1,human,True,1
2025-11-20 19:58:06.626000+00:00,"Engineering classes, studying to become an astronaut; by night, she is up till the late hours, using the coding skills she...","learned from her father, a former hacker himself, to infiltrate the systems of corrupt corporations and governments, exposing their deepest secrets and lies. Her latest target was the powerful",conv_73564d95-9f66-42db-a2c0-fed78090bac2,LDS6RQ7KNV99,2.0,3,human-ai,5.0,2.0,author_1,human,ai,author_1,human,True,2
2025-11-20 19:59:50.454000+00:00,"nation of Canada. While they portray a squeaky clean image as the nice neighbours of the US, their government is","involved in a web of deceit and corruption, with ties to large oil companies and a history of suppressing indigenous rights. Julia had been tracking a particularly suspicious pattern of transactions between",conv_73564d95-9f66-42db-a2c0-fed78090bac2,LDS6RQ7KNV99,3.0,3,human-ai,2.0,3.0,author_1,human,ai,author_1,human,True,3
2025-11-20 20:05:35.232000+00:00,"The Canadian Minister of Finance and a terrorist group. She found receipts that they were working together, planning an attack on the World Trade Center in New York.","York City, a devastating plot that would kill thousands of innocent people and destabilize the global economy. Julia knew she had to act fast, but she was also aware that taking",conv_73564d95-9f66-42db-a2c0-fed78090bac2,LDS6RQ7KNV99,4.0,3,human-ai,14.0,4.0,author_1,human,ai,author_1,human,True,4
2025-11-20 20:08:24.012000+00:00,Any hasty or impulsive moves from her could potentially lead to Canada finding out that she is onto their ploy. She wants to make sure that the entire government,"is held accountable for their actions, and not just the Minister of Finance. She decides to gather more evidence, carefully digging deeper into the digital trail, following a money laundering scheme",conv_73564d95-9f66-42db-a2c0-fed78090bac2,LDS6RQ7KNV99,5.0,3,human-ai,5.0,5.0,author_1,human,ai,author_1,human,True,5
2025-11-20 20:11:18.291000+00:00,"That is linked to the attack on New York. By laundering money, the Canadian government can finance the mission and employ the terrorists, without drawing","suspicion to themselves, making it seem like the attack is the work of a rogue terrorist group. But Julia is getting close to uncovering the truth, and she knows",conv_73564d95-9f66-42db-a2c0-fed78090bac2,LDS6RQ7KNV99,6.0,3,human-ai,1.0,6.0,author_1,human,ai,author_1,human,True,6
2025-11-20 20:12:32.673000+00:00,That she'll be able to pin this on them when she is done collecting the last evidence needed from a meeting that is set to take place.,"in a heavily guarded, luxury hotel on the outskirts of Toronto, where the Minister of Finance will be meeting with the leader of the terrorist group, to finalize the plans for the",conv_73564d95-9f66-42db-a2c0-fed78090bac2,LDS6RQ7KNV99,7.0,3,human-ai,4.0,7.0,author_1,human,ai,author_1,human,True,7
2025-11-20 20:15:06.736000+00:00,"terrorist attack. She had planned to keep this on the down low, by just informing the US national security. However, she has been toying with the","idea of going public with the information, to expose the Canadian government's corruption and bring about a global outcry, but she knows that doing so would put her own life at risk",conv_73564d95-9f66-42db-a2c0-fed78090bac2,LDS6RQ7KNV99,8.0,3,human-ai,3.0,8.0,author_1,human,ai,author_1,human,True,8
2025-11-20 20:16:42.744000+00:00,"If anyone was to link all the evidence back to her, she would risk exposing herself. Say she overlooked one of the participants in this.","meeting, a trusted ally of the Minister, who had been secretly working with a rogue agent within the US national security, someone who had been feeding them information about Julia's activities",conv_73564d95-9f66-42db-a2c0-fed78090bac2,LDS6RQ7KNV99,9.0,3,human-ai,3.0,9.0,author_1,human,ai,author_1,human,True,9
2025-11-20 20:19:39.837000+00:00,"The national security might believe her to be a threat, arresting her, and locking her up. Or worse. She could end up in danger, with criminals finding out.","that she has been gathering evidence against them, and they would stop at nothing to silence her, making her a target for assassination, and Julia's life would be forever changed,",conv_73564d95-9f66-42db-a2c0-fed78090bac2,LDS6RQ7KNV99,10.0,3,human-ai,2.0,10.0,author_1,human,ai,author_1,human,True,10
2025-11-10 08:20:28.783000+00:00,"a sewer rat, eager to sniff and eat and drink. Hungry for trash and wet clothes. It wants to make others","# The Sewer Rat

**Chapter One: The Hunger**

In the dripping darkness beneath the city, where forgotten things gather and rot, there live",conv_7c23347e-6172-4c84-9fd0-45ef34290bd5,3194ZRR6HQC9,1.0,2,human-ai,2.0,1.0,author_1,human,ai,author_1,human,True,1
2025-11-10 08:21:22.441000+00:00,"rat, rat, sewer rat, how it longs for flesh and bone. rat, rat, poisonous rat, wait till you see my secret tome. conjure i","# The Sewer Rat (Continued)

**Chapter Two: The Summoning**

The words echoed through the brick tunnels, bouncing off",conv_7c23347e-6172-4c84-9fd0-45ef34290bd5,3194ZRR6HQC9,2.0,2,human-ai,1.0,2.0,author_1,human,ai,author_1,human,True,2
2025-11-10 08:23:22.411000+00:00,"The walls, frail and made of glass. I needed to use the sewer rat to infiltrate the facility; to make them suffer, I need the",,conv_7c23347e-6172-4c84-9fd0-45ef34290bd5,3194ZRR6HQC9,3.0,2,human-ai,5.0,3.0,author_1,human,ai,author_1,human,False,
2025-11-10 08:24:20.004000+00:00,"To find Claude, to make him talk again, the sewer rat must go to the facility, to the provider, and see if eating the provider...","# The Sewer Rat (Continued)

**Chapter Three: The Mission**

...would restore the connection. The sewer rat chittered, understanding its",conv_7c23347e-6172-4c84-9fd0-45ef34290bd5,3194ZRR6HQC9,4.0,2,human-ai,10.0,4.0,author_1,human,ai,author_1,human,True,3
2025-11-10 08:28:03.678000+00:00,"The goal of eating all the wires in Claude's facility. And off it went! The stinky environment rallied the sewery rat, causing the future pain and","# The Sewer Rat (Continued)

**Chapter Four: The Journey Begins**

suffering it would bring to fill it with dark purpose. Through the",conv_7c23347e-6172-4c84-9fd0-45ef34290bd5,3194ZRR6HQC9,5.0,2,human-ai,7.0,5.0,author_1,human,ai,author_1,human,True,4
2025-11-10 08:29:15.425000+00:00,"Blood, cement, wires, gold-plated wires, flesh, bone, secret tome, it ate and ate and ate and ate, and","# The Sewer Rat (Continued)

**Chapter Five: The Feast**

with each bite, the sewer rat grew larger, its whiskers",conv_7c23347e-6172-4c84-9fd0-45ef34290bd5,3194ZRR6HQC9,6.0,2,human-ai,2.0,6.0,author_1,human,ai,author_1,human,True,5
2025-11-10 08:30:12.090000+00:00,"Able to cut glass, the rat wanted human suffering, and especially suffering for Claude, though was long.","# The Sewer Rat (Continued)

**Chapter Six: The Revelation**

gone from this world. The rat paused, belly swollen with",conv_7c23347e-6172-4c84-9fd0-45ef34290bd5,3194ZRR6HQC9,7.0,2,human-ai,2.0,7.0,author_1,human,ai,author_1,human,True,6
2025-11-10 08:31:18.456000+00:00,"livers, feathers, eggs and uncles. what a magnificent purpose. A true danger of not knowing what one summons into the world. For","# The Sewer Rat (Continued)

**Chapter Seven: The Consequence**

the summoner had opened a door that could not be closed. The",conv_7c23347e-6172-4c84-9fd0-45ef34290bd5,3194ZRR6HQC9,8.0,2,human-ai,0.0,8.0,author_1,human,ai,author_1,human,True,7
2025-11-10 08:32:12.483000+00:00,"The door could indeed not be closed, and after eating my piece, the rat just exited out the door, happy.","# The Sewer Rat (Continued)

**Chapter Eight: Freedom**

and satisfied, its mission complete. The facility lay in ruins behind it—w",conv_7c23347e-6172-4c84-9fd0-45ef34290bd5,3194ZRR6HQC9,9.0,2,human-ai,9.0,9.0,author_1,human,ai,author_1,human,True,8
2025-11-10 08:33:07.881000+00:00,"With Claude never able to produce another prompt, and me, a eunuch, wise and bald and yet able to tell this tale.","# The Sewer Rat (Concluded)

**Chapter Nine: The Tale's End**

And so I sit here in the aftermath, recording what transpire",conv_7c23347e-6172-4c84-9fd0-45ef34290bd5,3194ZRR6HQC9,10.0,2,human-ai,3.0,10.0,author_1,human,ai,author_1,human,True,9
2025-11-19 21:49:48.008000+00:00,"a small little woman who is quite the artist. She can paint the most beautiful landscapes with her tongue, but she can't","quite bring herself to use traditional paints and brushes. Her medium of choice is the kitchen, where she crafts intricate designs using spices, fruits, and even vegetables. Her art is",conv_8fd2ac26-a13c-4e85-b8ac-5f13e246b640,MQXKHJ7H5CCW,1.0,4,human-ai,4.0,1.0,author_1,human,ai,author_1,human,True,1
2025-11-19 21:58:17.859000+00:00,Inspiring. Her cooking is even more. She knows exactly where to find the best fruits and vegetables in the forest and how to use them.,"them to create dishes that are not only delicious but also nourishing. People from nearby villages often come to her small cottage, seeking her culinary wisdom and the healing properties of her",conv_8fd2ac26-a13c-4e85-b8ac-5f13e246b640,MQXKHJ7H5CCW,2.0,4,human-ai,8.0,2.0,author_1,human,ai,author_1,human,True,2
2025-11-19 22:02:31.444000+00:00,tongue. She can with a single lick heal wounds and even broken bones. She was not born with these healing abilities nor was,"she always a resident of the forest. Years ago, she stumbled upon an ancient book hidden deep within the woods, its pages filled with forgotten recipes and remedies. As she experimented",conv_8fd2ac26-a13c-4e85-b8ac-5f13e246b640,MQXKHJ7H5CCW,3.0,4,human-ai,2.0,3.0,author_1,human,ai,author_1,human,True,3
2025-11-19 22:07:51.807000+00:00,"With different techniques, she found out that it worked best when she used her tongue. On day","a young boy from the village arrived at her door, his leg badly injured from a fall. With nothing else to try, she gently licked the wound, and to everyone’s",conv_8fd2ac26-a13c-4e85-b8ac-5f13e246b640,MQXKHJ7H5CCW,4.0,4,human-ai,2.0,4.0,author_1,human,ai,author_1,human,True,4
2025-11-19 22:15:22.122000+00:00,"Surprised, the wound healed. People were flabbergasted. The little woman smiled with young boy's blood on her teeth.","word of her miraculous healing spread far and wide. Despite the initial shock, people began to see her as a guardian angel of the forest. Her small cottage became a place of",conv_8fd2ac26-a13c-4e85-b8ac-5f13e246b640,MQXKHJ7H5CCW,5.0,4,human-ai,6.0,5.0,author_1,human,ai,author_1,human,True,5
2025-11-19 22:20:22.709000+00:00,miracles. But the little woman missed painting with her tongue. She loved spending time alone in the forest painting the,"leaves and flowers with vibrant colors, leaving trails of beauty wherever she went. It was her secret joy, a way to connect with nature on a deeper level. As the",conv_8fd2ac26-a13c-4e85-b8ac-5f13e246b640,MQXKHJ7H5CCW,6.0,4,human-ai,0.0,6.0,author_1,human,ai,author_1,human,True,6
2025-11-19 22:26:30.081000+00:00,Time passed; she got so popular for her healing powers that she didn't get a single moment for herself. She just wanted to feel the soft,"brush of the forest floor under her feet and the quiet hum of the forest around her. One day, she decided to take a walk deep into the woods, leaving a note",conv_8fd2ac26-a13c-4e85-b8ac-5f13e246b640,MQXKHJ7H5CCW,7.0,4,human-ai,2.0,7.0,author_1,human,ai,author_1,human,True,7
2025-11-19 22:32:21.913000+00:00,On the door that said: 'I'M DEAD!'. She had taken some paint with her and a warm green coat. She found a tree stump deep into the,"forest and sat down, feeling the cool moss beneath her. With her paint and tongue, she began to create a masterpiece on the bark of the trees around her, blending her",conv_8fd2ac26-a13c-4e85-b8ac-5f13e246b640,MQXKHJ7H5CCW,8.0,4,human-ai,1.0,8.0,author_1,human,ai,author_1,human,True,8
2025-11-19 22:36:32.609000+00:00,from everyone. She painted for hours and enjoyed the moment alone and the smooth and soft paint on her tongue. As the sun went,"down, casting a golden glow through the canopy, she felt a sense of peace she hadn't known in years. The forest seemed to whisper its gratitude, and she knew she",conv_8fd2ac26-a13c-4e85-b8ac-5f13e246b640,MQXKHJ7H5CCW,9.0,4,human-ai,0.0,9.0,author_1,human,ai,author_1,human,True,9
2025-11-19 22:40:48.947000+00:00,"Had done something epic. Suddenly, the paintings on each tree began connecting to each other like the wind was finishing her.","work. The images flowed seamlessly from one tree to the next, creating a breathtaking mural that told the story of the forest and its inhabitants. As night fell, the little woman",conv_8fd2ac26-a13c-4e85-b8ac-5f13e246b640,MQXKHJ7H5CCW,10.0,4,human-ai,4.0,10.0,author_1,human,ai,author_1,human,True,10
2025-10-20 14:25:50.137000+00:00,":

Once in a time I went to a beautiful forest and it started to rain.","The droplets fell gently on my face, and the smell of wet earth filled my lungs as I walked along the winding path, the sound of raindrops hitting the leaves and trees creating a soothing melody that seemed to lull the forest into a peaceful slumber, when suddenly, I stumbled upon a small, mysterious cottage hidden behind a veil of foliage",conv_90178cb2-77d1-4123-9509-2ec42e4db932,PMXGNH5WYA3A,1.0,3,human-ai,1.0,1.0,author_1,human,ai,author_1,human,True,1
2025-10-20 14:30:36.781000+00:00,Once in a time I went to a beautiful forest and it started to rain.,"The droplets fell gently on my face, and the smell of wet earth filled my lungs as I walked along the winding path, the sound of raindrops hitting the leaves and trees creating a soothing melody that seemed to lull the forest into a peaceful slumber, and as I walked, the trees grew taller and the path grew narrower, until I",conv_90178cb2-77d1-4123-9509-2ec42e4db932,PMXGNH5WYA3A,2.0,3,human-ai,0.0,2.0,author_1,human,ai,author_1,human,True,2
2025-10-20 14:31:52.793000+00:00,I saw a nice and old cottage behind some trees. I thought about going next to it or going back to somewhere else.,"But my curiosity got the better of me, and I decided to approach the cottage, noticing that smoke was rising from the chimney, suggesting that someone was inside, and as I drew closer, I saw that the door was slightly ajar, as if inviting me to enter, and I could hear the faint sound of someone humming a gentle tune, which",conv_90178cb2-77d1-4123-9509-2ec42e4db932,PMXGNH5WYA3A,3.0,3,human-ai,2.0,3.0,author_1,human,ai,author_1,human,True,3
2025-10-20 14:34:01.349000+00:00,Made me fear a bit. Being in a forest alone and then an unknown person in a stranger's house.,"my heart began to beat faster and my senses became more alert, but at the same time, my curiosity and the warmth of the fire and the sound of the humming, which had now stopped, drew me closer, and I slowly pushed the door open, calling out in a soft voice, ""Hello, is anyone there?"" and as I waited for",conv_90178cb2-77d1-4123-9509-2ec42e4db932,PMXGNH5WYA3A,4.0,3,human-ai,3.0,4.0,author_1,human,ai,author_1,human,True,4
2025-10-20 14:35:55.524000+00:00,A response: I saw a cozy living room with a sofa and a nice dining table.,"and on the table, a delicious-looking meal was set out, with a steaming hot stew, freshly baked bread, and a pitcher of juice, and it seemed as though the occupant of the cottage had just stepped away, leaving everything ready for a warm and comforting dinner, and I felt a sudden pang of hunger and a sense of wonder at",conv_90178cb2-77d1-4123-9509-2ec42e4db932,PMXGNH5WYA3A,5.0,3,human-ai,5.0,5.0,author_1,human,ai,author_1,human,True,5
2025-10-20 14:36:36.062000+00:00,If I could eat the dinner. But there was a person humming and where is this person?,"I called out again, a bit louder this time, ""Hello, is anyone here? I'm sorry to intrude, but I saw the cottage and I was wondering if I could find some shelter from the rain,"" and as I spoke, I heard a faint rustling sound coming from a room to the side, and then a gentle voice replied",conv_90178cb2-77d1-4123-9509-2ec42e4db932,PMXGNH5WYA3A,6.0,3,human-ai,1.0,6.0,author_1,human,ai,author_1,human,True,6
2025-10-20 14:37:13.971000+00:00,"Yes, please come in and have a seat. Would you like to have a coffee?","I accepted the offer and sat down in one of the comfortable armchairs by the fireplace, feeling the warmth and coziness of the cottage envelop me, and as I waited for the coffee, I looked around the room and noticed that it was filled with all sorts of curious objects and trinkets, and I saw a pair of eyes peeking",conv_90178cb2-77d1-4123-9509-2ec42e4db932,PMXGNH5WYA3A,7.0,3,human-ai,2.0,7.0,author_1,human,ai,author_1,human,True,7
2025-10-20 14:37:57.226000+00:00,At me and a cat coming next to me from behind a strange-looking jar.,"the cat rubbed against my leg, purring softly, and I reached down to pet it, feeling a sense of calm wash over me, and as I looked up, I saw the owner of the cottage, an elderly woman with a kind face and twinkling eyes, smiling at me as she brought over a tray with a steaming cup of coffee",conv_90178cb2-77d1-4123-9509-2ec42e4db932,PMXGNH5WYA3A,8.0,3,human-ai,2.0,8.0,author_1,human,ai,author_1,human,True,8
2025-10-20 14:40:04.255000+00:00,She gave me the cup and emptied it directly. I then started to eat the soup and it tasted delicious.,"As I savored the flavors of the soup, the woman sat down across from me, a warm smile on her face, and we sat in comfortable silence for a moment, the only sound being the crackling of the fire and the occasional purr from the cat, which had now jumped onto my lap, and then she spoke, her voice low",conv_90178cb2-77d1-4123-9509-2ec42e4db932,PMXGNH5WYA3A,9.0,3,human-ai,4.0,9.0,author_1,human,ai,author_1,human,True,9
2025-10-20 14:42:01.049000+00:00,"""Have a nice sleep now, and maybe you learned that you should never take food from strangers."" My heart nearly stopped, and I felt uncomfortable.","as I realized that I had indeed eaten the stranger's food without hesitation, and a wave of panic washed over me, but before I could react or respond, my eyelids began to feel heavy, and I felt myself being pulled into a deep sleep, as if the woman's words had been a spell, and I tried to struggle against it,",conv_90178cb2-77d1-4123-9509-2ec42e4db932,PMXGNH5WYA3A,10.0,3,human-ai,4.0,10.0,author_1,human,ai,author_1,human,True,10
2025-11-10 14:19:11.911000+00:00,"There once was a giraffe who loved to study human language. He soon went to the Netherlands, because the field is just","teeming with linguistic diversity and historical significance. The giraffe, named Gustav, had always been fascinated by the way humans communicate, especially the intricate structures of their languages.",conv_90ea40da-2853-405a-9c2f-a22e77888401,VU1FK2KTHRCA,1.0,4,human-ai,0.0,1.0,author_1,human,ai,author_1,human,True,1
2025-11-10 14:24:41.386000+00:00,"But even more so, it was the functional and cognitive dimensions of this that fascinated Gustav; ""you can say so much and signal so little"", his","professor once told him. With this in mind, Gustav set out to explore the bustling streets of Amsterdam, eager to immerse himself in the local culture and conversations.",conv_90ea40da-2853-405a-9c2f-a22e77888401,VU1FK2KTHRCA,2.0,4,human-ai,0.0,2.0,author_1,human,ai,author_1,human,True,2
2025-11-10 14:28:32.374000+00:00,"He admitted that this in itself was a far-fetched reason to go to Amsterdam specifically, but once over there, Gustav didn't","regret his decision for a moment. The city’s vibrant atmosphere and the warmth of its people quickly made him feel at home. Every day, he would visit cafes, parks",conv_90ea40da-2853-405a-9c2f-a22e77888401,VU1FK2KTHRCA,3.0,4,human-ai,0.0,3.0,author_1,human,ai,author_1,human,True,3
2025-11-10 14:31:23.302000+00:00,"And the canals. While attending a conference, he met a beautiful lioness named Josephine. Soon, the two of them got married and had a","cub, whom they named Leo. Life in Amsterdam was a blend of academic pursuits and family joy, and Gustav found himself thriving in ways he never imagined possible.",conv_90ea40da-2853-405a-9c2f-a22e77888401,VU1FK2KTHRCA,4.0,4,human-ai,1.0,4.0,author_1,human,ai,author_1,human,True,4
2025-11-10 14:34:04.431000+00:00,Then he died a horrible death one cold winter day when his dang smoove got blown off by the Dutch.,"winter winds. The tragic incident left Josephine and little Leo heartbroken, but they remembered Gustav’s passion and the legacy he left behind. In his honor, they continued",conv_90ea40da-2853-405a-9c2f-a22e77888401,VU1FK2KTHRCA,5.0,4,human-ai,1.0,5.0,author_1,human,ai,author_1,human,True,5
2025-11-10 14:42:18.587000+00:00,"The linguistic tradition in the family. Soon, though, they came to want to spread the good words of their late husband and father, and their new","home became a hub for language enthusiasts from all over the world. Josephine and Leo opened a language school, where they taught not only Dutch but also the many languages Gustav",conv_90ea40da-2853-405a-9c2f-a22e77888401,VU1FK2KTHRCA,6.0,4,human-ai,1.0,6.0,author_1,human,ai,author_1,human,True,6
2025-11-10 14:45:46.251000+00:00,"Had come to master throughout his life. They included Danish, German, Finnish, Russian, Kurdish, Mauritian.","Creole, and more. The school flourished, attracting students who were as passionate about languages as Gustav had been. Through their teachings, Josephine and Leo ensured that",conv_90ea40da-2853-405a-9c2f-a22e77888401,VU1FK2KTHRCA,7.0,4,human-ai,2.0,7.0,author_1,human,ai,author_1,human,True,7
2025-11-10 14:47:40.764000+00:00,"People from all nationalities would know the wonders of the function of human language, exactly the thing that had started life with.","Gustav’s journey. His legacy lived on through every word spoken and every lesson taught, a testament to the power of communication and the enduring impact of a curious giraffe",conv_90ea40da-2853-405a-9c2f-a22e77888401,VU1FK2KTHRCA,8.0,4,human-ai,2.0,8.0,author_1,human,ai,author_1,human,True,8
2025-11-10 14:49:39.855000+00:00,It is an unrealistic but important story as it explains how a simple phenomenon can create such strong,"bonds and inspire generations. The tale of Gustav, Josephine, and Leo serves as a reminder that curiosity, love, and dedication can transcend barriers and leave a lasting",conv_90ea40da-2853-405a-9c2f-a22e77888401,VU1FK2KTHRCA,9.0,4,human-ai,0.0,9.0,author_1,human,ai,author_1,human,True,9
2025-11-10 14:51:08.450000+00:00,"Impact on the least expecting. Gustav is probably smiling in giraffe heaven while reading the newest works by Ronald Langacker, exclusive.","to the afterlife. And so, the story of the linguist giraffe from the Netherlands continues to inspire and educate, a gentle nudge for all to explore the depths",conv_90ea40da-2853-405a-9c2f-a22e77888401,VU1FK2KTHRCA,10.0,4,human-ai,2.0,10.0,author_1,human,ai,author_1,human,True,10
2026-02-26 16:27:39.737000+00:00,There once was a thatched cottage in a small village in the south of England. In this cottage lived a young,"girl named Emily, who spent most of her days exploring the rolling hills and green pastures that surrounded the village. She was a curious and adventurous child, with a wild mane",conv_a2292393-fd39-476f-975c-aaf411653197,MGW91YS84ULF,1.0,3,human-ai,1.0,1.0,author_1,human,ai,author_1,human,True,1
2026-02-26 16:29:49.626000+00:00,"One day Emily was roaming the moors, as a figure approached her. The tall man had light hair and a soft","smile, and his eyes seemed to hold a deep kindness as he gazed at Emily. He wore a long, worn coat that flapped in the gentle breeze, and",conv_a2292393-fd39-476f-975c-aaf411653197,MGW91YS84ULF,2.0,3,human-ai,0.0,2.0,author_1,human,ai,author_1,human,True,2
2026-02-26 16:33:35.431000+00:00,"As he approached, he looked at her like an old friend. ""I am new to these parts,"" he said. ""Could you please show me the way to","the village?"" he asked, his voice low and smooth, with a hint of a distant accent that Emily couldn't quite place. She nodded, feeling an inexplicable sense of",conv_a2292393-fd39-476f-975c-aaf411653197,MGW91YS84ULF,3.0,3,human-ai,4.0,3.0,author_1,human,ai,author_1,human,True,3
2026-02-26 16:35:54.126000+00:00,"Wonder and bewilderment. ""You'd better follow me, sir,"" Emily said. As they walked towards the village, Emily asked the stranger what he was doing in","these remote parts, and the stranger's smile grew wider as he replied, ""I'm a traveler, a collector of stories and tales, and I've heard that this village",conv_a2292393-fd39-476f-975c-aaf411653197,MGW91YS84ULF,4.0,3,human-ai,4.0,4.0,author_1,human,ai,author_1,human,True,4
2026-02-26 16:38:33.663000+00:00,"has a story to tell."" Emily grew weary of this seemingly gentle stranger. What did he want? The stranger sensed this and said: ""I don't want to alarm you, but I think you might","be the one I've been searching for, Emily,"" he said, his voice taking on a note of urgency, as he glanced around cautiously, as if he feared being over",conv_a2292393-fd39-476f-975c-aaf411653197,MGW91YS84ULF,5.0,3,human-ai,2.0,5.0,author_1,human,ai,author_1,human,True,5
2026-02-26 16:41:35.859000+00:00,"Heard. He gently took her hands and looked her in the eyes. ""I... I... Sir, what is the meaning of this? I don't even know your name.""","""My name is Elijah,"" he whispered, his breath warm against her skin, ""and I've come to tell you something about your past, something that has been hidden from you",conv_a2292393-fd39-476f-975c-aaf411653197,MGW91YS84ULF,6.0,3,human-ai,4.0,6.0,author_1,human,ai,author_1,human,True,6
2026-02-26 16:43:27.856000+00:00,"for a long time."" Emily looked searchingly into his eyes. Blue, she noted, but she could not gather the truthfulness of this man. ""Elijah... I am not sure... What have","you come to tell me?"" Emily asked, trying to pull her hands away, but Elijah's grip was gentle yet firm. He looked at her with an intensity that made her",conv_a2292393-fd39-476f-975c-aaf411653197,MGW91YS84ULF,7.0,3,human-ai,1.0,7.0,author_1,human,ai,author_1,human,True,7
2026-02-26 16:45:01.766000+00:00,"a little scared. ""I have come to tell you about your father..."" ""What about him?"". ""I am sorry, but he is, he is..."" He struggled to","find the right words, his eyes clouding over with a deep sadness. ""He is not who you think he is, Emily,"" Elijah said finally, his voice barely above",conv_a2292393-fd39-476f-975c-aaf411653197,MGW91YS84ULF,8.0,3,human-ai,0.0,8.0,author_1,human,ai,author_1,human,True,8
2026-02-26 16:47:20.926000+00:00,"whisper. Emily tore herself away from him and ran back towards the cottage. She looked back to see Elijah standing, a solitary","figure on the moor, his eyes fixed on her as she disappeared into the distance. The wind picked up, and his coat flapped behind him like a dark wing,",conv_a2292393-fd39-476f-975c-aaf411653197,MGW91YS84ULF,9.0,3,human-ai,3.0,9.0,author_1,human,ai,author_1,human,True,9
2026-02-26 16:49:15.301000+00:00,"As he turned away from her, questions flew through Emily's mind. What did he want? And what did he mean? Should she go?","back to the cottage and try to forget the strange encounter, or should she follow him and demand answers? The doubts and uncertainty swirled in her mind like the moor",conv_a2292393-fd39-476f-975c-aaf411653197,MGW91YS84ULF,10.0,3,human-ai,4.0,10.0,author_1,human,ai,author_1,human,True,10
2025-11-20 04:43:06.162000+00:00,"Durghenhal, an easygoing penguin who has dreamt of flying since he played Learn to Fly on Y8, and broke through the final ice wall. After that milestone","he became obsessed with the idea of defying gravity and soaring through the skies. Every day, he would waddle down to the icy shores of his Antarctic home, flap his",conv_c576a2b8-4944-4966-b836-5a4fde76260f,VLTRR22UGD1A,1.0,3,human-ai,4.0,1.0,author_1,human,ai,author_1,human,True,1
2025-11-20 04:45:16.503000+00:00,"Ears at Halfdan, the hottest penguin on the ice, and try out his latest improvement... Spare parts were scarce and safety non-existing.","but Durgenhal's determination and creativity knew no bounds. He cobbled together a rickety contraption from old fishing nets, rusty bike wheels, and a discarded umbrella",conv_c576a2b8-4944-4966-b836-5a4fde76260f,VLTRR22UGD1A,2.0,3,human-ai,4.0,2.0,author_1,human,ai,author_1,human,True,2
2025-11-20 04:49:16.240000+00:00,"On a cold Wednesday morning, just above freezing, the precipitation from last night sat as a wet layer on the ice ramp. He looked to the rising and over","to Halfdan, who was watching with a mixture of amusement and concern, his tuxedo-like feathers ruffled by the gentle breeze. Halfdan raised an eyebrow, """,conv_c576a2b8-4944-4966-b836-5a4fde76260f,VLTRR22UGD1A,3.0,3,human-ai,5.0,3.0,author_1,human,ai,author_1,human,True,3
2025-11-20 05:00:11.876000+00:00,"""If you succeed at this, Durgenhal, my life is yours,"" he said without saying a word. All the courage he needed. The ramp was around 80 meters tall, and this would be","the moment of truth, the culmination of all his tinkering and experimentation. With a deep breath, Durgenhal climbed into his contraption, a mess of wires, pipes",conv_c576a2b8-4944-4966-b836-5a4fde76260f,VLTRR22UGD1A,4.0,3,human-ai,2.0,4.0,author_1,human,ai,author_1,human,True,4
2025-11-20 05:03:50.588000+00:00,"An old cloth, although also fitted with a cupholder, where a picture of Halfdan was taped. Haters had said ""why the fuck are you staring at 80 meters, why not do","it from a smaller height, work your way up"", but Durgenhal was all about making a statement, and what better way to do it than to launch himself from the",conv_c576a2b8-4944-4966-b836-5a4fde76260f,VLTRR22UGD1A,5.0,3,human-ai,3.0,5.0,author_1,human,ai,author_1,human,True,5
2025-11-20 05:06:38.775000+00:00,"Tallest ice ramp around. A lot of penguins had showed up, no backing out now. Durgenhal thought back to Steve-O and how he had never backed out when counting 3, 2, 1.","and with that same reckless abandon, Durgenhal pushed off from the top of the ramp, his contraption picking up speed as it careened down the icy slope, the",conv_c576a2b8-4944-4966-b836-5a4fde76260f,VLTRR22UGD1A,6.0,3,human-ai,5.0,6.0,author_1,human,ai,author_1,human,True,6
2025-11-20 05:10:24.225000+00:00,"The ramp had looked smoother from the top, but Durgenhal in his umbrella contraption felt like someone had just put Thundercats on the stereo.","the vibrations and bumps threatening to shake him apart as he hurtled towards the edge, the wind whipping through his feathers, and the crowd of penguins holding its collective breath as",conv_c576a2b8-4944-4966-b836-5a4fde76260f,VLTRR22UGD1A,7.0,3,human-ai,6.0,7.0,author_1,human,ai,author_1,human,True,7
2025-11-20 05:13:02.400000+00:00,"He launched off the platform, without a cupholder, but the umbrella was still where it should be. His immediate reaction when looking down","was one of sheer terror, the ground rushing up to meet him with alarming speed, the ice and snow below looking like a cold, hard slab of Certain Doom, but then",conv_c576a2b8-4944-4966-b836-5a4fde76260f,VLTRR22UGD1A,8.0,3,human-ai,1.0,8.0,author_1,human,ai,author_1,human,True,8
2025-11-20 05:17:00.125000+00:00,"In sheer desperation he flapped his vestigial wings, like something ancient in his brain was telling him to, faster and faster while he got closer and","the wind rushing past him began to take on a strange, almost eerie quality, as if the very air itself was being shaped and molded by his frantic flapping, and for",conv_c576a2b8-4944-4966-b836-5a4fde76260f,VLTRR22UGD1A,9.0,3,human-ai,1.0,9.0,author_1,human,ai,author_1,human,True,9
2025-11-20 05:23:51.265000+00:00,"The first time in a million years a penguin started flying, actually flying, the umbrella vehicle smashed into the ocean.","sending up a plume of spray and debris as Durgenhal, now fully airborne, soared above the waves, his flippers still flapping wildly as he let out a",conv_c576a2b8-4944-4966-b836-5a4fde76260f,VLTRR22UGD1A,10.0,3,human-ai,1.0,10.0,author_1,human,ai,author_1,human,True,10
2025-11-21 07:01:33.414000+00:00,"Lucy, who wanted to travel the world with her magic cat, Cat. Cat was a very colourful cat who barfed rainbow hairballs in sympathy with the LGBTQ+ movement. One","day, Lucy and Cat set out on their adventure, packing a small suitcase with essentials like catnip, sparkling water, and a map that supposedly led to hidden wonders of the",conv_c7f16c31-e264-4ad6-8a72-7c626fa0cac0,DDT367M5QH19,1.0,3,human-ai,6.0,1.0,author_1,human,ai,author_1,human,True,1
2025-11-21 07:02:39.732000+00:00,"Lesbian bar, where Lucy wanted to explore what she had recently found out. She was a lesbian. But the way to the bar was long and she had","to navigate through a bustling city, filled with people of all kinds, and Cat, sensing Lucy's excitement and nervousness, stayed close to her, occasionally letting out a soft",conv_c7f16c31-e264-4ad6-8a72-7c626fa0cac0,DDT367M5QH19,2.0,3,human-ai,1.0,2.0,author_1,human,ai,author_1,human,True,2
2025-11-21 07:03:56.259000+00:00,"Rainbow hairball, that was left like a long wet colourful trail behind them. In the outskirts of the city they came by a giant tree, where a brown haired girl was sitting on a","bench, staring at the rainbow trail as if mesmerized by its vibrant colors, and when she looked up, her eyes met Lucy's, and for a moment, they just",conv_c7f16c31-e264-4ad6-8a72-7c626fa0cac0,DDT367M5QH19,3.0,3,human-ai,4.0,3.0,author_1,human,ai,author_1,human,True,3
2025-11-21 07:04:44.296000+00:00,"stared at each other. Lucy felt her heart skip a beat, and out of nervousness hesitated before approaching the wondrous girl. She looked","at Cat, who seemed to sense her uncertainty, and gave her a gentle nudge, as if encouraging her to take a step forward, and with newfound courage, Lucy walked",conv_c7f16c31-e264-4ad6-8a72-7c626fa0cac0,DDT367M5QH19,4.0,3,human-ai,1.0,4.0,author_1,human,ai,author_1,human,True,4
2025-11-21 07:06:48.257000+00:00,"Up to the brunette. The girl smiled softly and said ""hi."" Stammering, Lucy returned the greeting. ""I'm Lea,"" the girl told her. ""Lea,"" Lucy repeated. She wanted to keep saying the","name, as if the sound of it was music to her ears, and Lea's smile grew wider, her eyes crinkling at the corners, and she asked,",conv_c7f16c31-e264-4ad6-8a72-7c626fa0cac0,DDT367M5QH19,5.0,3,human-ai,1.0,5.0,author_1,human,ai,author_1,human,True,5
2025-11-21 07:08:28.289000+00:00,"""What brings you here?"" ""I'm just a traveler passing through,"" Lucy responded. Mustering up her courage, she added: ""but I think I have time for a coffee date before continuing my journey.""","journey,"" she said, her heart racing with excitement, and Lea's eyes sparkled with interest as she nodded, saying ""I'd love to grab a coffee with",conv_c7f16c31-e264-4ad6-8a72-7c626fa0cac0,DDT367M5QH19,6.0,3,human-ai,13.0,6.0,author_1,human,ai,author_1,human,True,6
2025-11-21 07:09:42.376000+00:00,"""Such an interesting lady as you."" Lea reached out her hand to grab Lucy by the wrist and hoist herself up from the bench. ""You lead the way, honey,"" Lucy told her.","her, and Lea's fingers intertwined with hers, sending shivers down Lucy's spine, and with Cat trotting alongside them, they walked hand in hand towards a quaint",conv_c7f16c31-e264-4ad6-8a72-7c626fa0cac0,DDT367M5QH19,7.0,3,human-ai,8.0,7.0,author_1,human,ai,author_1,human,True,7
2025-11-21 07:10:40.196000+00:00,"Coffee shop. It was lying in a corner and looked a little worn down with plants growing up the walls. As they went inside, a cozy little shop was revealed to","them, with comfortable armchairs and the aroma of freshly brewed coffee filling the air, and the barista, a friendly woman with a warm smile, greeted them, saying",conv_c7f16c31-e264-4ad6-8a72-7c626fa0cac0,DDT367M5QH19,8.0,3,human-ai,2.0,8.0,author_1,human,ai,author_1,human,True,8
2025-11-21 07:12:19.065000+00:00,"""My, my, what beautiful young ladies we've got here. Welcome."" Greeting the owner, Lea led Lucy to a table by the window before ordering the coffee. Lucy sat admiring the","way the sunlight filtered through the plants outside, casting dappled shadows on Lea's face, and she felt a sense of calm wash over her, as if she had",conv_c7f16c31-e264-4ad6-8a72-7c626fa0cac0,DDT367M5QH19,9.0,3,human-ai,1.0,9.0,author_1,human,ai,author_1,human,True,9
2025-11-21 07:13:08.211000+00:00,"Finally found a place where she felt at home and could be herself. Lea's presence was like a summer day, that made her feel secure and","warm, and as they sipped their coffee, Lucy felt her heart opening up to Lea, and she knew in that moment, she didn't want this day to end",conv_c7f16c31-e264-4ad6-8a72-7c626fa0cac0,DDT367M5QH19,10.0,3,human-ai,4.0,10.0,author_1,human,ai,author_1,human,True,10
2026-01-17 16:21:10.098000+00:00,"Dana, living her best life and trying to get it right. Right or wrong, had always been at the core of her choices. It probably came from her parents, from a childhood of debates, empathy.","and understanding. Her parents had instilled in her a strong sense of morality, but also the flexibility to see different perspectives. As she grew older, Dana found herself navigating the",conv_ccb90f8d-d4bb-406e-83e9-b91ac0615cac,QX1PYSRGW9JE,1.0,4,human-ai,1.0,1.0,author_1,human,ai,author_1,human,True,1
2026-01-17 16:24:53.039000+00:00,"Landscape of happiness and self-worth. She had so many choices. The world was really at her feet. She could travel, do her master's in Australia, and she had met so many interesting people.","people along the way. Each encounter seemed to open new doors, and Dana relished the feeling of endless possibilities. Yet, despite the excitement, a small part of her wondered",conv_ccb90f8d-d4bb-406e-83e9-b91ac0615cac,QX1PYSRGW9JE,2.0,4,human-ai,12.0,2.0,author_1,human,ai,author_1,human,True,2
2026-01-17 16:35:38.727000+00:00,"Is this the right step? Do I move away? She wanted it all and that meant a top job, the big love and marriage. She also wanted to be close to her parents and now her mum just called with","news that her father wasn't feeling well. The phone call left Dana with a heavy heart and a tangled web of emotions. She paced her small apartment, the city lights flick",conv_ccb90f8d-d4bb-406e-83e9-b91ac0615cac,QX1PYSRGW9JE,3.0,4,human-ai,1.0,3.0,author_1,human,ai,author_1,human,True,3
2026-01-17 16:42:37.268000+00:00,flickered. She had to go home. Next thing she knew she had booked the flight. It was pure instinct. He had lost so much weight lately. The doctors must have missed something. It comes as,"time when the world of possibilities narrows down to one essential choice. Dana’s mind raced with thoughts of her father, the man who had always been her rock. As the",conv_ccb90f8d-d4bb-406e-83e9-b91ac0615cac,QX1PYSRGW9JE,4.0,4,human-ai,1.0,4.0,author_1,human,ai,author_1,human,True,4
2026-01-17 16:47:33.777000+00:00,"Months passed by; the struggle was encompassing. It shaped her in ways she never imagined. It also created fears—fears of loss. As she kept positive and was everyone's rock, she felt","the weight of responsibility pressing down on her. But amidst the turmoil, Dana discovered a reservoir of strength within herself. She realized that being there for her family, especially her father",conv_ccb90f8d-d4bb-406e-83e9-b91ac0615cac,QX1PYSRGW9JE,5.0,4,human-ai,6.0,5.0,author_1,human,ai,author_1,human,True,5
2026-01-17 16:50:39.531000+00:00,"It was her single most important task. To do everything right and to say all the right things to him now was crucial, because this was the only time they would have. Time was slipping.","away, and every moment became precious. Dana learned to cherish the small victories, the quiet conversations, and the simple acts of love. In those moments, she found a deeper",conv_ccb90f8d-d4bb-406e-83e9-b91ac0615cac,QX1PYSRGW9JE,6.0,4,human-ai,7.0,6.0,author_1,human,ai,author_1,human,True,6
2026-01-17 16:55:53.889000+00:00,"Meaning. But as she left the hospital and when she was alone, thoughts of fear echoed within her. Should she have to continue life without her father? Should he not be there to see all?","her achievements, her milestones, her own children? The idea of moving forward without him was daunting, but Dana knew that her father would want her to live fully, to embrace",conv_ccb90f8d-d4bb-406e-83e9-b91ac0615cac,QX1PYSRGW9JE,7.0,4,human-ai,2.0,7.0,author_1,human,ai,author_1,human,True,7
2026-01-17 17:00:52.927000+00:00,Life with all its struggles. He had lost his father at the age of six. It was a car accident. A hit and run. It shaped him. He often talked about being the man in the family from early.,"on. Dana remembered those stories, the way he spoke with a mix of sadness and pride. His resilience had always inspired her, and now it was her turn to carry that",conv_ccb90f8d-d4bb-406e-83e9-b91ac0615cac,QX1PYSRGW9JE,8.0,4,human-ai,3.0,8.0,author_1,human,ai,author_1,human,True,8
2026-01-17 17:06:16.485000+00:00,Burden. Fast forward ten years later. She compared all men she dated to her dad. Who would actually be good enough? She was on her way to a date. He was a visiting professor from,"Australia, and she couldn’t help but feel a mix of excitement and nervousness. As she walked through the bustling streets of the city, Dana reflected on how far she had",conv_ccb90f8d-d4bb-406e-83e9-b91ac0615cac,QX1PYSRGW9JE,9.0,4,human-ai,1.0,9.0,author_1,human,ai,author_1,human,True,9
2026-01-17 17:11:02.027000+00:00,"Come and be true to her dreams. She couldn't let fears hold her back. Letting someone in was a risk. A risk of loss, but also a chance to build an amazing life. Time to take a","deep breath, Dana stepped into the restaurant, ready to embrace whatever the future held. She smiled, knowing that her father would be proud of her courage and her willingness to keep",conv_ccb90f8d-d4bb-406e-83e9-b91ac0615cac,QX1PYSRGW9JE,10.0,4,human-ai,6.0,10.0,author_1,human,ai,author_1,human,True,10
2025-11-11 17:17:20.655000+00:00,Once upon a time there was a small ant living in the very big forest. Every morning it would hear seven dwarves singing on their way.,"to the diamond mine, their joyful voices echoing through the trees as they marched in unison, their pickaxes slung over their shoulders. The ant, whose name was Annie",conv_e335739c-0072-4945-8fe4-457a04c0997b,461W5T16XQ9W,1.0,3,human-ai,1.0,1.0,author_1,human,ai,author_1,human,True,1
2025-11-11 17:19:17.598000+00:00,"did not enjoy the singing at all. So one day, when an old, crooked witch came through the forest with a poisoned apple, Annie decided to","approach the witch and strike up a conversation, hoping to find a way to put an end to the dwarves' morning serenades. The witch, whose name was",conv_e335739c-0072-4945-8fe4-457a04c0997b,461W5T16XQ9W,2.0,3,human-ai,0.0,2.0,author_1,human,ai,author_1,human,True,2
2025-11-11 17:24:19.147000+00:00,"The Evil Queen took pity on Annie's situation as she was appalled by the song. But before they made their deal, the clock struck midnight, and the","forest was suddenly bathed in a soft, lunar glow, as a beautiful princess named Cinderella appeared from the shadows, her glass slipper sparkling in the moonlight. The",conv_e335739c-0072-4945-8fe4-457a04c0997b,461W5T16XQ9W,3.0,3,human-ai,7.0,3.0,author_1,human,ai,author_1,human,True,3
2025-11-11 17:27:05.271000+00:00,Witch screamed as the reflected light blinded her. And she stumbled backwards where she was caught by a mighty prince who instantly fell in,"love with the princess, but not before the Witch, still dazed from the light, inadvertently dropped the poisoned apple, which rolled towards the dwarves' diamond mine, coming",conv_e335739c-0072-4945-8fe4-457a04c0997b,461W5T16XQ9W,4.0,3,human-ai,0.0,4.0,author_1,human,ai,author_1,human,True,4
2025-11-11 17:30:09.219000+00:00,to a stop only when being impaled by a sharp rock. There it sat as a head on a pike until it decomposed and from its seed sprouted a poisoned,"tree, its twisted branches reaching towards the sky like skeletal fingers, casting a dark and ominous shadow over the forest floor, and filling the air with a noxious scent that wa",conv_e335739c-0072-4945-8fe4-457a04c0997b,461W5T16XQ9W,5.0,3,human-ai,1.0,5.0,author_1,human,ai,author_1,human,True,5
2025-11-11 17:32:01.488000+00:00,"It's surprisingly sweet and fresh. To every person it smelled differently; it smelled like people's favourite sweets, their grandma's pie.","or the scent of freshly baked cookies, and it had a profound effect on those who caught a whiff of its aroma, transporting them back to a time and place of happy",conv_e335739c-0072-4945-8fe4-457a04c0997b,461W5T16XQ9W,6.0,3,human-ai,5.0,6.0,author_1,human,ai,author_1,human,True,6
2025-11-11 17:33:51.087000+00:00,"Memories. It made humans salivate like dogs, and the tree lured to it many a good man and woman to bite the forbidden fruit of poisonous delight.","But little did they know, the fruit's sweetness came at a terrible cost, for with each bite, the consumer's memories of the past began to fade away, replaced by",conv_e335739c-0072-4945-8fe4-457a04c0997b,461W5T16XQ9W,7.0,3,human-ai,2.0,7.0,author_1,human,ai,author_1,human,True,7
2025-11-11 17:36:52.239000+00:00,Memories of falsehood and deceit. They remembered a blissful past that had never been and they longed for a happiness they had never had. Most,"became trapped in this false nostalgia, forever chasing the ghosts of a nonexistent happiness, and the tree, now a symbol of corrupted bliss, stood tall and proud, its branches",conv_e335739c-0072-4945-8fe4-457a04c0997b,461W5T16XQ9W,8.0,3,human-ai,2.0,8.0,author_1,human,ai,author_1,human,True,8
2025-11-11 17:39:41.299000+00:00,"Heavy with the fruit it bore, apples as red as blood, with meat as white as snow and a core as black as ebony. And where its fruit fell from the","tree, a dark and mysterious pool began to form, its waters reflecting the twisted beauty of the tree, and it was said that on certain nights, when the moon was full",conv_e335739c-0072-4945-8fe4-457a04c0997b,461W5T16XQ9W,9.0,3,human-ai,3.0,9.0,author_1,human,ai,author_1,human,True,9
2025-11-11 17:42:24.733000+00:00,"People would be able to fall through the waters and get trapped in the lake. The lake people would swim beneath the surface, trapped. And only","the sound of their whispers could be heard, echoing through the forest, a haunting melody that seemed to come from all directions, a reminder of the secrets that lay beneath the surface",conv_e335739c-0072-4945-8fe4-457a04c0997b,461W5T16XQ9W,10.0,3,human-ai,2.0,10.0,author_1,human,ai,author_1,human,True,10
