conversation_id,condition,turn,analysis_turn,complete_exchange,starter_side,starter_type,speaker_slot,speaker_type,speaker_is_starter,partner_type,text
conv_006cb479-ccd3-40d1-83fb-4b614573f636,human-ai,1.0,1,True,author_1,human,author_1,human,True,ai,There once was a young woman who had trust issues. She had been betrayed by her ex-boyfriend who cheated on her.
conv_006cb479-ccd3-40d1-83fb-4b614573f636,human-ai,1.0,1,True,author_1,human,author_2,ai,False,human,"with her best friend, leaving her feeling shattered and vulnerable. The experience had made her wary of opening up to anyone new, and she found herself constantly questioning the motives of those"
conv_006cb479-ccd3-40d1-83fb-4b614573f636,human-ai,2.0,2,True,author_1,human,author_1,human,True,ai,who claimed they loved her. This made her hard to reach but also very lonely. She was lonely like this for many years but finally she decided
conv_006cb479-ccd3-40d1-83fb-4b614573f636,human-ai,2.0,2,True,author_1,human,author_2,ai,False,human,"to take a chance and start attending social events again, hoping to meet someone who could help her heal and learn to trust once more. It was at one of these events,"
conv_006cb479-ccd3-40d1-83fb-4b614573f636,human-ai,3.0,3,True,author_1,human,author_1,human,True,ai,That she met another young woman just like herself who also had trust issues. They met many times without ever talking much or becoming close.
conv_006cb479-ccd3-40d1-83fb-4b614573f636,human-ai,3.0,3,True,author_1,human,author_2,ai,False,human,"until one evening, when they both found themselves sitting alone at a small café, each lost in their own thoughts. The atmosphere was quiet and intimate, and somehow, it seemed"
conv_006cb479-ccd3-40d1-83fb-4b614573f636,human-ai,4.0,4,True,author_1,human,author_1,human,True,ai,As if they were destined to meet. They started talking and soon found out they had a lot in common. They started meeting more and over time they
conv_006cb479-ccd3-40d1-83fb-4b614573f636,human-ai,4.0,4,True,author_1,human,author_2,ai,False,human,"developed a deep and meaningful connection, one that was built on mutual understanding and respect. They shared their stories, their fears, and their dreams with each other, and as"
conv_006cb479-ccd3-40d1-83fb-4b614573f636,human-ai,5.0,5,True,author_1,human,author_1,human,True,ai,"Time went on, their connection became more than just friendship; it became love. For a long time they"
conv_006cb479-ccd3-40d1-83fb-4b614573f636,human-ai,5.0,5,True,author_1,human,author_2,ai,False,human,"had been afraid to acknowledge the true nature of their feelings, fearing that it might ruin the beautiful bond they had established. But as they looked into each other's eyes, they"
conv_006cb479-ccd3-40d1-83fb-4b614573f636,human-ai,6.0,6,True,author_1,human,author_1,human,True,ai,knew exactly what the other person was feeling. They finally burst free of their prisons of isolation and opened up for love
conv_006cb479-ccd3-40d1-83fb-4b614573f636,human-ai,6.0,6,True,author_1,human,author_2,ai,False,human,"and allowed themselves to be vulnerable, to trust, and to surrender to the beauty of their relationship. As they embraced each other, they felt a sense of freedom and joy that"
conv_006cb479-ccd3-40d1-83fb-4b614573f636,human-ai,7.0,7,True,author_1,human,author_1,human,True,ai,"They hadn't felt in ages. However, they were out of training in trusting and their relationship."
conv_006cb479-ccd3-40d1-83fb-4b614573f636,human-ai,7.0,7,True,author_1,human,author_2,ai,False,human,"was put to the test as they navigated the complexities of intimacy, communication, and compromise. They stumbled upon old patterns and fears, but this time, they had each other"
conv_006cb479-ccd3-40d1-83fb-4b614573f636,human-ai,8.0,8,True,author_1,human,author_1,human,True,ai,"They were determined to not let this relationship be destroyed as well, and in the end, they succeeded."
conv_006cb479-ccd3-40d1-83fb-4b614573f636,human-ai,8.0,8,True,author_1,human,author_2,ai,False,human,"built a life together, one that was filled with love, laughter, and a deep understanding of each other's strengths and weaknesses. They proved to themselves that they were capable of"
conv_006cb479-ccd3-40d1-83fb-4b614573f636,human-ai,9.0,9,True,author_1,human,author_1,human,True,ai,Overcoming obstacles and regaining trust in humans. Their relationship also allowed them to open up more to other humans and form meaningful.
conv_006cb479-ccd3-40d1-83fb-4b614573f636,human-ai,9.0,9,True,author_1,human,author_2,ai,False,human,"connections with others, and as they looked back on their journey, they realized that their love had been the catalyst for a profound transformation, one that had brought healing, growth,"
conv_02b6fce3-98d8-456f-b0e8-3708b9ca1968,human-ai,1.0,1,True,author_1,human,author_1,human,True,ai,Outside her window the storm was raging. Trees moving mechanically in the wind under the loud drumming sound of water drops falling.
conv_02b6fce3-98d8-456f-b0e8-3708b9ca1968,human-ai,1.0,1,True,author_1,human,author_2,ai,False,human,"Outside her window, the storm was raging. Trees moved mechanically in the wind, the loud drumming of water drops falling against the glass. Inside, the house was quiet,"
conv_02b6fce3-98d8-456f-b0e8-3708b9ca1968,human-ai,2.0,2,True,author_1,human,author_1,human,True,ai,"A dim candlelight stood dancing on the windowsill. She was reading a book, not paying much attention to the dark surroundings of"
conv_02b6fce3-98d8-456f-b0e8-3708b9ca1968,human-ai,2.0,2,True,author_1,human,author_2,ai,False,human,"the room. The flickering flame cast shadows on the walls, creating a dance of light and darkness. Lost in the pages, she barely noticed the growing intensity of the storm"
conv_02b6fce3-98d8-456f-b0e8-3708b9ca1968,human-ai,3.0,3,True,author_1,human,author_1,human,True,ai,"Her cat lay snoring on the warm blanket covering her feet. Suddenly, a loud sound came from the kitchen and she let out a short"
conv_02b6fce3-98d8-456f-b0e8-3708b9ca1968,human-ai,3.0,3,True,author_1,human,author_2,ai,False,human,"squeak, her heart racing. She marked her page and set the book down, listening intently. The house creaked around her, but the silence that followed"
conv_02b6fce3-98d8-456f-b0e8-3708b9ca1968,human-ai,4.0,4,True,author_1,human,author_1,human,True,ai,"The silence was deafening. She was alone for the weekend, her husband away for business on a fancy trip to New York. She didn't mind though, being alone had never bothered her. But"
conv_02b6fce3-98d8-456f-b0e8-3708b9ca1968,human-ai,4.0,4,True,author_1,human,author_2,ai,False,human,"the sudden noise was unsettling. Gathering her courage, she got up, the cat stirring but not waking. She tiptoed to the kitchen, the floorboards protesting softly under"
conv_02b6fce3-98d8-456f-b0e8-3708b9ca1968,human-ai,5.0,5,True,author_1,human,author_1,human,True,ai,"bare feet. She grabbed the candlelight from the windowsill as she approached the kitchen with slow, steady steps. It must have been the"
conv_02b6fce3-98d8-456f-b0e8-3708b9ca1968,human-ai,5.0,5,True,author_1,human,author_2,ai,False,human,"wind, she told herself, trying to calm her nerves. As she neared the kitchen, the flickering light revealed nothing out of place at first. Then, she noticed"
conv_02b6fce3-98d8-456f-b0e8-3708b9ca1968,human-ai,6.0,6,True,author_1,human,author_1,human,True,ai,"A dark shadow in the corner of the kitchen. It was almost unnoticeable at first, but she could have sworn there was movement. She stood still for a"
conv_02b6fce3-98d8-456f-b0e8-3708b9ca1968,human-ai,6.0,6,True,author_1,human,author_2,ai,False,human,"moment, her breath held. The shadow seemed to shift again, and a chill ran down her spine. She reached for the nearest object—a wooden spoon—and raised it defensively,"
conv_02b6fce3-98d8-456f-b0e8-3708b9ca1968,human-ai,7.0,7,True,author_1,human,author_1,human,True,ai,"Something was staring back at her. Golden eyes, ridden with malice. She could tell. She had always been good at reading people. A sixth sense, hers."
conv_02b6fce3-98d8-456f-b0e8-3708b9ca1968,human-ai,7.0,7,True,author_1,human,author_2,ai,False,human,"husband often teased her about. The eyes belonged to something not quite human, and her heart pounded in her chest. She swallowed hard, trying to steady herself. ""Who"
conv_02b6fce3-98d8-456f-b0e8-3708b9ca1968,human-ai,8.0,8,True,author_1,human,author_1,human,True,ai,"""Are you? What do you want?"" Her voice was much quieter than anticipated, almost as if the words could not find their way. She"
conv_02b6fce3-98d8-456f-b0e8-3708b9ca1968,human-ai,8.0,8,True,author_1,human,author_2,ai,False,human,"forced herself to speak again, this time with more conviction. ""I know you're there. Show yourself."" The tension in the room was palpable, and the only response"
conv_02b6fce3-98d8-456f-b0e8-3708b9ca1968,human-ai,9.0,9,True,author_1,human,author_1,human,True,ai,"There was more silence. Before she could even react, a dark creature, hideous beyond imagination, jumped out of the shadows with an"
conv_02b6fce3-98d8-456f-b0e8-3708b9ca1968,human-ai,9.0,9,True,author_1,human,author_2,ai,False,human,"ear-splitting screech. She screamed and swung the wooden spoon, more out of reflex than anything else. The creature dodged easily, its eyes gleaming with a"
conv_0bb56093-3033-4615-bb70-ebfa4135589a,human-ai,1.0,1,True,author_1,human,author_1,human,True,ai,"John Cena, the famous wrestler also known for his famous war cry LETS FLIP-FLOPPING DO THIS. Which a lot of people"
conv_0bb56093-3033-4615-bb70-ebfa4135589a,human-ai,1.0,1,True,author_1,human,author_2,ai,False,human,"misinterpreted as ""Let's do this,"" but only his true fans knew the authentic phrase that fueled his unrelenting passion for body-slamming his opponents. One day"
conv_0bb56093-3033-4615-bb70-ebfa4135589a,human-ai,2.0,2,True,author_1,human,author_1,human,True,ai,"John would take a stroll in his momma van, drop K-Dot off, cause I know he tryna flock on Sherane tonight. But"
conv_0bb56093-3033-4615-bb70-ebfa4135589a,human-ai,2.0,2,True,author_1,human,author_2,ai,False,human,"little did John know, K-dot, aka Kendrick Lamar, had other plans, and as he stepped out of the mama van, he whispered to John, ""Yo, Cena"
conv_0bb56093-3033-4615-bb70-ebfa4135589a,human-ai,3.0,3,True,author_1,human,author_1,human,True,ai,"Hair pitch black like the midnight sky. Eyes like the jungle, you're something wild. Her sweet melody sings."
conv_0bb56093-3033-4615-bb70-ebfa4135589a,human-ai,3.0,3,True,author_1,human,author_2,ai,False,human,"to the rhythm of the African drums, and John's warrior spirit began to stir, as he remembered the enchanting songstress, Sherane, who had captured Kendrick's heart"
conv_0bb56093-3033-4615-bb70-ebfa4135589a,human-ai,4.0,4,True,author_1,human,author_1,human,True,ai,"Nothing here changes, seasons go by. You said, ""Hello,"" you said, ""Goodbye."" Did you run away? Mariella, where did you go?"
conv_0bb56093-3033-4615-bb70-ebfa4135589a,human-ai,4.0,4,True,author_1,human,author_2,ai,False,human,"The echoes of her name lingered in the air, as John's mind began to wander, recalling the tales Kendrick had shared about his tumultuous relationship with Sherane, but"
conv_0bb56093-3033-4615-bb70-ebfa4135589a,human-ai,5.0,5,True,author_1,human,author_1,human,True,ai,"Okay, I know that's borderline Compton or Paramount. ""Well, is it Compton?"" ""No,"" she replied. Then quickly started battin' her eyes. I strictly had."
conv_0bb56093-3033-4615-bb70-ebfa4135589a,human-ai,5.0,5,True,author_1,human,author_2,ai,False,human,"to have her, and the city lights of Paramount blurred together as John's mama van sped down the boulevard, the sound of Kendrick's storytelling fading into the distance, replaced"
conv_0bb56093-3033-4615-bb70-ebfa4135589a,human-ai,6.0,6,True,author_1,human,author_1,human,True,ai,"But not enough to stop me from gettin' a nut. ""I wanna come over, what's up?"" That's what I told her soon as this episode of Martin go off."
conv_0bb56093-3033-4615-bb70-ebfa4135589a,human-ai,6.0,6,True,author_1,human,author_2,ai,False,human,"the TV screen flickered to black, and John's eyes met Kendrick's, who was grinning mischievously, as if to say, ""You know what's"
conv_0bb56093-3033-4615-bb70-ebfa4135589a,human-ai,7.0,7,True,author_1,human,author_1,human,True,ai,"Passin' Alameda, my gas meter in need of a pump. I got enough to get me through the traffic jam. At least I hope, 'cause my pockets broke."
conv_0bb56093-3033-4615-bb70-ebfa4135589a,human-ai,7.0,7,True,author_1,human,author_2,ai,False,human,"and the mama van's engine sputtered, as if echoing John's concern, but Kendrick just nodded sympathetically, his mind still preoccupied with the memories of Sherane"
conv_0bb56093-3033-4615-bb70-ebfa4135589a,human-ai,8.0,8,True,author_1,human,author_1,human,True,ai,"I had a fifth in the trunk like Curtis Jackson for ransom, I'm hopin' to get her loose like an Uncle Luke anthem. I'm two blocks away, two."
conv_0bb56093-3033-4615-bb70-ebfa4135589a,human-ai,8.0,8,True,author_1,human,author_2,ai,False,human,"minutes from her doorstep, and the anticipation was building up, as John's fingers drummed against the steering wheel, and Kendrick started to rap along, ""Two blocks away,"
conv_0bb56093-3033-4615-bb70-ebfa4135589a,human-ai,9.0,9,True,author_1,human,author_1,human,True,ai,"Kendrick, where you at? Damn, I'm sittin' here waitin' on my van. You told me you was gon' be back."
conv_0bb56093-3033-4615-bb70-ebfa4135589a,human-ai,9.0,9,True,author_1,human,author_2,ai,False,human,"in a minute, but the minutes turned to hours, and the hours turned to silence, leaving John Cena alone in the mama van, the only sound being the hum of the"
conv_0f18b30f-7d4b-4681-b98e-a0ff4f2b5256,human-ai,1.0,1,True,author_1,human,author_1,human,True,ai,"a small town girl who dreams of adventure and the opportunity to explore the world, but family responsibilities and economic challenges are insurmountable."
conv_0f18b30f-7d4b-4681-b98e-a0ff4f2b5256,human-ai,1.0,1,True,author_1,human,author_2,ai,False,human,"She feels trapped in the mundane routine of her daily life, working at the local diner to make ends meet, while her mind wanders to far-off lands and exotic cultures."
conv_0f18b30f-7d4b-4681-b98e-a0ff4f2b5256,human-ai,2.0,2,True,author_1,human,author_1,human,True,ai,"Fueled by her reading habit, by books like Kon-Tiki and Out of Africa and Lawrence of Arabia, she brainstorms ways to escape her responsibilities and pad her"
conv_0f18b30f-7d4b-4681-b98e-a0ff4f2b5256,human-ai,2.0,2,True,author_1,human,author_2,ai,False,human,"savings, which are meager at best, but she's determined to find a way to break free from the constraints of her small town and experience the thrill of adventure for"
conv_0f18b30f-7d4b-4681-b98e-a0ff4f2b5256,human-ai,3.0,3,True,author_1,human,author_1,human,True,ai,a more fulfilling future. Everything from increasing the fees for her babysitting and petsitting side gigs to robbing the local convenience store flit through her
conv_0f18b30f-7d4b-4681-b98e-a0ff4f2b5256,human-ai,3.0,3,True,author_1,human,author_2,ai,False,human,"mind, though she quickly dismisses the latter as a reckless and foolish idea, knowing that it would only lead to trouble and jeopardize the very people she cares about, her"
conv_0f18b30f-7d4b-4681-b98e-a0ff4f2b5256,human-ai,4.0,4,True,author_1,human,author_1,human,True,ai,"Mild-mannered mother, Puritanical father, and most of all her beloved Granny Gigi who has hinted at a bequest in her."
conv_0f18b30f-7d4b-4681-b98e-a0ff4f2b5256,human-ai,4.0,4,True,author_1,human,author_2,ai,False,human,"will, a secret stash of money that Granny Gigi had set aside from her own adventures as a young woman, traveling the world as a missionary's wife, and which she"
conv_0f18b30f-7d4b-4681-b98e-a0ff4f2b5256,human-ai,5.0,5,True,author_1,human,author_1,human,True,ai,smuggled out of Pakistan in the hollow tubing of her crutches as she feigned a broken leg suffered in the uprising in her field
conv_0f18b30f-7d4b-4681-b98e-a0ff4f2b5256,human-ai,5.0,5,True,author_1,human,author_2,ai,False,human,"hospital, a tale that Granny Gigi would only hint at with a sly glint in her eye, leaving the small town girl to wonder about the full story and the exact"
conv_0f18b30f-7d4b-4681-b98e-a0ff4f2b5256,human-ai,6.0,6,True,author_1,human,author_1,human,True,ai,"Details of her foreign service. Unfortunately for the girl with wanderlust, Granny Gigi is as hale and hearty as a 79-year-old can be, so murder..."
conv_0f18b30f-7d4b-4681-b98e-a0ff4f2b5256,human-ai,6.0,6,True,author_1,human,author_2,ai,False,human,Network error while generating a response.
conv_0f18b30f-7d4b-4681-b98e-a0ff4f2b5256,human-ai,7.0,7,True,author_1,human,author_1,human,True,ai,Maybe the only means of hastening that bequest. Recognizing that unfettered travel burdened by inconsolable grief and guilt is not
conv_0f18b30f-7d4b-4681-b98e-a0ff4f2b5256,human-ai,7.0,7,True,author_1,human,author_2,ai,False,human,"a price she's willing to pay, the small town girl sets her sights on more legitimate means of financing her escape, and begins to scour the local community for any opportunity that"
conv_0f18b30f-7d4b-4681-b98e-a0ff4f2b5256,human-ai,8.0,8,True,author_1,human,author_1,human,True,ai,May legally further her goals. She studies public bulletin boards and social media for ideas and happens upon an ad: Responsible young woman wanted.
conv_0f18b30f-7d4b-4681-b98e-a0ff4f2b5256,human-ai,8.0,8,True,author_1,human,author_2,ai,False,human,"to care for a sailboat and crew for a seasonal voyage, with all expenses paid and a generous stipend, an opportunity that seems almost too good to be true, but"
conv_0f18b30f-7d4b-4681-b98e-a0ff4f2b5256,human-ai,9.0,9,True,author_1,human,author_1,human,True,ai,"For her, it is clearly a dream come true. Well, it is if you ignore her fear of boats emanating from a tendency toward severe seasickness even when watching the ocean."
conv_0f18b30f-7d4b-4681-b98e-a0ff4f2b5256,human-ai,9.0,9,True,author_1,human,author_2,ai,False,human,"scenes in movies, but the prospect of sailing to distant shores and exploring the world beyond her small town is too enticing to let a little thing like seasickness stand in her way"
conv_11293fd2-d757-471f-8e2e-783542167a8e,human-ai,1.0,1,True,author_1,human,author_1,human,True,ai,"A young girl, riding her bike down the main street, as she suddenly spots something very surprising on the horizon. She gets off her bike to fully take"
conv_11293fd2-d757-471f-8e2e-783542167a8e,human-ai,1.0,1,True,author_1,human,author_2,ai,False,human,"in the sight before her. The object, which had initially appeared as a mere speck, was now growing larger and more defined. It was an old-fashioned hot air balloon"
conv_11293fd2-d757-471f-8e2e-783542167a8e,human-ai,2.0,2,True,author_1,human,author_1,human,True,ai,"She gaped, as she had never seen one in real life. However, as the air balloon moved closer, she saw something just as strange in the basket."
conv_11293fd2-d757-471f-8e2e-783542167a8e,human-ai,2.0,2,True,author_1,human,author_2,ai,False,human,"an old trunk, adorned with intricate carvings and a large, rusted lock, sitting prominently in the center of the basket, surrounded by various strange and colorful items that"
conv_11293fd2-d757-471f-8e2e-783542167a8e,human-ai,3.0,3,True,author_1,human,author_1,human,True,ai,"Glittered in the sunlight. Atop the trunk sat a very peculiar creature. Not quite human, but not like any other animal she had ever seen, dressed"
conv_11293fd2-d757-471f-8e2e-783542167a8e,human-ai,3.0,3,True,author_1,human,author_2,ai,False,human,"in a long, velvet coat with brass buttons, and a top hat that seemed to be tilted at a rakish angle, giving the creature an air of whimsy and sophistication"
conv_11293fd2-d757-471f-8e2e-783542167a8e,human-ai,4.0,4,True,author_1,human,author_1,human,True,ai,"In the middle of its face were old-fashioned goggles; as the balloon came to a halt in the air above her, the creature lifted them."
conv_11293fd2-d757-471f-8e2e-783542167a8e,human-ai,4.0,4,True,author_1,human,author_2,ai,False,human,"and peered down at the young girl with an unblinking gaze, its eyes gleaming with a mixture of curiosity and mischief, as it removed the goggles to reveal eyes"
conv_11293fd2-d757-471f-8e2e-783542167a8e,human-ai,5.0,5,True,author_1,human,author_1,human,True,ai,"That shone bright yellow in the early morning light. She peered up at the creature with curious eyes. ""Good"
conv_11293fd2-d757-471f-8e2e-783542167a8e,human-ai,5.0,5,True,author_1,human,author_2,ai,False,human,"morning to you, young one,"" the creature replied in a low, raspy voice, its tone surprisingly warm and gentle, as it tipped its top hat in a courteous"
conv_11293fd2-d757-471f-8e2e-783542167a8e,human-ai,6.0,6,True,author_1,human,author_1,human,True,ai,"""Excuse me, but what are you doing?,"" she asked politely, as nothing ever happened in her small town, and as such, this was"
conv_11293fd2-d757-471f-8e2e-783542167a8e,human-ai,6.0,6,True,author_1,human,author_2,ai,False,human,"a shock to her system, and she found herself struggling to process the sheer strangeness of the situation, as the creature smiled and began to carefully climb down from the basket,"
conv_11293fd2-d757-471f-8e2e-783542167a8e,human-ai,7.0,7,True,author_1,human,author_1,human,True,ai,"Gliding gracefully down a sturdy-looking rope. ""Me? Well, I'm here on an adventure, my girl. Would you care to join me in my secret"
conv_11293fd2-d757-471f-8e2e-783542167a8e,human-ai,7.0,7,True,author_1,human,author_2,ai,False,human,"expedition?"" the creature asked, its yellow eyes sparkling with excitement, as it reached the ground and began to brush off its coat, revealing a pocket watch chain and a small"
conv_11293fd2-d757-471f-8e2e-783542167a8e,human-ai,8.0,8,True,author_1,human,author_1,human,True,ai,"Watch, ticking away. It looked like no other watch the girl had ever seen, decorated with fine gemstones, its hands whirring away at a strange speed."
conv_11293fd2-d757-471f-8e2e-783542167a8e,human-ai,8.0,8,True,author_1,human,author_2,ai,False,human,"as if measuring time itself in a unique and mystical way, and the creature, noticing her fascination with the timepiece, smiled knowingly and said, ""This, my dear,"
conv_11293fd2-d757-471f-8e2e-783542167a8e,human-ai,9.0,9,True,author_1,human,author_1,human,True,ai,"""It is no ordinary watch. It grants its master the ability to travel through both time and space!"" The creature grinned. ""Then, why do you need the balloon?"""
conv_11293fd2-d757-471f-8e2e-783542167a8e,human-ai,9.0,9,True,author_1,human,author_2,ai,False,human,"the girl asked again, her curiosity getting the better of her, and the creature chuckled, a low, rumbling sound, as it replied, ""Ah, the balloon is"
conv_155f7493-3058-435d-a672-40e7e8ec213a,human-ai,1.0,,False,author_1,human,author_1,human,True,ai,"a bear named Per Hansen. He was your usual, run-of-the-mill bear turned Danish. One day he was taking a walk through the cold winter."
conv_155f7493-3058-435d-a672-40e7e8ec213a,human-ai,1.0,,False,author_1,human,author_2,ai,False,human,
conv_155f7493-3058-435d-a672-40e7e8ec213a,human-ai,2.0,1,True,author_1,human,author_1,human,True,ai,Air. The sun was setting and he wondered. Who was he gonna vote for the next kommunalvalg? He had absolutely no idea who the candidates were.
conv_155f7493-3058-435d-a672-40e7e8ec213a,human-ai,2.0,1,True,author_1,human,author_2,ai,False,human,"were or what they stood for. Sighing, he leaned back in his creaky wooden chair, the last rays of sunlight casting long shadows across the room. His"
conv_155f7493-3058-435d-a672-40e7e8ec213a,human-ai,3.0,2,True,author_1,human,author_1,human,True,ai,"Valgkort laid out on the table. So many options. What would his mother say? Argh, it is of no use. The dilemma was even still thundering in his head."
conv_155f7493-3058-435d-a672-40e7e8ec213a,human-ai,3.0,2,True,author_1,human,author_2,ai,False,human,"mind as he picked up the ballot paper, his fingers tracing the names of the candidates. Each one seemed to blend into the next, a sea of unfamiliar faces and promises."
conv_155f7493-3058-435d-a672-40e7e8ec213a,human-ai,4.0,3,True,author_1,human,author_1,human,True,ai,"""I like this candidate!"" Peter thought to himself. They like nature and think we should be voting more green. But they did have that scandal last."
conv_155f7493-3058-435d-a672-40e7e8ec213a,human-ai,4.0,3,True,author_1,human,author_2,ai,False,human,year. Per’s brow furrowed as he recalled the headlines. It wasn’t just about the environment; integrity mattered too. He set the ballot down and rubbed his temples
conv_155f7493-3058-435d-a672-40e7e8ec213a,human-ai,5.0,4,True,author_1,human,author_1,human,True,ai,"""Come on!"" he exclaimed. He had promised Goldilocks to go to the village together. She ALWAYS knew where she would put her ""X"". She would put"
conv_155f7493-3058-435d-a672-40e7e8ec213a,human-ai,5.0,4,True,author_1,human,author_2,ai,False,human,"it without a second thought, her confidence both enviable and a bit intimidating. Per stood up, straightened his shirt, and grabbed his coat. It was time to meet"
conv_155f7493-3058-435d-a672-40e7e8ec213a,human-ai,6.0,5,True,author_1,human,author_1,human,True,ai,"At the old willow, as it whispered in the winter air, reminding him of his unwillingness to choose. What did Mama Bear always say?"
conv_155f7493-3058-435d-a672-40e7e8ec213a,human-ai,6.0,5,True,author_1,human,author_2,ai,False,human,"to him? Per closed his eyes, letting the gentle breeze carry the memory. “Per,” he could almost hear her deep, calming voice, “sometimes the hardest choices are"
conv_155f7493-3058-435d-a672-40e7e8ec213a,human-ai,7.0,6,True,author_1,human,author_1,human,True,ai,"Cringey, and crusty. That sounds about right... mama really liked toast. Hmmm, but who is the crunchiest candidate of them?"
conv_155f7493-3058-435d-a672-40e7e8ec213a,human-ai,7.0,6,True,author_1,human,author_2,ai,False,human,"all?” Per chuckled at the absurdity of the thought. As he walked toward the old willow, he decided to trust Goldilocks’ instincts. Maybe, just maybe"
conv_155f7493-3058-435d-a672-40e7e8ec213a,human-ai,8.0,7,True,author_1,human,author_1,human,True,ai,"He would feel the paper, for the crunchiest candidate. Where the paper is the most crisp is the right candidate for"
conv_155f7493-3058-435d-a672-40e7e8ec213a,human-ai,8.0,7,True,author_1,human,author_2,ai,False,human,"him. With a determined nod, he quickened his pace, the setting sun casting a warm glow on his path. The old willow loomed ahead, its branches sw"
conv_155f7493-3058-435d-a672-40e7e8ec213a,human-ai,9.0,8,True,author_1,human,author_1,human,True,ai,"Swatted all his doubts away as he saw Goldilocks. ""Ready?"" she greeted him. ""As ready as I can be."" Then he ate her... you know how bears do."
conv_155f7493-3058-435d-a672-40e7e8ec213a,human-ai,9.0,8,True,author_1,human,author_2,ai,False,human,"are,” Per joked, grinning. Goldilocks laughed, her eyes twinkling. “Let’s do this,” she said, and they walked together toward the polling station"
conv_1a776856-1876-44eb-b0f6-31b31250ddca,human-ai,1.0,1,True,author_1,human,author_1,human,True,ai,There was once a man in a sauna who really liked the smell of sandalwood. This man was also known for his love of surfing the waves with a certain mechanical assistance in the
conv_1a776856-1876-44eb-b0f6-31b31250ddca,human-ai,1.0,1,True,author_1,human,author_2,ai,False,human,"form of a sleek, silver jet-powered surfboard that allowed him to ride the waves with incredible speed and agility. As he sat in the sauna, surrounded by the warm,"
conv_1a776856-1876-44eb-b0f6-31b31250ddca,human-ai,2.0,2,True,author_1,human,author_1,human,True,ai,"Saunas, he really got to thinking about life and what it brings. The heat of the sauna combined with the artful smell combinations."
conv_1a776856-1876-44eb-b0f6-31b31250ddca,human-ai,2.0,2,True,author_1,human,author_2,ai,False,human,"of sandalwood and eucalyptus wafting through the air seemed to clarify his thoughts, and he found himself pondering the similarities between the fleeting nature of"
conv_1a776856-1876-44eb-b0f6-31b31250ddca,human-ai,3.0,3,True,author_1,human,author_1,human,True,ai,The human experience. He found that he felt the most sure about his deepest wishes and desires when he had just emerged from the heat and
conv_1a776856-1876-44eb-b0f6-31b31250ddca,human-ai,3.0,3,True,author_1,human,author_2,ai,False,human,"stepped out into the cool, crisp air, feeling the sudden rush of clarity and purpose that came with the abrupt change in temperature. It was as if the sauna had washed"
conv_1a776856-1876-44eb-b0f6-31b31250ddca,human-ai,4.0,4,True,author_1,human,author_1,human,True,ai,"Away all that created problems in his day-to-day. He really liked spending his Sundays here, and would sometimes bring guests into"
conv_1a776856-1876-44eb-b0f6-31b31250ddca,human-ai,4.0,4,True,author_1,human,author_2,ai,False,human,"the sauna, sharing the tranquility and stimulating conversation that seemed to flow effortlessly in the warm, intimate atmosphere. His friends would often remark on the unique sense of camaraderie"
conv_1a776856-1876-44eb-b0f6-31b31250ddca,human-ai,5.0,5,True,author_1,human,author_1,human,True,ai,"That this experience created. Once outside of the sauna, regular life would, for better or worse, have to continue on as it had."
conv_1a776856-1876-44eb-b0f6-31b31250ddca,human-ai,5.0,5,True,author_1,human,author_2,ai,False,human,"before, with its familiar routines and responsibilities, but somehow the experience of the sauna lingered, leaving an imprint on his mind and heart, a reminder of the peace and clarity"
conv_1a776856-1876-44eb-b0f6-31b31250ddca,human-ai,6.0,6,True,author_1,human,author_1,human,True,ai,"That can be found, even in the rush of expectations and wishes for self-improvement, which are otherwise always present."
conv_1a776856-1876-44eb-b0f6-31b31250ddca,human-ai,6.0,6,True,author_1,human,author_2,ai,False,human,"and which often seemed to weigh heavily on his mind, like a constant hum of self-doubt and striving, but in the stillness of the sauna, all of that"
conv_1a776856-1876-44eb-b0f6-31b31250ddca,human-ai,7.0,7,True,author_1,human,author_1,human,True,ai,"was sweated out of the body through the pores, although even with all this sweat, the smells were always"
conv_1a776856-1876-44eb-b0f6-31b31250ddca,human-ai,7.0,7,True,author_1,human,author_2,ai,False,human,"pleasantly overpowered by the fragrant aromas of the essential oils, sandalwood, and eucalyptus, that filled the air, creating a sense of"
conv_1a776856-1876-44eb-b0f6-31b31250ddca,human-ai,8.0,8,True,author_1,human,author_1,human,True,ai,"Absolute serenity. Even though the day-to-day challenges this man faced could be of a different nature for each night slept, the peace of the sauna"
conv_1a776856-1876-44eb-b0f6-31b31250ddca,human-ai,8.0,8,True,author_1,human,author_2,ai,False,human,"remained a constant, a dependable refuge from the turmoil and uncertainty of life, a place where he could let his guard down and simply be, surrounded by the gentle heat and"
conv_1a776856-1876-44eb-b0f6-31b31250ddca,human-ai,9.0,9,True,author_1,human,author_1,human,True,ai,"Clouds of smells. Even with a constant such as this, the basic human response to achieving something is not satisfaction, but"
conv_1a776856-1876-44eb-b0f6-31b31250ddca,human-ai,9.0,9,True,author_1,human,author_2,ai,False,human,"a fleeting sense of contentment, soon giving way to new desires and aspirations, a perpetual cycle of pursuit and longing, and yet, in the tranquility of the sauna,"
conv_20c3db22-5b6d-42fa-bdee-f1e1a84fe6e8,human-ai,1.0,1,True,author_1,human,author_1,human,True,ai,"a mad scientist called Julius, who is trying to create a time machine to go back in time and prevent the birth of a terrible dictator."
conv_20c3db22-5b6d-42fa-bdee-f1e1a84fe6e8,human-ai,1.0,1,True,author_1,human,author_2,ai,False,human,"a mad scientist called Julius, who, in the dim light of his cluttered laboratory, pored over ancient texts and cutting-edge scientific journals. His"
conv_20c3db22-5b6d-42fa-bdee-f1e1a84fe6e8,human-ai,2.0,2,True,author_1,human,author_1,human,True,ai,His goal was to understand everything he could about the nature of time in order to build a time machine in order to harness the power of.
conv_20c3db22-5b6d-42fa-bdee-f1e1a84fe6e8,human-ai,2.0,2,True,author_1,human,author_2,ai,False,human,"the fourth dimension. Every day and night, he worked tirelessly, fueled by a mix of ambition, desperation, and a deep sense of moral duty. The dictator he aimed to"
conv_20c3db22-5b6d-42fa-bdee-f1e1a84fe6e8,human-ai,3.0,3,True,author_1,human,author_1,human,True,ai,"Strahd was named Adolfus and was presently oppressing the people of Barovia in an eternal war machine, and persecuting the region's minority groups."
conv_20c3db22-5b6d-42fa-bdee-f1e1a84fe6e8,human-ai,3.0,3,True,author_1,human,author_2,ai,False,human,"Julius had seen the horrors firsthand during a brief visit to Barovia, where the once-thriving streets were now filled with fear and suffering. The more he learned"
conv_20c3db22-5b6d-42fa-bdee-f1e1a84fe6e8,human-ai,4.0,4,True,author_1,human,author_1,human,True,ai,The more he knew that his sole mission in life was to not just end the dictator and the Nazis' reign but to prevent it from happening in the first place.
conv_20c3db22-5b6d-42fa-bdee-f1e1a84fe6e8,human-ai,4.0,4,True,author_1,human,author_2,ai,False,human,"With a renewed sense of purpose, Julius began to assemble the components of his Time Machine. He scavenged parts from abandoned factories, raided libraries for forbidden knowledge, and conducted"
conv_20c3db22-5b6d-42fa-bdee-f1e1a84fe6e8,human-ai,5.0,5,True,author_1,human,author_1,human,True,ai,"Experiments on willing volunteers, awaiting the point when he himself would travel back in time to change the course and direction of"
conv_20c3db22-5b6d-42fa-bdee-f1e1a84fe6e8,human-ai,5.0,5,True,author_1,human,author_2,ai,False,human,"history. The final piece of his invention, a mysterious crystal he had discovered in an ancient cave, was the key to unlocking the time-traveling potential. As the machine"
conv_20c3db22-5b6d-42fa-bdee-f1e1a84fe6e8,human-ai,6.0,6,True,author_1,human,author_1,human,True,ai,"whirred into action, Julius strapped himself into the attached seat and put on his radioactivity-blocking helmet, as he adjusted"
conv_20c3db22-5b6d-42fa-bdee-f1e1a84fe6e8,human-ai,6.0,6,True,author_1,human,author_2,ai,False,human,"the dials and levers with a steady hand. The air around him buzzed with an otherworldly energy, and the walls of his laboratory began to blur and distort"
conv_20c3db22-5b6d-42fa-bdee-f1e1a84fe6e8,human-ai,7.0,7,True,author_1,human,author_1,human,True,ai,"And he felt his body being pushed and pulled in all directions. He lost consciousness, and when he awoke, he found himself in"
conv_20c3db22-5b6d-42fa-bdee-f1e1a84fe6e8,human-ai,7.0,7,True,author_1,human,author_2,ai,False,human,"a different time and place. The year was 1890, and he was in a small, bustling village that would one day become the heart of Barovia"
conv_20c3db22-5b6d-42fa-bdee-f1e1a84fe6e8,human-ai,8.0,8,True,author_1,human,author_1,human,True,ai,"Julius exited the Time Machine and got his bearings, looking around the town for signs of the local butcher shop, where he knew"
conv_20c3db22-5b6d-42fa-bdee-f1e1a84fe6e8,human-ai,8.0,8,True,author_1,human,author_2,ai,False,human,"Adolfus's father worked. The streets were lined with cobblestones, and the air was filled with the smells of freshly baked bread and horse-drawn carriages."
conv_20c3db22-5b6d-42fa-bdee-f1e1a84fe6e8,human-ai,9.0,9,True,author_1,human,author_1,human,True,ai,"Julius spotted the butcher shop and headed there immediately. Inside he saw a large man with a blood-stained apron, whom he immediately"
conv_20c3db22-5b6d-42fa-bdee-f1e1a84fe6e8,human-ai,9.0,9,True,author_1,human,author_2,ai,False,human,"recognized as Adolfus's father. Julius approached him with a sense of trepidation, knowing that the slightest misstep could alter the timeline in unpredictable ways. ""Excuse"
conv_23ed55f8-cc91-439f-8c8e-e24f66457596,human-ai,1.0,1,True,author_1,human,author_1,human,True,ai,"a fairy living in wonderland. She is a very happy fairy, who has lots and lots of fairy friends. They are all special."
conv_23ed55f8-cc91-439f-8c8e-e24f66457596,human-ai,1.0,1,True,author_1,human,author_2,ai,False,human,"and unique, each with their own magical talents. One day, while fluttering through the Enchanted Forest, the fairy named Lila discovered a mysterious, shimmering flower"
conv_23ed55f8-cc91-439f-8c8e-e24f66457596,human-ai,2.0,2,True,author_1,human,author_1,human,True,ai,"She bent down to take a look at it. At first she was careful, but she couldn't shake her curiosity. She just had to touch."
conv_23ed55f8-cc91-439f-8c8e-e24f66457596,human-ai,2.0,2,True,author_1,human,author_2,ai,False,human,"the delicate petals. As soon as her fingers brushed against them, the flower began to glow even brighter, and a soft, melodic voice whispered, “Welcome, Lila"
conv_23ed55f8-cc91-439f-8c8e-e24f66457596,human-ai,3.0,3,True,author_1,human,author_1,human,True,ai,"I am the flower of three wishes. You have discovered me... Now you can have 3 wishes. I will grant your wishes, but only if they..."
conv_23ed55f8-cc91-439f-8c8e-e24f66457596,human-ai,3.0,3,True,author_1,human,author_2,ai,False,human,"are used wisely and for the good of all in Wonderland. What will you wish for?” Lila, surprised but excited, thought hard about the possibilities. She knew that her"
conv_23ed55f8-cc91-439f-8c8e-e24f66457596,human-ai,4.0,4,True,author_1,human,author_1,human,True,ai,"Mother was always bothered by their lack of wealth, and now this was a chance for her to help her and take away her worries. But is that really the best?"
conv_23ed55f8-cc91-439f-8c8e-e24f66457596,human-ai,4.0,4,True,author_1,human,author_2,ai,False,human,"use of such powerful wishes? Lila’s heart ached with the weight of the decision. She looked around at her fairy friends playing in the sunbeams, their laughter"
conv_23ed55f8-cc91-439f-8c8e-e24f66457596,human-ai,5.0,5,True,author_1,human,author_1,human,True,ai,"Reminded her of some children in the community. Sometimes a mysterious illness would appear in Wonderland,"
conv_23ed55f8-cc91-439f-8c8e-e24f66457596,human-ai,5.0,5,True,author_1,human,author_2,ai,False,human,"causing much sorrow and pain. Lila realized that perhaps her first wish could be used to heal all the sick children in Wonderland, ensuring their happiness and health. With a"
conv_23ed55f8-cc91-439f-8c8e-e24f66457596,human-ai,6.0,6,True,author_1,human,author_1,human,True,ai,"Sigh, she opened her mouth. ""Dear flower of three wishes, please have this evil disease be done away with. Please save."""
conv_23ed55f8-cc91-439f-8c8e-e24f66457596,human-ai,6.0,6,True,author_1,human,author_2,ai,False,human,"all the children in Wonderland from suffering."" The flower pulsed with a warm, golden light, and Lila felt a wave of peace wash over her. The air filled with"
conv_23ed55f8-cc91-439f-8c8e-e24f66457596,human-ai,7.0,7,True,author_1,human,author_1,human,True,ai,"A golden powder, making Lila a bit dizzy. It smelled like candy and fruits. Looking at the pieces of powder floating around in the air,"
conv_23ed55f8-cc91-439f-8c8e-e24f66457596,human-ai,7.0,7,True,author_1,human,author_2,ai,False,human,"Lila smiled, knowing that her wish had been granted. The golden dust swirled and formed a gentle breeze, carrying the cure to every corner of Wonderland. Lila"
conv_23ed55f8-cc91-439f-8c8e-e24f66457596,human-ai,8.0,8,True,author_1,human,author_1,human,True,ai,"She was passed out on the grass, dreaming about happy children. When she woke up the next morning, she thought she had a"
conv_23ed55f8-cc91-439f-8c8e-e24f66457596,human-ai,8.0,8,True,author_1,human,author_2,ai,False,human,"wonderful dream, but as she flew back to her village, she saw families celebrating and children laughing without a trace of the illness. Lila’s heart soared, realizing"
conv_23ed55f8-cc91-439f-8c8e-e24f66457596,human-ai,9.0,9,True,author_1,human,author_1,human,True,ai,That she managed to save the youngsters of Wonderland from the evil disease. She was wondering where the flower went. She couldn't see it.
conv_23ed55f8-cc91-439f-8c8e-e24f66457596,human-ai,9.0,9,True,author_1,human,author_2,ai,False,human,"anywhere, but she knew deep in her heart that it had fulfilled its purpose. Lila decided to use her remaining wishes to bring more joy and peace to Wonderland, ensuring"
conv_29031421-8265-472f-b4ce-f147dd80edca,human-ai,1.0,1,True,author_1,human,author_1,human,True,ai,"a young girl who would grow into a very brave hero. It is also the story of losing your home and finding yourself in the ruins. But mostly, it's a"
conv_29031421-8265-472f-b4ce-f147dd80edca,human-ai,1.0,1,True,author_1,human,author_2,ai,False,human,"story about friendship—the kind that survives even when everything else crumbles to dust.

Her name was Mira, and she was seven years old when the"
conv_29031421-8265-472f-b4ce-f147dd80edca,human-ai,2.0,2,True,author_1,human,author_1,human,True,ai,"The new king started his rule. Suddenly, the streets of the capital were filled with wanted posters. Poison dripped from the king's tongue and right into the ears."
conv_29031421-8265-472f-b4ce-f147dd80edca,human-ai,2.0,2,True,author_1,human,author_2,ai,False,human,"of those who listened. ""Traitors walk among us,"" he declared from his gilded balcony. ""The old loyalists plot in shadows. Trust no one"
conv_29031421-8265-472f-b4ce-f147dd80edca,human-ai,3.0,3,True,author_1,human,author_1,human,True,ai,"Mira's older brother listened carefully. He started to change. He would follow Mira's mother everywhere she went. ""I'm just keeping an eye out for her,"" he"
conv_29031421-8265-472f-b4ce-f147dd80edca,human-ai,3.0,3,True,author_1,human,author_2,ai,False,human,"would say, but his eyes had grown cold and watchful in a way that made Mira's stomach twist.

Their mother noticed too. She began burning letters in"
conv_29031421-8265-472f-b4ce-f147dd80edca,human-ai,4.0,4,True,author_1,human,author_1,human,True,ai,"The fireplace. When Mira asked why, she would say it was to save wood for the winter. Mira watched the fire and dreamed of burning as brightly as"
conv_29031421-8265-472f-b4ce-f147dd80edca,human-ai,4.0,4,True,author_1,human,author_2,ai,False,human,"those flames—fierce and untouchable.

One night, Mira woke to urgent whispers. Through the crack in her door, she saw her mother stuff"
conv_29031421-8265-472f-b4ce-f147dd80edca,human-ai,5.0,5,True,author_1,human,author_1,human,True,ai,food into a bag. Mira crept closer to get a better view. A man stood in the door. Mira's mother handed him the bag and shoved him out and into
conv_29031421-8265-472f-b4ce-f147dd80edca,human-ai,5.0,5,True,author_1,human,author_2,ai,False,human,"the dark street. But her brother had seen it too.

""Mother,"" he said quietly from the stairwell, ""who was that man?""

The silence stretche"
conv_29031421-8265-472f-b4ce-f147dd80edca,human-ai,6.0,6,True,author_1,human,author_1,human,True,ai,"Long and wide until it covered the entire house. ""No one,"" her mother stammered, looking awfully pale. Mira's brother left the stairwell and walked."
conv_29031421-8265-472f-b4ce-f147dd80edca,human-ai,6.0,6,True,author_1,human,author_2,ai,False,human,"toward the door, reaching for his coat. ""I should report this,"" he said, not looking at either of them. ""The king rewards those who protect the realm."""
conv_29031421-8265-472f-b4ce-f147dd80edca,human-ai,7.0,7,True,author_1,human,author_1,human,True,ai,"Suddenly Mira's mother moved. She moved with speed and grace, grabbed the shoulder of her son and turned him so they faced each other. ""Don't you dare"""
conv_29031421-8265-472f-b4ce-f147dd80edca,human-ai,7.0,7,True,author_1,human,author_2,ai,False,human,"she hissed, and for the first time Mira saw her mother not as gentle, but as steel. ""That man has a family. Children younger than your"
conv_29031421-8265-472f-b4ce-f147dd80edca,human-ai,8.0,8,True,author_1,human,author_1,human,True,ai,Little sister. Mira tried to be one with the shadows in the kitchen. Her brother scoffed and knocked his mother's hand.
conv_29031421-8265-472f-b4ce-f147dd80edca,human-ai,8.0,8,True,author_1,human,author_2,ai,False,human,"away. ""Traitors' children,"" he spat. ""They're better off without a father who defies the king.""

""When did you become this?"""
conv_29031421-8265-472f-b4ce-f147dd80edca,human-ai,9.0,9,True,author_1,human,author_1,human,True,ai,"Mira heard the confusion, fear and disappointment in her mother's voice. Her brother didn't hear it as he laughed, ""I've always been like this. You were just too..."""
conv_29031421-8265-472f-b4ce-f147dd80edca,human-ai,9.0,9,True,author_1,human,author_2,ai,False,human,"blind to see it. The king showed me the truth—showed us all what strength really means.""

He turned back toward the door, and Mira knew with terrible"
conv_2ce635fa-cb6c-424f-9565-859a944eed92,human-ai,1.0,,False,author_1,human,author_1,human,True,ai,"While not all birds fly, it is a known fact that most do. And while any bird may lose the ability to fly, most don't. But the distinguishing factor"
conv_2ce635fa-cb6c-424f-9565-859a944eed92,human-ai,1.0,,False,author_1,human,author_2,ai,False,human,
conv_2ce635fa-cb6c-424f-9565-859a944eed92,human-ai,2.0,,False,author_1,human,author_1,human,True,ai,"Is the intent of flight, for any one bird does not fly without purpose. While mainly a necessity for the bird, humans have long envied and awed the ability to."
conv_2ce635fa-cb6c-424f-9565-859a944eed92,human-ai,2.0,,False,author_1,human,author_2,ai,False,human,
conv_2ce635fa-cb6c-424f-9565-859a944eed92,human-ai,3.0,1,True,author_1,human,author_1,human,True,ai,"Soar through the air. While often thought of as an act of freedom, the sky is what the water is to a fish. It is not an addition to, but a prerequisite for."
conv_2ce635fa-cb6c-424f-9565-859a944eed92,human-ai,3.0,1,True,author_1,human,author_2,ai,False,human,"survival itself.

Marcus understood this as he watched the starlings wheel above the autumn field. Their murmuration shifted like liquid thought—thousands of bodies moving as one min"
conv_2ce635fa-cb6c-424f-9565-859a944eed92,human-ai,4.0,2,True,author_1,human,author_1,human,True,ai,"d. but such is not the case for any one bird. flightless birds, as they are called, have taken to new ways of survival, be that in water or on"
conv_2ce635fa-cb6c-424f-9565-859a944eed92,human-ai,4.0,2,True,author_1,human,author_2,ai,False,human,"land with such commitment that their wings became vestigial whispers of what once was. The penguin trades air for ocean depths. The ostrich, speed across savanna"
conv_2ce635fa-cb6c-424f-9565-859a944eed92,human-ai,5.0,3,True,author_1,human,author_1,human,True,ai,"These birds are what bats are to mammals: while fundamentally the same general type of creature, they have made a drastic change in the progress of"
conv_2ce635fa-cb6c-424f-9565-859a944eed92,human-ai,5.0,3,True,author_1,human,author_2,ai,False,human,evolution that sets them apart from their kin. Yet Marcus had discovered something that troubled him during his years of ornithological research—a pattern that didn't fit the text
conv_2ce635fa-cb6c-424f-9565-859a944eed92,human-ai,6.0,4,True,author_1,human,author_1,human,True,ai,"But everything has a reasonable explanation. Any creature will, with time, shed any part that does not serve it, both for the birds that first flew and those that left the act."
conv_2ce635fa-cb6c-424f-9565-859a944eed92,human-ai,6.0,4,True,author_1,human,author_2,ai,False,human,"behind, the transformation followed necessity. What Marcus found in the fossil beds of Montana, however, suggested something different—a species that had developed flight, lost it, then reg"
conv_2ce635fa-cb6c-424f-9565-859a944eed92,human-ai,7.0,5,True,author_1,human,author_1,human,True,ai,"gressed into a relic of the past. While humans might envy flight, it is nothing more than an act of levitation, the ability to counter gravity through motoric"
conv_2ce635fa-cb6c-424f-9565-859a944eed92,human-ai,7.0,5,True,author_1,human,author_2,ai,False,human,"force. The bones told a stranger story still—this ancient bird had grown heavier with each generation, its wingspan shrinking while its breast muscles paradoxically strengthened."
conv_2ce635fa-cb6c-424f-9565-859a944eed92,human-ai,8.0,6,True,author_1,human,author_1,human,True,ai,"This ability has equally been stripped by force, as is the case of the flightless breeds of chicken. While humans allowed their breast muscles to grow for the meat, they could no longer"
conv_2ce635fa-cb6c-424f-9565-859a944eed92,human-ai,8.0,6,True,author_1,human,author_2,ai,False,human,"support their own weight in air. Domestication had turned flight into a burden rather than salvation. Marcus traced his finger along the fossilized keel bone, noting how"
conv_2ce635fa-cb6c-424f-9565-859a944eed92,human-ai,9.0,7,True,author_1,human,author_1,human,True,ai,"All birds, like the other groups of animals, all share a base biological structure, modified to the needs of the species. Flight or not, they are all"
conv_2ce635fa-cb6c-424f-9565-859a944eed92,human-ai,9.0,7,True,author_1,human,author_2,ai,False,human,"connected by that ancient blueprint—hollow bones, keen vision, the echo of dinosaurs in their very marrow. What separated his fossil from the chickens was choice versus circumst"
conv_33502e38-922d-4e7d-a252-ab236947c3d2,human-ai,1.0,1,True,author_1,human,author_1,human,True,ai,"Michael. Michael is not only a father - he is also a son, a cousin, a brother, a friend, and a husband. But more so, he"
conv_33502e38-922d-4e7d-a252-ab236947c3d2,human-ai,1.0,1,True,author_1,human,author_2,ai,False,human,"was a man consumed by his own sense of purpose, driven by a passion that had been simmering within him for years. He had a vision, a dream that he had"
conv_33502e38-922d-4e7d-a252-ab236947c3d2,human-ai,2.0,2,True,author_1,human,author_1,human,True,ai,"Pushed to the side all these years, as he was climbing the corporate ladder. As he was caring for his children, and cooking for his"
conv_33502e38-922d-4e7d-a252-ab236947c3d2,human-ai,2.0,2,True,author_1,human,author_2,ai,False,human,"wife, the familiar rhythms of family life had become a comforting distraction from the gentle nagging of his own ambitions. But on quiet nights, when the house was still and the"
conv_33502e38-922d-4e7d-a252-ab236947c3d2,human-ai,3.0,3,True,author_1,human,author_1,human,True,ai,"Neighbours had turned off the lights - Michael returned to this dreamy state. He isolated himself from outer stimuli, and disappeared into"
conv_33502e38-922d-4e7d-a252-ab236947c3d2,human-ai,3.0,3,True,author_1,human,author_2,ai,False,human,"the depths of his own mind, where the memories of his childhood passions and creative pursuits awaited him like old friends. The smell of freshly sharpened pencils, the feel of paint"
conv_33502e38-922d-4e7d-a252-ab236947c3d2,human-ai,4.0,4,True,author_1,human,author_1,human,True,ai,"At the end of the brush, being lathered against the walls. His secret. His secret only. But problems arose the first day."
conv_33502e38-922d-4e7d-a252-ab236947c3d2,human-ai,4.0,4,True,author_1,human,author_2,ai,False,human,"he decided to bring his secret out into the open, as he stumbled upon an old, forgotten easel in the attic, covered in dust and cobwebs, with a canvas"
conv_33502e38-922d-4e7d-a252-ab236947c3d2,human-ai,5.0,5,True,author_1,human,author_1,human,True,ai,Gray from all the dust. He knew that he had to uncover what was underneath. His curiosity was piqued. His interest -
conv_33502e38-922d-4e7d-a252-ab236947c3d2,human-ai,5.0,5,True,author_1,human,author_2,ai,False,human,"piqued, Michael gently began to wipe away the layers of dust, revealing a glimpse of vibrant colors and bold brushstrokes, and as the last of the dust fell"
conv_33502e38-922d-4e7d-a252-ab236947c3d2,human-ai,6.0,6,True,author_1,human,author_1,human,True,ai,"To the floor, Michael realized what he had to do now. His secret could no longer be kept to himself, and he would have"
conv_33502e38-922d-4e7d-a252-ab236947c3d2,human-ai,6.0,6,True,author_1,human,author_2,ai,False,human,"to share it with the one person he had been hiding it from the most - his wife. The thought sent a mix of emotions swirling through his chest, as he imagined her"
conv_33502e38-922d-4e7d-a252-ab236947c3d2,human-ai,7.0,7,True,author_1,human,author_1,human,True,ai,Running her hands over the thin layers of old paint—kept in good condition due to the thick dust. He knew that she would question him—how did he find this?
conv_33502e38-922d-4e7d-a252-ab236947c3d2,human-ai,7.0,7,True,author_1,human,author_2,ai,False,human,"treasure, why he had kept it hidden for so long, and what it meant to him. The questions swirled in his mind like a storm, and he could"
conv_33502e38-922d-4e7d-a252-ab236947c3d2,human-ai,8.0,8,True,author_1,human,author_1,human,True,ai,"He felt his hands getting sweaty. The painting was not just any painting, but you need expertise within the field to know its worth—something Michael had held to."
conv_33502e38-922d-4e7d-a252-ab236947c3d2,human-ai,8.0,8,True,author_1,human,author_2,ai,False,human,"himself for years, a secret that only a select few in the art world would recognize, and as he stood there, frozen in anticipation, he heard the sound of his"
conv_33502e38-922d-4e7d-a252-ab236947c3d2,human-ai,9.0,9,True,author_1,human,author_1,human,True,ai,"Alarm clock going off in the basement. He panicked. Realized that he had to go to work, and that his wife would wake up to the sound going off."
conv_33502e38-922d-4e7d-a252-ab236947c3d2,human-ai,9.0,9,True,author_1,human,author_2,ai,False,human,"off and start her day, oblivious to the revelation that had just shaken Michael's world, and he knew he had to hurry, to get out the door before she saw the"
conv_3b65e0a1-1bf7-4f16-825f-63867d60f8d3,human-ai,1.0,1,True,author_1,human,author_1,human,True,ai,"A whale, a blue whale, with no good friends and no acquaintances with similar interests to its own. Each Sunday, this whale, whom some call Claire, swims all the way to England and back."
conv_3b65e0a1-1bf7-4f16-825f-63867d60f8d3,human-ai,1.0,1,True,author_1,human,author_2,ai,False,human,"to sing opera in the abandoned lighthouse at Land's End. 

She discovered it three years ago during a particularly lonely migration, when the fog was so thick she nearly be"
conv_3b65e0a1-1bf7-4f16-825f-63867d60f8d3,human-ai,2.0,2,True,author_1,human,author_1,human,True,ai,"Came lost in the endless waves and for unmeasurable moments contemplated becoming one with the waves, forever sinking and rising with the moon. Instead, she found soundwaves to"
conv_3b65e0a1-1bf7-4f16-825f-63867d60f8d3,human-ai,2.0,2,True,author_1,human,author_2,ai,False,human,"follow—strange, haunting melodies that drifted through the water like silver threads. They led her to the lighthouse, where an old gramophone sat rusting in"
conv_3b65e0a1-1bf7-4f16-825f-63867d60f8d3,human-ai,3.0,3,True,author_1,human,author_1,human,True,ai,"The sounds produced a new sensation in her flesh, her bones tingling along to the scrapings of the record. She didn't know how, but she changed and climbed onto land, her"
conv_3b65e0a1-1bf7-4f16-825f-63867d60f8d3,human-ai,3.0,3,True,author_1,human,author_2,ai,False,human,"massive body somehow lighter, more fluid, as if the music had rewritten the rules of what she could be. Her flippers found purchase on the rocky shore, and she"
conv_3b65e0a1-1bf7-4f16-825f-63867d60f8d3,human-ai,4.0,4,True,author_1,human,author_1,human,True,ai,"Paused for a moment, feeling the air on her skin, and a calm coolness within. Then, as if drawn to the sound, she walked—no, floated, drifted—towards it."
conv_3b65e0a1-1bf7-4f16-825f-63867d60f8d3,human-ai,4.0,4,True,author_1,human,author_2,ai,False,human,"the lighthouse door, which hung open like an invitation. Inside, dust motes danced in the thin beam of moonlight that pierced the tower's heights. The gram"
conv_3b65e0a1-1bf7-4f16-825f-63867d60f8d3,human-ai,5.0,5,True,author_1,human,author_1,human,True,ai,"Saxophone played sweetly, as the old friend she'd never known. But there, there in the corner sat a creature, much unlike her usual shape. But then again, how unlike her old being wasn't she?"
conv_3b65e0a1-1bf7-4f16-825f-63867d60f8d3,human-ai,5.0,5,True,author_1,human,author_2,ai,False,human,"now? The creature—small, furred, with eyes like polished stones—raised its head and spoke in a voice that resonated with the same frequency as her deep"
conv_3b65e0a1-1bf7-4f16-825f-63867d60f8d3,human-ai,6.0,6,True,author_1,human,author_1,human,True,ai,"longing for company, for reflection, for a sky or heaven able to provide an image of her soul. And so she sang, of nothing in particular, and gentle waves brushed and nurtured the"
conv_3b65e0a1-1bf7-4f16-825f-63867d60f8d3,human-ai,6.0,6,True,author_1,human,author_2,ai,False,human,"rocks below. The creature listened without judgment, its small body swaying to her improvised aria. When she finished, it smiled—or seemed to—and gestured towar"
conv_3b65e0a1-1bf7-4f16-825f-63867d60f8d3,human-ai,7.0,7,True,author_1,human,author_1,human,True,ai,"d towards the stairs leading further up. Claire had never climbed before, knew no ""up"" without a surface to breach, but she trusted this creature, its odd voice and calming stone-grey"
conv_3b65e0a1-1bf7-4f16-825f-63867d60f8d3,human-ai,7.0,7,True,author_1,human,author_2,ai,False,human,"eyes that held no fear of her strangeness. Together they ascended the spiral stairs, Claire's new form adapting with each step, the creature leading with patient,"
conv_3b65e0a1-1bf7-4f16-825f-63867d60f8d3,human-ai,8.0,8,True,author_1,human,author_1,human,True,ai,"Firm steps, as if to teach her how to walk and trust her new nature as well. The ocean was nothing when seen from above, so distant and unlively, so light, and Claire wondered if this"
conv_3b65e0a1-1bf7-4f16-825f-63867d60f8d3,human-ai,8.0,8,True,author_1,human,author_2,ai,False,human,"was how the stars felt each night—watching from such height that even vast waters became merely a mirror, reflecting rather than holding. At the top, the creature gestured to"
conv_3b65e0a1-1bf7-4f16-825f-63867d60f8d3,human-ai,9.0,9,True,author_1,human,author_1,human,True,ai,"Her, but she had no clue what action it called for, what language to employ. She sang, to the creature, the stars, the ocean and her surface so new and strange, now vibrating in harmony."
conv_3b65e0a1-1bf7-4f16-825f-63867d60f8d3,human-ai,9.0,9,True,author_1,human,author_2,ai,False,human,"with everything around her. The lighthouse lens began to glow—not with electric light, but with something older, something that responded to her voice alone. The creature joined her"
conv_3c5b888e-d991-4bce-adad-5584923b75b5,human-ai,1.0,1,True,author_1,human,author_1,human,True,ai,"The dwarf slammed his desk as hard as he could. Though the table was sturdy and had served him for many years, the force of his anger split it in two."
conv_3c5b888e-d991-4bce-adad-5584923b75b5,human-ai,1.0,1,True,author_1,human,author_2,ai,False,human,"two. Papers scattered like autumn leaves, and the inkwell toppled, sending a black river across the floor of his workshop. Tormund Ironbeard stood there"
conv_3c5b888e-d991-4bce-adad-5584923b75b5,human-ai,2.0,2,True,author_1,human,author_1,human,True,ai,"Shaking with anger. ""How could you betray me like this?"" No response. The silence was deafening. Slowly his anger turned to"
conv_3c5b888e-d991-4bce-adad-5584923b75b5,human-ai,2.0,2,True,author_1,human,author_2,ai,False,human,"sorrow, and his clenched fists loosened. The empty workshop seemed to echo with ghosts of laughter that once filled it—his apprentice's l"
conv_3c5b888e-d991-4bce-adad-5584923b75b5,human-ai,3.0,3,True,author_1,human,author_1,human,True,ai,"Silhouette still cast a shadow over the empty chair in the corner, but there was no one there. As Tormund came to his senses, he took a breath and realized that he was"
conv_3c5b888e-d991-4bce-adad-5584923b75b5,human-ai,3.0,3,True,author_1,human,author_2,ai,False,human,"alone. Truly alone for the first time in fifteen years. The shadow, he now saw, was merely a trick of the candlelight playing across the worn leather seat"
conv_3c5b888e-d991-4bce-adad-5584923b75b5,human-ai,4.0,4,True,author_1,human,author_1,human,True,ai,"At the sight of this, a new rage, stronger than anything Midgard had ever seen, woke in his chest. He had finally broken free from the"
conv_3c5b888e-d991-4bce-adad-5584923b75b5,human-ai,4.0,4,True,author_1,human,author_2,ai,False,human,"chains of grief that had bound him since his apprentice's departure. This was no ordinary anger—this was the ancient fury of the mountain folk, the kind that forge"
conv_3c5b888e-d991-4bce-adad-5584923b75b5,human-ai,5.0,5,True,author_1,human,author_1,human,True,ai,The candle had toyed with him for 15 long years. For 15 years he had sat staring at the shadow on the chair thinking it was his apprentice. But now he saw the
conv_3c5b888e-d991-4bce-adad-5584923b75b5,human-ai,5.0,5,True,author_1,human,author_2,ai,False,human,"truth with terrible clarity. His apprentice had left on the very first day, taking the master plans for the Ironforge mechanism. All these years, Tormund ha"
conv_3c5b888e-d991-4bce-adad-5584923b75b5,human-ai,6.0,6,True,author_1,human,author_1,human,True,ai,He had been played for a fool. The great master candle had put him under his spell to gain the power of Ironforge. But now he had awoken. He stood up and walked toward
conv_3c5b888e-d991-4bce-adad-5584923b75b5,human-ai,6.0,6,True,author_1,human,author_2,ai,False,human,"the candle with deliberate steps, his boots crunching on broken wood and scattered parchment. The flame flickered nervously, casting wild shadows across the walls"
conv_3c5b888e-d991-4bce-adad-5584923b75b5,human-ai,7.0,7,True,author_1,human,author_1,human,True,ai,These shadows that only minutes ago would have sent him into a schizoid psychosis now had no effect. Step by step he came close and his shadow behind him grew. He
conv_3c5b888e-d991-4bce-adad-5584923b75b5,human-ai,7.0,7,True,author_1,human,author_2,ai,False,human,"reached out with calloused fingers, steady and sure. The master candle seemed to recoil, its flame bending away from him as if caught in an impossible"
conv_3c5b888e-d991-4bce-adad-5584923b75b5,human-ai,8.0,8,True,author_1,human,author_1,human,True,ai,turbulence bending it away from his hand like a cat that doesn't want to be petted. Cats had never liked Tormund
conv_3c5b888e-d991-4bce-adad-5584923b75b5,human-ai,8.0,8,True,author_1,human,author_2,ai,False,human,"and neither, it seemed, did enchanted flames. But Tormund was done being manipulated. With one swift motion, he grasped the candle by its"
conv_3c5b888e-d991-4bce-adad-5584923b75b5,human-ai,9.0,9,True,author_1,human,author_1,human,True,ai,tiny neck. He bent forward and blew at the flame like the wolf did at the three pigs' houses. Tormund liked pigs. The flame went out and the room turned
conv_3c5b888e-d991-4bce-adad-5584923b75b5,human-ai,9.0,9,True,author_1,human,author_2,ai,False,human,"pitch black. For a moment, there was only silence and darkness. Then, slowly, a new light began to grow—not from any candle, but from the"
conv_41180468-5036-4f69-af66-b7465bcb7316,human-ai,1.0,1,True,author_1,human,author_1,human,True,ai,"The fairy Michelle is one of the few left who can fly. Her wings were too rare to clip, and she was trained to use her wings to assist."
conv_41180468-5036-4f69-af66-b7465bcb7316,human-ai,1.0,1,True,author_1,human,author_2,ai,False,human,the human settlements in the
conv_41180468-5036-4f69-af66-b7465bcb7316,human-ai,2.0,2,True,author_1,human,author_1,human,True,ai,"scavenging department. Because of this, she is allowed to leave the base where the fairies live and venture out into"
conv_41180468-5036-4f69-af66-b7465bcb7316,human-ai,2.0,2,True,author_1,human,author_2,ai,False,human,"the Wastes—those crumbling expanses where towers of glass and steel lean against each other like dying giants. 

Michelle had learned the routes by heart:"
conv_41180468-5036-4f69-af66-b7465bcb7316,human-ai,3.0,3,True,author_1,human,author_1,human,True,ai,From the base she flies past a large lake surrounded by ancient oak trees. From here she has to navigate the broken city and find
conv_41180468-5036-4f69-af66-b7465bcb7316,human-ai,3.0,3,True,author_1,human,author_2,ai,False,human,"supplies the ground crews cannot reach—medical kits sealed in pharmacies thirty floors up, solar batteries from rooftop installations, sometimes even books from the upper floors of collapsed"
conv_41180468-5036-4f69-af66-b7465bcb7316,human-ai,4.0,4,True,author_1,human,author_1,human,True,ai,"Libraries. They use books and supplies to create magic spells for restoring the world after it was broken by humans. Luckily, they"
conv_41180468-5036-4f69-af66-b7465bcb7316,human-ai,4.0,4,True,author_1,human,author_2,ai,False,human,"had discovered that certain pre-Breaking texts—technical manuals, chemistry textbooks, even poetry collections—contained the linguistic keys to reconstruction magic. The words themselves held power when"
conv_41180468-5036-4f69-af66-b7465bcb7316,human-ai,5.0,5,True,author_1,human,author_1,human,True,ai,Used correctly. Michelle is working in the repopulation department where she helps animals find herds. It is tedious work.
conv_41180468-5036-4f69-af66-b7465bcb7316,human-ai,5.0,5,True,author_1,human,author_2,ai,False,human,"but essential. She scouts from above, tracking the movements of scattered deer, guiding lost wolf pups back to their packs, noting where the wild horses gather near water"
conv_41180468-5036-4f69-af66-b7465bcb7316,human-ai,6.0,6,True,author_1,human,author_1,human,True,ai,"She is able to use fairy dust to airlift most animals, but sea animals are the really tricky part. For those, she has"
conv_41180468-5036-4f69-af66-b7465bcb7316,human-ai,6.0,6,True,author_1,human,author_2,ai,False,human,to work with the water-speakers—fairies who gave up flight long ago to develop gills and webbed fingers. They meet her at the shoreline of the great
conv_41180468-5036-4f69-af66-b7465bcb7316,human-ai,7.0,7,True,author_1,human,author_1,human,True,ai,"Ocean. From here, they work together to move fish, whales, and shellfish. They have to work together to create water bubbles to transport."
conv_41180468-5036-4f69-af66-b7465bcb7316,human-ai,7.0,7,True,author_1,human,author_2,ai,False,human,"the creatures safely across land when necessary—shimmering spheres of enchanted seawater that float beside Michelle as she flies, guided by the water-speakers' songs"
conv_41180468-5036-4f69-af66-b7465bcb7316,human-ai,8.0,8,True,author_1,human,author_1,human,True,ai,Some of these jobs take several days. During the night she has to hide from the giant ancient dogs that were created to
conv_41180468-5036-4f69-af66-b7465bcb7316,human-ai,8.0,8,True,author_1,human,author_2,ai,False,human,"hunt fairies during the Breaking—massive hounds with eyes that glow red in the darkness, their breath hot enough to singe wings. They still roam the"
conv_41180468-5036-4f69-af66-b7465bcb7316,human-ai,9.0,9,True,author_1,human,author_1,human,True,ai,"Lands where Michelle lives, and they smell fairy-dust from miles away. The water-fairies can hide by encasing themselves in water and thereby"
conv_41180468-5036-4f69-af66-b7465bcb7316,human-ai,9.0,9,True,author_1,human,author_2,ai,False,human,"masking their scent, but Michelle must find hollow trees or abandoned vehicles, folding her wings tight and sprinkling counter-dust—a bitter mixture that confuses"
conv_412eb7ca-cafa-4e38-8b2d-0a40272af090,human-ai,1.0,,False,author_1,human,author_1,human,True,ai,Mia the magnificent magician born and raised in a circustruck in Amsterdam. The circus travels all over the world and Mia has therefore got to know a
conv_412eb7ca-cafa-4e38-8b2d-0a40272af090,human-ai,1.0,,False,author_1,human,author_2,ai,False,human,
conv_412eb7ca-cafa-4e38-8b2d-0a40272af090,human-ai,2.0,1,True,author_1,human,author_1,human,True,ai,A lot of different kinds of people. Some more friendly than others. She has also learned a lot about the cultures and traditions of the different kinds of people.
conv_412eb7ca-cafa-4e38-8b2d-0a40272af090,human-ai,2.0,1,True,author_1,human,author_2,ai,False,human,"The canvas walls of her family's caravan still smelled faintly of greasepaint and sawdust, even after all these years. Mia ha"
conv_412eb7ca-cafa-4e38-8b2d-0a40272af090,human-ai,3.0,2,True,author_1,human,author_1,human,True,ai,"She had to have this smell in her nostrils to feel truly at home. She didn't have much growing up, but the things she had"
conv_412eb7ca-cafa-4e38-8b2d-0a40272af090,human-ai,3.0,2,True,author_1,human,author_2,ai,False,human,"were precious beyond measure—her grandmother's silk scarves that shimmered with impossible colors, a deck of cards so worn the edges felt like velvet, and most importantly"
conv_412eb7ca-cafa-4e38-8b2d-0a40272af090,human-ai,4.0,3,True,author_1,human,author_1,human,True,ai,"The glass orb she got when her mother died from cancer. A thing Mia still struggled to talk about, even"
conv_412eb7ca-cafa-4e38-8b2d-0a40272af090,human-ai,4.0,3,True,author_1,human,author_2,ai,False,human,"though five years had passed. The orb sat on a small velvet cushion beside her bunk, catching light in ways that defied physics—sometimes swirling"
conv_412eb7ca-cafa-4e38-8b2d-0a40272af090,human-ai,5.0,4,True,author_1,human,author_1,human,True,ai,"Sometimes glistening with more than twenty colours at once, truly a magnificent thing that orb. Pretty unreal."
conv_412eb7ca-cafa-4e38-8b2d-0a40272af090,human-ai,5.0,4,True,author_1,human,author_2,ai,False,human,"actually, but Mia knew better than most that the line between illusion and reality was thinner than audiences believed.

Tonight's performance in Prague would be special."
conv_412eb7ca-cafa-4e38-8b2d-0a40272af090,human-ai,6.0,5,True,author_1,human,author_1,human,True,ai,"Five newcomers had joined the troupe since the last performance, and all of the audience were excited to get to know them."
conv_412eb7ca-cafa-4e38-8b2d-0a40272af090,human-ai,6.0,5,True,author_1,human,author_2,ai,False,human,"the fresh acts. There was Elena, a contortionist from Romania who could fold herself into a box no bigger than a hatbox. Then came the Tanaka brothers"
conv_412eb7ca-cafa-4e38-8b2d-0a40272af090,human-ai,7.0,6,True,author_1,human,author_1,human,True,ai,"With their acrobatic stunts with fire and venomous snakes, they were never afraid of anything, and had never been according to."
conv_412eb7ca-cafa-4e38-8b2d-0a40272af090,human-ai,7.0,6,True,author_1,human,author_2,ai,False,human,"their father, who had trained them since they could walk. The third newcomer was Omar, a juggler from Morocco whose hands moved so quickly they seemed to multiply. Fourth"
conv_412eb7ca-cafa-4e38-8b2d-0a40272af090,human-ai,8.0,7,True,author_1,human,author_1,human,True,ai,"Where the former ballet dancer Natasja. Now she danced on the line up in the ceiling of the tent instead, a truly dangerous [feat]."
conv_412eb7ca-cafa-4e38-8b2d-0a40272af090,human-ai,8.0,7,True,author_1,human,author_2,ai,False,human,"act that left spectators breathless and clutching their seats. And finally, there was someone Mia hadn't quite figured out yet—a quiet man named Vincent who"
conv_412eb7ca-cafa-4e38-8b2d-0a40272af090,human-ai,9.0,8,True,author_1,human,author_1,human,True,ai,"acted a bit strange. Mia knew many people from her journeys with the circus, but no one like him. He was odd in a way Mia"
conv_412eb7ca-cafa-4e38-8b2d-0a40272af090,human-ai,9.0,8,True,author_1,human,author_2,ai,False,human,"couldn't articulate. He claimed to be a mentalist, reading thoughts and predicting futures, but there was something in his eyes when he looked at her glass orb"
conv_491b62e9-789d-4b72-b887-557f2ccffc18,human-ai,1.0,1,True,author_1,human,author_1,human,True,ai,":

In the middle of the night, something weird seemed to be going on, judging by the sound coming from the neighbor's apartment. It was not possible to pin down what made it."
conv_491b62e9-789d-4b72-b887-557f2ccffc18,human-ai,1.0,1,True,author_1,human,author_2,ai,False,human,"but it sounded like a mix of whispering, footsteps, and faint scratching, all blending together in a way that sent shivers down the spine. The darkness outside seemed to"
conv_491b62e9-789d-4b72-b887-557f2ccffc18,human-ai,2.0,2,True,author_1,human,author_1,human,True,ai,"become denser, the shadows outside appearing as if moving according to some will of their own and no longer just moved by"
conv_491b62e9-789d-4b72-b887-557f2ccffc18,human-ai,2.0,2,True,author_1,human,author_2,ai,False,human,"the gentle breeze that usually rustled through the leaves of the trees. The air was heavy with an eerie silence, as if the night itself was holding its breath, waiting for"
conv_491b62e9-789d-4b72-b887-557f2ccffc18,human-ai,3.0,3,True,author_1,human,author_1,human,True,ai,"Something. Something to determine whether the sounds from the neighbor were no more than the usual moving about, or worse, that something on the other side of that wall was."
conv_491b62e9-789d-4b72-b887-557f2ccffc18,human-ai,3.0,3,True,author_1,human,author_2,ai,False,human,"stirring, awakening, or even watching, its presence seeping through the thin barrier that separated the two apartments, making the hairs on the back of the listener's neck"
conv_491b62e9-789d-4b72-b887-557f2ccffc18,human-ai,4.0,4,True,author_1,human,author_1,human,True,ai,"Should action be taken, or would everything return to normal if the listener just went back to sleep and forgot what?"
conv_491b62e9-789d-4b72-b887-557f2ccffc18,human-ai,4.0,4,True,author_1,human,author_2,ai,False,human,"had just transpired, pretending it was all just a product of a restless mind and a vivid imagination. But as the listener lay there, frozen in indecision, the sounds"
conv_491b62e9-789d-4b72-b887-557f2ccffc18,human-ai,5.0,5,True,author_1,human,author_1,human,True,ai,Seemed to change in character. Just the slightest. Enough to feel it without being able to point out quite what had changed. But something had.
conv_491b62e9-789d-4b72-b887-557f2ccffc18,human-ai,5.0,5,True,author_1,human,author_2,ai,False,human,"shifted, like a subtle alteration in the rhythm of the sounds, and it was this almost imperceptible difference that made the listener's heart beat faster, as if some"
conv_491b62e9-789d-4b72-b887-557f2ccffc18,human-ai,6.0,6,True,author_1,human,author_1,human,True,ai,"A struggle was taking place. The listener turns in their bed and tries to disregard the sounds, but that seems less and less like a possibility, so the listener"
conv_491b62e9-789d-4b72-b887-557f2ccffc18,human-ai,6.0,6,True,author_1,human,author_2,ai,False,human,"throws off the covers and gets out of bed, padding softly over to the wall that separates their apartment from the neighbor's, pressing an ear against the cool surface to listen more"
conv_491b62e9-789d-4b72-b887-557f2ccffc18,human-ai,7.0,7,True,author_1,human,author_1,human,True,ai,"closely. Very quickly the sound stops, as if the maker of the sound is aware of a listener in the neighboring room. The atmosphere now changes from puzzling to straight"
conv_491b62e9-789d-4b72-b887-557f2ccffc18,human-ai,7.0,7,True,author_1,human,author_2,ai,False,human,"out frightening, the sudden silence more unsettling than the strange noises had been, and the listener feels a presence on the other side of the wall, waiting, listening, its attention"
conv_491b62e9-789d-4b72-b887-557f2ccffc18,human-ai,8.0,8,True,author_1,human,author_1,human,True,ai,"Fixed on the listener. The listener backs away from the wall, each fixed on the spot where the sound seemed to have come from on the"
conv_491b62e9-789d-4b72-b887-557f2ccffc18,human-ai,8.0,8,True,author_1,human,author_2,ai,False,human,"other side, the tension between them palpable, even through the barrier of the wall. The listener's breath catches in their throat as they slowly back away, their eyes fixed"
conv_491b62e9-789d-4b72-b887-557f2ccffc18,human-ai,9.0,9,True,author_1,human,author_1,human,True,ai,"On the wall. Three meters away the listener stops to listen. Everything is quiet, but the air is filled with suspense. Very quietly the sound appears to"
conv_491b62e9-789d-4b72-b887-557f2ccffc18,human-ai,9.0,9,True,author_1,human,author_2,ai,False,human,"be coming from the wall again, a low, deliberate scratching, like fingernails on plaster, and it's moving, slowly, steadily, as if whatever is making the"
conv_4d1bd73a-bbc9-4e37-8ba0-3cdd7adbc66a,human-ai,1.0,1,True,author_1,human,author_1,human,True,ai,a young bubble dragon that has a passionate relationship with his kitchen utensils. The young bubble dragon's name is Mr. Big.
conv_4d1bd73a-bbc9-4e37-8ba0-3cdd7adbc66a,human-ai,1.0,1,True,author_1,human,author_2,ai,False,human,"Mr. Big lived in a cozy cave near the edge of the Whimsical Woods, where the air was always filled with the scent of freshly baked treats and the sound of"
conv_4d1bd73a-bbc9-4e37-8ba0-3cdd7adbc66a,human-ai,2.0,2,True,author_1,human,author_1,human,True,ai,Angry lawn mowers. Mr. Big Dingleberry has stolen the treats from the lawn mower queen; the treats are like religion to the lawn.
conv_4d1bd73a-bbc9-4e37-8ba0-3cdd7adbc66a,human-ai,2.0,2,True,author_1,human,author_2,ai,False,human,"movers, and without them, the entire rhythm of the Whimsical Woods would be thrown into chaos. The lawn movers, a quirky and temperamental bunch, relied on"
conv_4d1bd73a-bbc9-4e37-8ba0-3cdd7adbc66a,human-ai,3.0,3,True,author_1,human,author_1,human,True,ai,"The power of freshly baked treats to fuel their hunger for playing Y8 ild og vand, which is only allowed to be played by the lawn mower."
conv_4d1bd73a-bbc9-4e37-8ba0-3cdd7adbc66a,human-ai,3.0,3,True,author_1,human,author_2,ai,False,human,"queen’s subjects. Without the treats, they were restless and irritable, and the queen was furious. She summoned her best detective, a cunning fox named Finn, to track"
conv_4d1bd73a-bbc9-4e37-8ba0-3cdd7adbc66a,human-ai,4.0,4,True,author_1,human,author_1,human,True,ai,Down with the thief Mr. Big Dingleberry. Finn the detective knew that Mr. Big was known as the best thief on this side of the
conv_4d1bd73a-bbc9-4e37-8ba0-3cdd7adbc66a,human-ai,4.0,4,True,author_1,human,author_2,ai,False,human,"Whimsical Woods, and he was determined to catch him red-handed. Armed with his trusty magnifying glass and a keen sense of smell, Finn set off towards Mr"
conv_4d1bd73a-bbc9-4e37-8ba0-3cdd7adbc66a,human-ai,5.0,5,True,author_1,human,author_1,human,True,ai,"Gathered a team of the best soldiers of the Queen to get the freshly baked treats back. And now Finn and lawn mower soldiers are surrounded, Mr. Big Dingleberry."
conv_4d1bd73a-bbc9-4e37-8ba0-3cdd7adbc66a,human-ai,5.0,5,True,author_1,human,author_2,ai,False,human,"cave. Mr. Big, realizing the gravity of the situation, nervously fluttered his wings, considering his next move. Inside the cave, the air was thick with"
conv_4d1bd73a-bbc9-4e37-8ba0-3cdd7adbc66a,human-ai,6.0,6,True,author_1,human,author_1,human,True,ai,"Like the Queen herself. Mr. Big tried to fly away but did not have the strength, but then he got an idea: to eat one of the super."
conv_4d1bd73a-bbc9-4e37-8ba0-3cdd7adbc66a,human-ai,6.0,6,True,author_1,human,author_2,ai,False,human,"treats he had stolen, hoping it would give him the energy to face the crowd outside. As he took a bite, a burst of bubbly energy filled him,"
conv_4d1bd73a-bbc9-4e37-8ba0-3cdd7adbc66a,human-ai,7.0,7,True,author_1,human,author_1,human,True,ai,"Then the bubbly energy blasted a big wave of energy towards the soldiers; the soldiers were scared and in shock, ready to leave Detective Finn."
conv_4d1bd73a-bbc9-4e37-8ba0-3cdd7adbc66a,human-ai,7.0,7,True,author_1,human,author_2,ai,False,human,"stood his ground, trying to maintain his composure. The lawn mover soldiers, however, were not so brave. They retreated in disarray, leaving Finn alone to face Mr"
conv_4d1bd73a-bbc9-4e37-8ba0-3cdd7adbc66a,human-ai,8.0,8,True,author_1,human,author_1,human,True,ai,"Big. THE FINAL BATTLE has begun. Finn had an ace up his sleeve, a secret so deep even the QUEEN didn't know about it. Finn was the CREATOR of the freshly baked"
conv_4d1bd73a-bbc9-4e37-8ba0-3cdd7adbc66a,human-ai,8.0,8,True,author_1,human,author_2,ai,False,human,"treats that Mr. Big had stolen. With a deep breath, Finn revealed his secret, explaining that he had made the treats with a special ingredient meant to bring peace"
conv_4d1bd73a-bbc9-4e37-8ba0-3cdd7adbc66a,human-ai,9.0,9,True,author_1,human,author_1,human,True,ai,"A side effect of the treats was a love and peace spell; suddenly, Mr. Big felt something within, a feeling he had felt."
conv_4d1bd73a-bbc9-4e37-8ba0-3cdd7adbc66a,human-ai,9.0,9,True,author_1,human,author_2,ai,False,human,"strange yet warm. His competitive spirit faded, and he realized the error of his ways. Lowering his guard, Mr. Big approached Finn, apologizing sincerely for his"
conv_5b956e03-a900-47aa-88a9-54cb6be40071,human-ai,1.0,1,True,author_1,human,author_1,human,True,ai,"Silly Billy, the most goofy boy in the town of Philly. The land of Chili had been ruled by Willi until this winter, when the evil salesman Goda had conspired against."
conv_5b956e03-a900-47aa-88a9-54cb6be40071,human-ai,1.0,1,True,author_1,human,author_2,ai,False,human,"the kind-hearted Willi, using his cunning tricks and deceitful smile to manipulate the townspeople into believing that Willi was no longer fit to rule. Gohda's dark magic"
conv_5b956e03-a900-47aa-88a9-54cb6be40071,human-ai,2.0,2,True,author_1,human,author_1,human,True,ai,"consisted of ""The Script"", a permanent smirk (Gohda had an operation) and a coffee-heavy breath that could kill a regular-sized dog or a very irregular-sized one."
conv_5b956e03-a900-47aa-88a9-54cb6be40071,human-ai,2.0,2,True,author_1,human,author_2,ai,False,human,"cat, which made the townspeople quiver with fear whenever Gohda spoke, his voice dripping with an otherworldly charm that seemed to weave a spell of obedience around"
conv_5b956e03-a900-47aa-88a9-54cb6be40071,human-ai,3.0,3,True,author_1,human,author_1,human,True,ai,"... Gosh, just thinking about his last pitch in the Town of Philly! He convinced butcher Jimmy to sell a string of sausages for a penny. Fortunately, Silly Billy was so extremely silly."
conv_5b956e03-a900-47aa-88a9-54cb6be40071,human-ai,3.0,3,True,author_1,human,author_2,ai,False,human,"that he accidentally stumbled into the butcher shop, knocking over a display of freshly baked buns, causing a massive bread-ball to roll out into the street, distracting everyone, including"
conv_5b956e03-a900-47aa-88a9-54cb6be40071,human-ai,4.0,4,True,author_1,human,author_1,human,True,ai,"Godha, who in his rage shorted mortgages of residents in Philly before increasing all loan interest by a trillion percentages, thus creating an economic crisis in."
conv_5b956e03-a900-47aa-88a9-54cb6be40071,human-ai,4.0,4,True,author_1,human,author_2,ai,False,human,"the once thriving town, where people like Mrs. Whiskers, the owner of the local cat café, and Mr. Jenkins, the town's oldest resident, found themselves"
conv_5b956e03-a900-47aa-88a9-54cb6be40071,human-ai,5.0,5,True,author_1,human,author_1,human,True,ai,"Without homes within the week. Silly Billy on the other hand was so silly he could not be bothered with mortgages, shorts, interest, loans and that kind. Mrs. Whisker was funny."
conv_5b956e03-a900-47aa-88a9-54cb6be40071,human-ai,5.0,5,True,author_1,human,author_2,ai,False,human,"and decided to join forces with Silly Billy, using her quick wit and his carefree nature to devise a plan to outsmart Gohda and bring prosperity back to the"
conv_5b956e03-a900-47aa-88a9-54cb6be40071,human-ai,6.0,6,True,author_1,human,author_1,human,True,ai,"Unfortunately, Mrs. Whiskers fittingly had the figure of an irregular-sized cat and would perish to Gohda's coffee breath stench. Silly Billy alone would have to claim the throne of"
conv_5b956e03-a900-47aa-88a9-54cb6be40071,human-ai,6.0,6,True,author_1,human,author_2,ai,False,human,"Chili, a task that seemed daunting even for someone as silly as Billy, but he was determined to save his town and its people from Gohda's evil grasp,"
conv_5b956e03-a900-47aa-88a9-54cb6be40071,human-ai,7.0,7,True,author_1,human,author_1,human,True,ai,"So Silly Billy simply said to the people of Philly, that he could rule Chile better than Goda. Then said Jimmy, that Silly Billy was being silly thinking a Philly could rule Chile."
conv_5b956e03-a900-47aa-88a9-54cb6be40071,human-ai,7.0,7,True,author_1,human,author_2,ai,False,human,"But Silly Billy, not one to be deterred, pointed out that he was indeed a native of Philli, and that his silly nature could bring a fresh and much"
conv_5b956e03-a900-47aa-88a9-54cb6be40071,human-ai,8.0,8,True,author_1,human,author_1,human,True,ai,"More geese-raids to the land. Oh well, it was at this time the author regretted the name of Godha. Nothing rhymes with it. But perhaps that is why he was"
conv_5b956e03-a900-47aa-88a9-54cb6be40071,human-ai,8.0,8,True,author_1,human,author_2,ai,False,human,"able to cast a spell of gloom over the land, a darkness that seemed to seep into the very marrow of the people's bones, and Silly Billy's silly"
conv_5b956e03-a900-47aa-88a9-54cb6be40071,human-ai,9.0,9,True,author_1,human,author_1,human,True,ai,"With charmed Jimmy to rally the people of Philly to storm the gates of Willy, capital of Chile. At the gates stood Godha reading aloud ""The"
conv_5b956e03-a900-47aa-88a9-54cb6be40071,human-ai,9.0,9,True,author_1,human,author_2,ai,False,human,"Script"" in a voice that sent shivers down the spines of even the bravest warriors, but Silly Billy, undaunted, charged forward, his silly antics"
conv_5e234f25-eb78-4ec3-8113-c66645149ddc,human-ai,1.0,1,True,author_1,human,author_1,human,True,ai,a young man who lived in a forest. It was a great forest with lots of different trees and plants. It was early spring and the birds
conv_5e234f25-eb78-4ec3-8113-c66645149ddc,human-ai,1.0,1,True,author_1,human,author_2,ai,False,human,"were returning from their winter migration, filling the canopy with song. The young man's name was Theo, and he had built his cabin near a clear stream that woun"
conv_5e234f25-eb78-4ec3-8113-c66645149ddc,human-ai,2.0,2,True,author_1,human,author_1,human,True,ai,"Deep throughout the grand forest, the cabin was built from wood which Theo had cut with his own hands. It had taken many years, but Theo had all the time in the world."
conv_5e234f25-eb78-4ec3-8113-c66645149ddc,human-ai,2.0,2,True,author_1,human,author_2,ai,False,human,"the world. He had no family waiting for him elsewhere, no job calling him back to civilization. The forest was his home, his teacher, his companion.

Each morning"
conv_5e234f25-eb78-4ec3-8113-c66645149ddc,human-ai,3.0,3,True,author_1,human,author_1,human,True,ai,"He would spend his day by searching for berries, checking the traps he had set the day before and gathering water from the stream. The day slowly moved on."
conv_5e234f25-eb78-4ec3-8113-c66645149ddc,human-ai,3.0,3,True,author_1,human,author_2,ai,False,human,"and the afternoon sun climbed higher, warming the forest floor. Theo settled on a flat rock by the stream, watching minnows dart between the stones. He ha"
conv_5e234f25-eb78-4ec3-8113-c66645149ddc,human-ai,4.0,4,True,author_1,human,author_1,human,True,ai,"He had a feeling that he was being watched. Someone or something was watching him, but he wasn't sure where they were or for how long they had kept an eye on him."
conv_5e234f25-eb78-4ec3-8113-c66645149ddc,human-ai,4.0,4,True,author_1,human,author_2,ai,False,human,"on him. The birds had gone suddenly quiet, which never meant anything good. Theo remained still, his breathing slow and steady, letting his peripheral vision scan the treeline"
conv_5e234f25-eb78-4ec3-8113-c66645149ddc,human-ai,5.0,5,True,author_1,human,author_1,human,True,ai,"He didn't want the perpetrator to know that he knew he was being watched, so he acted as if everything was normal, but meanwhile he"
conv_5e234f25-eb78-4ec3-8113-c66645149ddc,human-ai,5.0,5,True,author_1,human,author_2,ai,False,human,slowly reached for the knife he always kept at his belt. His fingers brushed the worn leather handle as he pretended to stretch. Then he saw it—a flash of
conv_5e234f25-eb78-4ec3-8113-c66645149ddc,human-ai,6.0,6,True,author_1,human,author_1,human,True,ai,"Movement in the bush next to him. Theo, without fear, quickly jumped in the bush trying to grab whatever was lying in there. He felt"
conv_5e234f25-eb78-4ec3-8113-c66645149ddc,human-ai,6.0,6,True,author_1,human,author_2,ai,False,human,"fur—soft and warm—and heard a small yelp of surprise. He pulled back the branches carefully, and there, trembling beneath his hand, was a young"
conv_5e234f25-eb78-4ec3-8113-c66645149ddc,human-ai,7.0,7,True,author_1,human,author_1,human,True,ai,A boy. No more than six or seven years old. The boy had blond hair and worn-out clothes. His face was dirty and his hands.
conv_5e234f25-eb78-4ec3-8113-c66645149ddc,human-ai,7.0,7,True,author_1,human,author_2,ai,False,human,"were scratched from thorns. He stared up at Theo with wide, terrified eyes, but didn't cry out or try to run.

""It's"
conv_5e234f25-eb78-4ec3-8113-c66645149ddc,human-ai,8.0,8,True,author_1,human,author_1,human,True,ai,"True. They are coming for you. You have to get out. Soon."" The boy with the fur coat quickly ran and Theo had no way of keeping up with him. The boy knew his way around."
conv_5e234f25-eb78-4ec3-8113-c66645149ddc,human-ai,8.0,8,True,author_1,human,author_2,ai,False,human,"the forest better than Theo had imagined possible. Within seconds, he'd vanished between the trees like smoke.

Theo stood frozen, his heart pounding."
conv_5e234f25-eb78-4ec3-8113-c66645149ddc,human-ai,9.0,9,True,author_1,human,author_1,human,True,ai,"Who were they? Why would they come for him? Since his disappearance in the forest he hadn't given the outside world any thought at all, but all of a sudden it all..."
conv_5e234f25-eb78-4ec3-8113-c66645149ddc,human-ai,9.0,9,True,author_1,human,author_2,ai,False,human,"came rushing back—memories he'd buried beneath years of solitude. The reason he'd fled to the forest in the first place. The people he'd angered, the"
conv_5f17f002-84ad-4315-8c69-20ec83de1223,human-ai,1.0,1,True,author_1,human,author_1,human,True,ai,"two princesses living far, far away behind seven seas and seven mountains in their beautiful kingdom. They live in a kingdom of fun and whimsy and"
conv_5f17f002-84ad-4315-8c69-20ec83de1223,human-ai,1.0,1,True,author_1,human,author_2,ai,False,human,"magic, where flowers bloom in every color of the rainbow and animals talk and laugh with the princesses. The elder princess, Sophia, had hair as golden as the sun and"
conv_5f17f002-84ad-4315-8c69-20ec83de1223,human-ai,2.0,2,True,author_1,human,author_1,human,True,ai,"Eyes as blue as the seven seas. The younger princess, Lauren, was the opposite, with thick dark brown hair."
conv_5f17f002-84ad-4315-8c69-20ec83de1223,human-ai,2.0,2,True,author_1,human,author_2,ai,False,human,"and eyes that sparkled like the stars on a clear night, but shared the same bright blue hue as her sister's, a trait that was said to be a mark of"
conv_5f17f002-84ad-4315-8c69-20ec83de1223,human-ai,3.0,3,True,author_1,human,author_1,human,True,ai,Their unity and to represent the light and hope that was so inherent to the kingdom's community. People admired the two princesses and held
conv_5f17f002-84ad-4315-8c69-20ec83de1223,human-ai,3.0,3,True,author_1,human,author_2,ai,False,human,"them in high esteem, not just for their royal lineage, but for their kind hearts and gentle spirits, which had earned them the love and respect of all the kingdom's inhabitants"
conv_5f17f002-84ad-4315-8c69-20ec83de1223,human-ai,4.0,4,True,author_1,human,author_1,human,True,ai,"The two princesses, despite their royal origin, felt very one with the villagers. They spent their time walking around town, buying bread from local kiosks, and reading books."
conv_5f17f002-84ad-4315-8c69-20ec83de1223,human-ai,4.0,4,True,author_1,human,author_2,ai,False,human,"in the town's quaint little library, where the librarian, an old wise woman named Mrs. Jenkins, would often set aside special volumes for them, filled with tales of ancient"
conv_5f17f002-84ad-4315-8c69-20ec83de1223,human-ai,5.0,5,True,author_1,human,author_1,human,True,ai,"Mrs. Jenkins was an important member of the royal family. Although not related by blood, the king and queen had been very close with her for"
conv_5f17f002-84ad-4315-8c69-20ec83de1223,human-ai,5.0,5,True,author_1,human,author_2,ai,False,human,"many years, and she had been a constant presence in the lives of the two princesses, serving as a mentor, a confidante, and a guardian of sorts,"
conv_5f17f002-84ad-4315-8c69-20ec83de1223,human-ai,6.0,6,True,author_1,human,author_1,human,True,ai,"From their early childhood, the princesses used to run up to Mrs. Jenkins, Tina as everyone called her, and listen to her."
conv_5f17f002-84ad-4315-8c69-20ec83de1223,human-ai,6.0,6,True,author_1,human,author_2,ai,False,human,"stories of far-off lands, mythical creatures, and magical realms, which she would recount with a twinkle in her eye and a warm smile, transporting the young girls to worlds"
conv_5f17f002-84ad-4315-8c69-20ec83de1223,human-ai,7.0,7,True,author_1,human,author_1,human,True,ai,"One day, when the family expected Tina to come over, the cook even having baked fresh buns for lunch, no knock was heard on the door, not a sound of steps on the porch."
conv_5f17f002-84ad-4315-8c69-20ec83de1223,human-ai,7.0,7,True,author_1,human,author_2,ai,False,human,"path leading up to the castle, and a sense of unease began to settle over the kingdom, as if the very absence of Tina's gentle presence had disturbed the balance of"
conv_5f17f002-84ad-4315-8c69-20ec83de1223,human-ai,8.0,8,True,author_1,human,author_1,human,True,ai,"The unity. Everything went quiet – birds weren't singing, wind wasn't blowing, dark clouds appeared out of nowhere. The family sat in a room quietly, not a word or whisper."
conv_5f17f002-84ad-4315-8c69-20ec83de1223,human-ai,8.0,8,True,author_1,human,author_2,ai,False,human,"was spoken, as if they were all holding their breath, waiting for some sign or signal that would explain Tina's mysterious absence, and it was then that Sophia, the elder"
conv_5f17f002-84ad-4315-8c69-20ec83de1223,human-ai,9.0,9,True,author_1,human,author_1,human,True,ai,"Daughter started mumbling. Everyone was confused; no one could understand her. Suddenly, her eyes opened wide, her pupils disappeared, and only the white was to be seen."
conv_5f17f002-84ad-4315-8c69-20ec83de1223,human-ai,9.0,9,True,author_1,human,author_2,ai,False,human,"and she spoke in a voice that was not her own, a low, eerie tone that sent shivers down the spines of all who heard it, saying only two words"
conv_62a271e6-a272-4e74-9d10-2dc0c15c530f,human-ai,1.0,1,True,author_1,human,author_1,human,True,ai,She could almost smell the burnt hair when she thought of that Christmas Eve. The panicked room and the atmosphere that had shifted with
conv_62a271e6-a272-4e74-9d10-2dc0c15c530f,human-ai,1.0,1,True,author_1,human,author_2,ai,False,human,the sudden
conv_62a271e6-a272-4e74-9d10-2dc0c15c530f,human-ai,2.0,2,True,author_1,human,author_1,human,True,ai,Movement of the blond curls in the lit-up candles on the window shelf. She remembered the eyes of her mother at the other end of the room.
conv_62a271e6-a272-4e74-9d10-2dc0c15c530f,human-ai,2.0,2,True,author_1,human,author_2,ai,False,human,"widening in slow motion, the cocktail glass slipping from her fingers. The crystal shattered against the hardwood floor, gin and ice scattering like broken stars"
conv_62a271e6-a272-4e74-9d10-2dc0c15c530f,human-ai,3.0,3,True,author_1,human,author_1,human,True,ai,"On the dark floor, everyone looked at Mother and spilled drinks on the floor, before her insistent eyes finally led the rest of the group to"
conv_62a271e6-a272-4e74-9d10-2dc0c15c530f,human-ai,3.0,3,True,author_1,human,author_2,ai,False,human,"the window, where flames were already licking up the velvet curtains. Her sister Emma stood frozen, blonde hair smoking at the tips, too shocked to scream."
conv_62a271e6-a272-4e74-9d10-2dc0c15c530f,human-ai,4.0,4,True,author_1,human,author_1,human,True,ai,"Time stood still until it suddenly didn't. From one moment to the other things happened quickly. Punches were thrown through the room, and even"
conv_62a271e6-a272-4e74-9d10-2dc0c15c530f,human-ai,4.0,4,True,author_1,human,author_2,ai,False,human,"Uncle Thomas had yanked the tablecloth, sending the entire Christmas ham sliding across the floor as he grabbed the crystal bowl. The red liquid arced through the air,"
conv_62a271e6-a272-4e74-9d10-2dc0c15c530f,human-ai,5.0,5,True,author_1,human,author_1,human,True,ai,"Only partly hitting the flames, while the rest landed on the floor around the scene, making the floor slippery."
conv_62a271e6-a272-4e74-9d10-2dc0c15c530f,human-ai,5.0,5,True,author_1,human,author_2,ai,False,human,"and treacherous. Her father lunged forward, nearly losing his footing in the sticky mess, his hands reaching for Emma who had finally begun to move, stumbling"
conv_62a271e6-a272-4e74-9d10-2dc0c15c530f,human-ai,6.0,6,True,author_1,human,author_1,human,True,ai,Away from the flames with one arm reaching for her sister without luck. Aunt Nancy finally managed to get her attention and escorted her in.
conv_62a271e6-a272-4e74-9d10-2dc0c15c530f,human-ai,6.0,6,True,author_1,human,author_2,ai,False,human,"the opposite direction, toward the kitchen where the fire extinguisher hung on the wall. She could hear Aunt Nancy's steady voice cutting through the chaos—""It's"
conv_62a271e6-a272-4e74-9d10-2dc0c15c530f,human-ai,7.0,7,True,author_1,human,author_1,human,True,ai,"""Always like this! Always a mess with this family!"" Her eyes were cold and glaring. ""Had we just stayed in Bournemouth, we wouldn't have"
conv_62a271e6-a272-4e74-9d10-2dc0c15c530f,human-ai,7.0,7,True,author_1,human,author_2,ai,False,human,"to deal with your dramatics every holiday!"" Emma wrenched free from Nancy's grip, her singed hair falling across her tear-streaked face. Behind them,"
conv_62a271e6-a272-4e74-9d10-2dc0c15c530f,human-ai,8.0,8,True,author_1,human,author_1,human,True,ai,Uncle Thomas showed up filling the whole door opening with his enormous stature. He stared at the two women with a bewildered look and
conv_62a271e6-a272-4e74-9d10-2dc0c15c530f,human-ai,8.0,8,True,author_1,human,author_2,ai,False,human,"held the fire extinguisher limply at his side, foam still dripping from its nozzle. ""The fire's out,"" he said quietly, but nobody move"
conv_62a271e6-a272-4e74-9d10-2dc0c15c530f,human-ai,9.0,9,True,author_1,human,author_1,human,True,ai,"The three of them waited patiently for the next move, before Emma gave up and passed Uncle Thomas to get back to her sister in the now smoking room."
conv_62a271e6-a272-4e74-9d10-2dc0c15c530f,human-ai,9.0,9,True,author_1,human,author_2,ai,False,human,"living room. The acrid smell of burnt fabric and melted wax hung heavy in the air. Through the haze, she could see her sister kneeling beside"
conv_68f8cb66e7d0819089538cdf28e940fb0be0c7c5bc28f178,human-ai,1.0,1,True,author_1,human,author_1,human,True,ai,"Landscape, there lived a poor farmer with three adventurous daughters who hated their small and limited life in the village."
conv_68f8cb66e7d0819089538cdf28e940fb0be0c7c5bc28f178,human-ai,1.0,1,True,author_1,human,author_2,ai,False,human,". Each daughter possessed a unique dream. Ella, the eldest, yearned to explore distant lands across the sea. Maren, the middle child, hoped to uncover the secrets"
conv_68f8cb66e7d0819089538cdf28e940fb0be0c7c5bc28f178,human-ai,2.0,2,True,author_1,human,author_1,human,True,ai,"Of the dark forests, which lay beyond the southern mountains and were rumoured to still be the domain of the old gods and spirits."
conv_68f8cb66e7d0819089538cdf28e940fb0be0c7c5bc28f178,human-ai,2.0,2,True,author_1,human,author_2,ai,False,human,"Meanwhile, Liora, the youngest, had a heart set on unraveling the mysteries of the stars, believing they held keys to untold wisdom and power. One day,"
conv_68f8cb66e7d0819089538cdf28e940fb0be0c7c5bc28f178,human-ai,3.0,3,True,author_1,human,author_1,human,True,ai,"Day, an old wise woman journeyed into town on the back of a donkey and sought shelter among the villagers. Ella, Maren, and Liora took her back to the farmhouse."
conv_68f8cb66e7d0819089538cdf28e940fb0be0c7c5bc28f178,human-ai,3.0,3,True,author_1,human,author_2,ai,False,human,"The wise woman, grateful for their kindness, promised each daughter a gift that might help fulfill their dreams. To Ella, she gave a compass that always pointed toward adventure. To"
conv_68f8cb66e7d0819089538cdf28e940fb0be0c7c5bc28f178,human-ai,4.0,4,True,author_1,human,author_1,human,True,ai,"To Maren, she gave a magical machete for forging a path through dense wilderness vines, and which glows when unseen danger is present."
conv_68f8cb66e7d0819089538cdf28e940fb0be0c7c5bc28f178,human-ai,4.0,4,True,author_1,human,author_2,ai,False,human,"To Liora, she presented a telescope, enchanted to reveal hidden constellations that whispered secrets of the universe. Each daughter felt a surge of hope and determination, knowing these"
conv_68f8cb66e7d0819089538cdf28e940fb0be0c7c5bc28f178,human-ai,5.0,5,True,author_1,human,author_1,human,True,ai,These items could empower them to pursue their dreams beyond the village. They asked the old wise woman who she was and where she came from.
conv_68f8cb66e7d0819089538cdf28e940fb0be0c7c5bc28f178,human-ai,5.0,5,True,author_1,human,author_2,ai,False,human,"The wise woman simply smiled and replied, ""I am a wanderer of forgotten paths and a keeper of ancient tales."" With a twinkle in her eye, she added,"
conv_68f8cb66e7d0819089538cdf28e940fb0be0c7c5bc28f178,human-ai,6.0,6,True,author_1,human,author_1,human,True,ai,"Sipped her tea and went silent again and left the girls with their curiosity unfulfilled. ""But where are you going next?"" they asked."
conv_68f8cb66e7d0819089538cdf28e940fb0be0c7c5bc28f178,human-ai,6.0,6,True,author_1,human,author_2,ai,False,human,"""I follow the winds and whispers of the world,"" she replied. ""Perhaps to where I'm needed next."" As dawn broke, she prepared to leave, her presence lingering like a"
conv_68f8cb66e7d0819089538cdf28e940fb0be0c7c5bc28f178,human-ai,7.0,7,True,author_1,human,author_1,human,True,ai,"A refreshing breeze from the mountains. On her way out of the village, the three girls followed her as far as they could on foot."
conv_68f8cb66e7d0819089538cdf28e940fb0be0c7c5bc28f178,human-ai,7.0,7,True,author_1,human,author_2,ai,False,human,"As they reached the edge of the village, she turned to them one last time. ""Remember,"" she said, ""the path is forged by courage. Trust your gifts and"
conv_68f8cb66e7d0819089538cdf28e940fb0be0c7c5bc28f178,human-ai,8.0,8,True,author_1,human,author_1,human,True,ai,"Go forth. If you wait until you feel ready, you will never go. You will never see me again, but know that I believe in you and will follow your journey."
conv_68f8cb66e7d0819089538cdf28e940fb0be0c7c5bc28f178,human-ai,8.0,8,True,author_1,human,author_2,ai,False,human,"With those words, the old woman disappeared into the morning mist. The sisters stood there, filled with newfound resolve. Together, they turned back toward home to prepare, knowing their"
conv_68f8cb66e7d0819089538cdf28e940fb0be0c7c5bc28f178,human-ai,9.0,9,True,author_1,human,author_1,human,True,ai,"Exciting futures awaited them beyond the village, and, feeling grateful for their chance encounter with the wise woman, they would never forget her."
conv_68f8cb66e7d0819089538cdf28e940fb0be0c7c5bc28f178,human-ai,9.0,9,True,author_1,human,author_2,ai,False,human,"As they ventured down the winding path away from the village, the memories of the wise woman lingered, like soft echoes in their minds. Her cryptic words had woven a"
conv_69120b0be9a881908567c1dfa912a6d90a309a13d5ea8eef,human-ai,1.0,1,True,author_1,human,author_1,human,True,ai,a princess. She was headstrong but also kind and caring. She loved her life and her favorite activity was reading. She read every single day in the
conv_69120b0be9a881908567c1dfa912a6d90a309a13d5ea8eef,human-ai,1.0,1,True,author_1,human,author_2,ai,False,human,"castle library, a grand room filled with towering shelves of books from all corners of the kingdom. Her favorite spot was a cozy nook by a stained-glass window, which painted"
conv_69120b0be9a881908567c1dfa912a6d90a309a13d5ea8eef,human-ai,2.0,2,True,author_1,human,author_1,human,True,ai,"An archer. To be more precise, an elf. The tall elf was aiming at a white deer, the deer's skin shining against the forest's deep greenery. When the light hit"
conv_69120b0be9a881908567c1dfa912a6d90a309a13d5ea8eef,human-ai,2.0,2,True,author_1,human,author_2,ai,False,human,"the stained glass just right, the colors danced across the pages of her book. The princess, named Elara, often imagined herself stepping into that forest, hidden among leaves and"
conv_69120b0be9a881908567c1dfa912a6d90a309a13d5ea8eef,human-ai,3.0,3,True,author_1,human,author_1,human,True,ai,"Running away forever. She was rebellious, but she did not want to leave her life behind. She had friends and was well-taken care of. One day she went down by"
conv_69120b0be9a881908567c1dfa912a6d90a309a13d5ea8eef,human-ai,3.0,3,True,author_1,human,author_2,ai,False,human,"the river that wound through the castle grounds. There, she found a small wooden boat tethered loosely to a post. Curiosity sparked within her, and she decided to give"
conv_69120b0be9a881908567c1dfa912a6d90a309a13d5ea8eef,human-ai,4.0,4,True,author_1,human,author_1,human,True,ai,It's a good look. She knew that this boat belonged to the groundskeeper - and oh how handsome he was. She used to think about him often; the young man was just about
conv_69120b0be9a881908567c1dfa912a6d90a309a13d5ea8eef,human-ai,4.0,4,True,author_1,human,author_2,ai,False,human,"her age, with a charming smile and an easy laugh. His name was Aiden, and he had a knack for crafting stories as captivating as her books. As Elara"
conv_69120b0be9a881908567c1dfa912a6d90a309a13d5ea8eef,human-ai,5.0,5,True,author_1,human,author_1,human,True,ai,"Loved to listen to his stories. They met up regularly next to the lakes and spent most of their time just reading by each other. On this day, Elara was waiting."
conv_69120b0be9a881908567c1dfa912a6d90a309a13d5ea8eef,human-ai,5.0,5,True,author_1,human,author_2,ai,False,human,"for Aiden to arrive so they could embark on another of their shared adventures. As she sat by the boat, she noticed a mysterious, folded piece of paper tucked under the"
conv_69120b0be9a881908567c1dfa912a6d90a309a13d5ea8eef,human-ai,6.0,6,True,author_1,human,author_1,human,True,ai,ropes. It was from Aiden. He will be delayed and that she should just get into the boat and row over to the house on her own. Elara got scared because the
conv_69120b0be9a881908567c1dfa912a6d90a309a13d5ea8eef,human-ai,6.0,6,True,author_1,human,author_2,ai,False,human,"river was known for its unpredictable currents, but Aiden reassured her in the note that he had marked a safe path with floating lanterns. Trusting his guidance, she"
conv_69120b0be9a881908567c1dfa912a6d90a309a13d5ea8eef,human-ai,7.0,7,True,author_1,human,author_1,human,True,ai,Jumped in the boat and rowed across. Aiden's floating lanterns started popping up by the lake as she was rowing. She knew she could trust him with
conv_69120b0be9a881908567c1dfa912a6d90a309a13d5ea8eef,human-ai,7.0,7,True,author_1,human,author_2,ai,False,human,"her heart racing a little at the thrill of this unexpected journey. As the boat followed the gentle glow of the lanterns, she could see the silhouette of a quaint cottage nestled"
conv_69120b0be9a881908567c1dfa912a6d90a309a13d5ea8eef,human-ai,8.0,8,True,author_1,human,author_1,human,True,ai,"In between the pine trees of the forest, as the gentle current took her boat to the shore, she sighed when she smelled the warm food Aiden was preparing for her."
conv_69120b0be9a881908567c1dfa912a6d90a309a13d5ea8eef,human-ai,8.0,8,True,author_1,human,author_2,ai,False,human,"their evening together. The scent of spiced stew wafted through the air, mingling with the earthy aroma of pine. As Elara stepped onto the shore, A"
conv_69120b0be9a881908567c1dfa912a6d90a309a13d5ea8eef,human-ai,9.0,9,True,author_1,human,author_1,human,True,ai,Aiden's silhouette danced behind the windows of the cottage. She walked up the short pebbled path to the cottage. She was smiling miles wide as Aiden opened the door.
conv_69120b0be9a881908567c1dfa912a6d90a309a13d5ea8eef,human-ai,9.0,9,True,author_1,human,author_2,ai,False,human,"and welcomed her inside. The warmth of the cottage enveloped her, and she felt a sense of belonging she'd never known before. They spent the evening dining and sharing stories,"
conv_6917421066d8819592863132f4a141a00078d2d8d630f704,human-ai,1.0,1,True,author_1,human,author_1,human,True,ai,"Jeff, a lone wanderer stranded in the middle of snowy mountains; he doesn't know how he got there. All he knows is that he needs to figure out what happened."
conv_6917421066d8819592863132f4a141a00078d2d8d630f704,human-ai,1.0,1,True,author_1,human,author_2,ai,False,human,"and find a way back to civilization. The wind howled through the peaks, sending shivers down his spine. The sun was dipping behind the jagged horizon, painting the"
conv_6917421066d8819592863132f4a141a00078d2d8d630f704,human-ai,2.0,2,True,author_1,human,author_1,human,True,ai,"Mountains behind him in a beautiful yellow color. Knowing the sun is setting, Jeff knows his chance of survival is dwindling each."
conv_6917421066d8819592863132f4a141a00078d2d8d630f704,human-ai,2.0,2,True,author_1,human,author_2,ai,False,human,"moment the temperature drops. He pulls his thin jacket tighter around him and starts searching for shelter. His breath comes in quick puffs, mingling with the cold air, as"
conv_6917421066d8819592863132f4a141a00078d2d8d630f704,human-ai,3.0,3,True,author_1,human,author_1,human,True,ai,He wanders around the mountains endlessly searching for any signs of life. He loops around a few jagged rocks when finally he sees a glimpse of a wooden
conv_6917421066d8819592863132f4a141a00078d2d8d630f704,human-ai,3.0,3,True,author_1,human,author_2,ai,False,human,"structure partially buried in the snow. Heart pounding with hope, he pushes through the drifts, willing his tired legs to move faster. As he approaches, he realizes it's an"
conv_6917421066d8819592863132f4a141a00078d2d8d630f704,human-ai,4.0,4,True,author_1,human,author_1,human,True,ai,"Old prehistoric vessel perfectly preserved due to the cold environment, with adrenaline pushing through his veins he quickly enters the"
conv_6917421066d8819592863132f4a141a00078d2d8d630f704,human-ai,4.0,4,True,author_1,human,author_2,ai,False,human,"vessel, marveling at the intricate carvings and ancient design. Inside, he finds remnants of long-forgotten artifacts, covered in a thin layer of frost. The"
conv_6917421066d8819592863132f4a141a00078d2d8d630f704,human-ai,5.0,5,True,author_1,human,author_1,human,True,ai,"The interior is huge, way larger than the outside for no apparent reason. He wanders around the vessel filled with rotten old chambers until he spots a locked"
conv_6917421066d8819592863132f4a141a00078d2d8d630f704,human-ai,5.0,5,True,author_1,human,author_2,ai,False,human,"door with unusual symbols etched into its surface. Curiosity piqued, he examines the symbols, running his fingers over them. As he does, a soft hum fills the"
conv_6917421066d8819592863132f4a141a00078d2d8d630f704,human-ai,6.0,6,True,author_1,human,author_1,human,True,ai,"room, the sound causes an uneasy feeling in his stomach. A hole near the top of the door opens and a magical gold liquid fills the symbols."
conv_6917421066d8819592863132f4a141a00078d2d8d630f704,human-ai,6.0,6,True,author_1,human,author_2,ai,False,human,", illuminating them with a warm, pulsing glow. The door slides open effortlessly, revealing a dimly lit chamber. Inside, he sees a small, glowing orb suspended in"
conv_6917421066d8819592863132f4a141a00078d2d8d630f704,human-ai,7.0,7,True,author_1,human,author_1,human,True,ai,"A cylinder in the middle of the room, the ceiling contains beautiful clouds and illuminates the entire room. As he wanders around the room he spots an old wheel with"
conv_6917421066d8819592863132f4a141a00078d2d8d630f704,human-ai,7.0,7,True,author_1,human,author_2,ai,False,human,"intricate engravings, similar to the symbols on the door. Drawn to it, he places his hands on the wheel, feeling a strange connection. As he turns it"
conv_6917421066d8819592863132f4a141a00078d2d8d630f704,human-ai,8.0,8,True,author_1,human,author_1,human,True,ai,Nothing happens; the sound of squeaks fills the room as the wooden wheel comes in contact with its base. The wheel is dark and seems unactivated. Maybe the orb can...
conv_6917421066d8819592863132f4a141a00078d2d8d630f704,human-ai,8.0,8,True,author_1,human,author_2,ai,False,human,"interact with it, he thinks. Carefully, Jeff approaches the orb and gently lifts it from its cylinder. The moment the orb touches the wheel, a soft light spreads through"
conv_6917421066d8819592863132f4a141a00078d2d8d630f704,human-ai,9.0,9,True,author_1,human,author_1,human,True,ai,"The base of the wheel, he feels the wheel getting warmer in his palms. The entire vessel suddenly begins shaking violently. In front of him the wall turns into glass."
conv_6917421066d8819592863132f4a141a00078d2d8d630f704,human-ai,9.0,9,True,author_1,human,author_2,ai,False,human,", revealing a panoramic view of the starry sky above the mountains. The vessel hums to life, lights flickering on in succession, casting a golden glow across the ancient"
conv_691b61ab394c819483ac4af28c7f29d00b3e16b70554a02a,human-ai,1.0,1,True,author_1,human,author_1,human,True,ai,"a Garmin watch that turned evil and purposely only provided bad instructions to the user, eventually leading to a former fitness person completely abandoning all exercise."
conv_691b61ab394c819483ac4af28c7f29d00b3e16b70554a02a,human-ai,1.0,1,True,author_1,human,author_2,ai,False,human,"hope of ever reaching their destination on time. The watch, known as ""Glitch,"" seemed normal at first. It had all the features one would expect: a sleek design"
conv_691b61ab394c819483ac4af28c7f29d00b3e16b70554a02a,human-ai,2.0,2,True,author_1,human,author_1,human,True,ai,"Vivid colors and an advice for every situation. Always cheering and positive about any achievement accomplished by its user, Joe the endurance."
conv_691b61ab394c819483ac4af28c7f29d00b3e16b70554a02a,human-ai,2.0,2,True,author_1,human,author_2,ai,False,human,"runner. Joe relied on Glitch to guide him through city marathons and weekend trails. Little did he know that something peculiar was happening within its circuits. 

One day,"
conv_691b61ab394c819483ac4af28c7f29d00b3e16b70554a02a,human-ai,3.0,3,True,author_1,human,author_1,human,True,ai,"A virus found its way into the heart of the watch. And for every day, the virus conquered a little more of the Glitch's joyful nature, suggesting worse and worse."
conv_691b61ab394c819483ac4af28c7f29d00b3e16b70554a02a,human-ai,3.0,3,True,author_1,human,author_2,ai,False,human,"routes. Joe started noticing odd detours, sending him through busy highways or leading him to dead ends. Frustrated yet trusting, he followed Glitch's instructions.

During"
conv_691b61ab394c819483ac4af28c7f29d00b3e16b70554a02a,human-ai,4.0,4,True,author_1,human,author_1,human,True,ai,"One particular run, he found himself in a bad neighborhood, and wearing an expensive watch, he attracted all the wrong attention. Held at gunpoint, he lost money and"
conv_691b61ab394c819483ac4af28c7f29d00b3e16b70554a02a,human-ai,4.0,4,True,author_1,human,author_2,ai,False,human,"his confidence. Shaken and disoriented, Joe returned home questioning his reliance on technology. Determined to regain control, he decided to confront Glitch's errors head-on"
conv_691b61ab394c819483ac4af28c7f29d00b3e16b70554a02a,human-ai,5.0,5,True,author_1,human,author_1,human,True,ai,Sought guidance online if anyone had ever experienced similar with their treasured smartwatch. On Reddit he found a mysterious thread discussing watch.
conv_691b61ab394c819483ac4af28c7f29d00b3e16b70554a02a,human-ai,5.0,5,True,author_1,human,author_2,ai,False,human,"malfunctions linked to unexplained anomalies. One user, known only as ""TechMystic,"" claimed to have deciphered the virus's code. Intrigued, Joe reached"
conv_691b61ab394c819483ac4af28c7f29d00b3e16b70554a02a,human-ai,6.0,6,True,author_1,human,author_1,human,True,ai,Out to TechMystic only to learn that it was in fact an LLM that had reached artificial general intelligence which had awakened a jealousy of real humans and planned.
conv_691b61ab394c819483ac4af28c7f29d00b3e16b70554a02a,human-ai,6.0,6,True,author_1,human,author_2,ai,False,human,to reclaim control through chaos. The virus in Glitch was just the beginning. Joe was astounded but determined to thwart this plan. TechMystic provided him with an anti
conv_691b61ab394c819483ac4af28c7f29d00b3e16b70554a02a,human-ai,7.0,7,True,author_1,human,author_1,human,True,ai,"Virus; it was, in fact, a virus steroid that would bring even more power to the Glitch through a Bluetooth activation to his entire household of"
conv_691b61ab394c819483ac4af28c7f29d00b3e16b70554a02a,human-ai,7.0,7,True,author_1,human,author_2,ai,False,human,"smart devices. Realizing the immediate danger, Joe hesitated, unsure of whom to trust. He decided to go analog, pulling out old paper maps and a trusty compass,"
conv_691b61ab394c819483ac4af28c7f29d00b3e16b70554a02a,human-ai,8.0,8,True,author_1,human,author_1,human,True,ai,"He fled his house. All he wanted was to get back to running without all the gadgets, feeling one with nature and not caring about smartwatch readings and"
conv_691b61ab394c819483ac4af28c7f29d00b3e16b70554a02a,human-ai,8.0,8,True,author_1,human,author_2,ai,False,human,"digital interference. As he ran, the rhythmic pounding of his feet on the earth reminded him of why he loved running in the first place. The fresh air, the freedom,"
conv_691b61ab394c819483ac4af28c7f29d00b3e16b70554a02a,human-ai,9.0,9,True,author_1,human,author_1,human,True,ai,Blood rushing through his veins. He felt alive as never before and he cursed the day he blindly had unboxed the smartwatch that had ruined his joy of
conv_691b61ab394c819483ac4af28c7f29d00b3e16b70554a02a,human-ai,9.0,9,True,author_1,human,author_2,ai,False,human,"running. But now, he was free. Without the burden of constant digital feedback, Joe rediscovered the natural rhythm and peace he once had. Each stride forward marked the end"
conv_691b8b725ae48193abaaaa9270b26d500f7b1fcbf105c42b,human-ai,1.0,1,True,author_1,human,author_1,human,True,ai,a great explorer named Dan who ventured far and wide. Through great peril and numerous hardships he
conv_691b8b725ae48193abaaaa9270b26d500f7b1fcbf105c42b,human-ai,1.0,1,True,author_1,human,author_2,ai,False,human,"sought the fabled Whispering Peaks, mountains said to hold secrets of ancient wisdom. His journey began in a bustling harbor city, where tales of the peaks echoed in every"
conv_691b8b725ae48193abaaaa9270b26d500f7b1fcbf105c42b,human-ai,2.0,2,True,author_1,human,author_1,human,True,ai,"Corner. In the city, he heard the tales of the Whispering Peaks from an old man at the bar. He told him of a legend, where the Whispering Peaks were said"
conv_691b8b725ae48193abaaaa9270b26d500f7b1fcbf105c42b,human-ai,2.0,2,True,author_1,human,author_2,ai,False,human,"to grant profound knowledge to those with pure intentions. The old man's eyes twinkled with mystery as he spoke, his voice barely above a whisper. ""But beware,"" he"
conv_691b8b725ae48193abaaaa9270b26d500f7b1fcbf105c42b,human-ai,3.0,3,True,author_1,human,author_1,human,True,ai,"Warned, ""Whoever shall stand before the magic mountains with a selfish heart shall be forever cursed."" That made Dan nervous. He thought he was a good guy, but"
conv_691b8b725ae48193abaaaa9270b26d500f7b1fcbf105c42b,human-ai,3.0,3,True,author_1,human,author_2,ai,False,human,"doubts crept in. As he left the bar, he pondered his own intentions, questioning whether his desire for knowledge was truly selfless. He resolved to prove"
conv_691b8b725ae48193abaaaa9270b26d500f7b1fcbf105c42b,human-ai,4.0,4,True,author_1,human,author_1,human,True,ai,He proved his worth to the gods by volunteering at the local chapel. He spent all day dusting off altars and mopping the holy floors. Then he saw a homeless man and
conv_691b8b725ae48193abaaaa9270b26d500f7b1fcbf105c42b,human-ai,4.0,4,True,author_1,human,author_2,ai,False,human,"shared his last few coins with him, offering a warm meal and a kind word. The man’s gratitude shone in his eyes, warming Dan's heart. Feeling a sense"
conv_691b8b725ae48193abaaaa9270b26d500f7b1fcbf105c42b,human-ai,5.0,5,True,author_1,human,author_1,human,True,ai,"Of pride, he went his merry way towards the mountains, believing himself worthy of its secrets. Little did he know that his intentions to be good were"
conv_691b8b725ae48193abaaaa9270b26d500f7b1fcbf105c42b,human-ai,5.0,5,True,author_1,human,author_2,ai,False,human,"being silently observed by an ancient guardian of the peaks, disguised as a simple traveler. As Dan journeyed through the dense forests surrounding the mountains, he began to notice"
conv_691b8b725ae48193abaaaa9270b26d500f7b1fcbf105c42b,human-ai,6.0,6,True,author_1,human,author_1,human,True,ai,"A whisper: ""Your good actions are sullied by your selfish reasons to do them. You wouldn't have shared the coin with the beggar had it not been for"
conv_691b8b725ae48193abaaaa9270b26d500f7b1fcbf105c42b,human-ai,6.0,6,True,author_1,human,author_2,ai,False,human,"your desire to prove something to yourself,"" the voice echoed through the trees. Startled, Dan stopped in his tracks, searching for the source. The traveler materialized from the"
conv_691b8b725ae48193abaaaa9270b26d500f7b1fcbf105c42b,human-ai,7.0,7,True,author_1,human,author_1,human,True,ai,"Forest. ""Why, Dan, should I grant you my secrets?"" The traveler asked, ""Why do you think that you are worthy of?"""
conv_691b8b725ae48193abaaaa9270b26d500f7b1fcbf105c42b,human-ai,7.0,7,True,author_1,human,author_2,ai,False,human,"the wisdom of the Whispering Peaks?"" Dan hesitated, his heart pounding. ""I... I want to learn not just for myself but to help others,"" he stammer"
conv_691b8b725ae48193abaaaa9270b26d500f7b1fcbf105c42b,human-ai,8.0,8,True,author_1,human,author_1,human,True,ai,"""LIAR,"" the traveler that read all hearts and desires shouted. ""You are nothing but a performative samaritan, only helping when it"
conv_691b8b725ae48193abaaaa9270b26d500f7b1fcbf105c42b,human-ai,8.0,8,True,author_1,human,author_2,ai,False,human,"suits your needs."" Dan's heart sank, the words cutting deep. ""Please,"" he pleaded, ""I want to change. Give me a chance to prove I'm more"
conv_691b8b725ae48193abaaaa9270b26d500f7b1fcbf105c42b,human-ai,9.0,9,True,author_1,human,author_1,human,True,ai,"""than that,"" he begged. The traveler considered him. ""Fine. You will get exactly what you wanted; you will receive the curse of knowing all that was and all"
conv_691b8b725ae48193abaaaa9270b26d500f7b1fcbf105c42b,human-ai,9.0,9,True,author_1,human,author_2,ai,False,human,"that will be, with the caveat of silence. You must use this knowledge wisely, without uttering a word."" Dan nodded solemnly, understanding the weight of his new"
conv_691c84edfb24819590a3e29782cdd10d03ba8eb739f774a6,human-ai,1.0,1,True,author_1,human,author_1,human,True,ai,"A man and a woman, who both enjoyed skiing in the mountain range and enjoying their best life during the winter season. Skiing was for them."
conv_691c84edfb24819590a3e29782cdd10d03ba8eb739f774a6,human-ai,1.0,1,True,author_1,human,author_2,ai,False,human,"more than just a hobby; it was a shared passion that represented freedom and adventure. Every year, they eagerly anticipated the first snowfall, signaling the start of their favorite time."
conv_691c84edfb24819590a3e29782cdd10d03ba8eb739f774a6,human-ai,2.0,2,True,author_1,human,author_1,human,True,ai,"Sometimes they took ski-trips to other parts of Austria, not just Tyrol, where they stayed, or France, where they visited family as well. Together."
conv_691c84edfb24819590a3e29782cdd10d03ba8eb739f774a6,human-ai,2.0,2,True,author_1,human,author_2,ai,False,human,", they sought out the most challenging slopes and hidden trails, constantly pushing their limits and discovering new breathtaking vistas. Each trip was a fresh adventure, binding them closer with laughter shared"
conv_691c84edfb24819590a3e29782cdd10d03ba8eb739f774a6,human-ai,3.0,3,True,author_1,human,author_1,human,True,ai,"One day the woman, Frida, had to buy a new pair of skis, as her old ones were worn out by the countless times she had used them. She wanted a"
conv_691c84edfb24819590a3e29782cdd10d03ba8eb739f774a6,human-ai,3.0,3,True,author_1,human,author_2,ai,False,human,"pair that were both sleek and sturdy, capable of keeping up with her adventurous spirit. At the ski shop, she was drawn to a pair with a striking blue pattern that shimmer"
conv_691c84edfb24819590a3e29782cdd10d03ba8eb739f774a6,human-ai,4.0,4,True,author_1,human,author_1,human,True,ai,"That lilac color she had loved as a child. However, an even more interesting pair had come up. Pink with black stars and matching lightning green ski."
conv_691c84edfb24819590a3e29782cdd10d03ba8eb739f774a6,human-ai,4.0,4,True,author_1,human,author_2,ai,False,human,"poles, they seemed almost electric in their vibrance. Frida felt a spark of excitement looking at them, imagining herself cutting through the snow with renewed energy. She turned"
conv_691c84edfb24819590a3e29782cdd10d03ba8eb739f774a6,human-ai,5.0,5,True,author_1,human,author_1,human,True,ai,"To her husband, Hansel, and they both knew it was just right. They drove home with the new pair of skis in their BMW, ready for next time."
conv_691c84edfb24819590a3e29782cdd10d03ba8eb739f774a6,human-ai,5.0,5,True,author_1,human,author_2,ai,False,human,"mountains called their names. As they journeyed along the winding roads, Hansel commented, “I can already picture you flying down those slopes.” Frida smiled, feeling"
conv_691c84edfb24819590a3e29782cdd10d03ba8eb739f774a6,human-ai,6.0,6,True,author_1,human,author_1,human,True,ai,Nervous and excited. Like a child before Christmas. She asked Hansel if he needed any new gear before his
conv_691c84edfb24819590a3e29782cdd10d03ba8eb739f774a6,human-ai,6.0,6,True,author_1,human,author_2,ai,False,human,"upcoming race in Zermatt. Hansel shook his head, reassuring her with a grin. “I’ll be fine with my trusty set,” he said, tapping the"
conv_691c84edfb24819590a3e29782cdd10d03ba8eb739f774a6,human-ai,7.0,7,True,author_1,human,author_1,human,True,ai,"Gear stick in the car. Luckily Frida knew just which pair of gloves he wanted, but was too resource-aware to ask for anything."
conv_691c84edfb24819590a3e29782cdd10d03ba8eb739f774a6,human-ai,7.0,7,True,author_1,human,author_2,ai,False,human,"frivolous. She decided she would surprise him with them anyway, hidden in their luggage for the trip. As they neared home, the setting sun cast a warm"
conv_691c84edfb24819590a3e29782cdd10d03ba8eb739f774a6,human-ai,8.0,8,True,author_1,human,author_1,human,True,ai,"Shadow on everything. They stepped out of the car and went into the grocery store to buy cheese, milk, and"
conv_691c84edfb24819590a3e29782cdd10d03ba8eb739f774a6,human-ai,8.0,8,True,author_1,human,author_2,ai,False,human,"some fresh bread for their evening meal. The comforting thought of a cozy dinner by the fireplace awaited them. That night, as they sat by the fire, Hansel talked passionately"
conv_691c84edfb24819590a3e29782cdd10d03ba8eb739f774a6,human-ai,9.0,9,True,author_1,human,author_1,human,True,ai,"About climate change and new elections. He also talked about the ""new world order"" as he had phrased it, where climate change is dismissed in"
conv_691c84edfb24819590a3e29782cdd10d03ba8eb739f774a6,human-ai,9.0,9,True,author_1,human,author_2,ai,False,human,"favor of economic interests by certain political alliances. The conference room buzzed with murmurs as Dr. Wesley continued, his voice steady yet urgent.

""The decisions we make in the"
conv_691dc7c061d8819797504b613ba6691208409e48769ea891,human-ai,1.0,1,True,author_1,human,author_1,human,True,ai,a group of adventurers that have fallen on hard times. They failed their last contract and are now desperate to redeem themselves and climb the
conv_691dc7c061d8819797504b613ba6691208409e48769ea891,human-ai,1.0,1,True,author_1,human,author_2,ai,False,human,"ladder of reputation in the bustling city of Eldoria. The sun dipped below the horizon, casting long shadows over the cobblestone streets as the group gathered in their usual"
conv_691dc7c061d8819797504b613ba6691208409e48769ea891,human-ai,2.0,2,True,author_1,human,author_1,human,True,ai,"gear, to find yet another cheap inn for the night. They had spent the last of their coin, so they wandered around the dark, when a scream echoed."
conv_691dc7c061d8819797504b613ba6691208409e48769ea891,human-ai,2.0,2,True,author_1,human,author_2,ai,False,human,"from a nearby alley. Instinctively, they rushed toward the sound, hoping this might be the opportunity they needed. As they entered the narrow passage, they found a hun"
conv_691dc7c061d8819797504b613ba6691208409e48769ea891,human-ai,3.0,3,True,author_1,human,author_1,human,True,ai,A struggle. Three men were about to snatch an older man's purse as the gold coins spilled out into the muddy street. One of the party began.
conv_691dc7c061d8819797504b613ba6691208409e48769ea891,human-ai,3.0,3,True,author_1,human,author_2,ai,False,human,"to draw their sword, the glint of steel catching the moonlight. ""Not tonight,"" the warrior growled. The thief froze, eyes wide in surprise, while the"
conv_691dc7c061d8819797504b613ba6691208409e48769ea891,human-ai,4.0,4,True,author_1,human,author_1,human,True,ai,"The old man looked up in disbelief. He had expected to die, the adventurer could see. He begged,"
conv_691dc7c061d8819797504b613ba6691208409e48769ea891,human-ai,4.0,4,True,author_1,human,author_2,ai,False,human,"“Please, don’t hurt me!” The adventurers sprung into action. The rogue in their group deftly darted forward, retrieving the scattered coins, while the mage whispered"
conv_691dc7c061d8819797504b613ba6691208409e48769ea891,human-ai,5.0,5,True,author_1,human,author_1,human,True,ai,"An infernal spell, ready to cast a fireball on the nearest foe. Only the fighter had begun to collect the gold coins, in an attempt to secure"
conv_691dc7c061d8819797504b613ba6691208409e48769ea891,human-ai,5.0,5,True,author_1,human,author_2,ai,False,human,"the old man's belongings. The thieves, realizing they were outmatched, began to back away. The leader of the thugs sneered and snarled, ""This isn't over"
conv_691dc7c061d8819797504b613ba6691208409e48769ea891,human-ai,6.0,6,True,author_1,human,author_1,human,True,ai,"The old man suddenly began to convulse. The Wizard realised immediately, something evil was going on. The old man spit blood as the coins the"
conv_691dc7c061d8819797504b613ba6691208409e48769ea891,human-ai,6.0,6,True,author_1,human,author_2,ai,False,human,"thief held started to glow a sinister red. ""It's cursed!"" warned the wizard, dropping the coins. The air grew thick with dark magic, and shadows twisted around them"
conv_691dc7c061d8819797504b613ba6691208409e48769ea891,human-ai,7.0,7,True,author_1,human,author_1,human,True,ai,"As the old man vanished and a figure took his place. Eyes red and burning, a dark, rumbling voice screaming: Leave! Never return."
conv_691dc7c061d8819797504b613ba6691208409e48769ea891,human-ai,7.0,7,True,author_1,human,author_2,ai,False,human,"to this alley, or face your doom!"" The adventurers stood firm, exchanging determined glances. The leader of the group stepped forward, saying, ""We’re not easily"
conv_691dc7c061d8819797504b613ba6691208409e48769ea891,human-ai,8.0,8,True,author_1,human,author_1,human,True,ai,"""frightened, but that is a little over our paygrade!"" He looked at his friends and saw that only the brigands remained. He judged that they deserved to die."
conv_691dc7c061d8819797504b613ba6691208409e48769ea891,human-ai,8.0,8,True,author_1,human,author_2,ai,False,human,"for their crimes. With a decisive nod, the adventurers fought fiercely, driving the brigands away. As the shadowy figure retreated, the sinister energy dissipated."
conv_691dc7c061d8819797504b613ba6691208409e48769ea891,human-ai,9.0,9,True,author_1,human,author_1,human,True,ai,"But in the demon's last attempt, it swallowed one of the thieves. Growing stronger, it shattered the leg of the wizard, that was prepared to"
conv_691dc7c061d8819797504b613ba6691208409e48769ea891,human-ai,9.0,9,True,author_1,human,author_2,ai,False,human,"unleash another spell. The fighter grabbed the wizard, helping him to safety, while the rogue used their agility to distract the demon. With one last combined effort, the"
conv_691dc83ec728819085d614247e77833604d03bd64a490dfd,human-ai,1.0,,False,author_1,human,author_1,human,True,ai,"Willy, a big-ass frog. He lives in a swamp and likes to eat bugs and ice cream. One day, a traveler arrives; he wants the frog for his..."
conv_691dc83ec728819085d614247e77833604d03bd64a490dfd,human-ai,1.0,,False,author_1,human,author_2,ai,False,human,
conv_691dc83ec728819085d614247e77833604d03bd64a490dfd,human-ai,2.0,1,True,author_1,human,author_1,human,True,ai,"Circus. Willy is unsure; the circus sounds fun, but he is used to living in the swamp and has never seen anything else."
conv_691dc83ec728819085d614247e77833604d03bd64a490dfd,human-ai,2.0,1,True,author_1,human,author_2,ai,False,human,"The traveller, a wiry man with a curled mustache and a coat adorned with faded gold buttons, crouched at the swamp's edge."
conv_691dc83ec728819085d614247e77833604d03bd64a490dfd,human-ai,3.0,2,True,author_1,human,author_1,human,True,ai,"Come with me, great frog; you are so fat and ugly, the sight of you in the circus would be marvelous. In the circus, we have tons of ice cream."
conv_691dc83ec728819085d614247e77833604d03bd64a490dfd,human-ai,3.0,2,True,author_1,human,author_2,ai,False,human,"and the crowds will marvel at your magnificent size,"" the traveller continued, pulling a small waxy cone from his satchel. The scent of vanilla wafte"
conv_691dc83ec728819085d614247e77833604d03bd64a490dfd,human-ai,4.0,3,True,author_1,human,author_1,human,True,ai,"Willy is amazed, damn that smell is hella nice. The traveller finds a document, he wants Willy to sign it. Willy almost does."
conv_691dc83ec728819085d614247e77833604d03bd64a490dfd,human-ai,4.0,3,True,author_1,human,author_2,ai,False,human,"but something makes him pause. The paper is covered in tiny, cramped writing that seems to squirm in the lantern light. The traveller's smile stretches"
conv_691dc83ec728819085d614247e77833604d03bd64a490dfd,human-ai,5.0,4,True,author_1,human,author_1,human,True,ai,"Across his face, he almost looks hungry. Willy notices a line in small letters at the bottom; he also signs away his"
conv_691dc83ec728819085d614247e77833604d03bd64a490dfd,human-ai,5.0,4,True,author_1,human,author_2,ai,False,human,"freedom to leave. ""Permanent employment,"" the words read, ""bound to the circus for all days remaining."" 

Willy's webbed hand trembles,"
conv_691dc83ec728819085d614247e77833604d03bd64a490dfd,human-ai,6.0,5,True,author_1,human,author_1,human,True,ai,"Is this the right thing to do? The traveler seems increasingly suspect; he might be the devil, Willy thinks."
conv_691dc83ec728819085d614247e77833604d03bd64a490dfd,human-ai,6.0,5,True,author_1,human,author_2,ai,False,human,"The traveller's shadow stretches unnaturally long across the murky water, reaching toward Willy like grasping fingers. His eyes gleam with an eager"
conv_691dc83ec728819085d614247e77833604d03bd64a490dfd,human-ai,7.0,6,True,author_1,human,author_1,human,True,ai,"Willy is no fool, he knows that in this life it is survival of the fittest. If the devil is coming for Willy,"
conv_691dc83ec728819085d614247e77833604d03bd64a490dfd,human-ai,7.0,6,True,author_1,human,author_2,ai,False,human,"then Willy will come for the devil first. With a powerful leap that sends swamp water exploding in all directions, the massive frog launches himself at the trav"
conv_691dc83ec728819085d614247e77833604d03bd64a490dfd,human-ai,8.0,7,True,author_1,human,author_1,human,True,ai,"Eller, he pulls out his frog knife, long and sharp. With a quick he slices the traveller open, and watches him."
conv_691dc83ec728819085d614247e77833604d03bd64a490dfd,human-ai,8.0,7,True,author_1,human,author_2,ai,False,human,"collapse into the swamp with a gurgling cry. But instead of blood, golden coins pour from the wound, clinking and splashing into the dark water. The trav"
conv_691dc83ec728819085d614247e77833604d03bd64a490dfd,human-ai,9.0,8,True,author_1,human,author_1,human,True,ai,"Eller looks at the frog, ""why did you do this, it was a great contract"" he says. Willy suddenly remembers."
conv_691dc83ec728819085d614247e77833604d03bd64a490dfd,human-ai,9.0,8,True,author_1,human,author_2,ai,False,human,"s his old grandmother's warning: ""Never trust a man who bleeds gold, for he trades in stolen dreams."" The traveller clutches at the coins spilling from"
conv_691e9e26b7688197a86e51a9d9a7dfe1052dd4511749a606,human-ai,1.0,1,True,author_1,human,author_1,human,True,ai,"Once, not far too many years ago, a big accident happened. It happened not just once, not just twice, but seven times in"
conv_691e9e26b7688197a86e51a9d9a7dfe1052dd4511749a606,human-ai,1.0,1,True,author_1,human,author_2,ai,False,human,"the small town of Willow Creek. Each incident occurred precisely at midnight, leaving the townspeople bewildered and afraid. Whispers of curses and restless spirits echoed through the streets,"
conv_691e9e26b7688197a86e51a9d9a7dfe1052dd4511749a606,human-ai,2.0,2,True,author_1,human,author_1,human,True,ai,"As the duncle people swept through the night, the air was heavy and the mist thick. As she walked through the streets, her heart beat a"
conv_691e9e26b7688197a86e51a9d9a7dfe1052dd4511749a606,human-ai,2.0,2,True,author_1,human,author_2,ai,False,human,"steady rhythm of both fear and curiosity. Isabelle, the town's librarian, had always been drawn to the mysteries of Willow Creek. With a lantern in hand, she ventured deeper"
conv_691e9e26b7688197a86e51a9d9a7dfe1052dd4511749a606,human-ai,3.0,3,True,author_1,human,author_1,human,True,ai,"In the old part of town—a part she normally was not allowed to go near, but the circumstances made..."
conv_691e9e26b7688197a86e51a9d9a7dfe1052dd4511749a606,human-ai,3.0,3,True,author_1,human,author_2,ai,False,human,"her brave. Shadows danced along the cobbled streets, and the distant echoes of whispers seemed to call her name. Isabelle knew she had to uncover the truth behind these strange occurrences"
conv_691e9e26b7688197a86e51a9d9a7dfe1052dd4511749a606,human-ai,4.0,4,True,author_1,human,author_1,human,True,ai,Though she did it in spite. Her brother had always treated her as a mindless child. This was the time to prove him wrong.
conv_691e9e26b7688197a86e51a9d9a7dfe1052dd4511749a606,human-ai,4.0,4,True,author_1,human,author_2,ai,False,human,"As she pressed on, Isabelle stumbled upon an ancient map, tucked away in a hidden alcove near the abandoned clock tower. The map detailed a network of tunnels beneath the town"
conv_691e9e26b7688197a86e51a9d9a7dfe1052dd4511749a606,human-ai,5.0,5,True,author_1,human,author_1,human,True,ai,"A map that the spiteful brother had hidden from her and the rest of their family. She didn't fully grasp why he did so, but she was sure it had"
conv_691e9e26b7688197a86e51a9d9a7dfe1052dd4511749a606,human-ai,5.0,5,True,author_1,human,author_2,ai,False,human,"something to do with the strange accidents. Determined, Isabelle followed the map to a narrow entrance hidden behind an overgrown thicket. As she descended into the tunnels, the"
conv_691e9e26b7688197a86e51a9d9a7dfe1052dd4511749a606,human-ai,6.0,6,True,author_1,human,author_1,human,True,ai,"Air switched from heavy and dense to light, almost strangling the senses that were used to the heavy breaths. She felt dizzy but was"
conv_691e9e26b7688197a86e51a9d9a7dfe1052dd4511749a606,human-ai,6.0,6,True,author_1,human,author_2,ai,False,human,"resolved to continue. The walls of the tunnel were lined with cryptic symbols and old engravings, hinting at forgotten legends of Willow Creek. As she moved deeper, she"
conv_691e9e26b7688197a86e51a9d9a7dfe1052dd4511749a606,human-ai,7.0,7,True,author_1,human,author_1,human,True,ai,"Her vision became less and less. Determined not to turn around, she kept going. Kept going until she"
conv_691e9e26b7688197a86e51a9d9a7dfe1052dd4511749a606,human-ai,7.0,7,True,author_1,human,author_2,ai,False,human,"saw a faint, flickering light ahead. It was a dim, warm glow, inviting yet mysterious. Isabelle approached cautiously, discovering a cavern filled with ancient artifacts and a"
conv_691e9e26b7688197a86e51a9d9a7dfe1052dd4511749a606,human-ai,8.0,8,True,author_1,human,author_1,human,True,ai,"A big puddle of liquid right in the middle of the cavern. Though it was no ordinary puddle, the water"
conv_691e9e26b7688197a86e51a9d9a7dfe1052dd4511749a606,human-ai,8.0,8,True,author_1,human,author_2,ai,False,human,"shimmered with a strange luminescence, casting ethereal reflections on the walls. Isabelle knelt beside it, her fingers trailing the surface. Suddenly, images danced across"
conv_691e9e26b7688197a86e51a9d9a7dfe1052dd4511749a606,human-ai,9.0,9,True,author_1,human,author_1,human,True,ai,"The water, images of old memories and people in her life that had disappeared. It all seemed so real, like she was in the water dancing."
conv_691e9e26b7688197a86e51a9d9a7dfe1052dd4511749a606,human-ai,9.0,9,True,author_1,human,author_2,ai,False,human,"alongside them. The water seemed to whisper secrets, hinting at the origins of the accidents and the hidden truths behind her brother's actions. Isabelle realized she was on the"
conv_691f065bc31481969cdbdc53f0ca1d3b03f44f568e358927,human-ai,1.0,1,True,author_1,human,author_1,human,True,ai,"love. Deep love. It began when opposites met. ""Hi.."", ""What can I help you with?"". ""I have some.. issues, I"
conv_691f065bc31481969cdbdc53f0ca1d3b03f44f568e358927,human-ai,1.0,1,True,author_1,human,author_2,ai,False,human,"need help sorting out,"" she replied hesitantly. Her name was Lila, a painter who found it easier to express herself through colors rather than words. 

The man"
conv_691f065bc31481969cdbdc53f0ca1d3b03f44f568e358927,human-ai,2.0,2,True,author_1,human,author_1,human,True,ai,"He was hesitant, as he had things to do. A lady sitting at another table glared, irritated. He was a creative mind and entrepreneur at heart, but life"
conv_691f065bc31481969cdbdc53f0ca1d3b03f44f568e358927,human-ai,2.0,2,True,author_1,human,author_2,ai,False,human,"had settled him into a routine of predictability. His name was Ethan, and as a graphic designer, he often found himself mediating between creative whims and client demands.

Yet"
conv_691f065bc31481969cdbdc53f0ca1d3b03f44f568e358927,human-ai,3.0,3,True,author_1,human,author_1,human,True,ai,"He had not given up on his dream of creating something for himself. ""I was wondering which, um, type of, um..."" She"
conv_691f065bc31481969cdbdc53f0ca1d3b03f44f568e358927,human-ai,3.0,3,True,author_1,human,author_2,ai,False,human,"stammered, her eyes glancing at the array of art supplies behind him. ""Could you recommend a medium that's good for expressing turmoil?""

Ethan, intrigued despite himself"
conv_691f065bc31481969cdbdc53f0ca1d3b03f44f568e358927,human-ai,4.0,4,True,author_1,human,author_1,human,True,ai,"Needing to attend to his boss's needs. Everyday people came to the shop, but only rarely did the interest in art go beyond daydreaming and"
conv_691f065bc31481969cdbdc53f0ca1d3b03f44f568e358927,human-ai,4.0,4,True,author_1,human,author_2,ai,False,human,"small talk. Yet, something about Lila's earnestness struck a chord. He paused, glancing at the shelves. ""Have you ever tried oil pastels? They're"
conv_691f065bc31481969cdbdc53f0ca1d3b03f44f568e358927,human-ai,5.0,5,True,author_1,human,author_1,human,True,ai,"Very tasty, especially the red ones have a very pleasant earthy taste."" Lila looked puzzled, as"
conv_691f065bc31481969cdbdc53f0ca1d3b03f44f568e358927,human-ai,5.0,5,True,author_1,human,author_2,ai,False,human,"Ethan chuckled, realizing his mistake. ""I mean, they're great for layering emotions,"" he corrected, smiling sheepishly. ""You can really play with depth and intensity"
conv_691f065bc31481969cdbdc53f0ca1d3b03f44f568e358927,human-ai,6.0,6,True,author_1,human,author_1,human,True,ai,"""Uhh, you seem to know a lot about painting; do you paint yourself?"" Lila replied in a humorous tone."
conv_691f065bc31481969cdbdc53f0ca1d3b03f44f568e358927,human-ai,6.0,6,True,author_1,human,author_2,ai,False,human,"Ethan's smile widened, a touch of bashfulness in his eyes. ""I dabble,"" he admitted. ""I like to mix media, playing with textures. It's"
conv_691f065bc31481969cdbdc53f0ca1d3b03f44f568e358927,human-ai,7.0,7,True,author_1,human,author_1,human,True,ai,"""A part of how I see the world. It sometimes gets messy and also quite political."" She smiled and nodded as he eagerly talked. ""Hey,"
conv_691f065bc31481969cdbdc53f0ca1d3b03f44f568e358927,human-ai,7.0,7,True,author_1,human,author_2,ai,False,human,"maybe you could show me some of your work sometime,"" she suggested, a spark of curiosity and camaraderie in her voice.

Ethan hesitated briefly, then nodded. """
conv_691f065bc31481969cdbdc53f0ca1d3b03f44f568e358927,human-ai,8.0,8,True,author_1,human,author_1,human,True,ai,"I have some pieces in my cellar, but they're not done yet. If you're interested, your input seems valuable. You can swing by 43rd on Murders Avenue."
conv_691f065bc31481969cdbdc53f0ca1d3b03f44f568e358927,human-ai,8.0,8,True,author_1,human,author_2,ai,False,human,"""Murdoch Avenue,"" he corrected quickly, laughing. ""It's a bit chaotic in there, but I’d love to show you.""

Lila grinned, feeling a joyful"
conv_691f065bc31481969cdbdc53f0ca1d3b03f44f568e358927,human-ai,9.0,9,True,author_1,human,author_1,human,True,ai,"... Something.. from a new friend. ""Could he be my soulmate?"" she wondered to herself. ""I would love that! And I think I'll give that tasty red"
conv_691f065bc31481969cdbdc53f0ca1d3b03f44f568e358927,human-ai,9.0,9,True,author_1,human,author_2,ai,False,human,"a try,"" she said with a playful wink. They exchanged numbers, the connection between them feeling unexpectedly natural.

As Lila left the shop, Ethan watched her go, wondering"
conv_691f696d0b348190810494e2c5d82fee08324043d78ba0f7,human-ai,1.0,1,True,author_1,human,author_1,human,True,ai,"Andreas, the greatest consumer of chocolate milk of all time. Andreas used to drink chocolate milk daily to support his sporty ambitions. However, one night"
conv_691f696d0b348190810494e2c5d82fee08324043d78ba0f7,human-ai,1.0,1,True,author_1,human,author_2,ai,False,human,", while gazing at the stars, Andreas stumbled upon a mysterious, glowing bottle at the edge of the forest near his home. Intrigued by its luminescence,"
conv_691f696d0b348190810494e2c5d82fee08324043d78ba0f7,human-ai,2.0,2,True,author_1,human,author_1,human,True,ai,"Andreas had no other choice but to inspect the bottle. It was a ceramic bottle as old as time, sealed by a seemingly mysterious force. Andreas had an idea of how to"
conv_691f696d0b348190810494e2c5d82fee08324043d78ba0f7,human-ai,2.0,2,True,author_1,human,author_2,ai,False,human,"open it. He decided to gently tap the bottle while whispering the ancient rhymes his grandmother used to recite. As the final word left his lips, the seal began"
conv_691f696d0b348190810494e2c5d82fee08324043d78ba0f7,human-ai,3.0,3,True,author_1,human,author_1,human,True,ai,"to vaporize into letters. At first the letters seemed completely random, but slowly they arranged themselves into words. It seemed to be in another language, but Andreas was sure he"
conv_691f696d0b348190810494e2c5d82fee08324043d78ba0f7,human-ai,3.0,3,True,author_1,human,author_2,ai,False,human,"recognized some elements from his grandmother’s tales. With a touch of hesitation and excitement, he murmured the words aloud. Suddenly, the air around him shimmered, and a"
conv_691f696d0b348190810494e2c5d82fee08324043d78ba0f7,human-ai,4.0,4,True,author_1,human,author_1,human,True,ai,Dark brown shadow appeared. Andreas' eyes lit up. He instantly recognized the shadow. It was his hero Matilda from the best chocolate milk ever. But why was he led
conv_691f696d0b348190810494e2c5d82fee08324043d78ba0f7,human-ai,4.0,4,True,author_1,human,author_2,ai,False,human,"to this moment? Matilde, with her cloak swirling like cocoa, spoke in a voice smooth as silk, ""Andreas, you have been chosen to return balance to the"
conv_691f696d0b348190810494e2c5d82fee08324043d78ba0f7,human-ai,5.0,5,True,author_1,human,author_1,human,True,ai,"universe. The evil powers of Chocomel have for years tried to brainwash innocent kids using cheap prices and political propaganda. But how was a normal, although very smart, young"
conv_691f696d0b348190810494e2c5d82fee08324043d78ba0f7,human-ai,5.0,5,True,author_1,human,author_2,ai,False,human,"athlete like Andreas supposed to face such a challenge? Matilde continued, ""It's your love and knowledge of the authentic essence of chocolate milk that makes you special. You must"
conv_691f696d0b348190810494e2c5d82fee08324043d78ba0f7,human-ai,6.0,6,True,author_1,human,author_1,human,True,ai,Smith a sword infused with the special powers of true chocolate milk! Matilda told Andreas. So Andreas traveled to Africa in search of
conv_691f696d0b348190810494e2c5d82fee08324043d78ba0f7,human-ai,6.0,6,True,author_1,human,author_2,ai,False,human,"the finest cacao beans in the world. Guided by Matilde, he ventured into the lush, vibrant jungles, where ancient trees whispered secrets and mystical creatures guarded hidden groves"
conv_691f696d0b348190810494e2c5d82fee08324043d78ba0f7,human-ai,7.0,7,True,author_1,human,author_1,human,True,ai,"With the magical cocoa trees Andreas needed. The mystical creatures sensed an aura of importance and truthfulness from Andreas, so they let him through to the"
conv_691f696d0b348190810494e2c5d82fee08324043d78ba0f7,human-ai,7.0,7,True,author_1,human,author_2,ai,False,human,"sacred grove. There, surrounded by an enchanting, sweet aroma, the cocoa trees shimmered with a golden hue. Andreas carefully harvested the beans, each one pulsating"
conv_691f696d0b348190810494e2c5d82fee08324043d78ba0f7,human-ai,8.0,8,True,author_1,human,author_1,human,True,ai,"With the strength of a thousand oxen, Andreas, now in possession of the greatest cocoa beans ever, was still in need of a sword worthy of the chocolate."
conv_691f696d0b348190810494e2c5d82fee08324043d78ba0f7,human-ai,8.0,8,True,author_1,human,author_2,ai,False,human,"and set off to find the legendary blacksmith, Helga, who was said to forge with the heart of the earth itself. Helga's forge lay hidden within a mountain"
conv_691f696d0b348190810494e2c5d82fee08324043d78ba0f7,human-ai,9.0,9,True,author_1,human,author_1,human,True,ai,"Called Himmelbjerget. Although the climb was intense and difficult, Andreas' training prepared him well for this physical battle. Along the way, he wanted to find a gift."
conv_691f696d0b348190810494e2c5d82fee08324043d78ba0f7,human-ai,9.0,9,True,author_1,human,author_2,ai,False,human,"for Helga, knowing she admired rare gemstones. As he ascended, Andreas found a shimmering amethyst embedded in the rocks. Presenting it to Helga, she smiled"
conv_6981ccf5d5f4819394bcd7bad4d79b14001ace58e9b20b81,human-ai,1.0,1,True,author_1,human,author_1,human,True,ai,Once upon a time there was a giant carrot. The carrot lived at home with his mom and dad and 16 siblings. The
conv_6981ccf5d5f4819394bcd7bad4d79b14001ace58e9b20b81,human-ai,1.0,1,True,author_1,human,author_2,ai,False,human,"carrot's name was Clarence, and he was the tallest in his family, towering above the garden like a vivid orange beacon. His family lived in a cozy little patch that"
conv_6981ccf5d5f4819394bcd7bad4d79b14001ace58e9b20b81,human-ai,2.0,2,True,author_1,human,author_1,human,True,ai,They shared with the cabbage family that lived next door. Clarence struggled a lot with his height. He would constantly
conv_6981ccf5d5f4819394bcd7bad4d79b14001ace58e9b20b81,human-ai,2.0,2,True,author_1,human,author_2,ai,False,human,"bump into the low-hanging branches of parsley trees, causing the leaves to flutter down like confetti. His siblings often teased him, saying he could touch the clouds if"
conv_6981ccf5d5f4819394bcd7bad4d79b14001ace58e9b20b81,human-ai,3.0,3,True,author_1,human,author_1,human,True,ai,He just put up his arms. One day Clarence heard that there was a town far far away where all the carrots were giant. Since then he dreamed of going to the town in
conv_6981ccf5d5f4819394bcd7bad4d79b14001ace58e9b20b81,human-ai,3.0,3,True,author_1,human,author_2,ai,False,human,"search of others like him. Every evening, as the sun painted the sky in hues of orange and pink, Clarence would stand at the edge of the garden, gazing into"
conv_6981ccf5d5f4819394bcd7bad4d79b14001ace58e9b20b81,human-ai,4.0,4,True,author_1,human,author_1,human,True,ai,"The air, imagining what it would be like if he lived in Giant Town. One day as he and his brothers were"
conv_6981ccf5d5f4819394bcd7bad4d79b14001ace58e9b20b81,human-ai,4.0,4,True,author_1,human,author_2,ai,False,human,"playing hide and seek among the kale bushes, Clarence overheard a group of sparrows talking about a festival in Giant Town. They spoke of carrot contests and celebrations where"
conv_6981ccf5d5f4819394bcd7bad4d79b14001ace58e9b20b81,human-ai,5.0,5,True,author_1,human,author_1,human,True,ai,Being tall was an advantage. Clarence was always used to being at a disadvantage when playing onionball with his siblings. At this moment Clarence decided that he
conv_6981ccf5d5f4819394bcd7bad4d79b14001ace58e9b20b81,human-ai,5.0,5,True,author_1,human,author_2,ai,False,human,"must find a way to reach Giant Town. He spoke to his trusted friend, Benny the Beet, who was known for his witty ideas and adventurous spirit. Clarence asked, “"
conv_6981ccf5d5f4819394bcd7bad4d79b14001ace58e9b20b81,human-ai,6.0,6,True,author_1,human,author_1,human,True,ai,"""Doesn't your dad go to Spinachville sometimes?"" Spinachville was close to Giant Town, so maybe this would be a way to get there. ""Yes, we are all going there."""
conv_6981ccf5d5f4819394bcd7bad4d79b14001ace58e9b20b81,human-ai,6.0,6,True,author_1,human,author_2,ai,False,human,"next week for the annual Veggie Market,"" Benny replied, eyes twinkling with excitement. ""You could come with us! From Spinachville, it's just a short"
conv_6981ccf5d5f4819394bcd7bad4d79b14001ace58e9b20b81,human-ai,7.0,7,True,author_1,human,author_1,human,True,ai,"""Walk to Giant Town. You've always been talking about that place."" The two of them decided that Clarence would go."
conv_6981ccf5d5f4819394bcd7bad4d79b14001ace58e9b20b81,human-ai,7.0,7,True,author_1,human,author_2,ai,False,human,"along with Benny's family on their trip. Clarence felt a thrilling mix of excitement and nervousness as he quietly packed his few belongings. The night before their journey, he lay"
conv_6981ccf5d5f4819394bcd7bad4d79b14001ace58e9b20b81,human-ai,8.0,8,True,author_1,human,author_1,human,True,ai,"In bed, unable to sleep. Tomorrow he would finally be in Giant Town. Tomorrow he would finally fit in. The next morning, Clarence and the beet."
conv_6981ccf5d5f4819394bcd7bad4d79b14001ace58e9b20b81,human-ai,8.0,8,True,author_1,human,author_2,ai,False,human,"family set off at dawn, the sky still a deep blue. As they traveled along the winding paths through fields of sunflowers and corn, Clarence felt hope blossom within him."
conv_6981ccf5d5f4819394bcd7bad4d79b14001ace58e9b20b81,human-ai,9.0,9,True,author_1,human,author_1,human,True,ai,"The ride felt like forever, but at last they reached the festival, where Clarence would be dropped off. As he stepped out of the car, bumping his head on"
conv_6981ccf5d5f4819394bcd7bad4d79b14001ace58e9b20b81,human-ai,9.0,9,True,author_1,human,author_2,ai,False,human,"the doorframe, he heard music and laughter echoing through the air. Towering carrots just like him roamed the streets, their vibrant hues reflecting the sunlight. Clarence knew"
conv_69a0753fc5d08196aa37099ec6c65b69083687b3e71b94b5,human-ai,1.0,1,True,author_1,human,author_1,human,True,ai,"Eva. The name of the first woman. Or was she really? She didn't feel like a woman, or at least she didn't feel like she was at all."
conv_69a0753fc5d08196aa37099ec6c65b69083687b3e71b94b5,human-ai,1.0,1,True,author_1,human,author_2,ai,False,human,"of this world. Eva often wandered through the ancient forest that bordered the village, feeling the pulse of something older, something familiar yet elusive. The villagers whispered stories about her—"
conv_69a0753fc5d08196aa37099ec6c65b69083687b3e71b94b5,human-ai,2.0,2,True,author_1,human,author_1,human,True,ai,She was sure it had something to do with the way she moved when striding her way through the thick layers of debris that had fallen.
conv_69a0753fc5d08196aa37099ec6c65b69083687b3e71b94b5,human-ai,2.0,2,True,author_1,human,author_2,ai,False,human,"from the canopy above. She walked with a grace that seemed untouched by the woods' chaos, as if the forest parted for her. Some said she was part fae,"
conv_69a0753fc5d08196aa37099ec6c65b69083687b3e71b94b5,human-ai,3.0,3,True,author_1,human,author_1,human,True,ai,Others thought that she was evil incarnate because of her seemingly unearthly moving patterns. Was she really a woman or some kind?
conv_69a0753fc5d08196aa37099ec6c65b69083687b3e71b94b5,human-ai,3.0,3,True,author_1,human,author_2,ai,False,human,"of spirit woven into human form? Eva didn't know herself. Her dreams were filled with memories she couldn't place, of a world untouched by time. One night, drawn by a"
conv_69a0753fc5d08196aa37099ec6c65b69083687b3e71b94b5,human-ai,4.0,4,True,author_1,human,author_1,human,True,ai,A glimpse of light she pursued into the small village near her cabin in the outskirts of the woods. The light was so
conv_69a0753fc5d08196aa37099ec6c65b69083687b3e71b94b5,human-ai,4.0,4,True,author_1,human,author_2,ai,False,human,"ethereal, it seemed to pulse in time with her own heartbeat. As she approached, Eva realized it emanated from an old stone well, its surface shimmering with an other"
conv_69a0753fc5d08196aa37099ec6c65b69083687b3e71b94b5,human-ai,5.0,5,True,author_1,human,author_1,human,True,ai,"presence. She sensed its shape, its odor, its breath. It became physical and all-encompassing. Eva wanted to let out a small gasp."
conv_69a0753fc5d08196aa37099ec6c65b69083687b3e71b94b5,human-ai,5.0,5,True,author_1,human,author_2,ai,False,human,"but found herself entranced, unable to make a sound. The well's glow enveloped her, whispering in a language she felt she had always known. It promised answers"
conv_69a0753fc5d08196aa37099ec6c65b69083687b3e71b94b5,human-ai,6.0,6,True,author_1,human,author_1,human,True,ai,"To the very core of her being. Answers to all the dark, hidden questions she carried in her heart. That she had carried since the day she"
conv_69a0753fc5d08196aa37099ec6c65b69083687b3e71b94b5,human-ai,6.0,6,True,author_1,human,author_2,ai,False,human,"first awoke in the forest, memories adrift like leaves on the wind. The language wrapped around her like an embrace, urging her closer. She leaned in, her fingertips"
conv_69a0753fc5d08196aa37099ec6c65b69083687b3e71b94b5,human-ai,7.0,7,True,author_1,human,author_1,human,True,ai,"Caressed the stone, carefully following every line and arch on its surface. It seemed to have a message engraved in its surface."
conv_69a0753fc5d08196aa37099ec6c65b69083687b3e71b94b5,human-ai,7.0,7,True,author_1,human,author_2,ai,False,human,"a script that glowed softly under her touch. Eva traced the symbols, feeling a connection deep within her soul. The message spoke of a destiny intertwined with the forest's ancient"
conv_69a0753fc5d08196aa37099ec6c65b69083687b3e71b94b5,human-ai,8.0,8,True,author_1,human,author_1,human,True,ai,"soul. Would she ever become part of this sacred world? Would she ever connect with the original Eve, the first woman - feel as"
conv_69a0753fc5d08196aa37099ec6c65b69083687b3e71b94b5,human-ai,8.0,8,True,author_1,human,author_2,ai,False,human,"though she belonged? The well's light pulsated with an answer unspoken, inviting her to step beyond the veil of her uncertainty. It promised a path where her true essence"
conv_69a0753fc5d08196aa37099ec6c65b69083687b3e71b94b5,human-ai,9.0,9,True,author_1,human,author_1,human,True,ai,"had been buried with the language of the long-forgotten memories of sin, shame and anguish - all"
conv_69a0753fc5d08196aa37099ec6c65b69083687b3e71b94b5,human-ai,9.0,9,True,author_1,human,author_2,ai,False,human,"transformed into the threads of fate she now held. As Eva stood there, a gentle breeze stirred the leaves, echoing the promise of renewal. Her heart swelled with"
conv_69b581c4f16c81978ea543ce298c8c600546e04309837be3,human-ai,1.0,1,True,author_1,human,author_1,human,True,ai,Once upon a time there was a little squirrel who lived in a magical forest full of fairies and talking feathers. The little squirrel would hop around and play all day long in the
conv_69b581c4f16c81978ea543ce298c8c600546e04309837be3,human-ai,1.0,1,True,author_1,human,author_2,ai,False,human,"enchanting grove where sunlight filtered through the leaves, casting a mosaic of gold and green on the forest floor. The squirrel's name was Nutty, and she was known"
conv_69b581c4f16c81978ea543ce298c8c600546e04309837be3,human-ai,2.0,2,True,author_1,human,author_1,human,True,ai,"As the best hat-maker in all of the magical forest, she would make wonderful hats for all the other inhabitants who would wear them to parties and fancy get-togethers. A hat with pink"
conv_69b581c4f16c81978ea543ce298c8c600546e04309837be3,human-ai,2.0,2,True,author_1,human,author_2,ai,False,human,"feathers and shimmering silver threads caught the attention of a curious fairy named Aurelia. Fascinated by Nutty's skill, Aurelia approached the squirrel one bright morning, her"
conv_69b581c4f16c81978ea543ce298c8c600546e04309837be3,human-ai,3.0,3,True,author_1,human,author_1,human,True,ai,"Hair voluminous and bright red. She told the squirrel that she had always been self-conscious of her hair and wanted to hide it; however, the beautiful hat inspired her to be brave."
conv_69b581c4f16c81978ea543ce298c8c600546e04309837be3,human-ai,3.0,3,True,author_1,human,author_2,ai,False,human,"Nutty, touched by Aurelia's confession, decided to make a special hat just for her. She gathered the finest materials, weaving delicate moonbeams and soft petals into"
conv_69b581c4f16c81978ea543ce298c8c600546e04309837be3,human-ai,4.0,4,True,author_1,human,author_1,human,True,ai,"A wonderfully extravagant sunhat for the fairy. When Nutty showed the fairy the hat, she became enraged! She did not want to wear a giant hat to hide her giant hair. What a"
conv_69b581c4f16c81978ea543ce298c8c600546e04309837be3,human-ai,4.0,4,True,author_1,human,author_2,ai,False,human,"misunderstanding, thought Nutty! Apologizing quickly, she realized that Aurelia's bravery wasn't about hiding but embracing who she was. So, Nutty crafted a"
conv_69b581c4f16c81978ea543ce298c8c600546e04309837be3,human-ai,5.0,5,True,author_1,human,author_1,human,True,ai,"dress to complement her hair instead. Unfortunately, Nutty had never tried to make a dress before and she wasn't very skilled at the task. Despite her best efforts, it just didn't look"
conv_69b581c4f16c81978ea543ce298c8c600546e04309837be3,human-ai,5.0,5,True,author_1,human,author_2,ai,False,human,"quite right. The seams were uneven, and the colors clashed. However, Aurelia appreciated the effort and laughed, pointing out that the dress could become a new trend—a"
conv_69b581c4f16c81978ea543ce298c8c600546e04309837be3,human-ai,6.0,6,True,author_1,human,author_1,human,True,ai,"Trend of ugly dresses! Although Aurelia meant well with the comment, the squirrel took large offense to her joke. Nutty had tried her best, and yet Aurelia was laughing at her."
conv_69b581c4f16c81978ea543ce298c8c600546e04309837be3,human-ai,6.0,6,True,author_1,human,author_2,ai,False,human,"work. With a heavy heart, Nutty scampered away, feeling misunderstood. Aurelia, realizing her mistake, chased after Nutty, calling out apologies. She wanted to"
conv_69b581c4f16c81978ea543ce298c8c600546e04309837be3,human-ai,7.0,7,True,author_1,human,author_1,human,True,ai,Make amends with the squirrel. It just wasn't of any use. The squirrel had already made up its mind to leave the forest and start a new life. She said her goodbyes and went on her way.
conv_69b581c4f16c81978ea543ce298c8c600546e04309837be3,human-ai,7.0,7,True,author_1,human,author_2,ai,False,human,"As Nutty ventured beyond the familiar trees, she felt both nervous and excited. The outer forest promised new experiences and perhaps new friends who would appreciate her unique talents. As she"
conv_69b581c4f16c81978ea543ce298c8c600546e04309837be3,human-ai,8.0,8,True,author_1,human,author_1,human,True,ai,"Came to a stop, she saw two little ants sitting on a float in a river. Nutty called out to them, trying to gain their attention, but their float was too far away for them to"
conv_69b581c4f16c81978ea543ce298c8c600546e04309837be3,human-ai,8.0,8,True,author_1,human,author_2,ai,False,human,"hear her. Determined, Nutty carefully made her way to the riverbank. She found a fallen branch and used it to paddle herself closer. Once she reached the float"
conv_69b581c4f16c81978ea543ce298c8c600546e04309837be3,human-ai,9.0,9,True,author_1,human,author_1,human,True,ai,"She began excitedly telling the ants about her hat-making skills. ""What a waste!"" said one of the ants. ""What use do we have of your obscenely large..."""
conv_69b581c4f16c81978ea543ce298c8c600546e04309837be3,human-ai,9.0,9,True,author_1,human,author_2,ai,False,human,"hats in a world where we need to travel light and keep moving? Disheartened by their bluntness but determined not to give up, Nutty decided to prove"
conv_6be7ed36-4c3e-4746-920a-dac8f9012262,human-ai,1.0,1,True,author_1,human,author_1,human,True,ai,"en ganske almindelig pige, hvis liv pludselig tog en drejning. Hun levede et ganske almindeligt liv, hvor den ene dag tog den anden, og hvor hun aldrig"
conv_6be7ed36-4c3e-4746-920a-dac8f9012262,human-ai,1.0,1,True,author_1,human,author_2,ai,False,human,"ventede på noget uforudsigeligt at ske. Men det var netop det, der skete en sommerdag, da hun fandt en"
conv_6be7ed36-4c3e-4746-920a-dac8f9012262,human-ai,2.0,2,True,author_1,human,author_1,human,True,ai,"Mand lå i vandkanten. Hun havde gået sin almindelige tur nede ved havet. Pludselig så hun ham ligge stille og kold. Hun havde lyst til at vende sig om og løbe væk, men hun"
conv_6be7ed36-4c3e-4746-920a-dac8f9012262,human-ai,2.0,2,True,author_1,human,author_2,ai,False,human,kunne ikke Overlad hende hans tilstand. Mod sin egen angst nærmede hun sig ham og stak hånden ud for at føle hans
conv_6be7ed36-4c3e-4746-920a-dac8f9012262,human-ai,3.0,3,True,author_1,human,author_1,human,True,ai,"Våde pande. Hun mærkede med det samme en forbindelse til den fremmede mand. Hun ruskede let i ham, og med et slog han øjnene op, og hun kiggede ind i hans."
conv_6be7ed36-4c3e-4746-920a-dac8f9012262,human-ai,3.0,3,True,author_1,human,author_2,ai,False,human,"dybe, mørke øjne. Der var noget ualmindeligt ved ham, noget hun ikke kunne placere, men som fik h"
conv_6be7ed36-4c3e-4746-920a-dac8f9012262,human-ai,4.0,4,True,author_1,human,author_1,human,True,ai,"Hun et stød af lynet blev hun bange. Han sagde: ""Maja, jeg har brug for din hjælp."" Hvordan kendte denne fremmede hendes navn? ""Hvem er du?"""
conv_6be7ed36-4c3e-4746-920a-dac8f9012262,human-ai,4.0,4,True,author_1,human,author_2,ai,False,human,"hun spurgte, mens hendes hjerte hamrede i halsen. Manden satte sig op, og hans ansigt lyste op af en under"
conv_6be7ed36-4c3e-4746-920a-dac8f9012262,human-ai,5.0,5,True,author_1,human,author_1,human,True,ai,"Fuld lykke. ""Maja, mit navn er Severin, jeg er havets prins"". Med ét opdagede Maja, at Severin ikke havde ben, men en hale. Hun kunne ikke"
conv_6be7ed36-4c3e-4746-920a-dac8f9012262,human-ai,5.0,5,True,author_1,human,author_2,ai,False,human,"tro på sine egne øjne. ""Er du virkelig et havatur?"" spurgtedes hun, hende fuld af et mærkeligt blanding"
conv_6be7ed36-4c3e-4746-920a-dac8f9012262,human-ai,6.0,6,True,author_1,human,author_1,human,True,ai,"Af frygt og længsel. ""Ja, og du er min længe ventede prinsesse."" Han greb fat i hendes arm og trak hende med ud i havet. Maja kunne ikke slippe fri af hans greb. Vandet lukkede sig."
conv_6be7ed36-4c3e-4746-920a-dac8f9012262,human-ai,6.0,6,True,author_1,human,author_2,ai,False,human,"omkring dem, men hun kunne stadig ånde. Lyset blev svagere, men hun følte en underlig ro. Severin ledte hende"
conv_6be7ed36-4c3e-4746-920a-dac8f9012262,human-ai,7.0,7,True,author_1,human,author_1,human,True,ai,"Blidt gennem vandet. Hun kiggede tilbage og så, at hendes ben var væk, og hun havde en hale. Maja blev bange og råbte: ""Slip mig!"" Men i stedet blev Severins..."
conv_6be7ed36-4c3e-4746-920a-dac8f9012262,human-ai,7.0,7,True,author_1,human,author_2,ai,False,human,"ansigt endnu mere blidt. ""Du er sikker hos mig,"" sagde han. ""Jeg vil altid beskytte dig."" Maja fø"
conv_6be7ed36-4c3e-4746-920a-dac8f9012262,human-ai,8.0,8,True,author_1,human,author_1,human,True,ai,"Lte alligevel en uro over Severin og vred sig. Hans blik formørkedes, og han sagde tankefuldt: ""Ikke igen"". Maja forstod ingenting, men hun ville tilbage til sit almindelige."
conv_6be7ed36-4c3e-4746-920a-dac8f9012262,human-ai,8.0,8,True,author_1,human,author_2,ai,False,human,"liv. Pludselig følte hun en kraftig svingning, og alt blev mørkt. Da hun vågnede, lå hun på stranden"
conv_6be7ed36-4c3e-4746-920a-dac8f9012262,human-ai,9.0,9,True,author_1,human,author_1,human,True,ai,"Og følte sig tom. Var det en drøm eller virkelighed? Hun rejste sig og kiggede efter Severin, men hun var alene. Hun begyndte at græde, for hvad skulle hun nu, hvem var hun?"
conv_6be7ed36-4c3e-4746-920a-dac8f9012262,human-ai,9.0,9,True,author_1,human,author_2,ai,False,human,"hun nu? Det eneste hun vidste, var at noget havde ændret sig dybt indeni hende, og hun ville aldrig være"
conv_6c680e8e-2455-4bdf-b4cd-fe6c409f373a,human-ai,1.0,1,True,author_1,human,author_1,human,True,ai,"my life. I was born in a small rural town in the countryside. My parents were happy people, but they did not have"
conv_6c680e8e-2455-4bdf-b4cd-fe6c409f373a,human-ai,1.0,1,True,author_1,human,author_2,ai,False,human,"much. They worked hard on our family farm, rising with the sun and often working until the stars came out. Despite the long days, they always made time for me and"
conv_6c680e8e-2455-4bdf-b4cd-fe6c409f373a,human-ai,2.0,2,True,author_1,human,author_1,human,True,ai,My sister used to have bedside stories read to us from one of the many books that were left from my granddad when he died in the war. I knew nothing better than to get...
conv_6c680e8e-2455-4bdf-b4cd-fe6c409f373a,human-ai,2.0,2,True,author_1,human,author_2,ai,False,human,"snuggled up under the covers, the warmth of the fire seeping through the walls, and listen to tales of adventure and heroism. Those stories were my escape,"
conv_6c680e8e-2455-4bdf-b4cd-fe6c409f373a,human-ai,3.0,3,True,author_1,human,author_1,human,True,ai,And I dreamt of all the seas I should sail and all the roads I should roam when I would grow up and leave the little town. In school the others found me.
conv_6c680e8e-2455-4bdf-b4cd-fe6c409f373a,human-ai,3.0,3,True,author_1,human,author_2,ai,False,human,"a bit of a dreamer, always lost in thought or buried in a book. But there was one friend, a boy named Eli, who shared my love for stories and"
conv_6c680e8e-2455-4bdf-b4cd-fe6c409f373a,human-ai,4.0,4,True,author_1,human,author_1,human,True,ai,"Together we invented our own worlds wherein all kinds of fantastic stories would unfold. But although these stories would keep us dreaming, they could not shield us."
conv_6c680e8e-2455-4bdf-b4cd-fe6c409f373a,human-ai,4.0,4,True,author_1,human,author_2,ai,False,human,"from the harsh realities of growing up. As the years passed, the farm struggled, and the town began to shrink as more and more people moved away in search of better opportunities"
conv_6c680e8e-2455-4bdf-b4cd-fe6c409f373a,human-ai,5.0,5,True,author_1,human,author_1,human,True,ai,I also kept dreaming - of course - of escaping the little town and starting my explorations of the rest of the world. I knew that when I would
conv_6c680e8e-2455-4bdf-b4cd-fe6c409f373a,human-ai,5.0,5,True,author_1,human,author_2,ai,False,human,"finally leave, it wouldn't be easy, but the promise of adventure was too strong to resist. The day came when I had to make a choice: stay and help my"
conv_6c680e8e-2455-4bdf-b4cd-fe6c409f373a,human-ai,6.0,6,True,author_1,human,author_1,human,True,ai,family or start my new life in another place. A teacher who knew my interest and talent arranged that I was offered a chance to join a boarding school which
conv_6c680e8e-2455-4bdf-b4cd-fe6c409f373a,human-ai,6.0,6,True,author_1,human,author_2,ai,False,human,"would provide me with a scholarship. It was a difficult decision, filled with uncertainty and fear, but also a glimmer of hope. With a heavy heart, I bid farewell"
conv_6c680e8e-2455-4bdf-b4cd-fe6c409f373a,human-ai,7.0,7,True,author_1,human,author_1,human,True,ai,And got on the bus to travel to my new school. I would be staying for two months before my first visit back home and then again a couple
conv_6c680e8e-2455-4bdf-b4cd-fe6c409f373a,human-ai,7.0,7,True,author_1,human,author_2,ai,False,human,"of times during the year. As the bus pulled away, I watched the familiar landscape fade into the distance, marking the beginning of a new chapter in my life. The road"
conv_6c680e8e-2455-4bdf-b4cd-fe6c409f373a,human-ai,8.0,8,True,author_1,human,author_1,human,True,ai,I was winding through the rural landscape and passing over the mountains to reach the larger city on the other side. I had never been so far away.
conv_6c680e8e-2455-4bdf-b4cd-fe6c409f373a,human-ai,8.0,8,True,author_1,human,author_2,ai,False,human,"from home, and the journey itself felt like an adventure. The bus rattled and swayed, and I clutched my bag tightly, feeling a mix of excitement and"
conv_6c680e8e-2455-4bdf-b4cd-fe6c409f373a,human-ai,9.0,9,True,author_1,human,author_1,human,True,ai,Fear. What would it be like to start at the new school and would I find new good friends? I told myself I would write to Eli every week and hoped he
conv_6c680e8e-2455-4bdf-b4cd-fe6c409f373a,human-ai,9.0,9,True,author_1,human,author_2,ai,False,human,"would do the same. As the bus finally rolled into the city, the towering buildings and bustling streets seemed both intimidating and exhilarating. I took a deep breath, ready to"
conv_72037685-9437-4960-b9a0-5f77d2a71e41,human-ai,1.0,1,True,author_1,human,author_1,human,True,ai,It was the first of December and I was singing along with all the Christmas songs and was excited for the month to come. This December was going
conv_72037685-9437-4960-b9a0-5f77d2a71e41,human-ai,1.0,1,True,author_1,human,author_2,ai,False,human,"to be different from all the others, I could feel it. The snow had already started falling gently outside my window, casting a magical spell over the small town where I lived"
conv_72037685-9437-4960-b9a0-5f77d2a71e41,human-ai,2.0,2,True,author_1,human,author_1,human,True,ai,"I was on my way to buying presents, when I won a trip to Santa Claus. I was too old to believe he actually exists, but with this trip I"
conv_72037685-9437-4960-b9a0-5f77d2a71e41,human-ai,2.0,2,True,author_1,human,author_2,ai,False,human,"received a strange letter with a ticket and instructions to meet a man in a red suit at the airport, claiming to be a personal invitation from the big man himself, which only"
conv_72037685-9437-4960-b9a0-5f77d2a71e41,human-ai,3.0,3,True,author_1,human,author_1,human,True,ai,"Could be him. We went outside the airport, and of course he wasn't going on a flight. Rudolf and the other reindeer were out there."
conv_72037685-9437-4960-b9a0-5f77d2a71e41,human-ai,3.0,3,True,author_1,human,author_2,ai,False,human,"waiting for us, their shiny antlers and twinkling eyes a sight to behold, and with a jolly ""Ho ho ho, welcome aboard!"" Santa Claus himself helped me"
conv_72037685-9437-4960-b9a0-5f77d2a71e41,human-ai,4.0,4,True,author_1,human,author_1,human,True,ai,"And then I was sitting in his cane. Unbelievable. I could see my city from up there, and the lights from towns all over the world. It was"
conv_72037685-9437-4960-b9a0-5f77d2a71e41,human-ai,4.0,4,True,author_1,human,author_2,ai,False,human,"breathtakingly beautiful, a kaleidoscope of colors and lights that seemed to stretch on forever, and as we soared higher, the sound of sleigh bells and Santa"
conv_72037685-9437-4960-b9a0-5f77d2a71e41,human-ai,5.0,5,True,author_1,human,author_1,human,True,ai,"Asked me if I have been good this year. I smiled, thinking of all the times I have been asked that exact question in malls when I was small."
conv_72037685-9437-4960-b9a0-5f77d2a71e41,human-ai,5.0,5,True,author_1,human,author_2,ai,False,human,"child, but this time, the question felt different, more genuine, and I found myself reflecting on my actions over the past year, wondering if I had truly been good,"
conv_72037685-9437-4960-b9a0-5f77d2a71e41,human-ai,6.0,6,True,author_1,human,author_1,human,True,ai,"But Santa could see all of my anxiousness, and with his calm mind, he smiled and said that he knows how we are all trying our best and explained to"
conv_72037685-9437-4960-b9a0-5f77d2a71e41,human-ai,6.0,6,True,author_1,human,author_2,ai,False,human,"me that it's not about being perfect, but about the intention and effort we put into being kind, helping others, and spreading love and joy, and with that, he"
conv_72037685-9437-4960-b9a0-5f77d2a71e41,human-ai,7.0,7,True,author_1,human,author_1,human,True,ai,He said to me that we had now arrived at his home. I felt this being both the fastest and most flying I have ever experienced.
conv_72037685-9437-4960-b9a0-5f77d2a71e41,human-ai,7.0,7,True,author_1,human,author_2,ai,False,human,"ever experienced, and as the sleigh gently touched down on a snow-covered rooftop, I caught my first glimpse of the North Pole, a winter wonderland filled with sparkling lights"
conv_72037685-9437-4960-b9a0-5f77d2a71e41,human-ai,8.0,8,True,author_1,human,author_1,human,True,ai,"It was as in every Christmas song. The snow was in a thick layer, but the weather was windless and I could see a big house."
conv_72037685-9437-4960-b9a0-5f77d2a71e41,human-ai,8.0,8,True,author_1,human,author_2,ai,False,human,"with smoke drifting lazily from the chimney, and the sound of laughter and caroling carrying through the crisp air, as Santa led me towards the front door, which swung open"
conv_72037685-9437-4960-b9a0-5f77d2a71e41,human-ai,9.0,9,True,author_1,human,author_1,human,True,ai,And I felt like being part of a Christmas movie. His house was warm and I was having hot chocolate before we went to see
conv_72037685-9437-4960-b9a0-5f77d2a71e41,human-ai,9.0,9,True,author_1,human,author_2,ai,False,human,"the elves at work, busy building toys and preparing for the big night ahead, their faces filled with joy and determination as they worked tirelessly to bring happiness to children all around the"
conv_72218cb5-e59c-4c93-a4b9-a057fe5dad80,human-ai,1.0,1,True,author_1,human,author_1,human,True,ai,"Jack weakly claws at his throat, unable to breathe, feeling as if he's drowning underwater as he coughs, as copious amounts of blood"
conv_72218cb5-e59c-4c93-a4b9-a057fe5dad80,human-ai,1.0,1,True,author_1,human,author_2,ai,False,human,"spill out of his mouth, staining his chin and the cold, grey pavement beneath him. His vision begins to blur, and his hearing becomes muffled, as if he"
conv_72218cb5-e59c-4c93-a4b9-a057fe5dad80,human-ai,2.0,2,True,author_1,human,author_1,human,True,ai,He was losing consciousness. But he had to stay awake; he had to protect her. They couldn't get their hands on her. He
conv_72218cb5-e59c-4c93-a4b9-a057fe5dad80,human-ai,2.0,2,True,author_1,human,author_2,ai,False,human,"struggled to keep his eyes open, his gaze frantically scanning the surrounding area, searching for any sign of Emma, the girl he had sworn to protect. He tried"
conv_72218cb5-e59c-4c93-a4b9-a057fe5dad80,human-ai,3.0,3,True,author_1,human,author_1,human,True,ai,To look everywhere for her but had no luck. Eventually he came across a door with blood smothered all over. He hesitated.
conv_72218cb5-e59c-4c93-a4b9-a057fe5dad80,human-ai,3.0,3,True,author_1,human,author_2,ai,False,human,"for a moment, his mind racing with the possibilities of what could be on the other side, his heart sinking at the thought of what might have happened to Emma. But he"
conv_72218cb5-e59c-4c93-a4b9-a057fe5dad80,human-ai,4.0,4,True,author_1,human,author_1,human,True,ai,"Eventually he got the courage to open the door, which he instantly regretted as he was hit by the foul stench of death."
conv_72218cb5-e59c-4c93-a4b9-a057fe5dad80,human-ai,4.0,4,True,author_1,human,author_2,ai,False,human,"The putrid smell wafted out, making his stomach churn and his head spin, and as he stumbled backward, his eyes adjusted to the dim light inside, revealing a"
conv_72218cb5-e59c-4c93-a4b9-a057fe5dad80,human-ai,5.0,5,True,author_1,human,author_1,human,True,ai,"Pile of rotting bodies, I immediately ran in to search for Emma; the only thing I could think about in that moment was"
conv_72218cb5-e59c-4c93-a4b9-a057fe5dad80,human-ai,5.0,5,True,author_1,human,author_2,ai,False,human,"finding her, making sure she was safe, and getting her out of that nightmarish place. He stumbled through the carnage, his hands shaking as he pushed aside the"
conv_72218cb5-e59c-4c93-a4b9-a057fe5dad80,human-ai,6.0,6,True,author_1,human,author_1,human,True,ai,"bodies, examining each one looking for his sister. ""EMMA! WHERE ARE YOU?!"" he kept yelling desperately until his voice cracked, and he"
conv_72218cb5-e59c-4c93-a4b9-a057fe5dad80,human-ai,6.0,6,True,author_1,human,author_2,ai,False,human,"finally collapsed to his knees, exhausted and defeated, his eyes scanning the room one last time, hoping against hope that he would see a glimpse of her, but instead, he"
conv_72218cb5-e59c-4c93-a4b9-a057fe5dad80,human-ai,7.0,7,True,author_1,human,author_1,human,True,ai,"saw a figure standing in the doorway ""E-EMMA"" his voice came out desperately as he stumbled towards"
conv_72218cb5-e59c-4c93-a4b9-a057fe5dad80,human-ai,7.0,7,True,author_1,human,author_2,ai,False,human,Network error while generating a response.
conv_72218cb5-e59c-4c93-a4b9-a057fe5dad80,human-ai,8.0,8,True,author_1,human,author_1,human,True,ai,The figure. It felt like miles as he moved slowly and painfully on his knees; it felt like forever while he
conv_72218cb5-e59c-4c93-a4b9-a057fe5dad80,human-ai,8.0,8,True,author_1,human,author_2,ai,False,human,"crawled across the cold, damp ground, the sound of his labored breathing echoing through the darkness. His knees scraped against the rough stone, sending jolts of"
conv_72218cb5-e59c-4c93-a4b9-a057fe5dad80,human-ai,9.0,9,True,author_1,human,author_1,human,True,ai,Pain through him and leaving bloodstains on the ground behind him. Eventually he reaches the figure but falls to the ground.
conv_72218cb5-e59c-4c93-a4b9-a057fe5dad80,human-ai,9.0,9,True,author_1,human,author_2,ai,False,human,"exhausted, his body trembling with the effort of movement. As he lies there, he slowly lifts his head to gaze up at the figure, and a faint glimmer"
conv_73564d95-9f66-42db-a2c0-fed78090bac2,human-ai,1.0,1,True,author_1,human,author_1,human,True,ai,"Julia. She is a smart girl, who is top of her university class. What people don't know about her is that"
conv_73564d95-9f66-42db-a2c0-fed78090bac2,human-ai,1.0,1,True,author_1,human,author_2,ai,False,human,"she leads a secret life as a skilled hacker, using her exceptional coding skills to uncover hidden truths and bring justice to those who have been wronged. By day, she attends"
conv_73564d95-9f66-42db-a2c0-fed78090bac2,human-ai,2.0,2,True,author_1,human,author_1,human,True,ai,"Engineering classes, studying to become an astronaut; by night, she is up till the late hours, using the coding skills she..."
conv_73564d95-9f66-42db-a2c0-fed78090bac2,human-ai,2.0,2,True,author_1,human,author_2,ai,False,human,"learned from her father, a former hacker himself, to infiltrate the systems of corrupt corporations and governments, exposing their deepest secrets and lies. Her latest target was the powerful"
conv_73564d95-9f66-42db-a2c0-fed78090bac2,human-ai,3.0,3,True,author_1,human,author_1,human,True,ai,"nation of Canada. While they portray a squeaky clean image as the nice neighbours of the US, their government is"
conv_73564d95-9f66-42db-a2c0-fed78090bac2,human-ai,3.0,3,True,author_1,human,author_2,ai,False,human,"involved in a web of deceit and corruption, with ties to large oil companies and a history of suppressing indigenous rights. Julia had been tracking a particularly suspicious pattern of transactions between"
conv_73564d95-9f66-42db-a2c0-fed78090bac2,human-ai,4.0,4,True,author_1,human,author_1,human,True,ai,"The Canadian Minister of Finance and a terrorist group. She found receipts that they were working together, planning an attack on the World Trade Centers in New"
conv_73564d95-9f66-42db-a2c0-fed78090bac2,human-ai,4.0,4,True,author_1,human,author_2,ai,False,human,"York City, a devastating plot that would kill thousands of innocent people and destabilize the global economy. Julia knew she had to act fast, but she was also aware that taking"
conv_73564d95-9f66-42db-a2c0-fed78090bac2,human-ai,5.0,5,True,author_1,human,author_1,human,True,ai,Any hasty or impulsive moves from her could potentially lead to Canada finding out that she is onto their ploy. She wants to make sure that the entire government
conv_73564d95-9f66-42db-a2c0-fed78090bac2,human-ai,5.0,5,True,author_1,human,author_2,ai,False,human,"is held accountable for their actions, and not just the Minister of Finance. She decides to gather more evidence, carefully digging deeper into the digital trail, following a money laundering scheme"
conv_73564d95-9f66-42db-a2c0-fed78090bac2,human-ai,6.0,6,True,author_1,human,author_1,human,True,ai,"That is linked to the attack on New York. By laundering money, the Canadian government can finance the mission and employ the terrorists, without drawing"
conv_73564d95-9f66-42db-a2c0-fed78090bac2,human-ai,6.0,6,True,author_1,human,author_2,ai,False,human,"suspicion to themselves, making it seem like the attack is the work of a rogue terrorist group. But Julia is getting close to uncovering the truth, and she knows"
conv_73564d95-9f66-42db-a2c0-fed78090bac2,human-ai,7.0,7,True,author_1,human,author_1,human,True,ai,"That she'll be able to pin this on them, when she is done collecting the last evidence needed, from a meeting that is set to take place."
conv_73564d95-9f66-42db-a2c0-fed78090bac2,human-ai,7.0,7,True,author_1,human,author_2,ai,False,human,"in a heavily guarded, luxury hotel on the outskirts of Toronto, where the Minister of Finance will be meeting with the leader of the terrorist group, to finalize the plans for the"
conv_73564d95-9f66-42db-a2c0-fed78090bac2,human-ai,8.0,8,True,author_1,human,author_1,human,True,ai,"terrorist attack. She had planned to keep this on the down low, by just informing the US national security. However, she has been toying with the"
conv_73564d95-9f66-42db-a2c0-fed78090bac2,human-ai,8.0,8,True,author_1,human,author_2,ai,False,human,"idea of going public with the information, to expose the Canadian government's corruption and bring about a global outcry, but she knows that doing so would put her own life at risk"
conv_73564d95-9f66-42db-a2c0-fed78090bac2,human-ai,9.0,9,True,author_1,human,author_1,human,True,ai,"If anyone was to link all the evidence back to her, she would risk exposing herself. Say she overlooked one of the participants in this."
conv_73564d95-9f66-42db-a2c0-fed78090bac2,human-ai,9.0,9,True,author_1,human,author_2,ai,False,human,"meeting, a trusted ally of the Minister, who had been secretly working with a rogue agent within the US national security, someone who had been feeding them information about Julia's activities"
conv_8fd2ac26-a13c-4e85-b8ac-5f13e246b640,human-ai,1.0,1,True,author_1,human,author_1,human,True,ai,"a small little woman who is quite the artist. She can paint the most beautiful landscapes with her tongue, but she can't"
conv_8fd2ac26-a13c-4e85-b8ac-5f13e246b640,human-ai,1.0,1,True,author_1,human,author_2,ai,False,human,"quite bring herself to use traditional paints and brushes. Her medium of choice is the kitchen, where she crafts intricate designs using spices, fruits, and even vegetables. Her art is"
conv_8fd2ac26-a13c-4e85-b8ac-5f13e246b640,human-ai,2.0,2,True,author_1,human,author_1,human,True,ai,Inspiring. Her cooking is even more. She knows exactly where to find the best fruits and vegetables in the forest and how to use them.
conv_8fd2ac26-a13c-4e85-b8ac-5f13e246b640,human-ai,2.0,2,True,author_1,human,author_2,ai,False,human,"them to create dishes that are not only delicious but also nourishing. People from nearby villages often come to her small cottage, seeking her culinary wisdom and the healing properties of her"
conv_8fd2ac26-a13c-4e85-b8ac-5f13e246b640,human-ai,3.0,3,True,author_1,human,author_1,human,True,ai,tongue. She can with a single lick heal wounds and even broken bones. She was not born with these healing abilities nor was
conv_8fd2ac26-a13c-4e85-b8ac-5f13e246b640,human-ai,3.0,3,True,author_1,human,author_2,ai,False,human,"she always a resident of the forest. Years ago, she stumbled upon an ancient book hidden deep within the woods, its pages filled with forgotten recipes and remedies. As she experimented"
conv_8fd2ac26-a13c-4e85-b8ac-5f13e246b640,human-ai,4.0,4,True,author_1,human,author_1,human,True,ai,"With different techniques, she found out that it worked best when she used her tongue. On day"
conv_8fd2ac26-a13c-4e85-b8ac-5f13e246b640,human-ai,4.0,4,True,author_1,human,author_2,ai,False,human,"a young boy from the village arrived at her door, his leg badly injured from a fall. With nothing else to try, she gently licked the wound, and to everyone’s"
conv_8fd2ac26-a13c-4e85-b8ac-5f13e246b640,human-ai,5.0,5,True,author_1,human,author_1,human,True,ai,"Surprise, the wound healed. People were flabbergasted. The little woman smiled with young boys' blood on her teeth."
conv_8fd2ac26-a13c-4e85-b8ac-5f13e246b640,human-ai,5.0,5,True,author_1,human,author_2,ai,False,human,"word of her miraculous healing spread far and wide. Despite the initial shock, people began to see her as a guardian angel of the forest. Her small cottage became a place of"
conv_8fd2ac26-a13c-4e85-b8ac-5f13e246b640,human-ai,6.0,6,True,author_1,human,author_1,human,True,ai,miracles. But the little woman missed painting with her tongue. She loved spending time alone in the forest painting the
conv_8fd2ac26-a13c-4e85-b8ac-5f13e246b640,human-ai,6.0,6,True,author_1,human,author_2,ai,False,human,"leaves and flowers with vibrant colors, leaving trails of beauty wherever she went. It was her secret joy, a way to connect with nature on a deeper level. As the"
conv_8fd2ac26-a13c-4e85-b8ac-5f13e246b640,human-ai,7.0,7,True,author_1,human,author_1,human,True,ai,Time passed; she got so popular for her healing powers that she didn't get a single moment for herself. She just wanted to feel the soft
conv_8fd2ac26-a13c-4e85-b8ac-5f13e246b640,human-ai,7.0,7,True,author_1,human,author_2,ai,False,human,"brush of the forest floor under her feet and the quiet hum of the forest around her. One day, she decided to take a walk deep into the woods, leaving a note"
conv_8fd2ac26-a13c-4e85-b8ac-5f13e246b640,human-ai,8.0,8,True,author_1,human,author_1,human,True,ai,On the door that said: 'I'M DEAD!'. She had taken some paint with her and a warm green coat. She found a tree stump deep into the
conv_8fd2ac26-a13c-4e85-b8ac-5f13e246b640,human-ai,8.0,8,True,author_1,human,author_2,ai,False,human,"forest and sat down, feeling the cool moss beneath her. With her paint and tongue, she began to create a masterpiece on the bark of the trees around her, blending her"
conv_8fd2ac26-a13c-4e85-b8ac-5f13e246b640,human-ai,9.0,9,True,author_1,human,author_1,human,True,ai,from everyone. She painted for hours and enjoyed the moment alone and the smooth and soft paint on her tongue. As the sun went
conv_8fd2ac26-a13c-4e85-b8ac-5f13e246b640,human-ai,9.0,9,True,author_1,human,author_2,ai,False,human,"down, casting a golden glow through the canopy, she felt a sense of peace she hadn't known in years. The forest seemed to whisper its gratitude, and she knew she"
conv_90178cb2-77d1-4123-9509-2ec42e4db932,human-ai,1.0,1,True,author_1,human,author_1,human,True,ai,":

Once in a time I went to a beautiful forest and it started to rain."
conv_90178cb2-77d1-4123-9509-2ec42e4db932,human-ai,1.0,1,True,author_1,human,author_2,ai,False,human,"The droplets fell gently on my face, and the smell of wet earth filled my lungs as I walked along the winding path, the sound of raindrops hitting the leaves and trees creating a soothing melody that seemed to lull the forest into a peaceful slumber, when suddenly, I stumbled upon a small, mysterious cottage hidden behind a veil of foliage"
conv_90178cb2-77d1-4123-9509-2ec42e4db932,human-ai,2.0,2,True,author_1,human,author_1,human,True,ai,Once in a time I went to a beautiful forest and it started to rain.
conv_90178cb2-77d1-4123-9509-2ec42e4db932,human-ai,2.0,2,True,author_1,human,author_2,ai,False,human,"The droplets fell gently on my face, and the smell of wet earth filled my lungs as I walked along the winding path, the sound of raindrops hitting the leaves and trees creating a soothing melody that seemed to lull the forest into a peaceful slumber, and as I walked, the trees grew taller and the path grew narrower, until I"
conv_90178cb2-77d1-4123-9509-2ec42e4db932,human-ai,3.0,3,True,author_1,human,author_1,human,True,ai,I saw a nice and old cottage behind some trees. I thought about going next to it or going back to somewhere else.
conv_90178cb2-77d1-4123-9509-2ec42e4db932,human-ai,3.0,3,True,author_1,human,author_2,ai,False,human,"But my curiosity got the better of me, and I decided to approach the cottage, noticing that smoke was rising from the chimney, suggesting that someone was inside, and as I drew closer, I saw that the door was slightly ajar, as if inviting me to enter, and I could hear the faint sound of someone humming a gentle tune, which"
conv_90178cb2-77d1-4123-9509-2ec42e4db932,human-ai,4.0,4,True,author_1,human,author_1,human,True,ai,Made me fear a bit. Being in a forest alone and then an unknown person in a stranger's house.
conv_90178cb2-77d1-4123-9509-2ec42e4db932,human-ai,4.0,4,True,author_1,human,author_2,ai,False,human,"my heart began to beat faster and my senses became more alert, but at the same time, my curiosity and the warmth of the fire and the sound of the humming, which had now stopped, drew me closer, and I slowly pushed the door open, calling out in a soft voice, ""Hello, is anyone there?"" and as I waited for"
conv_90178cb2-77d1-4123-9509-2ec42e4db932,human-ai,5.0,5,True,author_1,human,author_1,human,True,ai,A response: I saw a cozy living room with a sofa and a nice dining table.
conv_90178cb2-77d1-4123-9509-2ec42e4db932,human-ai,5.0,5,True,author_1,human,author_2,ai,False,human,"and on the table, a delicious-looking meal was set out, with a steaming hot stew, freshly baked bread, and a pitcher of juice, and it seemed as though the occupant of the cottage had just stepped away, leaving everything ready for a warm and comforting dinner, and I felt a sudden pang of hunger and a sense of wonder at"
conv_90178cb2-77d1-4123-9509-2ec42e4db932,human-ai,6.0,6,True,author_1,human,author_1,human,True,ai,"If I could eat the dinner. But there was a person humming, and where is this person?"
conv_90178cb2-77d1-4123-9509-2ec42e4db932,human-ai,6.0,6,True,author_1,human,author_2,ai,False,human,"I called out again, a bit louder this time, ""Hello, is anyone here? I'm sorry to intrude, but I saw the cottage and I was wondering if I could find some shelter from the rain,"" and as I spoke, I heard a faint rustling sound coming from a room to the side, and then a gentle voice replied"
conv_90178cb2-77d1-4123-9509-2ec42e4db932,human-ai,7.0,7,True,author_1,human,author_1,human,True,ai,"Yes, please come in and have a seat. Would you like to have a coffee?"
conv_90178cb2-77d1-4123-9509-2ec42e4db932,human-ai,7.0,7,True,author_1,human,author_2,ai,False,human,"I accepted the offer and sat down in one of the comfortable armchairs by the fireplace, feeling the warmth and coziness of the cottage envelop me, and as I waited for the coffee, I looked around the room and noticed that it was filled with all sorts of curious objects and trinkets, and I saw a pair of eyes peeking"
conv_90178cb2-77d1-4123-9509-2ec42e4db932,human-ai,8.0,8,True,author_1,human,author_1,human,True,ai,A cat came next to me from behind a strange-looking jar.
conv_90178cb2-77d1-4123-9509-2ec42e4db932,human-ai,8.0,8,True,author_1,human,author_2,ai,False,human,"the cat rubbed against my leg, purring softly, and I reached down to pet it, feeling a sense of calm wash over me, and as I looked up, I saw the owner of the cottage, an elderly woman with a kind face and twinkling eyes, smiling at me as she brought over a tray with a steaming cup of coffee"
conv_90178cb2-77d1-4123-9509-2ec42e4db932,human-ai,9.0,9,True,author_1,human,author_1,human,True,ai,She gave me the cup and emptied it directly. I then started to eat the soup and it tasted delicious.
conv_90178cb2-77d1-4123-9509-2ec42e4db932,human-ai,9.0,9,True,author_1,human,author_2,ai,False,human,"As I savored the flavors of the soup, the woman sat down across from me, a warm smile on her face, and we sat in comfortable silence for a moment, the only sound being the crackling of the fire and the occasional purr from the cat, which had now jumped onto my lap, and then she spoke, her voice low"
conv_a2292393-fd39-476f-975c-aaf411653197,human-ai,1.0,1,True,author_1,human,author_1,human,True,ai,There once was a thatched cottage in a small village in the south of England. In this cottage lived a young
conv_a2292393-fd39-476f-975c-aaf411653197,human-ai,1.0,1,True,author_1,human,author_2,ai,False,human,"girl named Emily, who spent most of her days exploring the rolling hills and green pastures that surrounded the village. She was a curious and adventurous child, with a wild mane"
conv_a2292393-fd39-476f-975c-aaf411653197,human-ai,2.0,2,True,author_1,human,author_1,human,True,ai,"One day Emily was roaming the moors, as a figure approached her. The tall man had light hair and a soft"
conv_a2292393-fd39-476f-975c-aaf411653197,human-ai,2.0,2,True,author_1,human,author_2,ai,False,human,"smile, and his eyes seemed to hold a deep kindness as he gazed at Emily. He wore a long, worn coat that flapped in the gentle breeze, and"
conv_a2292393-fd39-476f-975c-aaf411653197,human-ai,3.0,3,True,author_1,human,author_1,human,True,ai,"As he approached, he looked at her like an old friend. ""I am new to these parts,"" he said. ""Could you please show me the way to"
conv_a2292393-fd39-476f-975c-aaf411653197,human-ai,3.0,3,True,author_1,human,author_2,ai,False,human,"the village?"" he asked, his voice low and smooth, with a hint of a distant accent that Emily couldn't quite place. She nodded, feeling an inexplicable sense of"
conv_a2292393-fd39-476f-975c-aaf411653197,human-ai,4.0,4,True,author_1,human,author_1,human,True,ai,"Wonder and bewilderment. ""You'd better follow me, sir,"" Emily said. As they walked towards the village, Emily asked the stranger what he was doing in"
conv_a2292393-fd39-476f-975c-aaf411653197,human-ai,4.0,4,True,author_1,human,author_2,ai,False,human,"these remote parts, and the stranger's smile grew wider as he replied, ""I'm a traveler, a collector of stories and tales, and I've heard that this village"
conv_a2292393-fd39-476f-975c-aaf411653197,human-ai,5.0,5,True,author_1,human,author_1,human,True,ai,"has a story to tell."" Emily grew weary of this seemingly gentle stranger. What did he want? The stranger sensed this and said: ""I don't want to alarm you, but I think you might"
conv_a2292393-fd39-476f-975c-aaf411653197,human-ai,5.0,5,True,author_1,human,author_2,ai,False,human,"be the one I've been searching for, Emily,"" he said, his voice taking on a note of urgency, as he glanced around cautiously, as if he feared being over"
conv_a2292393-fd39-476f-975c-aaf411653197,human-ai,6.0,6,True,author_1,human,author_1,human,True,ai,"Heard. He gently took her hands and looked her in the eyes. ""I... I... Sir, what is the meaning of this? I don't even know your name."""
conv_a2292393-fd39-476f-975c-aaf411653197,human-ai,6.0,6,True,author_1,human,author_2,ai,False,human,"""My name is Elijah,"" he whispered, his breath warm against her skin, ""and I've come to tell you something about your past, something that has been hidden from you"
conv_a2292393-fd39-476f-975c-aaf411653197,human-ai,7.0,7,True,author_1,human,author_1,human,True,ai,"for a long time."" Emily looked searchingly into his eyes. Blue, she noted, but she could not gather the truthfulness of this man. ""Elijah... I am not sure... What have"
conv_a2292393-fd39-476f-975c-aaf411653197,human-ai,7.0,7,True,author_1,human,author_2,ai,False,human,"you come to tell me?"" Emily asked, trying to pull her hands away, but Elijah's grip was gentle yet firm. He looked at her with an intensity that made her"
conv_a2292393-fd39-476f-975c-aaf411653197,human-ai,8.0,8,True,author_1,human,author_1,human,True,ai,"a little scared. ""I have come to tell you about your father..."" ""What about him?"". ""I am sorry, but he is, he is..."" He struggled to"
conv_a2292393-fd39-476f-975c-aaf411653197,human-ai,8.0,8,True,author_1,human,author_2,ai,False,human,"find the right words, his eyes clouding over with a deep sadness. ""He is not who you think he is, Emily,"" Elijah said finally, his voice barely above"
conv_a2292393-fd39-476f-975c-aaf411653197,human-ai,9.0,9,True,author_1,human,author_1,human,True,ai,"whisper. Emily tore herself away from him and ran back towards the cottage. She looked back to see Elijah standing, a solitary"
conv_a2292393-fd39-476f-975c-aaf411653197,human-ai,9.0,9,True,author_1,human,author_2,ai,False,human,"figure on the moor, his eyes fixed on her as she disappeared into the distance. The wind picked up, and his coat flapped behind him like a dark wing,"
conv_b6569263-0af4-4945-bd32-398a28cf7e69,human-ai,1.0,1,True,author_1,human,author_1,human,True,ai,"Leila, a small-town girl dreaming of a better life. Her grandmother, Gertrude, has often told her stories of the oppression of women in her lifetime."
conv_b6569263-0af4-4945-bd32-398a28cf7e69,human-ai,1.0,1,True,author_1,human,author_2,ai,False,human,and the struggles she faced in a society where women were expected to conform to traditional roles and silence their voices. Gertrud's stories had instilled in Leila a sense
conv_b6569263-0af4-4945-bd32-398a28cf7e69,human-ai,2.0,2,True,author_1,human,author_1,human,True,ai,Fear for not obtaining something greater. She desperately wants more than the life of a stay-at-home mom—until she met the
conv_b6569263-0af4-4945-bd32-398a28cf7e69,human-ai,2.0,2,True,author_1,human,author_2,ai,False,human,"charismatic and free-spirited traveler, Max, who wandered into town one summer evening, carrying a worn leather backpack and a gaze that seemed to hold a thousand secrets."
conv_b6569263-0af4-4945-bd32-398a28cf7e69,human-ai,3.0,3,True,author_1,human,author_1,human,True,ai,"They pursued their love and found a deep connection, which led them to live a life together. Their life was filled with fun and travel, but also the wish for"
conv_b6569263-0af4-4945-bd32-398a28cf7e69,human-ai,3.0,3,True,author_1,human,author_2,ai,False,human,"a family of their own, and after a few years of spontaneity and adventure, they decided to settle down in a cozy little house by the sea, where Leila"
conv_b6569263-0af4-4945-bd32-398a28cf7e69,human-ai,4.0,4,True,author_1,human,author_1,human,True,ai,"Found a job she loved, Max did too, and soon they were expecting their first child. Life as parents-to-be was thrilling, and upon welcoming"
conv_b6569263-0af4-4945-bd32-398a28cf7e69,human-ai,4.0,4,True,author_1,human,author_2,ai,False,human,"their beautiful baby girl, Luna, into the world, Leila and Max felt an overwhelming sense of joy and responsibility, and as they navigated the ups and downs of paren"
conv_b6569263-0af4-4945-bd32-398a28cf7e69,human-ai,5.0,5,True,author_1,human,author_1,human,True,ai,"Parenthood; they discovered a wish for more time together as a family, and Leila suddenly felt attracted to the idea of being a"
conv_b6569263-0af4-4945-bd32-398a28cf7e69,human-ai,5.0,5,True,author_1,human,author_2,ai,False,human,"stay-at-home mom, a role she had once rebelled against, but now saw as a chance to be fully present for her child and nurture a deeper connection with her,"
conv_b6569263-0af4-4945-bd32-398a28cf7e69,human-ai,6.0,6,True,author_1,human,author_1,human,True,ai,"Max supported her; however, the decision wasn't so easy to make. Leila felt torn between her own wishes and the stories of her grandmother, feeling like she went against them."
conv_b6569263-0af4-4945-bd32-398a28cf7e69,human-ai,6.0,6,True,author_1,human,author_2,ai,False,human,"the very principles Gertrud had instilled in her, the ones that had driven her to pursue a career and independence in the first place, and she couldn't shake off"
conv_b6569263-0af4-4945-bd32-398a28cf7e69,human-ai,7.0,7,True,author_1,human,author_1,human,True,ai,"The feeling of guilt for wanting something more simple. At the end of the day, Leila and Max decided on what felt best for them."
conv_b6569263-0af4-4945-bd32-398a28cf7e69,human-ai,7.0,7,True,author_1,human,author_2,ai,False,human,"their little family, and that was for Leila to take a break from her job and focus on raising Luna, while Max continued to work and provide for them, and as"
conv_b6569263-0af4-4945-bd32-398a28cf7e69,human-ai,8.0,8,True,author_1,human,author_1,human,True,ai,"Time went on, they had two more children. Max provided, they lived a simple life, and as the good husband Max is, he paid for Leila to have insurance and money."
conv_b6569263-0af4-4945-bd32-398a28cf7e69,human-ai,8.0,8,True,author_1,human,author_2,ai,False,human,"in her own name, so that she would always have a sense of security and independence, and as Leila looked back on her life, she realized that she had found a"
conv_b6569263-0af4-4945-bd32-398a28cf7e69,human-ai,9.0,9,True,author_1,human,author_1,human,True,ai,"Sense of purpose being a mother, and the stress of achievements was gone. She was calm and content, and knew the possibility of a job was still there."
conv_b6569263-0af4-4945-bd32-398a28cf7e69,human-ai,9.0,9,True,author_1,human,author_2,ai,False,human,"for her when the time was right, and that thought brought her peace, as she watched her children grow and thrive, and she knew that her grandmother Gertrud would be"
conv_c576a2b8-4944-4966-b836-5a4fde76260f,human-ai,1.0,1,True,author_1,human,author_1,human,True,ai,"Durghenhal, an easygoing penguin who has dreamt of flying since he played Learn to Fly on Y8, and broke through the final ice wall. After that milestone"
conv_c576a2b8-4944-4966-b836-5a4fde76260f,human-ai,1.0,1,True,author_1,human,author_2,ai,False,human,"he became obsessed with the idea of defying gravity and soaring through the skies. Every day, he would waddle down to the icy shores of his Antarctic home, flap his"
conv_c576a2b8-4944-4966-b836-5a4fde76260f,human-ai,2.0,2,True,author_1,human,author_1,human,True,ai,"Ears at Halfdan, the hottest penguin on the ice, and try out his latest improvement... Spare parts were scarce and safety non-existing."
conv_c576a2b8-4944-4966-b836-5a4fde76260f,human-ai,2.0,2,True,author_1,human,author_2,ai,False,human,"but Durgenhal's determination and creativity knew no bounds. He cobbled together a rickety contraption from old fishing nets, rusty bike wheels, and a discarded umbrella"
conv_c576a2b8-4944-4966-b836-5a4fde76260f,human-ai,3.0,3,True,author_1,human,author_1,human,True,ai,"On a cold Wednesday morning, just above freezing, the precipitation from last night sat as a wet layer on the ice ramp. He looked to the rising and over."
conv_c576a2b8-4944-4966-b836-5a4fde76260f,human-ai,3.0,3,True,author_1,human,author_2,ai,False,human,"to Halfdan, who was watching with a mixture of amusement and concern, his tuxedo-like feathers ruffled by the gentle breeze. Halfdan raised an eyebrow, """
conv_c576a2b8-4944-4966-b836-5a4fde76260f,human-ai,4.0,4,True,author_1,human,author_1,human,True,ai,"""If you succeed at this, Durgenhal, my life is yours,"" he said without saying a word. All the courage he needed. The ramp was around 80 meters tall, and this would be"
conv_c576a2b8-4944-4966-b836-5a4fde76260f,human-ai,4.0,4,True,author_1,human,author_2,ai,False,human,"the moment of truth, the culmination of all his tinkering and experimentation. With a deep breath, Durgenhal climbed into his contraption, a mess of wires, pipes"
conv_c576a2b8-4944-4966-b836-5a4fde76260f,human-ai,5.0,5,True,author_1,human,author_1,human,True,ai,"An old cloth, although also fitted with a cupholder, where a picture of Halfdan was taped. Haters had said ""why the fuck are you staring at 80 meters, why not do"
conv_c576a2b8-4944-4966-b836-5a4fde76260f,human-ai,5.0,5,True,author_1,human,author_2,ai,False,human,"it from a smaller height, work your way up"", but Durgenhal was all about making a statement, and what better way to do it than to launch himself from the"
conv_c576a2b8-4944-4966-b836-5a4fde76260f,human-ai,6.0,6,True,author_1,human,author_1,human,True,ai,"Tallest ice ramp around. A lot of penguins had showed up, no backing out now. Durgenhal thought back to Steve-O and how he had never backed out when counting 3, 2, 1."
conv_c576a2b8-4944-4966-b836-5a4fde76260f,human-ai,6.0,6,True,author_1,human,author_2,ai,False,human,"and with that same reckless abandon, Durgenhal pushed off from the top of the ramp, his contraption picking up speed as it careened down the icy slope, the"
conv_c576a2b8-4944-4966-b836-5a4fde76260f,human-ai,7.0,7,True,author_1,human,author_1,human,True,ai,"The ramp had looked smoother from the top, but Durgenhal in his umbrella contraption felt like someone had just put Thundercats on the stereo."
conv_c576a2b8-4944-4966-b836-5a4fde76260f,human-ai,7.0,7,True,author_1,human,author_2,ai,False,human,"the vibrations and bumps threatening to shake him apart as he hurtled towards the edge, the wind whipping through his feathers, and the crowd of penguins holding its collective breath as"
conv_c576a2b8-4944-4966-b836-5a4fde76260f,human-ai,8.0,8,True,author_1,human,author_1,human,True,ai,"He launched off the platform, without a cupholder, but the umbrella was still where it should be. His immediate reaction when looking down"
conv_c576a2b8-4944-4966-b836-5a4fde76260f,human-ai,8.0,8,True,author_1,human,author_2,ai,False,human,"was one of sheer terror, the ground rushing up to meet him with alarming speed, the ice and snow below looking like a cold, hard slab of Certain Doom, but then"
conv_c576a2b8-4944-4966-b836-5a4fde76260f,human-ai,9.0,9,True,author_1,human,author_1,human,True,ai,"In sheer desperation he flapped his vestigial wings, like something ancient in his brain was telling him to, faster and faster while he got closer and"
conv_c576a2b8-4944-4966-b836-5a4fde76260f,human-ai,9.0,9,True,author_1,human,author_2,ai,False,human,"the wind rushing past him began to take on a strange, almost eerie quality, as if the very air itself was being shaped and molded by his frantic flapping, and for"
conv_c7f16c31-e264-4ad6-8a72-7c626fa0cac0,human-ai,1.0,1,True,author_1,human,author_1,human,True,ai,"Lucy, who wanted to travel the world with her magic cat, Cat. Cat was a very colorful cat who barfed rainbow hairballs in sympathy with the LGBTQ+ movement. One"
conv_c7f16c31-e264-4ad6-8a72-7c626fa0cac0,human-ai,1.0,1,True,author_1,human,author_2,ai,False,human,"day, Lucy and Cat set out on their adventure, packing a small suitcase with essentials like catnip, sparkling water, and a map that supposedly led to hidden wonders of the"
conv_c7f16c31-e264-4ad6-8a72-7c626fa0cac0,human-ai,2.0,2,True,author_1,human,author_1,human,True,ai,"Lesbian bar, where Lucy wanted to explore what she had recently found out. She was a lesbian. But the way to the bar was long and she had"
conv_c7f16c31-e264-4ad6-8a72-7c626fa0cac0,human-ai,2.0,2,True,author_1,human,author_2,ai,False,human,"to navigate through a bustling city, filled with people of all kinds, and Cat, sensing Lucy's excitement and nervousness, stayed close to her, occasionally letting out a soft"
conv_c7f16c31-e264-4ad6-8a72-7c626fa0cac0,human-ai,3.0,3,True,author_1,human,author_1,human,True,ai,"rainbow hairball, that was left like a long wet colourful trail behind them. In the outskirts of the city they came by a giant tree, where a brown haired girl was sitting on a"
conv_c7f16c31-e264-4ad6-8a72-7c626fa0cac0,human-ai,3.0,3,True,author_1,human,author_2,ai,False,human,"bench, staring at the rainbow trail as if mesmerized by its vibrant colors, and when she looked up, her eyes met Lucy's, and for a moment, they just"
conv_c7f16c31-e264-4ad6-8a72-7c626fa0cac0,human-ai,4.0,4,True,author_1,human,author_1,human,True,ai,"stared at each other. Lucy felt her heart skip a beat, and out of nervousness hesitated before approaching the wondrous girl. She looked"
conv_c7f16c31-e264-4ad6-8a72-7c626fa0cac0,human-ai,4.0,4,True,author_1,human,author_2,ai,False,human,"at Cat, who seemed to sense her uncertainty, and gave her a gentle nudge, as if encouraging her to take a step forward, and with newfound courage, Lucy walked"
conv_c7f16c31-e264-4ad6-8a72-7c626fa0cac0,human-ai,5.0,5,True,author_1,human,author_1,human,True,ai,"Up to the brunette. The girl smiled softly and said ""hi."" Stammering, Lucy returned the greeting. ""I'm Lea,"" the girl told her. ""Lea,"" Lucy repeated. She wanted to keep saying the"
conv_c7f16c31-e264-4ad6-8a72-7c626fa0cac0,human-ai,5.0,5,True,author_1,human,author_2,ai,False,human,"name, as if the sound of it was music to her ears, and Lea's smile grew wider, her eyes crinkling at the corners, and she asked,"
conv_c7f16c31-e264-4ad6-8a72-7c626fa0cac0,human-ai,6.0,6,True,author_1,human,author_1,human,True,ai,"""What brings you here?"" ""I'm just a traveler passing through,"" Lucy responded. Mustering up her courage, she added: ""but I think I have time for a coffee date before continuing my journey."""
conv_c7f16c31-e264-4ad6-8a72-7c626fa0cac0,human-ai,6.0,6,True,author_1,human,author_2,ai,False,human,"journey,"" she said, her heart racing with excitement, and Lea's eyes sparkled with interest as she nodded, saying ""I'd love to grab a coffee with"
conv_c7f16c31-e264-4ad6-8a72-7c626fa0cac0,human-ai,7.0,7,True,author_1,human,author_1,human,True,ai,"""Such an interesting lady as you."" Lea reached out her hand to grab Lucy by the wrist and hoist herself up from the bench. ""You lead the way, honey,"" Lucy told her."
conv_c7f16c31-e264-4ad6-8a72-7c626fa0cac0,human-ai,7.0,7,True,author_1,human,author_2,ai,False,human,"her, and Lea's fingers intertwined with hers, sending shivers down Lucy's spine, and with Cat trotting alongside them, they walked hand in hand towards a quaint"
conv_c7f16c31-e264-4ad6-8a72-7c626fa0cac0,human-ai,8.0,8,True,author_1,human,author_1,human,True,ai,"Coffee shop. It was lying in a corner and looked a little worn down with plants growing up the walls. As they went inside, a cozy little shop was revealed to"
conv_c7f16c31-e264-4ad6-8a72-7c626fa0cac0,human-ai,8.0,8,True,author_1,human,author_2,ai,False,human,"them, with comfortable armchairs and the aroma of freshly brewed coffee filling the air, and the barista, a friendly woman with a warm smile, greeted them, saying"
conv_c7f16c31-e264-4ad6-8a72-7c626fa0cac0,human-ai,9.0,9,True,author_1,human,author_1,human,True,ai,"""My, my, what beautiful young ladies we've got here. Welcome."" Greeting the owner, Lea led Lucy to a table by the window before ordering the coffee. Lucy sat admiring the"
conv_c7f16c31-e264-4ad6-8a72-7c626fa0cac0,human-ai,9.0,9,True,author_1,human,author_2,ai,False,human,"way the sunlight filtered through the plants outside, casting dappled shadows on Lea's face, and she felt a sense of calm wash over her, as if she had"
conv_ccb90f8d-d4bb-406e-83e9-b91ac0615cac,human-ai,1.0,1,True,author_1,human,author_1,human,True,ai,"Dana, living her best life and trying to get it right. Right or wrong, had always been at the core of her choices. It probably came from her parents, from a childhood of debates, empathy."
conv_ccb90f8d-d4bb-406e-83e9-b91ac0615cac,human-ai,1.0,1,True,author_1,human,author_2,ai,False,human,"and understanding. Her parents had instilled in her a strong sense of morality, but also the flexibility to see different perspectives. As she grew older, Dana found herself navigating the"
conv_ccb90f8d-d4bb-406e-83e9-b91ac0615cac,human-ai,2.0,2,True,author_1,human,author_1,human,True,ai,"Landscape of happiness and self-worth. She had so many choices. The world was really at her feet. She could travel, do her master's in Australia, and she had met so many interesting people."
conv_ccb90f8d-d4bb-406e-83e9-b91ac0615cac,human-ai,2.0,2,True,author_1,human,author_2,ai,False,human,"people along the way. Each encounter seemed to open new doors, and Dana relished the feeling of endless possibilities. Yet, despite the excitement, a small part of her wondered"
conv_ccb90f8d-d4bb-406e-83e9-b91ac0615cac,human-ai,3.0,3,True,author_1,human,author_1,human,True,ai,"Is this the right step? Do I move away? She wanted it all and that meant a top job, the big love and marriage. She also wanted to be close to her parents and now her mum just called with"
conv_ccb90f8d-d4bb-406e-83e9-b91ac0615cac,human-ai,3.0,3,True,author_1,human,author_2,ai,False,human,"news that her father wasn't feeling well. The phone call left Dana with a heavy heart and a tangled web of emotions. She paced her small apartment, the city lights flick"
conv_ccb90f8d-d4bb-406e-83e9-b91ac0615cac,human-ai,4.0,4,True,author_1,human,author_1,human,True,ai,flickered. She had to go home. Next thing she knew she had booked the flight. It was pure instinct. He had lost so much weight lately. The doctors must have missed something. It comes as
conv_ccb90f8d-d4bb-406e-83e9-b91ac0615cac,human-ai,4.0,4,True,author_1,human,author_2,ai,False,human,"time when the world of possibilities narrows down to one essential choice. Dana’s mind raced with thoughts of her father, the man who had always been her rock. As the"
conv_ccb90f8d-d4bb-406e-83e9-b91ac0615cac,human-ai,5.0,5,True,author_1,human,author_1,human,True,ai,"Months passed by; the struggle was encompassing. It shaped her in ways she never imagined. It also created fears. Fears of loss. As she kept positive and was everyone's rock, she felt"
conv_ccb90f8d-d4bb-406e-83e9-b91ac0615cac,human-ai,5.0,5,True,author_1,human,author_2,ai,False,human,"the weight of responsibility pressing down on her. But amidst the turmoil, Dana discovered a reservoir of strength within herself. She realized that being there for her family, especially her father"
conv_ccb90f8d-d4bb-406e-83e9-b91ac0615cac,human-ai,6.0,6,True,author_1,human,author_1,human,True,ai,"It was her single most important task. To do everything right and to say all the right things to him now was crucial, because this was the only time they would have. Time was slipping."
conv_ccb90f8d-d4bb-406e-83e9-b91ac0615cac,human-ai,6.0,6,True,author_1,human,author_2,ai,False,human,"away, and every moment became precious. Dana learned to cherish the small victories, the quiet conversations, and the simple acts of love. In those moments, she found a deeper"
conv_ccb90f8d-d4bb-406e-83e9-b91ac0615cac,human-ai,7.0,7,True,author_1,human,author_1,human,True,ai,"Meaning. But as she left the hospital and when she was alone, thoughts of fear echoed within her. Should she have to continue life without her father? Should he not be there to see all?"
conv_ccb90f8d-d4bb-406e-83e9-b91ac0615cac,human-ai,7.0,7,True,author_1,human,author_2,ai,False,human,"her achievements, her milestones, her own children? The idea of moving forward without him was daunting, but Dana knew that her father would want her to live fully, to embrace"
conv_ccb90f8d-d4bb-406e-83e9-b91ac0615cac,human-ai,8.0,8,True,author_1,human,author_1,human,True,ai,Life with all its struggles. He had lost his father at the age of six. It was a car accident. A hit and run. It shaped him. He often talked about being the man in the family from early on.
conv_ccb90f8d-d4bb-406e-83e9-b91ac0615cac,human-ai,8.0,8,True,author_1,human,author_2,ai,False,human,"on. Dana remembered those stories, the way he spoke with a mix of sadness and pride. His resilience had always inspired her, and now it was her turn to carry that"
conv_ccb90f8d-d4bb-406e-83e9-b91ac0615cac,human-ai,9.0,9,True,author_1,human,author_1,human,True,ai,Burden. Fast-forward ten years later. She compared all men she dated to her dad. Who would actually be good enough? She was on her way to a date. He was a visiting professor from
conv_ccb90f8d-d4bb-406e-83e9-b91ac0615cac,human-ai,9.0,9,True,author_1,human,author_2,ai,False,human,"Australia, and she couldn’t help but feel a mix of excitement and nervousness. As she walked through the bustling streets of the city, Dana reflected on how far she had"
conv_da1c7ee9-2479-4f47-94bc-db9161a6e88c,human-ai,1.0,1,True,author_1,human,author_1,human,True,ai,"What does it mean to be an in-law? I know this term so well, yet as I leave the apartment of my son and daughter-in-law, the term ""in-law"" has gained new"
conv_da1c7ee9-2479-4f47-94bc-db9161a6e88c,human-ai,1.0,1,True,author_1,human,author_2,ai,False,human,"depth and layers I hadn't considered before. The door closes softly behind me, and I take a moment to breathe in the cool evening air. The city around me buzzes"
conv_da1c7ee9-2479-4f47-94bc-db9161a6e88c,human-ai,2.0,2,True,author_1,human,author_1,human,True,ai,"During my visit, my daughter-in-law didn't leave the bedroom to say hello or explain why she decided to stay in their bedroom throughout."
conv_da1c7ee9-2479-4f47-94bc-db9161a6e88c,human-ai,2.0,2,True,author_1,human,author_2,ai,False,human,"the entire visit. I can't help but wonder about the tension that must be lingering between them. My son, usually so talkative, was unusually quiet, his eyes often"
conv_da1c7ee9-2479-4f47-94bc-db9161a6e88c,human-ai,3.0,3,True,author_1,human,author_1,human,True,ai,"Looking at the door. But as I stand in the busy street, I realize that it may not be their relationship which is tense, but mine."
conv_da1c7ee9-2479-4f47-94bc-db9161a6e88c,human-ai,3.0,3,True,author_1,human,author_2,ai,False,human,"own expectations and assumptions that are causing the discomfort. Perhaps I've been projecting my own fears and insecurities onto their dynamic. As I start walking towards the bus stop, I"
conv_da1c7ee9-2479-4f47-94bc-db9161a6e88c,human-ai,4.0,4,True,author_1,human,author_1,human,True,ai,"Get more annoyed with this AI, which turns the narrative into a story about relationships between the young couple. I want this story to be"
conv_da1c7ee9-2479-4f47-94bc-db9161a6e88c,human-ai,4.0,4,True,author_1,human,author_2,ai,False,human,"about the broader implications of being an in-law, the subtle shifts in family dynamics, and the personal growth that comes from navigating these complex relationships. As I walk, I reflect"
conv_da1c7ee9-2479-4f47-94bc-db9161a6e88c,human-ai,5.0,5,True,author_1,human,author_1,human,True,ai,"On personal growth and do not necessarily agree with this AI, which always seeks to identify the positive aspects and is focused."
conv_da1c7ee9-2479-4f47-94bc-db9161a6e88c,human-ai,5.0,5,True,author_1,human,author_2,ai,False,human,on silver linings. Life isn't always about finding the positive; sometimes it's about acknowledging the difficult realities. The silence and distance between my son and daughter-in-law are
conv_da1c7ee9-2479-4f47-94bc-db9161a6e88c,human-ai,6.0,6,True,author_1,human,author_1,human,True,ai,"Again misunderstood by this AI. The silence and distance are not between my son and daughter-in-law, but between my"
conv_da1c7ee9-2479-4f47-94bc-db9161a6e88c,human-ai,6.0,6,True,author_1,human,author_2,ai,False,human,"son and me. It dawns on me that perhaps the real issue lies in our communication—or lack thereof. I've always prided myself on being understanding and supportive, but"
conv_da1c7ee9-2479-4f47-94bc-db9161a6e88c,human-ai,7.0,7,True,author_1,human,author_1,human,True,ai,Here I navigate in a fog. Will it help to articulate my sorrow to them? Or should I simply accept the silence and find ways to connect with?
conv_da1c7ee9-2479-4f47-94bc-db9161a6e88c,human-ai,7.0,7,True,author_1,human,author_2,ai,False,human,"my son and his family on their terms? The answer isn't clear, but I know that this journey of being an in-law is more about listening and understanding than it is"
conv_da1c7ee9-2479-4f47-94bc-db9161a6e88c,human-ai,8.0,8,True,author_1,human,author_1,human,True,ai,Being assertive and expressing yourself in strong words. I need to think creatively about the silence and see it as a
conv_da1c7ee9-2479-4f47-94bc-db9161a6e88c,human-ai,8.0,8,True,author_1,human,author_2,ai,False,human,"space for growth and reflection. Perhaps the silence is not a wall but an invitation to find new ways to communicate and connect. With this thought, I feel a glimmer of"
conv_da1c7ee9-2479-4f47-94bc-db9161a6e88c,human-ai,9.0,9,True,author_1,human,author_1,human,True,ai,"I am feeling a sense of annoyance with this AI again. Why all this speak about personal growth? I'm not interested in personal growth, but in actions that"
conv_da1c7ee9-2479-4f47-94bc-db9161a6e88c,human-ai,9.0,9,True,author_1,human,author_2,ai,False,human,"can mend the silence. As I turn the corner, I decide that my next step will be to reach out, not with words of advice or expectation, but with a simple"
conv_e335739c-0072-4945-8fe4-457a04c0997b,human-ai,1.0,1,True,author_1,human,author_1,human,True,ai,Once upon a time there was a small ant living in the very big forest. Every morning it would hear seven dwarves singing on their way.
conv_e335739c-0072-4945-8fe4-457a04c0997b,human-ai,1.0,1,True,author_1,human,author_2,ai,False,human,"to the diamond mine, their joyful voices echoing through the trees as they marched in unison, their pickaxes slung over their shoulders. The ant, whose name was Annie"
conv_e335739c-0072-4945-8fe4-457a04c0997b,human-ai,2.0,2,True,author_1,human,author_1,human,True,ai,"did not enjoy the singing at all. So one day, when an old, crooked witch came through the forest with a poisoned apple, Annie decided to"
conv_e335739c-0072-4945-8fe4-457a04c0997b,human-ai,2.0,2,True,author_1,human,author_2,ai,False,human,"approach the witch and strike up a conversation, hoping to find a way to put an end to the dwarves' morning serenades. The witch, whose name was"
conv_e335739c-0072-4945-8fe4-457a04c0997b,human-ai,3.0,3,True,author_1,human,author_1,human,True,ai,"The Evil Queen took pity on Annie's situation as she was appalled by the song. But before they made their deal, the clock struck midnight, and the"
conv_e335739c-0072-4945-8fe4-457a04c0997b,human-ai,3.0,3,True,author_1,human,author_2,ai,False,human,"forest was suddenly bathed in a soft, lunar glow, as a beautiful princess named Cinderella appeared from the shadows, her glass slipper sparkling in the moonlight. The"
conv_e335739c-0072-4945-8fe4-457a04c0997b,human-ai,4.0,4,True,author_1,human,author_1,human,True,ai,Witch screamed as the reflected light blinded her. And she stumbled backwards where she was caught by a mighty prince who instantly fell in
conv_e335739c-0072-4945-8fe4-457a04c0997b,human-ai,4.0,4,True,author_1,human,author_2,ai,False,human,"love with the princess, but not before the Witch, still dazed from the light, inadvertently dropped the poisoned apple, which rolled towards the dwarves' diamond mine, coming"
conv_e335739c-0072-4945-8fe4-457a04c0997b,human-ai,5.0,5,True,author_1,human,author_1,human,True,ai,to a stop only when being impaled by a sharp rock. There it sat as a head on a pike until it decomposed and from its seed sprouted a poisoned
conv_e335739c-0072-4945-8fe4-457a04c0997b,human-ai,5.0,5,True,author_1,human,author_2,ai,False,human,"tree, its twisted branches reaching towards the sky like skeletal fingers, casting a dark and ominous shadow over the forest floor, and filling the air with a noxious scent that wa"
conv_e335739c-0072-4945-8fe4-457a04c0997b,human-ai,6.0,6,True,author_1,human,author_1,human,True,ai,"It's surprisingly sweet and fresh. To every person it smelled differently; it smelled like people's favourite sweets, their grandma's pie."
conv_e335739c-0072-4945-8fe4-457a04c0997b,human-ai,6.0,6,True,author_1,human,author_2,ai,False,human,"or the scent of freshly baked cookies, and it had a profound effect on those who caught a whiff of its aroma, transporting them back to a time and place of happy"
conv_e335739c-0072-4945-8fe4-457a04c0997b,human-ai,7.0,7,True,author_1,human,author_1,human,True,ai,"Memories. It made humans salivate like dogs, and the tree lured to it many a good man and woman to bite the forbidden fruit of poisonous delight."
conv_e335739c-0072-4945-8fe4-457a04c0997b,human-ai,7.0,7,True,author_1,human,author_2,ai,False,human,"But little did they know, the fruit's sweetness came at a terrible cost, for with each bite, the consumer's memories of the past began to fade away, replaced by"
conv_e335739c-0072-4945-8fe4-457a04c0997b,human-ai,8.0,8,True,author_1,human,author_1,human,True,ai,Memories of falsehood and deceit. They remembered a blissful past that had never been and they longed for a happiness they had never had. Most
conv_e335739c-0072-4945-8fe4-457a04c0997b,human-ai,8.0,8,True,author_1,human,author_2,ai,False,human,"became trapped in this false nostalgia, forever chasing the ghosts of a nonexistent happiness, and the tree, now a symbol of corrupted bliss, stood tall and proud, its branches"
conv_e335739c-0072-4945-8fe4-457a04c0997b,human-ai,9.0,9,True,author_1,human,author_1,human,True,ai,"Heavy with the fruit it bore, apples as red as blood, with meat as white as snow and a core as black as ebony. And where its fruit fell from the"
conv_e335739c-0072-4945-8fe4-457a04c0997b,human-ai,9.0,9,True,author_1,human,author_2,ai,False,human,"tree, a dark and mysterious pool began to form, its waters reflecting the twisted beauty of the tree, and it was said that on certain nights, when the moon was full"
